variant,id,status,word_spacing,converter_commit
guitar,BF101,ACCEPT,wide,5080fdbc
guitar,BF106,ACCEPT,wide,5080fdbc
guitar,BF109,ACCEPT,wide,5080fdbc
guitar,BF12,ACCEPT,default,5080fdbc
guitar,BF133,ACCEPT,wide,5080fdbc
guitar,BF134,ACCEPT,wide,5080fdbc
guitar,BF135,ACCEPT_DB_MISMATCH,wide,5080fdbc
guitar,BF136,ACCEPT,default,5080fdbc
guitar,BF152,ACCEPT,wide,5080fdbc
guitar,BF158,ACCEPT,wide,5080fdbc
guitar,BF162,ACCEPT,wide,5080fdbc
guitar,BF164,ACCEPT,wide,5080fdbc
guitar,BF165,ACCEPT,wide,5080fdbc
guitar,BF167,ACCEPT,wide,5080fdbc
guitar,BF169,ACCEPT,default,5080fdbc
guitar,BF170,ACCEPT,wide,5080fdbc
guitar,BF171,ACCEPT,wide,5080fdbc
guitar,BF172,ACCEPT,wide,5080fdbc
guitar,BF174,ACCEPT,wide,5080fdbc
guitar,BF175,ACCEPT,wide,5080fdbc
guitar,BF176,ACCEPT,wide,5080fdbc
guitar,BF177,ACCEPT,wide,5080fdbc
guitar,BF185,ACCEPT,wide,5080fdbc
guitar,BF26,ACCEPT,wide,5080fdbc
guitar,BF271,ACCEPT,default,5080fdbc
guitar,BF3,ACCEPT,default,5080fdbc
guitar,BF31,ACCEPT,wide,5080fdbc
guitar,BF32,ACCEPT,wide,5080fdbc
guitar,BF325,ACCEPT,wide,5080fdbc
guitar,BF34,ACCEPT,default,5080fdbc
guitar,BF345,ACCEPT,wide,5080fdbc
guitar,BF35,ACCEPT,wide,5080fdbc
guitar,BF36,ACCEPT,wide,5080fdbc
guitar,BF37,ACCEPT,wide,5080fdbc
guitar,BF401,ACCEPT,wide,5080fdbc
guitar,BF402,ACCEPT,wide,5080fdbc
guitar,BF403,ACCEPT,wide,5080fdbc
guitar,BF404,ACCEPT,wide,5080fdbc
guitar,BF405,ACCEPT,default,5080fdbc
guitar,BF406,ACCEPT,default,5080fdbc
guitar,BF407,ACCEPT,wide,5080fdbc
guitar,BF408,ACCEPT,default,5080fdbc
guitar,BF409,ACCEPT,wide,5080fdbc
guitar,BF410,ACCEPT,wide,5080fdbc
guitar,BF411,ACCEPT,wide,5080fdbc
guitar,BF412,ACCEPT,wide,5080fdbc
guitar,BF414,ACCEPT,wide,5080fdbc
guitar,BF415,ACCEPT,default,5080fdbc
guitar,BF416,ACCEPT,wide,5080fdbc
guitar,BF417,ACCEPT,wide,5080fdbc
guitar,BF418,ACCEPT,wide,5080fdbc
guitar,BF419,ACCEPT,default,5080fdbc
guitar,BF420,ACCEPT,wide,5080fdbc
guitar,BF421,ACCEPT,wide,5080fdbc
guitar,BF422,ACCEPT,wide,5080fdbc
guitar,BF423,ACCEPT,wide,5080fdbc
guitar,BF424,ACCEPT,wide,5080fdbc
guitar,BF425,ACCEPT,wide,5080fdbc
guitar,BF426,ACCEPT,wide,5080fdbc
guitar,BF427,ACCEPT,wide,5080fdbc
guitar,BF428,ACCEPT,wide,5080fdbc
guitar,BF429,ACCEPT,wide,5080fdbc
guitar,BF43,ACCEPT,wide,5080fdbc
guitar,BF430,ACCEPT,wide,5080fdbc
guitar,BF431,ACCEPT,wide,5080fdbc
guitar,BF432,ACCEPT,wide,5080fdbc
guitar,BF433,ACCEPT,wide,5080fdbc
guitar,BF434,ACCEPT,wide,5080fdbc
guitar,BF435,ACCEPT,wide,5080fdbc
guitar,BF436,ACCEPT,default,5080fdbc
guitar,BF438,ACCEPT,wide,5080fdbc
guitar,BF439,ACCEPT,wide,5080fdbc
guitar,BF440,ACCEPT_DB_MISMATCH,wide,5080fdbc
guitar,BF441,ACCEPT,wide,5080fdbc
guitar,BF442,ACCEPT,wide,5080fdbc
guitar,BF443,ACCEPT,wide,5080fdbc
guitar,BF444,ACCEPT,wide,5080fdbc
guitar,BF445,ACCEPT,wide,5080fdbc
guitar,BF446,ACCEPT,wide,5080fdbc
guitar,BF447,ACCEPT,wide,5080fdbc
guitar,BF448,ACCEPT,wide,5080fdbc
guitar,BF449,ACCEPT,wide,5080fdbc
guitar,BF450,ACCEPT,wide,5080fdbc
guitar,BF451,ACCEPT,wide,5080fdbc
guitar,BF452,ACCEPT,wide,5080fdbc
guitar,BF453,ACCEPT,wide,5080fdbc
guitar,BF454,ACCEPT,wide,5080fdbc
guitar,BF46,ACCEPT,default,5080fdbc
guitar,BF51,ACCEPT_DB_MISMATCH,default,5080fdbc
guitar,BF53,ACCEPT,wide,5080fdbc
guitar,BF59,ACCEPT_DB_MISMATCH,wide,5080fdbc
guitar,BF61,ACCEPT,default,5080fdbc
guitar,BF66,ACCEPT,default,5080fdbc
guitar,BF78,ACCEPT,wide,5080fdbc
guitar,BF79,ACCEPT,wide,5080fdbc
guitar,BF93,ACCEPT,wide,5080fdbc
guitar,BF94,ACCEPT,default,5080fdbc
guitar,BF99,ACCEPT,wide,5080fdbc
guitar,C1002,ACCEPT,wide,5080fdbc
guitar,C1006,ACCEPT,wide,5080fdbc
guitar,C103,ACCEPT,wide,5080fdbc
guitar,C107,ACCEPT,wide,5080fdbc
guitar,C111,ACCEPT,default,5080fdbc
guitar,C127,ACCEPT,default,5080fdbc
guitar,C128,ACCEPT,default,5080fdbc
guitar,C132,ACCEPT,wide,5080fdbc
guitar,C136,ACCEPT,wide,5080fdbc
guitar,C137,ACCEPT,wide,5080fdbc
guitar,C15,ACCEPT,wide,5080fdbc
guitar,C17,ACCEPT,wide,5080fdbc
guitar,C174,ACCEPT,wide,5080fdbc
guitar,C182,ACCEPT_DB_MISMATCH,wide,5080fdbc
guitar,C183,ACCEPT,wide,5080fdbc
guitar,C188,ACCEPT,wide,5080fdbc
guitar,C189,ACCEPT,wide,5080fdbc
guitar,C191,ACCEPT,wide,5080fdbc
guitar,C192,ACCEPT,wide,5080fdbc
guitar,C195,ACCEPT,wide,5080fdbc
guitar,C198,ACCEPT,wide,5080fdbc
guitar,C199,ACCEPT,wide,5080fdbc
guitar,C205,ACCEPT,wide,5080fdbc
guitar,C212,ACCEPT_DB_MISMATCH,wide,5080fdbc
guitar,C239,ACCEPT,wide,5080fdbc
guitar,C243,ACCEPT,wide,5080fdbc
guitar,C245,ACCEPT,wide,5080fdbc
guitar,C253,ACCEPT,wide,5080fdbc
guitar,C255,ACCEPT,wide,5080fdbc
guitar,C261,ACCEPT,wide,5080fdbc
guitar,C273,ACCEPT,wide,5080fdbc
guitar,C276,ACCEPT,wide,5080fdbc
guitar,C28,ACCEPT,wide,5080fdbc
guitar,C283,ACCEPT,default,5080fdbc
guitar,C292,ACCEPT,wide,5080fdbc
guitar,C293,ACCEPT,wide,5080fdbc
guitar,C303,ACCEPT,wide,5080fdbc
guitar,C305,ACCEPT,wide,5080fdbc
guitar,C310,ACCEPT,wide,5080fdbc
guitar,C313,ACCEPT,wide,5080fdbc
guitar,C315,ACCEPT,default,5080fdbc
guitar,C316,ACCEPT,wide,5080fdbc
guitar,C319,ACCEPT,wide,5080fdbc
guitar,C323,ACCEPT,wide,5080fdbc
guitar,C326,ACCEPT,wide,5080fdbc
guitar,C327,ACCEPT,wide,5080fdbc
guitar,C329,ACCEPT,wide,5080fdbc
guitar,C347,ACCEPT,wide,5080fdbc
guitar,C352,ACCEPT,wide,5080fdbc
guitar,C353,ACCEPT,default,5080fdbc
guitar,C357,ACCEPT,wide,5080fdbc
guitar,C360,ACCEPT,wide,5080fdbc
guitar,C380,ACCEPT,wide,5080fdbc
guitar,C385,ACCEPT,wide,5080fdbc
guitar,C39,ACCEPT,default,5080fdbc
guitar,C392,ACCEPT,wide,5080fdbc
guitar,C393,ACCEPT,wide,5080fdbc
guitar,C409,ACCEPT,wide,5080fdbc
guitar,C413,ACCEPT,wide,5080fdbc
guitar,C421,ACCEPT,wide,5080fdbc
guitar,C424,ACCEPT,wide,5080fdbc
guitar,C43,ACCEPT,wide,5080fdbc
guitar,C430,ACCEPT,wide,5080fdbc
guitar,C432,ACCEPT,wide,5080fdbc
guitar,C438,ACCEPT,wide,5080fdbc
guitar,C439,ACCEPT,wide,5080fdbc
guitar,C442,ACCEPT,wide,5080fdbc
guitar,C444,ACCEPT,wide,5080fdbc
guitar,C450,ACCEPT,wide,5080fdbc
guitar,C463,ACCEPT,wide,5080fdbc
guitar,C468,ACCEPT,wide,5080fdbc
guitar,C47,ACCEPT,wide,5080fdbc
guitar,C474,ACCEPT,wide,5080fdbc
guitar,C482,ACCEPT,default,5080fdbc
guitar,C487,ACCEPT,wide,5080fdbc
guitar,C488,ACCEPT,default,5080fdbc
guitar,C490,ACCEPT,wide,5080fdbc
guitar,C505,ACCEPT,wide,5080fdbc
guitar,C511,ACCEPT,wide,5080fdbc
guitar,C512,ACCEPT,wide,5080fdbc
guitar,C518,ACCEPT,wide,5080fdbc
guitar,C519,ACCEPT,wide,5080fdbc
guitar,C548,ACCEPT,wide,5080fdbc
guitar,C549,ACCEPT,wide,5080fdbc
guitar,C570,ACCEPT,default,5080fdbc
guitar,C577,ACCEPT,wide,5080fdbc
guitar,C578,ACCEPT,wide,5080fdbc
guitar,C617,ACCEPT,wide,5080fdbc
guitar,C619,ACCEPT,wide,5080fdbc
guitar,C620,ACCEPT,wide,5080fdbc
guitar,C623,ACCEPT,wide,5080fdbc
guitar,C625,ACCEPT,default,5080fdbc
guitar,C635,ACCEPT,wide,5080fdbc
guitar,C649,ACCEPT,wide,5080fdbc
guitar,C651,ACCEPT,wide,5080fdbc
guitar,C652,ACCEPT,wide,5080fdbc
guitar,C660,ACCEPT,wide,5080fdbc
guitar,C661,ACCEPT,wide,5080fdbc
guitar,C67,ACCEPT,wide,5080fdbc
guitar,C678,ACCEPT,wide,5080fdbc
guitar,C689,ACCEPT,wide,5080fdbc
guitar,C690,ACCEPT,wide,5080fdbc
guitar,C691,ACCEPT,wide,5080fdbc
guitar,C697,ACCEPT_DB_MISMATCH,wide,5080fdbc
guitar,C702,ACCEPT,wide,5080fdbc
guitar,C71,ACCEPT,wide,5080fdbc
guitar,C710,ACCEPT,wide,5080fdbc
guitar,C712,ACCEPT,wide,5080fdbc
guitar,C713,ACCEPT,wide,5080fdbc
guitar,C714,ACCEPT,wide,5080fdbc
guitar,C715,ACCEPT,wide,5080fdbc
guitar,C716,ACCEPT,wide,5080fdbc
guitar,C734,ACCEPT,wide,5080fdbc
guitar,C736,ACCEPT,wide,5080fdbc
guitar,C744,ACCEPT,wide,5080fdbc
guitar,C752,ACCEPT,wide,5080fdbc
guitar,C753,ACCEPT,wide,5080fdbc
guitar,C757,ACCEPT,default,5080fdbc
guitar,C761,ACCEPT_DB_MISMATCH,wide,5080fdbc
guitar,C762,ACCEPT,wide,5080fdbc
guitar,C770,ACCEPT,wide,5080fdbc
guitar,C86,ACCEPT,wide,5080fdbc
guitar,C89,ACCEPT,wide,5080fdbc
guitar,C90,ACCEPT,wide,5080fdbc
guitar,CH1,ACCEPT,wide,5080fdbc
guitar,CH10,ACCEPT,wide,5080fdbc
guitar,CH11,ACCEPT,wide,5080fdbc
guitar,CH12,ACCEPT,wide,5080fdbc
guitar,CH13,ACCEPT,wide,5080fdbc
guitar,CH14,ACCEPT,wide,5080fdbc
guitar,CH15,ACCEPT_DB_MISMATCH,wide,5080fdbc
guitar,CH16,ACCEPT,wide,5080fdbc
guitar,CH17,ACCEPT,wide,5080fdbc
guitar,CH18,ACCEPT,wide,5080fdbc
guitar,CH19,ACCEPT,wide,5080fdbc
guitar,CH2,ACCEPT,default,5080fdbc
guitar,CH20,ACCEPT,wide,5080fdbc
guitar,CH21,ACCEPT,wide,5080fdbc
guitar,CH22,ACCEPT,wide,5080fdbc
guitar,CH23,ACCEPT,wide,5080fdbc
guitar,CH24,ACCEPT,wide,5080fdbc
guitar,CH25,ACCEPT_DB_MISMATCH,wide,5080fdbc
guitar,CH26,ACCEPT,wide,5080fdbc
guitar,CH27,ACCEPT,wide,5080fdbc
guitar,CH28,ACCEPT,wide,5080fdbc
guitar,CH29,ACCEPT,wide,5080fdbc
guitar,CH3,ACCEPT,wide,5080fdbc
guitar,CH30,ACCEPT,wide,5080fdbc
guitar,CH31,ACCEPT,wide,5080fdbc
guitar,CH32,ACCEPT,wide,5080fdbc
guitar,CH33,ACCEPT,wide,5080fdbc
guitar,CH34,ACCEPT,wide,5080fdbc
guitar,CH35,ACCEPT_DB_MISMATCH,wide,5080fdbc
guitar,CH36,ACCEPT,wide,5080fdbc
guitar,CH37,ACCEPT,wide,5080fdbc
guitar,CH38,ACCEPT,wide,5080fdbc
guitar,CH39,ACCEPT,wide,5080fdbc
guitar,CH4,ACCEPT,wide,5080fdbc
guitar,CH40,ACCEPT,wide,5080fdbc
guitar,CH41,ACCEPT,wide,5080fdbc
guitar,CH42,ACCEPT,wide,5080fdbc
guitar,CH43,ACCEPT,wide,5080fdbc
guitar,CH44,ACCEPT,default,5080fdbc
guitar,CH45,ACCEPT,wide,5080fdbc
guitar,CH46,ACCEPT,wide,5080fdbc
guitar,CH47,ACCEPT_DB_MISMATCH,wide,5080fdbc
guitar,CH48,ACCEPT_DB_MISMATCH,wide,5080fdbc
guitar,CH49,ACCEPT,wide,5080fdbc
guitar,CH5,ACCEPT,wide,5080fdbc
guitar,CH50,ACCEPT,wide,5080fdbc
guitar,CH51,ACCEPT,wide,5080fdbc
guitar,CH52,ACCEPT,default,5080fdbc
guitar,CH53,ACCEPT,wide,5080fdbc
guitar,CH54,ACCEPT,wide,5080fdbc
guitar,CH55,ACCEPT,wide,5080fdbc
guitar,CH56,ACCEPT,wide,5080fdbc
guitar,CH57,ACCEPT,wide,5080fdbc
guitar,CH58,ACCEPT,wide,5080fdbc
guitar,CH59,ACCEPT_DB_MISMATCH,wide,5080fdbc
guitar,CH6,ACCEPT,wide,5080fdbc
guitar,CH60,ACCEPT,wide,5080fdbc
guitar,CH61,ACCEPT,default,5080fdbc
guitar,CH62,ACCEPT,wide,5080fdbc
guitar,CH63,ACCEPT,wide,5080fdbc
guitar,CH64,ACCEPT,wide,5080fdbc
guitar,CH65,ACCEPT,wide,5080fdbc
guitar,CH66,ACCEPT_DB_MISMATCH,wide,5080fdbc
guitar,CH67,ACCEPT,wide,5080fdbc
guitar,CH68,ACCEPT,wide,5080fdbc
guitar,CH69,ACCEPT,wide,5080fdbc
guitar,CH7,ACCEPT_DB_MISMATCH,wide,5080fdbc
guitar,CH70,ACCEPT,default,5080fdbc
guitar,CH71,ACCEPT,wide,5080fdbc
guitar,CH72,ACCEPT,wide,5080fdbc
guitar,CH73,ACCEPT,wide,5080fdbc
guitar,CH74,ACCEPT,wide,5080fdbc
guitar,CH8,ACCEPT,wide,5080fdbc
guitar,CH9,ACCEPT,wide,5080fdbc
guitar,CS10,ACCEPT,wide,5080fdbc
guitar,CS1001,ACCEPT,wide,5080fdbc
guitar,CS1002,ACCEPT,wide,5080fdbc
guitar,CS1003,ACCEPT_DB_MISMATCH,default,5080fdbc
guitar,CS1004,ACCEPT,wide,5080fdbc
guitar,CS1005,ACCEPT,wide,5080fdbc
guitar,CS103,ACCEPT,wide,5080fdbc
guitar,CS104,ACCEPT,wide,5080fdbc
guitar,CS105,ACCEPT,wide,5080fdbc
guitar,CS106,ACCEPT,wide,5080fdbc
guitar,CS107,ACCEPT,wide,5080fdbc
guitar,CS11,ACCEPT,wide,5080fdbc
guitar,CS111,ACCEPT,wide,5080fdbc
guitar,CS112,ACCEPT,wide,5080fdbc
guitar,CS113,ACCEPT,wide,5080fdbc
guitar,CS114,ACCEPT,wide,5080fdbc
guitar,CS115,ACCEPT,wide,5080fdbc
guitar,CS117,ACCEPT,wide,5080fdbc
guitar,CS118,ACCEPT,wide,5080fdbc
guitar,CS119,ACCEPT,wide,5080fdbc
guitar,CS12,ACCEPT,wide,5080fdbc
guitar,CS121,ACCEPT,default,5080fdbc
guitar,CS123,ACCEPT,wide,5080fdbc
guitar,CS124,ACCEPT,wide,5080fdbc
guitar,CS126,ACCEPT,wide,5080fdbc
guitar,CS127,ACCEPT_DB_MISMATCH,wide,5080fdbc
guitar,CS128,ACCEPT,wide,5080fdbc
guitar,CS129,ACCEPT,wide,5080fdbc
guitar,CS13,ACCEPT,wide,5080fdbc
guitar,CS130,ACCEPT,wide,5080fdbc
guitar,CS134,ACCEPT,wide,5080fdbc
guitar,CS135,ACCEPT,wide,5080fdbc
guitar,CS136,ACCEPT,default,5080fdbc
guitar,CS137,ACCEPT,wide,5080fdbc
guitar,CS14,ACCEPT,wide,5080fdbc
guitar,CS146,ACCEPT,wide,5080fdbc
guitar,CS147,ACCEPT,wide,5080fdbc
guitar,CS149,ACCEPT,wide,5080fdbc
guitar,CS15,ACCEPT,default,5080fdbc
guitar,CS150,ACCEPT,wide,5080fdbc
guitar,CS17,ACCEPT,wide,5080fdbc
guitar,CS203,ACCEPT,wide,5080fdbc
guitar,CS204,ACCEPT,wide,5080fdbc
guitar,CS205,ACCEPT,wide,5080fdbc
guitar,CS206,ACCEPT,wide,5080fdbc
guitar,CS207,ACCEPT,wide,5080fdbc
guitar,CS208,ACCEPT,wide,5080fdbc
guitar,CS21,ACCEPT,wide,5080fdbc
guitar,CS211,ACCEPT,default,5080fdbc
guitar,CS213,ACCEPT,default,5080fdbc
guitar,CS219,ACCEPT,wide,5080fdbc
guitar,CS222,ACCEPT,wide,5080fdbc
guitar,CS223,ACCEPT,wide,5080fdbc
guitar,CS224,ACCEPT,wide,5080fdbc
guitar,CS226,ACCEPT,wide,5080fdbc
guitar,CS228,ACCEPT,wide,5080fdbc
guitar,CS229,ACCEPT,wide,5080fdbc
guitar,CS230,ACCEPT,wide,5080fdbc
guitar,CS231,ACCEPT,wide,5080fdbc
guitar,CS232,ACCEPT,wide,5080fdbc
guitar,CS233,ACCEPT,wide,5080fdbc
guitar,CS234,ACCEPT,wide,5080fdbc
guitar,CS235,ACCEPT,wide,5080fdbc
guitar,CS236,ACCEPT,wide,5080fdbc
guitar,CS237,ACCEPT,wide,5080fdbc
guitar,CS238,ACCEPT,wide,5080fdbc
guitar,CS239,ACCEPT,wide,5080fdbc
guitar,CS240,ACCEPT,wide,5080fdbc
guitar,CS241,ACCEPT,wide,5080fdbc
guitar,CS242,ACCEPT,wide,5080fdbc
guitar,CS244,ACCEPT,wide,5080fdbc
guitar,CS246,ACCEPT,wide,5080fdbc
guitar,CS257,ACCEPT,wide,5080fdbc
guitar,CS26,ACCEPT,wide,5080fdbc
guitar,CS27,ACCEPT,wide,5080fdbc
guitar,CS303,ACCEPT,wide,5080fdbc
guitar,CS304,ACCEPT,wide,5080fdbc
guitar,CS306,ACCEPT,wide,5080fdbc
guitar,CS308,ACCEPT_DB_MISMATCH,wide,5080fdbc
guitar,CS309,ACCEPT,wide,5080fdbc
guitar,CS311,ACCEPT,wide,5080fdbc
guitar,CS312,ACCEPT,wide,5080fdbc
guitar,CS313,ACCEPT,wide,5080fdbc
guitar,CS314,ACCEPT,wide,5080fdbc
guitar,CS315,ACCEPT,wide,5080fdbc
guitar,CS316,ACCEPT,wide,5080fdbc
guitar,CS317,ACCEPT,wide,5080fdbc
guitar,CS318,ACCEPT,wide,5080fdbc
guitar,CS319,ACCEPT,wide,5080fdbc
guitar,CS320,ACCEPT,wide,5080fdbc
guitar,CS321,ACCEPT,wide,5080fdbc
guitar,CS322,ACCEPT,wide,5080fdbc
guitar,CS323,ACCEPT,default,5080fdbc
guitar,CS324,ACCEPT,wide,5080fdbc
guitar,CS325,ACCEPT,wide,5080fdbc
guitar,CS326,ACCEPT,wide,5080fdbc
guitar,CS327,ACCEPT,wide,5080fdbc
guitar,CS329,ACCEPT,wide,5080fdbc
guitar,CS334,ACCEPT,wide,5080fdbc
guitar,CS342,ACCEPT,wide,5080fdbc
guitar,CS346,ACCEPT,wide,5080fdbc
guitar,CS347,ACCEPT,wide,5080fdbc
guitar,CS348,ACCEPT,wide,5080fdbc
guitar,CS349,ACCEPT,wide,5080fdbc
guitar,CS35,ACCEPT,wide,5080fdbc
guitar,CS4,ACCEPT,wide,5080fdbc
guitar,CS402,ACCEPT,wide,5080fdbc
guitar,CS403,ACCEPT,wide,5080fdbc
guitar,CS404,ACCEPT,wide,5080fdbc
guitar,CS407,ACCEPT,wide,5080fdbc
guitar,CS409,ACCEPT,default,5080fdbc
guitar,CS410,ACCEPT,wide,5080fdbc
guitar,CS411,ACCEPT,wide,5080fdbc
guitar,CS412,ACCEPT,default,5080fdbc
guitar,CS413,ACCEPT,wide,5080fdbc
guitar,CS415,ACCEPT,wide,5080fdbc
guitar,CS416,ACCEPT,wide,5080fdbc
guitar,CS417,ACCEPT,wide,5080fdbc
guitar,CS418,ACCEPT,wide,5080fdbc
guitar,CS419,ACCEPT,wide,5080fdbc
guitar,CS420,ACCEPT,wide,5080fdbc
guitar,CS421,ACCEPT,wide,5080fdbc
guitar,CS422,ACCEPT,wide,5080fdbc
guitar,CS423,ACCEPT,wide,5080fdbc
guitar,CS425,ACCEPT,wide,5080fdbc
guitar,CS426,ACCEPT,wide,5080fdbc
guitar,CS427,ACCEPT,default,5080fdbc
guitar,CS428,ACCEPT,default,5080fdbc
guitar,CS429,ACCEPT,wide,5080fdbc
guitar,CS454,ACCEPT,wide,5080fdbc
guitar,CS456,ACCEPT,wide,5080fdbc
guitar,CS457,ACCEPT,wide,5080fdbc
guitar,CS458,ACCEPT,wide,5080fdbc
guitar,CS459,ACCEPT,wide,5080fdbc
guitar,CS460,ACCEPT,wide,5080fdbc
guitar,CS461,ACCEPT,wide,5080fdbc
guitar,CS462,ACCEPT,wide,5080fdbc
guitar,CS463,ACCEPT,wide,5080fdbc
guitar,CS464,ACCEPT,wide,5080fdbc
guitar,CS466,ACCEPT,wide,5080fdbc
guitar,CS467,ACCEPT,default,5080fdbc
guitar,CS468,ACCEPT,default,5080fdbc
guitar,CS502,ACCEPT_DB_MISMATCH,default,5080fdbc
guitar,CS509,ACCEPT,wide,5080fdbc
guitar,CS510,ACCEPT,wide,5080fdbc
guitar,CS517,ACCEPT,default,5080fdbc
guitar,CS518,ACCEPT,wide,5080fdbc
guitar,CS519,ACCEPT,wide,5080fdbc
guitar,CS520,ACCEPT,default,5080fdbc
guitar,CS521,ACCEPT,wide,5080fdbc
guitar,CS522,ACCEPT,wide,5080fdbc
guitar,CS524,ACCEPT,wide,5080fdbc
guitar,CS526,ACCEPT,wide,5080fdbc
guitar,CS527,ACCEPT,wide,5080fdbc
guitar,CS528,ACCEPT,wide,5080fdbc
guitar,CS531,ACCEPT,wide,5080fdbc
guitar,CS532,ACCEPT,wide,5080fdbc
guitar,CS533,ACCEPT,wide,5080fdbc
guitar,CS542,ACCEPT,wide,5080fdbc
guitar,CS543,ACCEPT,wide,5080fdbc
guitar,CS601,ACCEPT,wide,5080fdbc
guitar,CS602,ACCEPT_DB_MISMATCH,default,5080fdbc
guitar,CS604,ACCEPT,wide,5080fdbc
guitar,CS605,ACCEPT,default,5080fdbc
guitar,CS607,ACCEPT,wide,5080fdbc
guitar,CS608,ACCEPT,wide,5080fdbc
guitar,CS609,ACCEPT,wide,5080fdbc
guitar,CS610,ACCEPT,wide,5080fdbc
guitar,CS612,ACCEPT,wide,5080fdbc
guitar,CS613,ACCEPT,wide,5080fdbc
guitar,CS614,ACCEPT,wide,5080fdbc
guitar,CS615,ACCEPT,wide,5080fdbc
guitar,CS618,ACCEPT,wide,5080fdbc
guitar,CS702,ACCEPT,wide,5080fdbc
guitar,CS703,ACCEPT,wide,5080fdbc
guitar,CS704,ACCEPT,wide,5080fdbc
guitar,CS705,ACCEPT,wide,5080fdbc
guitar,CS706,ACCEPT,wide,5080fdbc
guitar,CS707,ACCEPT,wide,5080fdbc
guitar,CS708,ACCEPT,wide,5080fdbc
guitar,CS710,ACCEPT,wide,5080fdbc
guitar,CS713,ACCEPT,wide,5080fdbc
guitar,CS714,ACCEPT,default,5080fdbc
guitar,CS715,ACCEPT,wide,5080fdbc
guitar,CS717,ACCEPT,wide,5080fdbc
guitar,CS718,ACCEPT,wide,5080fdbc
guitar,CS719,ACCEPT,default,5080fdbc
guitar,CS722,ACCEPT,default,5080fdbc
guitar,CS723,ACCEPT,default,5080fdbc
guitar,CS724,ACCEPT,wide,5080fdbc
guitar,CS725,ACCEPT,wide,5080fdbc
guitar,CS726,ACCEPT,wide,5080fdbc
guitar,CS727,ACCEPT,wide,5080fdbc
guitar,CS728,ACCEPT,wide,5080fdbc
guitar,CS729,ACCEPT,wide,5080fdbc
guitar,CS730,ACCEPT,wide,5080fdbc
guitar,CS731,ACCEPT,wide,5080fdbc
guitar,CS732,ACCEPT,wide,5080fdbc
guitar,CS733,ACCEPT,wide,5080fdbc
guitar,CS734,ACCEPT,wide,5080fdbc
guitar,CS735,ACCEPT,default,5080fdbc
guitar,CS736,ACCEPT,wide,5080fdbc
guitar,CS737,ACCEPT,default,5080fdbc
guitar,CS738,ACCEPT,wide,5080fdbc
guitar,CS739,ACCEPT,wide,5080fdbc
guitar,CS740,ACCEPT,wide,5080fdbc
guitar,CS741,ACCEPT,wide,5080fdbc
guitar,CS742,ACCEPT,wide,5080fdbc
guitar,CS743,ACCEPT,wide,5080fdbc
guitar,CS745,ACCEPT,wide,5080fdbc
guitar,CS746,ACCEPT,wide,5080fdbc
guitar,CS747,ACCEPT,wide,5080fdbc
guitar,CS748,ACCEPT,wide,5080fdbc
guitar,CS749,ACCEPT,wide,5080fdbc
guitar,CS750,ACCEPT,wide,5080fdbc
guitar,CS751,ACCEPT,wide,5080fdbc
guitar,CS752,ACCEPT,wide,5080fdbc
guitar,CS761,ACCEPT,wide,5080fdbc
guitar,CS762,ACCEPT,default,5080fdbc
guitar,CS801,ACCEPT,wide,5080fdbc
guitar,CS802,ACCEPT,wide,5080fdbc
guitar,CS803,ACCEPT,wide,5080fdbc
guitar,CS804,ACCEPT,wide,5080fdbc
guitar,CS805,ACCEPT,wide,5080fdbc
guitar,CS807,ACCEPT,wide,5080fdbc
guitar,CS808,ACCEPT,wide,5080fdbc
guitar,CS809,ACCEPT,wide,5080fdbc
guitar,CS811,ACCEPT,default,5080fdbc
guitar,CS813,ACCEPT,wide,5080fdbc
guitar,CS814,ACCEPT,wide,5080fdbc
guitar,CS816,ACCEPT,wide,5080fdbc
guitar,CS817,ACCEPT,wide,5080fdbc
guitar,CS819,ACCEPT,wide,5080fdbc
guitar,CS820,ACCEPT,wide,5080fdbc
guitar,CS821,ACCEPT,wide,5080fdbc
guitar,CS822,ACCEPT_DB_MISMATCH,wide,5080fdbc
guitar,CS823,ACCEPT,wide,5080fdbc
guitar,CS824,ACCEPT,wide,5080fdbc
guitar,CS826,ACCEPT,wide,5080fdbc
guitar,CS827,ACCEPT,wide,5080fdbc
guitar,CS828,ACCEPT,wide,5080fdbc
guitar,CS829,ACCEPT,wide,5080fdbc
guitar,CS830,ACCEPT,wide,5080fdbc
guitar,CS831,ACCEPT,wide,5080fdbc
guitar,CS832,ACCEPT_DB_MISMATCH,wide,5080fdbc
guitar,CS833,ACCEPT,default,5080fdbc
guitar,CS835,ACCEPT,wide,5080fdbc
guitar,CS836,ACCEPT,wide,5080fdbc
guitar,CS837,ACCEPT,wide,5080fdbc
guitar,CS838,ACCEPT,wide,5080fdbc
guitar,CS839,ACCEPT,wide,5080fdbc
guitar,CS840,ACCEPT,wide,5080fdbc
guitar,CS841,ACCEPT,wide,5080fdbc
guitar,CS842,ACCEPT,wide,5080fdbc
guitar,CS843,ACCEPT,wide,5080fdbc
guitar,CS844,ACCEPT,wide,5080fdbc
guitar,CS845,ACCEPT,wide,5080fdbc
guitar,CS846,ACCEPT,wide,5080fdbc
guitar,CS847,ACCEPT,default,5080fdbc
guitar,CS848,ACCEPT,wide,5080fdbc
guitar,CS849,ACCEPT,wide,5080fdbc
guitar,CS860,ACCEPT,default,5080fdbc
guitar,CS861,ACCEPT,wide,5080fdbc
guitar,CS862,ACCEPT,wide,5080fdbc
guitar,CS863,ACCEPT,wide,5080fdbc
guitar,CS864,ACCEPT,wide,5080fdbc
guitar,CS865,ACCEPT,wide,5080fdbc
guitar,CS866,ACCEPT,wide,5080fdbc
guitar,CS867,ACCEPT,default,5080fdbc
guitar,CS870,ACCEPT,wide,5080fdbc
guitar,CS871,ACCEPT,wide,5080fdbc
guitar,CS872,ACCEPT,wide,5080fdbc
guitar,CS873,ACCEPT,wide,5080fdbc
guitar,CS874,ACCEPT,wide,5080fdbc
guitar,CS875,ACCEPT,wide,5080fdbc
guitar,CS878,ACCEPT,wide,5080fdbc
guitar,CS879,ACCEPT,wide,5080fdbc
guitar,CS880,ACCEPT,wide,5080fdbc
guitar,CS902,ACCEPT,wide,5080fdbc
guitar,CS903,ACCEPT,wide,5080fdbc
guitar,CS904,ACCEPT,wide,5080fdbc
guitar,CS906,ACCEPT,wide,5080fdbc
guitar,CS907,ACCEPT,wide,5080fdbc
guitar,CS908,ACCEPT,wide,5080fdbc
guitar,CS910,ACCEPT,wide,5080fdbc
guitar,CS911,ACCEPT,wide,5080fdbc
guitar,CS913,ACCEPT,wide,5080fdbc
guitar,CS926,ACCEPT,default,5080fdbc
guitar,CS927,ACCEPT,wide,5080fdbc
guitar,CS928,ACCEPT,wide,5080fdbc
guitar,E1,ACCEPT,wide,5080fdbc
guitar,E10,ACCEPT,wide,5080fdbc
guitar,E100,ACCEPT,wide,5080fdbc
guitar,E1000,ACCEPT,wide,5080fdbc
guitar,E1001,ACCEPT,default,5080fdbc
guitar,E1002,ACCEPT,wide,5080fdbc
guitar,E1003,ACCEPT,default,5080fdbc
guitar,E1004,ACCEPT,wide,5080fdbc
guitar,E1005,ACCEPT,wide,5080fdbc
guitar,E1006,ACCEPT,wide,5080fdbc
guitar,E1007,ACCEPT,default,5080fdbc
guitar,E1008,ACCEPT,wide,5080fdbc
guitar,E1009,ACCEPT,default,5080fdbc
guitar,E101,ACCEPT,wide,5080fdbc
guitar,E1010,ACCEPT,wide,5080fdbc
guitar,E1011,ACCEPT,wide,5080fdbc
guitar,E1012,ACCEPT,wide,5080fdbc
guitar,E1013,ACCEPT,wide,5080fdbc
guitar,E1014,ACCEPT,wide,5080fdbc
guitar,E1015,ACCEPT,wide,5080fdbc
guitar,E1016,ACCEPT,wide,5080fdbc
guitar,E1017,ACCEPT,wide,5080fdbc
guitar,E1018,ACCEPT,wide,5080fdbc
guitar,E1019,ACCEPT,wide,5080fdbc
guitar,E102,ACCEPT,wide,5080fdbc
guitar,E1020,ACCEPT,wide,5080fdbc
guitar,E1021,ACCEPT,wide,5080fdbc
guitar,E1022,ACCEPT,wide,5080fdbc
guitar,E1023,ACCEPT,wide,5080fdbc
guitar,E1024,ACCEPT,default,5080fdbc
guitar,E1025,ACCEPT,wide,5080fdbc
guitar,E1026,ACCEPT,wide,5080fdbc
guitar,E1027,ACCEPT,wide,5080fdbc
guitar,E1028,ACCEPT,wide,5080fdbc
guitar,E1029,ACCEPT,default,5080fdbc
guitar,E103,ACCEPT,wide,5080fdbc
guitar,E1030,ACCEPT,wide,5080fdbc
guitar,E1031,ACCEPT,wide,5080fdbc
guitar,E1032,ACCEPT,wide,5080fdbc
guitar,E1033,ACCEPT,wide,5080fdbc
guitar,E1034,ACCEPT,wide,5080fdbc
guitar,E1035,ACCEPT,default,5080fdbc
guitar,E1036,ACCEPT,wide,5080fdbc
guitar,E1037,ACCEPT,wide,5080fdbc
guitar,E1038,ACCEPT,wide,5080fdbc
guitar,E1039,ACCEPT,wide,5080fdbc
guitar,E104,ACCEPT,wide,5080fdbc
guitar,E1040,ACCEPT,wide,5080fdbc
guitar,E1041,ACCEPT,wide,5080fdbc
guitar,E1042,ACCEPT,wide,5080fdbc
guitar,E1043,ACCEPT,default,5080fdbc
guitar,E1044,ACCEPT,wide,5080fdbc
guitar,E1045,ACCEPT,wide,5080fdbc
guitar,E1046,ACCEPT,default,5080fdbc
guitar,E1047,ACCEPT,wide,5080fdbc
guitar,E1048,ACCEPT,wide,5080fdbc
guitar,E1049,ACCEPT,wide,5080fdbc
guitar,E105,ACCEPT,wide,5080fdbc
guitar,E1050,ACCEPT,wide,5080fdbc
guitar,E1051,ACCEPT,wide,5080fdbc
guitar,E1052,ACCEPT,wide,5080fdbc
guitar,E1053,ACCEPT,wide,5080fdbc
guitar,E1054,ACCEPT,wide,5080fdbc
guitar,E1055,ACCEPT,wide,5080fdbc
guitar,E1056,ACCEPT,wide,5080fdbc
guitar,E1057,ACCEPT,wide,5080fdbc
guitar,E1058,ACCEPT,wide,5080fdbc
guitar,E1059,ACCEPT,wide,5080fdbc
guitar,E106,ACCEPT,wide,5080fdbc
guitar,E1060,ACCEPT,default,5080fdbc
guitar,E1061,ACCEPT,wide,5080fdbc
guitar,E1062,ACCEPT,wide,5080fdbc
guitar,E1063,ACCEPT,wide,5080fdbc
guitar,E1064,ACCEPT,wide,5080fdbc
guitar,E1065,ACCEPT,wide,5080fdbc
guitar,E1066,ACCEPT,wide,5080fdbc
guitar,E1067,ACCEPT,default,5080fdbc
guitar,E1068,ACCEPT,default,5080fdbc
guitar,E1069,ACCEPT,wide,5080fdbc
guitar,E107,ACCEPT,wide,5080fdbc
guitar,E1070,ACCEPT,wide,5080fdbc
guitar,E1071,ACCEPT,wide,5080fdbc
guitar,E1072,ACCEPT,wide,5080fdbc
guitar,E1073,ACCEPT,wide,5080fdbc
guitar,E1074,ACCEPT,wide,5080fdbc
guitar,E1075,ACCEPT,wide,5080fdbc
guitar,E1077,ACCEPT,wide,5080fdbc
guitar,E1078,ACCEPT,default,5080fdbc
guitar,E1079,ACCEPT,default,5080fdbc
guitar,E108,ACCEPT,wide,5080fdbc
guitar,E1080,ACCEPT,wide,5080fdbc
guitar,E1081,ACCEPT,wide,5080fdbc
guitar,E1082,ACCEPT,default,5080fdbc
guitar,E1083,ACCEPT,default,5080fdbc
guitar,E1084,ACCEPT,wide,5080fdbc
guitar,E1085,ACCEPT,default,5080fdbc
guitar,E1086,ACCEPT,wide,5080fdbc
guitar,E1087,ACCEPT,wide,5080fdbc
guitar,E1088,ACCEPT,wide,5080fdbc
guitar,E1089,ACCEPT,wide,5080fdbc
guitar,E109,ACCEPT,wide,5080fdbc
guitar,E1090,ACCEPT,wide,5080fdbc
guitar,E1091,ACCEPT,default,5080fdbc
guitar,E1092,ACCEPT,wide,5080fdbc
guitar,E1093,ACCEPT,wide,5080fdbc
guitar,E1094,ACCEPT,wide,5080fdbc
guitar,E1095,ACCEPT,wide,5080fdbc
guitar,E1096,ACCEPT,wide,5080fdbc
guitar,E1097,ACCEPT,wide,5080fdbc
guitar,E1098,ACCEPT,wide,5080fdbc
guitar,E1099,ACCEPT,wide,5080fdbc
guitar,E11,ACCEPT,wide,5080fdbc
guitar,E110,ACCEPT,default,5080fdbc
guitar,E1100,ACCEPT,wide,5080fdbc
guitar,E1101,ACCEPT,default,5080fdbc
guitar,E1102,ACCEPT,wide,5080fdbc
guitar,E1103,ACCEPT,wide,5080fdbc
guitar,E1104,ACCEPT,default,5080fdbc
guitar,E1105,ACCEPT,wide,5080fdbc
guitar,E1106,ACCEPT,wide,5080fdbc
guitar,E1107,ACCEPT,default,5080fdbc
guitar,E1108,ACCEPT,wide,5080fdbc
guitar,E1109,ACCEPT,wide,5080fdbc
guitar,E111,ACCEPT,wide,5080fdbc
guitar,E1110,ACCEPT,wide,5080fdbc
guitar,E1111,ACCEPT,wide,5080fdbc
guitar,E1112,ACCEPT,wide,5080fdbc
guitar,E1113,ACCEPT,default,5080fdbc
guitar,E1114,ACCEPT,wide,5080fdbc
guitar,E1115,ACCEPT,default,5080fdbc
guitar,E1116,ACCEPT,default,5080fdbc
guitar,E1117,ACCEPT,wide,5080fdbc
guitar,E1118,ACCEPT_DB_MISMATCH,default,5080fdbc
guitar,E1119,ACCEPT,wide,5080fdbc
guitar,E112,ACCEPT,wide,5080fdbc
guitar,E1120,ACCEPT,wide,5080fdbc
guitar,E1121,ACCEPT,wide,5080fdbc
guitar,E1122,ACCEPT,wide,5080fdbc
guitar,E1123,ACCEPT,wide,5080fdbc
guitar,E1124,ACCEPT,wide,5080fdbc
guitar,E1125,ACCEPT,wide,5080fdbc
guitar,E1126,ACCEPT,wide,5080fdbc
guitar,E1127,ACCEPT,wide,5080fdbc
guitar,E1128,ACCEPT,default,5080fdbc
guitar,E1129,ACCEPT,wide,5080fdbc
guitar,E113,ACCEPT,wide,5080fdbc
guitar,E1130,ACCEPT,wide,5080fdbc
guitar,E1131,ACCEPT,default,5080fdbc
guitar,E1132,ACCEPT,wide,5080fdbc
guitar,E1133,ACCEPT,default,5080fdbc
guitar,E1134,ACCEPT,wide,5080fdbc
guitar,E1135,ACCEPT,default,5080fdbc
guitar,E1136,ACCEPT,wide,5080fdbc
guitar,E1137,ACCEPT,default,5080fdbc
guitar,E1138,ACCEPT,wide,5080fdbc
guitar,E1139,ACCEPT,wide,5080fdbc
guitar,E114,ACCEPT,wide,5080fdbc
guitar,E1140,ACCEPT,wide,5080fdbc
guitar,E1141,ACCEPT,wide,5080fdbc
guitar,E1142,ACCEPT,wide,5080fdbc
guitar,E1143,ACCEPT,wide,5080fdbc
guitar,E1144,ACCEPT,wide,5080fdbc
guitar,E1145,ACCEPT,wide,5080fdbc
guitar,E1146,ACCEPT,wide,5080fdbc
guitar,E1147,ACCEPT,wide,5080fdbc
guitar,E1148,ACCEPT,default,5080fdbc
guitar,E1149,ACCEPT,wide,5080fdbc
guitar,E115,ACCEPT,wide,5080fdbc
guitar,E1150,ACCEPT,wide,5080fdbc
guitar,E1151,ACCEPT,default,5080fdbc
guitar,E1152,ACCEPT,default,5080fdbc
guitar,E1153,ACCEPT,wide,5080fdbc
guitar,E1154,ACCEPT,wide,5080fdbc
guitar,E1155,ACCEPT,wide,5080fdbc
guitar,E1156,ACCEPT,wide,5080fdbc
guitar,E1157,ACCEPT,wide,5080fdbc
guitar,E1158,ACCEPT,wide,5080fdbc
guitar,E1159,ACCEPT,default,5080fdbc
guitar,E116,ACCEPT,wide,5080fdbc
guitar,E1160,ACCEPT,wide,5080fdbc
guitar,E1161,ACCEPT,wide,5080fdbc
guitar,E1162,ACCEPT,wide,5080fdbc
guitar,E1163,ACCEPT,wide,5080fdbc
guitar,E1164,ACCEPT,wide,5080fdbc
guitar,E1165,ACCEPT,wide,5080fdbc
guitar,E1166,ACCEPT,wide,5080fdbc
guitar,E1167,ACCEPT,default,5080fdbc
guitar,E1168,ACCEPT,default,5080fdbc
guitar,E1169,ACCEPT,wide,5080fdbc
guitar,E117,ACCEPT,wide,5080fdbc
guitar,E1170,ACCEPT,default,5080fdbc
guitar,E1171,ACCEPT,wide,5080fdbc
guitar,E1172,ACCEPT,default,5080fdbc
guitar,E1173,ACCEPT,wide,5080fdbc
guitar,E1174,ACCEPT,wide,5080fdbc
guitar,E1175,ACCEPT,wide,5080fdbc
guitar,E1176,ACCEPT,wide,5080fdbc
guitar,E1177,ACCEPT,default,5080fdbc
guitar,E1178,ACCEPT,default,5080fdbc
guitar,E1179,ACCEPT,wide,5080fdbc
guitar,E118,ACCEPT,wide,5080fdbc
guitar,E1180,ACCEPT,default,5080fdbc
guitar,E1181,ACCEPT,wide,5080fdbc
guitar,E1182,ACCEPT,wide,5080fdbc
guitar,E1183,ACCEPT,wide,5080fdbc
guitar,E1184,ACCEPT,wide,5080fdbc
guitar,E1185,ACCEPT,wide,5080fdbc
guitar,E1186,ACCEPT,wide,5080fdbc
guitar,E1187,ACCEPT,wide,5080fdbc
guitar,E1188,ACCEPT,wide,5080fdbc
guitar,E1189,ACCEPT,wide,5080fdbc
guitar,E119,ACCEPT,wide,5080fdbc
guitar,E1190,ACCEPT,default,5080fdbc
guitar,E1191,ACCEPT,default,5080fdbc
guitar,E1192,ACCEPT,wide,5080fdbc
guitar,E1193,ACCEPT,wide,5080fdbc
guitar,E1194,ACCEPT,default,5080fdbc
guitar,E1195,ACCEPT,wide,5080fdbc
guitar,E1196,ACCEPT,wide,5080fdbc
guitar,E1197,ACCEPT,default,5080fdbc
guitar,E1198,ACCEPT,wide,5080fdbc
guitar,E1199,ACCEPT,default,5080fdbc
guitar,E12,ACCEPT,wide,5080fdbc
guitar,E120,ACCEPT,wide,5080fdbc
guitar,E1200,ACCEPT,wide,5080fdbc
guitar,E1201,ACCEPT,wide,5080fdbc
guitar,E1202,ACCEPT,wide,5080fdbc
guitar,E1203,ACCEPT,wide,5080fdbc
guitar,E1204,ACCEPT,wide,5080fdbc
guitar,E1205,ACCEPT,wide,5080fdbc
guitar,E1206,ACCEPT,wide,5080fdbc
guitar,E1207,ACCEPT,wide,5080fdbc
guitar,E1208,ACCEPT,wide,5080fdbc
guitar,E1209,ACCEPT,wide,5080fdbc
guitar,E121,ACCEPT,wide,5080fdbc
guitar,E1210,ACCEPT,wide,5080fdbc
guitar,E1211,ACCEPT,default,5080fdbc
guitar,E1212,ACCEPT,wide,5080fdbc
guitar,E1213,ACCEPT,wide,5080fdbc
guitar,E1214,ACCEPT,wide,5080fdbc
guitar,E1215,ACCEPT,wide,5080fdbc
guitar,E1216,ACCEPT,wide,5080fdbc
guitar,E1217,ACCEPT,wide,5080fdbc
guitar,E1218,ACCEPT,wide,5080fdbc
guitar,E1219,ACCEPT,default,5080fdbc
guitar,E122,ACCEPT,wide,5080fdbc
guitar,E1220,ACCEPT,wide,5080fdbc
guitar,E1221,ACCEPT,wide,5080fdbc
guitar,E1222,ACCEPT,default,5080fdbc
guitar,E1223,ACCEPT,wide,5080fdbc
guitar,E1224,ACCEPT,wide,5080fdbc
guitar,E1225,ACCEPT,wide,5080fdbc
guitar,E1226,ACCEPT,default,5080fdbc
guitar,E1227,ACCEPT,wide,5080fdbc
guitar,E1228,ACCEPT,wide,5080fdbc
guitar,E1229,ACCEPT,wide,5080fdbc
guitar,E123,ACCEPT,default,5080fdbc
guitar,E1230,ACCEPT,wide,5080fdbc
guitar,E1231,ACCEPT,wide,5080fdbc
guitar,E1232,ACCEPT,wide,5080fdbc
guitar,E1233,ACCEPT,default,5080fdbc
guitar,E1234,ACCEPT,default,5080fdbc
guitar,E1235,ACCEPT,wide,5080fdbc
guitar,E1236,ACCEPT,default,5080fdbc
guitar,E1237,ACCEPT,default,5080fdbc
guitar,E1238,ACCEPT,wide,5080fdbc
guitar,E1239,ACCEPT,wide,5080fdbc
guitar,E124,ACCEPT,wide,5080fdbc
guitar,E1240,ACCEPT,default,5080fdbc
guitar,E1241,ACCEPT,default,5080fdbc
guitar,E1242,ACCEPT,default,5080fdbc
guitar,E1243,ACCEPT,default,5080fdbc
guitar,E1244,ACCEPT,wide,5080fdbc
guitar,E1245,ACCEPT,wide,5080fdbc
guitar,E1246,ACCEPT,wide,5080fdbc
guitar,E1247,ACCEPT,wide,5080fdbc
guitar,E1248,ACCEPT,wide,5080fdbc
guitar,E1249,ACCEPT,wide,5080fdbc
guitar,E125,ACCEPT,wide,5080fdbc
guitar,E1250,ACCEPT,default,5080fdbc
guitar,E1251,ACCEPT,default,5080fdbc
guitar,E1252,ACCEPT,wide,5080fdbc
guitar,E1253,ACCEPT,wide,5080fdbc
guitar,E1254,ACCEPT,default,5080fdbc
guitar,E1255,ACCEPT,wide,5080fdbc
guitar,E1256,ACCEPT,wide,5080fdbc
guitar,E1257,ACCEPT,default,5080fdbc
guitar,E1258,ACCEPT,wide,5080fdbc
guitar,E1259,ACCEPT,default,5080fdbc
guitar,E126,ACCEPT,wide,5080fdbc
guitar,E1260,ACCEPT_DB_MISMATCH,wide,5080fdbc
guitar,E1262,ACCEPT,wide,5080fdbc
guitar,E1263,ACCEPT,wide,5080fdbc
guitar,E1264,ACCEPT,wide,5080fdbc
guitar,E1265,ACCEPT,wide,5080fdbc
guitar,E1266,ACCEPT,default,5080fdbc
guitar,E1267,ACCEPT,wide,5080fdbc
guitar,E1268,ACCEPT,wide,5080fdbc
guitar,E1269,ACCEPT,wide,5080fdbc
guitar,E127,ACCEPT,wide,5080fdbc
guitar,E1270,ACCEPT,wide,5080fdbc
guitar,E1271,ACCEPT,default,5080fdbc
guitar,E1272,ACCEPT,wide,5080fdbc
guitar,E1273,ACCEPT,default,5080fdbc
guitar,E1274,ACCEPT,wide,5080fdbc
guitar,E1275,ACCEPT,wide,5080fdbc
guitar,E1276,ACCEPT,wide,5080fdbc
guitar,E1277,ACCEPT,wide,5080fdbc
guitar,E1278,ACCEPT,wide,5080fdbc
guitar,E1279,ACCEPT,wide,5080fdbc
guitar,E128,ACCEPT,wide,5080fdbc
guitar,E1280,ACCEPT,wide,5080fdbc
guitar,E1281,ACCEPT,wide,5080fdbc
guitar,E1282,ACCEPT,default,5080fdbc
guitar,E1283,ACCEPT,wide,5080fdbc
guitar,E1284,ACCEPT,wide,5080fdbc
guitar,E1285,ACCEPT,wide,5080fdbc
guitar,E1286,ACCEPT,wide,5080fdbc
guitar,E1287,ACCEPT_DB_MISMATCH,default,5080fdbc
guitar,E1288,ACCEPT,wide,5080fdbc
guitar,E1289,ACCEPT,default,5080fdbc
guitar,E129,ACCEPT,wide,5080fdbc
guitar,E1290,ACCEPT,wide,5080fdbc
guitar,E1291,ACCEPT,default,5080fdbc
guitar,E1292,ACCEPT,wide,5080fdbc
guitar,E1293,ACCEPT,wide,5080fdbc
guitar,E1294,ACCEPT,wide,5080fdbc
guitar,E1295,ACCEPT,wide,5080fdbc
guitar,E1296,ACCEPT,wide,5080fdbc
guitar,E1297,ACCEPT,wide,5080fdbc
guitar,E1298,ACCEPT,wide,5080fdbc
guitar,E1299,ACCEPT,wide,5080fdbc
guitar,E13,ACCEPT,wide,5080fdbc
guitar,E130,ACCEPT,wide,5080fdbc
guitar,E1300,ACCEPT,wide,5080fdbc
guitar,E1301,ACCEPT,wide,5080fdbc
guitar,E1302,ACCEPT,wide,5080fdbc
guitar,E1303,ACCEPT,wide,5080fdbc
guitar,E1304,ACCEPT,default,5080fdbc
guitar,E1305,ACCEPT,default,5080fdbc
guitar,E1306,ACCEPT,wide,5080fdbc
guitar,E1307,ACCEPT,default,5080fdbc
guitar,E1308,ACCEPT,wide,5080fdbc
guitar,E1309,ACCEPT,wide,5080fdbc
guitar,E131,ACCEPT,default,5080fdbc
guitar,E1310,ACCEPT,wide,5080fdbc
guitar,E1311,ACCEPT,default,5080fdbc
guitar,E1312,ACCEPT,default,5080fdbc
guitar,E1313,ACCEPT,default,5080fdbc
guitar,E1314,ACCEPT,wide,5080fdbc
guitar,E1315,ACCEPT,wide,5080fdbc
guitar,E1316,ACCEPT,default,5080fdbc
guitar,E1317,ACCEPT,wide,5080fdbc
guitar,E1318,ACCEPT,default,5080fdbc
guitar,E1319,ACCEPT,wide,5080fdbc
guitar,E132,ACCEPT,wide,5080fdbc
guitar,E1320,ACCEPT,default,5080fdbc
guitar,E1321,ACCEPT,wide,5080fdbc
guitar,E1322,ACCEPT,wide,5080fdbc
guitar,E1323,ACCEPT,wide,5080fdbc
guitar,E1324,ACCEPT,wide,5080fdbc
guitar,E1325,ACCEPT,wide,5080fdbc
guitar,E1326,ACCEPT,wide,5080fdbc
guitar,E1327,ACCEPT,wide,5080fdbc
guitar,E1328,ACCEPT,default,5080fdbc
guitar,E1329,ACCEPT,default,5080fdbc
guitar,E133,ACCEPT,wide,5080fdbc
guitar,E1330,ACCEPT,wide,5080fdbc
guitar,E1331,ACCEPT,wide,5080fdbc
guitar,E1332,ACCEPT,wide,5080fdbc
guitar,E1333,ACCEPT,default,5080fdbc
guitar,E1334,ACCEPT,wide,5080fdbc
guitar,E1335,ACCEPT,wide,5080fdbc
guitar,E1336,ACCEPT,wide,5080fdbc
guitar,E1337,ACCEPT,default,5080fdbc
guitar,E1338,ACCEPT,default,5080fdbc
guitar,E1339,ACCEPT,wide,5080fdbc
guitar,E134,ACCEPT,wide,5080fdbc
guitar,E1340,ACCEPT,wide,5080fdbc
guitar,E1341,ACCEPT,wide,5080fdbc
guitar,E1342,ACCEPT,wide,5080fdbc
guitar,E1343,ACCEPT,wide,5080fdbc
guitar,E1344,ACCEPT,wide,5080fdbc
guitar,E1345,ACCEPT,default,5080fdbc
guitar,E1346,ACCEPT,wide,5080fdbc
guitar,E1347,ACCEPT,wide,5080fdbc
guitar,E1348,ACCEPT_DB_MISMATCH,wide,5080fdbc
guitar,E1349,ACCEPT,default,5080fdbc
guitar,E135,ACCEPT,wide,5080fdbc
guitar,E1350,ACCEPT,wide,5080fdbc
guitar,E1351,ACCEPT,wide,5080fdbc
guitar,E1352,ACCEPT,wide,5080fdbc
guitar,E1353,ACCEPT,wide,5080fdbc
guitar,E1354,ACCEPT,default,5080fdbc
guitar,E1355,ACCEPT,wide,5080fdbc
guitar,E1356,ACCEPT,default,5080fdbc
guitar,E1357,ACCEPT,wide,5080fdbc
guitar,E1358,ACCEPT,default,5080fdbc
guitar,E1359,ACCEPT,wide,5080fdbc
guitar,E136,ACCEPT,wide,5080fdbc
guitar,E1360,ACCEPT,wide,5080fdbc
guitar,E137,ACCEPT,wide,5080fdbc
guitar,E138,ACCEPT,wide,5080fdbc
guitar,E139,ACCEPT,wide,5080fdbc
guitar,E14,ACCEPT_DB_MISMATCH,wide,5080fdbc
guitar,E140,ACCEPT,wide,5080fdbc
guitar,E1403,ACCEPT,wide,5080fdbc
guitar,E1404,ACCEPT,wide,5080fdbc
guitar,E141,ACCEPT,wide,5080fdbc
guitar,E142,ACCEPT,wide,5080fdbc
guitar,E143,ACCEPT,wide,5080fdbc
guitar,E144,ACCEPT,wide,5080fdbc
guitar,E145,ACCEPT,wide,5080fdbc
guitar,E146,ACCEPT,wide,5080fdbc
guitar,E147,ACCEPT,wide,5080fdbc
guitar,E148,ACCEPT,wide,5080fdbc
guitar,E149,ACCEPT,default,5080fdbc
guitar,E15,ACCEPT,wide,5080fdbc
guitar,E150,ACCEPT,default,5080fdbc
guitar,E151,ACCEPT,wide,5080fdbc
guitar,E152,ACCEPT,wide,5080fdbc
guitar,E153,ACCEPT,wide,5080fdbc
guitar,E154,ACCEPT,wide,5080fdbc
guitar,E155,ACCEPT,wide,5080fdbc
guitar,E156,ACCEPT,wide,5080fdbc
guitar,E157,ACCEPT,wide,5080fdbc
guitar,E158,ACCEPT,wide,5080fdbc
guitar,E159,ACCEPT,wide,5080fdbc
guitar,E16,ACCEPT,wide,5080fdbc
guitar,E160,ACCEPT,wide,5080fdbc
guitar,E161,ACCEPT,wide,5080fdbc
guitar,E162,ACCEPT,wide,5080fdbc
guitar,E163,ACCEPT,wide,5080fdbc
guitar,E164,ACCEPT,wide,5080fdbc
guitar,E165,ACCEPT,wide,5080fdbc
guitar,E166,ACCEPT,wide,5080fdbc
guitar,E167,ACCEPT,wide,5080fdbc
guitar,E168,ACCEPT,default,5080fdbc
guitar,E169,ACCEPT,wide,5080fdbc
guitar,E17,ACCEPT_DB_MISMATCH,wide,5080fdbc
guitar,E170,ACCEPT,wide,5080fdbc
guitar,E171,ACCEPT,wide,5080fdbc
guitar,E172,ACCEPT,wide,5080fdbc
guitar,E173,ACCEPT,default,5080fdbc
guitar,E174,ACCEPT,default,5080fdbc
guitar,E175,ACCEPT,wide,5080fdbc
guitar,E176,ACCEPT,wide,5080fdbc
guitar,E177,ACCEPT,default,5080fdbc
guitar,E178,ACCEPT,wide,5080fdbc
guitar,E179,ACCEPT,default,5080fdbc
guitar,E18,ACCEPT,wide,5080fdbc
guitar,E180,ACCEPT,default,5080fdbc
guitar,E181,ACCEPT,wide,5080fdbc
guitar,E182,ACCEPT,wide,5080fdbc
guitar,E183,ACCEPT,wide,5080fdbc
guitar,E184,ACCEPT,wide,5080fdbc
guitar,E185,ACCEPT,wide,5080fdbc
guitar,E186,ACCEPT,wide,5080fdbc
guitar,E187,ACCEPT,wide,5080fdbc
guitar,E188,ACCEPT,wide,5080fdbc
guitar,E189,ACCEPT,wide,5080fdbc
guitar,E19,ACCEPT,default,5080fdbc
guitar,E190,ACCEPT,wide,5080fdbc
guitar,E191,ACCEPT,wide,5080fdbc
guitar,E192,ACCEPT,wide,5080fdbc
guitar,E193,ACCEPT,wide,5080fdbc
guitar,E194,ACCEPT,wide,5080fdbc
guitar,E195,ACCEPT,wide,5080fdbc
guitar,E196,ACCEPT,wide,5080fdbc
guitar,E197,ACCEPT,wide,5080fdbc
guitar,E198,ACCEPT,wide,5080fdbc
guitar,E199,ACCEPT,wide,5080fdbc
guitar,E2,ACCEPT,wide,5080fdbc
guitar,E20,ACCEPT,wide,5080fdbc
guitar,E200,ACCEPT,wide,5080fdbc
guitar,E201,ACCEPT,wide,5080fdbc
guitar,E202,ACCEPT,wide,5080fdbc
guitar,E203,ACCEPT,wide,5080fdbc
guitar,E204,ACCEPT,wide,5080fdbc
guitar,E205,ACCEPT,wide,5080fdbc
guitar,E206,ACCEPT,wide,5080fdbc
guitar,E207,ACCEPT,wide,5080fdbc
guitar,E208,ACCEPT,wide,5080fdbc
guitar,E209,ACCEPT,wide,5080fdbc
guitar,E21,ACCEPT,default,5080fdbc
guitar,E210,ACCEPT,default,5080fdbc
guitar,E211,ACCEPT,wide,5080fdbc
guitar,E212,ACCEPT,wide,5080fdbc
guitar,E213,ACCEPT,wide,5080fdbc
guitar,E214,ACCEPT,wide,5080fdbc
guitar,E215,ACCEPT,wide,5080fdbc
guitar,E216,ACCEPT,wide,5080fdbc
guitar,E217,ACCEPT,wide,5080fdbc
guitar,E218,ACCEPT,wide,5080fdbc
guitar,E219,ACCEPT,wide,5080fdbc
guitar,E22,ACCEPT,wide,5080fdbc
guitar,E220,ACCEPT,wide,5080fdbc
guitar,E221,ACCEPT,wide,5080fdbc
guitar,E222,ACCEPT,wide,5080fdbc
guitar,E223,ACCEPT,wide,5080fdbc
guitar,E224,ACCEPT,wide,5080fdbc
guitar,E225,ACCEPT,wide,5080fdbc
guitar,E226,ACCEPT,wide,5080fdbc
guitar,E227,ACCEPT,wide,5080fdbc
guitar,E228,ACCEPT,wide,5080fdbc
guitar,E229,ACCEPT,wide,5080fdbc
guitar,E23,ACCEPT,wide,5080fdbc
guitar,E230,ACCEPT,wide,5080fdbc
guitar,E231,ACCEPT,wide,5080fdbc
guitar,E232,ACCEPT,wide,5080fdbc
guitar,E233,ACCEPT,wide,5080fdbc
guitar,E234,ACCEPT,wide,5080fdbc
guitar,E235,ACCEPT,default,5080fdbc
guitar,E236,ACCEPT,wide,5080fdbc
guitar,E237,ACCEPT,wide,5080fdbc
guitar,E238,ACCEPT,wide,5080fdbc
guitar,E239,ACCEPT,wide,5080fdbc
guitar,E24,ACCEPT,wide,5080fdbc
guitar,E240,ACCEPT,wide,5080fdbc
guitar,E241,ACCEPT,wide,5080fdbc
guitar,E242,ACCEPT,wide,5080fdbc
guitar,E243,ACCEPT,wide,5080fdbc
guitar,E244,ACCEPT,wide,5080fdbc
guitar,E245,ACCEPT,default,5080fdbc
guitar,E246,ACCEPT,wide,5080fdbc
guitar,E247,ACCEPT,wide,5080fdbc
guitar,E248,ACCEPT,default,5080fdbc
guitar,E249,ACCEPT,wide,5080fdbc
guitar,E25,ACCEPT,wide,5080fdbc
guitar,E250,ACCEPT,wide,5080fdbc
guitar,E251,ACCEPT,wide,5080fdbc
guitar,E252,ACCEPT,wide,5080fdbc
guitar,E253,ACCEPT,wide,5080fdbc
guitar,E254,ACCEPT,wide,5080fdbc
guitar,E255,ACCEPT,wide,5080fdbc
guitar,E256,ACCEPT,default,5080fdbc
guitar,E257,ACCEPT,wide,5080fdbc
guitar,E258,ACCEPT,wide,5080fdbc
guitar,E259,ACCEPT,wide,5080fdbc
guitar,E26,ACCEPT,wide,5080fdbc
guitar,E260,ACCEPT,wide,5080fdbc
guitar,E261,ACCEPT,wide,5080fdbc
guitar,E262,ACCEPT,wide,5080fdbc
guitar,E263,ACCEPT,default,5080fdbc
guitar,E264,ACCEPT,wide,5080fdbc
guitar,E265,ACCEPT,wide,5080fdbc
guitar,E266,ACCEPT,wide,5080fdbc
guitar,E267,ACCEPT,wide,5080fdbc
guitar,E268,ACCEPT,wide,5080fdbc
guitar,E269,ACCEPT,wide,5080fdbc
guitar,E27,ACCEPT,wide,5080fdbc
guitar,E270,ACCEPT,wide,5080fdbc
guitar,E271,ACCEPT,wide,5080fdbc
guitar,E272,ACCEPT,wide,5080fdbc
guitar,E273,ACCEPT,wide,5080fdbc
guitar,E274,ACCEPT,wide,5080fdbc
guitar,E275,ACCEPT,wide,5080fdbc
guitar,E276,ACCEPT,wide,5080fdbc
guitar,E277,ACCEPT,wide,5080fdbc
guitar,E278,ACCEPT,wide,5080fdbc
guitar,E279,ACCEPT,default,5080fdbc
guitar,E28,ACCEPT,wide,5080fdbc
guitar,E280,ACCEPT,wide,5080fdbc
guitar,E281,ACCEPT,default,5080fdbc
guitar,E282,ACCEPT,wide,5080fdbc
guitar,E283,ACCEPT,wide,5080fdbc
guitar,E284,ACCEPT,wide,5080fdbc
guitar,E285,ACCEPT,wide,5080fdbc
guitar,E286,ACCEPT,default,5080fdbc
guitar,E287,ACCEPT,wide,5080fdbc
guitar,E288,ACCEPT,wide,5080fdbc
guitar,E289,ACCEPT,wide,5080fdbc
guitar,E29,ACCEPT,wide,5080fdbc
guitar,E290,ACCEPT,wide,5080fdbc
guitar,E291,ACCEPT,wide,5080fdbc
guitar,E292,ACCEPT,wide,5080fdbc
guitar,E293,ACCEPT,wide,5080fdbc
guitar,E294,ACCEPT,default,5080fdbc
guitar,E295,ACCEPT,wide,5080fdbc
guitar,E296,ACCEPT,wide,5080fdbc
guitar,E297,ACCEPT,wide,5080fdbc
guitar,E298,ACCEPT,wide,5080fdbc
guitar,E299,ACCEPT,wide,5080fdbc
guitar,E3,ACCEPT,wide,5080fdbc
guitar,E30,ACCEPT,wide,5080fdbc
guitar,E300,ACCEPT,wide,5080fdbc
guitar,E301,ACCEPT,wide,5080fdbc
guitar,E302,ACCEPT,default,5080fdbc
guitar,E303,ACCEPT,default,5080fdbc
guitar,E304,ACCEPT,wide,5080fdbc
guitar,E305,ACCEPT,wide,5080fdbc
guitar,E306,ACCEPT,wide,5080fdbc
guitar,E307,ACCEPT,wide,5080fdbc
guitar,E308,ACCEPT,wide,5080fdbc
guitar,E309,ACCEPT,default,5080fdbc
guitar,E31,ACCEPT,wide,5080fdbc
guitar,E310,ACCEPT_DB_MISMATCH,wide,5080fdbc
guitar,E311,ACCEPT,wide,5080fdbc
guitar,E312,ACCEPT,wide,5080fdbc
guitar,E313,ACCEPT,wide,5080fdbc
guitar,E314,ACCEPT,wide,5080fdbc
guitar,E315,ACCEPT,wide,5080fdbc
guitar,E316,ACCEPT,wide,5080fdbc
guitar,E317,ACCEPT,wide,5080fdbc
guitar,E318,ACCEPT,wide,5080fdbc
guitar,E319,ACCEPT,wide,5080fdbc
guitar,E32,ACCEPT,wide,5080fdbc
guitar,E320,ACCEPT,wide,5080fdbc
guitar,E321,ACCEPT,wide,5080fdbc
guitar,E322,ACCEPT,default,5080fdbc
guitar,E323,ACCEPT,wide,5080fdbc
guitar,E324,ACCEPT,default,5080fdbc
guitar,E325,ACCEPT,wide,5080fdbc
guitar,E326,ACCEPT,wide,5080fdbc
guitar,E327,ACCEPT,wide,5080fdbc
guitar,E328,ACCEPT,wide,5080fdbc
guitar,E329,ACCEPT,wide,5080fdbc
guitar,E33,ACCEPT,wide,5080fdbc
guitar,E330,ACCEPT,wide,5080fdbc
guitar,E331,ACCEPT,default,5080fdbc
guitar,E332,ACCEPT,wide,5080fdbc
guitar,E333,ACCEPT,wide,5080fdbc
guitar,E334,ACCEPT,wide,5080fdbc
guitar,E335,ACCEPT,wide,5080fdbc
guitar,E336,ACCEPT,wide,5080fdbc
guitar,E337,ACCEPT,wide,5080fdbc
guitar,E338,ACCEPT,wide,5080fdbc
guitar,E339,ACCEPT,wide,5080fdbc
guitar,E34,ACCEPT,wide,5080fdbc
guitar,E340,ACCEPT,wide,5080fdbc
guitar,E341,ACCEPT,wide,5080fdbc
guitar,E342,ACCEPT,wide,5080fdbc
guitar,E343,ACCEPT,wide,5080fdbc
guitar,E344,ACCEPT,wide,5080fdbc
guitar,E345,ACCEPT,wide,5080fdbc
guitar,E346,ACCEPT,wide,5080fdbc
guitar,E347,ACCEPT,wide,5080fdbc
guitar,E348,ACCEPT,wide,5080fdbc
guitar,E349,ACCEPT,wide,5080fdbc
guitar,E35,ACCEPT,wide,5080fdbc
guitar,E350,ACCEPT,wide,5080fdbc
guitar,E351,ACCEPT,wide,5080fdbc
guitar,E352,ACCEPT,wide,5080fdbc
guitar,E353,ACCEPT,default,5080fdbc
guitar,E354,ACCEPT,wide,5080fdbc
guitar,E355,ACCEPT,wide,5080fdbc
guitar,E356,ACCEPT,wide,5080fdbc
guitar,E357,ACCEPT,wide,5080fdbc
guitar,E358,ACCEPT,wide,5080fdbc
guitar,E359,ACCEPT,wide,5080fdbc
guitar,E36,ACCEPT,wide,5080fdbc
guitar,E360,ACCEPT,wide,5080fdbc
guitar,E361,ACCEPT,wide,5080fdbc
guitar,E362,ACCEPT,wide,5080fdbc
guitar,E363,ACCEPT,wide,5080fdbc
guitar,E364,ACCEPT,wide,5080fdbc
guitar,E365,ACCEPT,wide,5080fdbc
guitar,E366,ACCEPT,wide,5080fdbc
guitar,E367,ACCEPT,wide,5080fdbc
guitar,E368,ACCEPT,wide,5080fdbc
guitar,E369,ACCEPT,wide,5080fdbc
guitar,E37,ACCEPT,wide,5080fdbc
guitar,E370,ACCEPT,wide,5080fdbc
guitar,E371,ACCEPT,wide,5080fdbc
guitar,E372,ACCEPT,wide,5080fdbc
guitar,E373,ACCEPT,wide,5080fdbc
guitar,E374,ACCEPT,wide,5080fdbc
guitar,E375,ACCEPT,wide,5080fdbc
guitar,E376,ACCEPT,wide,5080fdbc
guitar,E377,ACCEPT,wide,5080fdbc
guitar,E378,ACCEPT,wide,5080fdbc
guitar,E379,ACCEPT,wide,5080fdbc
guitar,E38,ACCEPT,wide,5080fdbc
guitar,E380,ACCEPT,wide,5080fdbc
guitar,E381,ACCEPT,wide,5080fdbc
guitar,E382,ACCEPT,wide,5080fdbc
guitar,E383,ACCEPT,wide,5080fdbc
guitar,E384,ACCEPT,wide,5080fdbc
guitar,E385,ACCEPT,wide,5080fdbc
guitar,E386,ACCEPT,wide,5080fdbc
guitar,E387,ACCEPT,wide,5080fdbc
guitar,E388,ACCEPT,wide,5080fdbc
guitar,E389,ACCEPT,default,5080fdbc
guitar,E39,ACCEPT,wide,5080fdbc
guitar,E390,ACCEPT,wide,5080fdbc
guitar,E391,ACCEPT,default,5080fdbc
guitar,E392,ACCEPT,wide,5080fdbc
guitar,E393,ACCEPT,wide,5080fdbc
guitar,E394,ACCEPT,wide,5080fdbc
guitar,E395,ACCEPT,wide,5080fdbc
guitar,E396,ACCEPT,wide,5080fdbc
guitar,E397,ACCEPT,wide,5080fdbc
guitar,E398,ACCEPT,default,5080fdbc
guitar,E399,ACCEPT,wide,5080fdbc
guitar,E4,ACCEPT,wide,5080fdbc
guitar,E40,ACCEPT,default,5080fdbc
guitar,E400,ACCEPT,wide,5080fdbc
guitar,E401,ACCEPT,wide,5080fdbc
guitar,E402,ACCEPT,wide,5080fdbc
guitar,E403,ACCEPT,wide,5080fdbc
guitar,E404,ACCEPT,wide,5080fdbc
guitar,E405,ACCEPT,wide,5080fdbc
guitar,E406,ACCEPT,wide,5080fdbc
guitar,E407,ACCEPT,wide,5080fdbc
guitar,E408,ACCEPT,wide,5080fdbc
guitar,E409,ACCEPT,wide,5080fdbc
guitar,E41,ACCEPT,wide,5080fdbc
guitar,E410,ACCEPT,wide,5080fdbc
guitar,E411,ACCEPT,wide,5080fdbc
guitar,E412,ACCEPT,wide,5080fdbc
guitar,E413,ACCEPT,wide,5080fdbc
guitar,E414,ACCEPT,wide,5080fdbc
guitar,E415,ACCEPT,wide,5080fdbc
guitar,E416,ACCEPT,wide,5080fdbc
guitar,E417,ACCEPT,wide,5080fdbc
guitar,E418,ACCEPT,default,5080fdbc
guitar,E419,ACCEPT,wide,5080fdbc
guitar,E42,ACCEPT,wide,5080fdbc
guitar,E420,ACCEPT,wide,5080fdbc
guitar,E421,ACCEPT,wide,5080fdbc
guitar,E422,ACCEPT,wide,5080fdbc
guitar,E423,ACCEPT,wide,5080fdbc
guitar,E424,ACCEPT,wide,5080fdbc
guitar,E425,ACCEPT,wide,5080fdbc
guitar,E426,ACCEPT,wide,5080fdbc
guitar,E427,ACCEPT,wide,5080fdbc
guitar,E428,ACCEPT,wide,5080fdbc
guitar,E429,ACCEPT,wide,5080fdbc
guitar,E43,ACCEPT,wide,5080fdbc
guitar,E430,ACCEPT,wide,5080fdbc
guitar,E431,ACCEPT,wide,5080fdbc
guitar,E432,ACCEPT,default,5080fdbc
guitar,E433,ACCEPT,wide,5080fdbc
guitar,E434,ACCEPT,wide,5080fdbc
guitar,E435,ACCEPT,wide,5080fdbc
guitar,E436,ACCEPT,wide,5080fdbc
guitar,E437,ACCEPT,wide,5080fdbc
guitar,E438,ACCEPT,wide,5080fdbc
guitar,E439,ACCEPT,default,5080fdbc
guitar,E44,ACCEPT,wide,5080fdbc
guitar,E440,ACCEPT,wide,5080fdbc
guitar,E441,ACCEPT,wide,5080fdbc
guitar,E442,ACCEPT,default,5080fdbc
guitar,E443,ACCEPT,wide,5080fdbc
guitar,E444,ACCEPT,wide,5080fdbc
guitar,E445,ACCEPT,default,5080fdbc
guitar,E446,ACCEPT,wide,5080fdbc
guitar,E447,ACCEPT,wide,5080fdbc
guitar,E448,ACCEPT,default,5080fdbc
guitar,E449,ACCEPT,default,5080fdbc
guitar,E45,ACCEPT,wide,5080fdbc
guitar,E450,ACCEPT,wide,5080fdbc
guitar,E451,ACCEPT,wide,5080fdbc
guitar,E452,ACCEPT,wide,5080fdbc
guitar,E453,ACCEPT,wide,5080fdbc
guitar,E454,ACCEPT,wide,5080fdbc
guitar,E455,ACCEPT,wide,5080fdbc
guitar,E456,ACCEPT,wide,5080fdbc
guitar,E457,ACCEPT,wide,5080fdbc
guitar,E458,ACCEPT,wide,5080fdbc
guitar,E459,ACCEPT,wide,5080fdbc
guitar,E46,ACCEPT,wide,5080fdbc
guitar,E460,ACCEPT,wide,5080fdbc
guitar,E461,ACCEPT,default,5080fdbc
guitar,E462,ACCEPT,wide,5080fdbc
guitar,E463,ACCEPT,wide,5080fdbc
guitar,E464,ACCEPT,wide,5080fdbc
guitar,E465,ACCEPT,wide,5080fdbc
guitar,E466,ACCEPT,wide,5080fdbc
guitar,E467,ACCEPT,wide,5080fdbc
guitar,E468,ACCEPT,wide,5080fdbc
guitar,E469,ACCEPT,default,5080fdbc
guitar,E47,ACCEPT,wide,5080fdbc
guitar,E470,ACCEPT,wide,5080fdbc
guitar,E471,ACCEPT,default,5080fdbc
guitar,E472,ACCEPT,wide,5080fdbc
guitar,E473,ACCEPT,wide,5080fdbc
guitar,E474,ACCEPT,wide,5080fdbc
guitar,E475,ACCEPT,wide,5080fdbc
guitar,E476,ACCEPT,wide,5080fdbc
guitar,E477,ACCEPT,wide,5080fdbc
guitar,E478,ACCEPT,wide,5080fdbc
guitar,E479,ACCEPT,wide,5080fdbc
guitar,E48,ACCEPT,wide,5080fdbc
guitar,E480,ACCEPT,wide,5080fdbc
guitar,E481,ACCEPT,wide,5080fdbc
guitar,E482,ACCEPT,wide,5080fdbc
guitar,E483,ACCEPT,default,5080fdbc
guitar,E484,ACCEPT,wide,5080fdbc
guitar,E485,ACCEPT,wide,5080fdbc
guitar,E486,ACCEPT,wide,5080fdbc
guitar,E487,ACCEPT,wide,5080fdbc
guitar,E488,ACCEPT,wide,5080fdbc
guitar,E489,ACCEPT,wide,5080fdbc
guitar,E49,ACCEPT,wide,5080fdbc
guitar,E490,ACCEPT,wide,5080fdbc
guitar,E491,ACCEPT,wide,5080fdbc
guitar,E492,ACCEPT,wide,5080fdbc
guitar,E493,ACCEPT,wide,5080fdbc
guitar,E494,ACCEPT,wide,5080fdbc
guitar,E495,ACCEPT,wide,5080fdbc
guitar,E496,ACCEPT,wide,5080fdbc
guitar,E497,ACCEPT,wide,5080fdbc
guitar,E498,ACCEPT,wide,5080fdbc
guitar,E499,ACCEPT,wide,5080fdbc
guitar,E5,ACCEPT,wide,5080fdbc
guitar,E50,ACCEPT,wide,5080fdbc
guitar,E500,ACCEPT,wide,5080fdbc
guitar,E501,ACCEPT,wide,5080fdbc
guitar,E502,ACCEPT,wide,5080fdbc
guitar,E503,ACCEPT,default,5080fdbc
guitar,E504,ACCEPT,wide,5080fdbc
guitar,E505,ACCEPT,wide,5080fdbc
guitar,E506,ACCEPT,wide,5080fdbc
guitar,E507,ACCEPT,wide,5080fdbc
guitar,E508,ACCEPT,wide,5080fdbc
guitar,E509,ACCEPT,wide,5080fdbc
guitar,E51,ACCEPT,wide,5080fdbc
guitar,E510,ACCEPT,wide,5080fdbc
guitar,E511,ACCEPT,wide,5080fdbc
guitar,E512,ACCEPT,wide,5080fdbc
guitar,E513,ACCEPT,default,5080fdbc
guitar,E514,ACCEPT,default,5080fdbc
guitar,E515,ACCEPT,wide,5080fdbc
guitar,E516,ACCEPT,wide,5080fdbc
guitar,E517,ACCEPT,wide,5080fdbc
guitar,E518,ACCEPT,wide,5080fdbc
guitar,E519,ACCEPT,wide,5080fdbc
guitar,E52,ACCEPT,wide,5080fdbc
guitar,E520,ACCEPT,wide,5080fdbc
guitar,E521,ACCEPT,wide,5080fdbc
guitar,E522,ACCEPT,wide,5080fdbc
guitar,E523,ACCEPT,wide,5080fdbc
guitar,E524,ACCEPT,wide,5080fdbc
guitar,E525,ACCEPT,wide,5080fdbc
guitar,E526,ACCEPT,wide,5080fdbc
guitar,E527,ACCEPT,wide,5080fdbc
guitar,E528,ACCEPT,wide,5080fdbc
guitar,E529,ACCEPT,wide,5080fdbc
guitar,E53,ACCEPT,wide,5080fdbc
guitar,E530,ACCEPT,wide,5080fdbc
guitar,E531,ACCEPT,wide,5080fdbc
guitar,E532,ACCEPT,wide,5080fdbc
guitar,E533,ACCEPT,wide,5080fdbc
guitar,E534,ACCEPT,wide,5080fdbc
guitar,E535,ACCEPT,wide,5080fdbc
guitar,E536,ACCEPT,wide,5080fdbc
guitar,E537,ACCEPT,wide,5080fdbc
guitar,E538,ACCEPT,wide,5080fdbc
guitar,E539,ACCEPT,wide,5080fdbc
guitar,E54,ACCEPT,wide,5080fdbc
guitar,E540,ACCEPT,wide,5080fdbc
guitar,E541,ACCEPT,wide,5080fdbc
guitar,E542,ACCEPT,wide,5080fdbc
guitar,E543,ACCEPT,wide,5080fdbc
guitar,E544,ACCEPT,wide,5080fdbc
guitar,E545,ACCEPT,wide,5080fdbc
guitar,E546,ACCEPT,wide,5080fdbc
guitar,E547,ACCEPT,wide,5080fdbc
guitar,E548,ACCEPT,wide,5080fdbc
guitar,E549,ACCEPT,wide,5080fdbc
guitar,E55,ACCEPT,wide,5080fdbc
guitar,E550,ACCEPT,wide,5080fdbc
guitar,E551,ACCEPT,wide,5080fdbc
guitar,E552,ACCEPT,wide,5080fdbc
guitar,E553,ACCEPT,wide,5080fdbc
guitar,E554,ACCEPT,wide,5080fdbc
guitar,E555,ACCEPT,wide,5080fdbc
guitar,E556,ACCEPT,wide,5080fdbc
guitar,E557,ACCEPT,wide,5080fdbc
guitar,E558,ACCEPT,wide,5080fdbc
guitar,E559,ACCEPT,wide,5080fdbc
guitar,E56,ACCEPT,wide,5080fdbc
guitar,E560,ACCEPT,wide,5080fdbc
guitar,E561,ACCEPT,wide,5080fdbc
guitar,E562,ACCEPT,wide,5080fdbc
guitar,E563,ACCEPT,wide,5080fdbc
guitar,E564,ACCEPT,default,5080fdbc
guitar,E565,ACCEPT,default,5080fdbc
guitar,E566,ACCEPT,wide,5080fdbc
guitar,E567,ACCEPT,wide,5080fdbc
guitar,E568,ACCEPT,wide,5080fdbc
guitar,E569,ACCEPT,wide,5080fdbc
guitar,E57,ACCEPT,wide,5080fdbc
guitar,E570,ACCEPT,wide,5080fdbc
guitar,E571,ACCEPT,wide,5080fdbc
guitar,E572,ACCEPT,wide,5080fdbc
guitar,E573,ACCEPT,wide,5080fdbc
guitar,E574,ACCEPT,default,5080fdbc
guitar,E575,ACCEPT,wide,5080fdbc
guitar,E576,ACCEPT_DB_MISMATCH,wide,5080fdbc
guitar,E577,ACCEPT,wide,5080fdbc
guitar,E578,ACCEPT,wide,5080fdbc
guitar,E579,ACCEPT,wide,5080fdbc
guitar,E58,ACCEPT,wide,5080fdbc
guitar,E580,ACCEPT,wide,5080fdbc
guitar,E581,ACCEPT,wide,5080fdbc
guitar,E582,ACCEPT,default,5080fdbc
guitar,E583,ACCEPT,wide,5080fdbc
guitar,E584,ACCEPT,wide,5080fdbc
guitar,E585,ACCEPT,wide,5080fdbc
guitar,E586,ACCEPT,wide,5080fdbc
guitar,E587,ACCEPT,wide,5080fdbc
guitar,E588,ACCEPT,wide,5080fdbc
guitar,E589,ACCEPT,wide,5080fdbc
guitar,E59,ACCEPT,wide,5080fdbc
guitar,E590,ACCEPT,wide,5080fdbc
guitar,E591,ACCEPT,wide,5080fdbc
guitar,E592,ACCEPT,default,5080fdbc
guitar,E593,ACCEPT,wide,5080fdbc
guitar,E594,ACCEPT,wide,5080fdbc
guitar,E595,ACCEPT,wide,5080fdbc
guitar,E596,ACCEPT,wide,5080fdbc
guitar,E597,ACCEPT,wide,5080fdbc
guitar,E598,ACCEPT,default,5080fdbc
guitar,E599,ACCEPT,wide,5080fdbc
guitar,E6,ACCEPT,wide,5080fdbc
guitar,E60,ACCEPT,wide,5080fdbc
guitar,E600,ACCEPT,wide,5080fdbc
guitar,E601,ACCEPT,wide,5080fdbc
guitar,E602,ACCEPT,wide,5080fdbc
guitar,E603,ACCEPT,wide,5080fdbc
guitar,E604,ACCEPT,default,5080fdbc
guitar,E605,ACCEPT,default,5080fdbc
guitar,E606,ACCEPT,wide,5080fdbc
guitar,E607,ACCEPT,wide,5080fdbc
guitar,E608,ACCEPT,wide,5080fdbc
guitar,E609,ACCEPT,wide,5080fdbc
guitar,E61,ACCEPT,wide,5080fdbc
guitar,E610,ACCEPT,wide,5080fdbc
guitar,E611,ACCEPT,wide,5080fdbc
guitar,E612,ACCEPT,wide,5080fdbc
guitar,E613,ACCEPT,wide,5080fdbc
guitar,E614,ACCEPT,wide,5080fdbc
guitar,E615,ACCEPT,wide,5080fdbc
guitar,E616,ACCEPT,default,5080fdbc
guitar,E617,ACCEPT,wide,5080fdbc
guitar,E618,ACCEPT,default,5080fdbc
guitar,E619,ACCEPT,wide,5080fdbc
guitar,E62,ACCEPT,wide,5080fdbc
guitar,E620,ACCEPT,wide,5080fdbc
guitar,E621,ACCEPT_DB_MISMATCH,wide,5080fdbc
guitar,E622,ACCEPT,wide,5080fdbc
guitar,E623,ACCEPT,wide,5080fdbc
guitar,E624,ACCEPT,wide,5080fdbc
guitar,E625,ACCEPT,wide,5080fdbc
guitar,E626,ACCEPT,wide,5080fdbc
guitar,E627,ACCEPT,wide,5080fdbc
guitar,E628,ACCEPT,wide,5080fdbc
guitar,E629,ACCEPT,wide,5080fdbc
guitar,E63,ACCEPT,wide,5080fdbc
guitar,E630,ACCEPT,default,5080fdbc
guitar,E631,ACCEPT,wide,5080fdbc
guitar,E632,ACCEPT,wide,5080fdbc
guitar,E633,ACCEPT,default,5080fdbc
guitar,E634,ACCEPT,default,5080fdbc
guitar,E635,ACCEPT,default,5080fdbc
guitar,E636,ACCEPT,wide,5080fdbc
guitar,E637,ACCEPT,wide,5080fdbc
guitar,E638,ACCEPT,wide,5080fdbc
guitar,E639,ACCEPT,wide,5080fdbc
guitar,E64,ACCEPT,wide,5080fdbc
guitar,E640,ACCEPT,default,5080fdbc
guitar,E641,ACCEPT,wide,5080fdbc
guitar,E642,ACCEPT,default,5080fdbc
guitar,E643,ACCEPT,wide,5080fdbc
guitar,E644,ACCEPT,wide,5080fdbc
guitar,E645,ACCEPT,default,5080fdbc
guitar,E646,ACCEPT,wide,5080fdbc
guitar,E647,ACCEPT,wide,5080fdbc
guitar,E648,ACCEPT,wide,5080fdbc
guitar,E649,ACCEPT,wide,5080fdbc
guitar,E65,ACCEPT,wide,5080fdbc
guitar,E650,ACCEPT,wide,5080fdbc
guitar,E651,ACCEPT,wide,5080fdbc
guitar,E652,ACCEPT,default,5080fdbc
guitar,E653,ACCEPT,wide,5080fdbc
guitar,E654,ACCEPT,wide,5080fdbc
guitar,E655,ACCEPT,wide,5080fdbc
guitar,E656,ACCEPT,wide,5080fdbc
guitar,E657,ACCEPT,wide,5080fdbc
guitar,E658,ACCEPT,wide,5080fdbc
guitar,E659,ACCEPT,wide,5080fdbc
guitar,E66,ACCEPT,wide,5080fdbc
guitar,E660,ACCEPT,wide,5080fdbc
guitar,E661,ACCEPT,wide,5080fdbc
guitar,E662,ACCEPT,wide,5080fdbc
guitar,E663,ACCEPT,wide,5080fdbc
guitar,E664,ACCEPT,wide,5080fdbc
guitar,E665,ACCEPT,wide,5080fdbc
guitar,E666,ACCEPT,wide,5080fdbc
guitar,E667,ACCEPT,wide,5080fdbc
guitar,E668,ACCEPT,wide,5080fdbc
guitar,E669,ACCEPT,wide,5080fdbc
guitar,E67,ACCEPT,wide,5080fdbc
guitar,E670,ACCEPT,wide,5080fdbc
guitar,E671,ACCEPT,wide,5080fdbc
guitar,E672,ACCEPT,wide,5080fdbc
guitar,E673,ACCEPT,wide,5080fdbc
guitar,E674,ACCEPT,wide,5080fdbc
guitar,E675,ACCEPT,wide,5080fdbc
guitar,E676,ACCEPT,wide,5080fdbc
guitar,E677,ACCEPT,wide,5080fdbc
guitar,E678,ACCEPT,wide,5080fdbc
guitar,E679,ACCEPT,default,5080fdbc
guitar,E68,ACCEPT,wide,5080fdbc
guitar,E680,ACCEPT,default,5080fdbc
guitar,E681,ACCEPT,wide,5080fdbc
guitar,E682,ACCEPT,wide,5080fdbc
guitar,E683,ACCEPT,wide,5080fdbc
guitar,E684,ACCEPT,default,5080fdbc
guitar,E685,ACCEPT,wide,5080fdbc
guitar,E686,ACCEPT,default,5080fdbc
guitar,E687,ACCEPT,wide,5080fdbc
guitar,E688,ACCEPT,default,5080fdbc
guitar,E689,ACCEPT,default,5080fdbc
guitar,E69,ACCEPT,wide,5080fdbc
guitar,E690,ACCEPT,wide,5080fdbc
guitar,E691,ACCEPT,wide,5080fdbc
guitar,E692,ACCEPT,wide,5080fdbc
guitar,E693,ACCEPT,wide,5080fdbc
guitar,E694,ACCEPT,wide,5080fdbc
guitar,E695,ACCEPT,wide,5080fdbc
guitar,E696,ACCEPT,wide,5080fdbc
guitar,E697,ACCEPT,default,5080fdbc
guitar,E698,ACCEPT,wide,5080fdbc
guitar,E699,ACCEPT,wide,5080fdbc
guitar,E7,ACCEPT,wide,5080fdbc
guitar,E70,ACCEPT,wide,5080fdbc
guitar,E700,ACCEPT,wide,5080fdbc
guitar,E701,ACCEPT,wide,5080fdbc
guitar,E702,ACCEPT,wide,5080fdbc
guitar,E703,ACCEPT,wide,5080fdbc
guitar,E704,ACCEPT,default,5080fdbc
guitar,E705,ACCEPT,wide,5080fdbc
guitar,E706,ACCEPT,wide,5080fdbc
guitar,E707,ACCEPT,default,5080fdbc
guitar,E708,ACCEPT,wide,5080fdbc
guitar,E709,ACCEPT,default,5080fdbc
guitar,E71,ACCEPT,wide,5080fdbc
guitar,E710,ACCEPT,wide,5080fdbc
guitar,E711,ACCEPT,wide,5080fdbc
guitar,E712,ACCEPT,wide,5080fdbc
guitar,E713,ACCEPT,wide,5080fdbc
guitar,E714,ACCEPT,wide,5080fdbc
guitar,E715,ACCEPT,default,5080fdbc
guitar,E716,ACCEPT,default,5080fdbc
guitar,E717,ACCEPT,wide,5080fdbc
guitar,E718,ACCEPT,wide,5080fdbc
guitar,E719,ACCEPT,wide,5080fdbc
guitar,E72,ACCEPT,wide,5080fdbc
guitar,E720,ACCEPT,wide,5080fdbc
guitar,E721,ACCEPT,wide,5080fdbc
guitar,E722,ACCEPT,default,5080fdbc
guitar,E723,ACCEPT,wide,5080fdbc
guitar,E724,ACCEPT,wide,5080fdbc
guitar,E725,ACCEPT,wide,5080fdbc
guitar,E726,ACCEPT,wide,5080fdbc
guitar,E727,ACCEPT,wide,5080fdbc
guitar,E728,ACCEPT,default,5080fdbc
guitar,E729,ACCEPT,wide,5080fdbc
guitar,E73,ACCEPT,wide,5080fdbc
guitar,E730,ACCEPT,default,5080fdbc
guitar,E731,ACCEPT,wide,5080fdbc
guitar,E732,ACCEPT,wide,5080fdbc
guitar,E733,ACCEPT,wide,5080fdbc
guitar,E734,ACCEPT,wide,5080fdbc
guitar,E735,ACCEPT,wide,5080fdbc
guitar,E736,ACCEPT,wide,5080fdbc
guitar,E737,ACCEPT,wide,5080fdbc
guitar,E738,ACCEPT,wide,5080fdbc
guitar,E739,ACCEPT,wide,5080fdbc
guitar,E74,ACCEPT,wide,5080fdbc
guitar,E740,ACCEPT,wide,5080fdbc
guitar,E741,ACCEPT,wide,5080fdbc
guitar,E742,ACCEPT,wide,5080fdbc
guitar,E743,ACCEPT,wide,5080fdbc
guitar,E744,ACCEPT,wide,5080fdbc
guitar,E745,ACCEPT,wide,5080fdbc
guitar,E746,ACCEPT,wide,5080fdbc
guitar,E747,ACCEPT,wide,5080fdbc
guitar,E748,ACCEPT,wide,5080fdbc
guitar,E749,ACCEPT,wide,5080fdbc
guitar,E75,ACCEPT,wide,5080fdbc
guitar,E750,ACCEPT,wide,5080fdbc
guitar,E751,ACCEPT,wide,5080fdbc
guitar,E752,ACCEPT,wide,5080fdbc
guitar,E753,ACCEPT,wide,5080fdbc
guitar,E754,ACCEPT,wide,5080fdbc
guitar,E755,ACCEPT,wide,5080fdbc
guitar,E756,ACCEPT,wide,5080fdbc
guitar,E757,ACCEPT,wide,5080fdbc
guitar,E758,ACCEPT,default,5080fdbc
guitar,E759,ACCEPT,wide,5080fdbc
guitar,E76,ACCEPT,wide,5080fdbc
guitar,E760,ACCEPT,wide,5080fdbc
guitar,E761,ACCEPT,wide,5080fdbc
guitar,E762,ACCEPT,wide,5080fdbc
guitar,E763,ACCEPT,wide,5080fdbc
guitar,E764,ACCEPT,wide,5080fdbc
guitar,E765,ACCEPT,wide,5080fdbc
guitar,E766,ACCEPT,wide,5080fdbc
guitar,E767,ACCEPT,wide,5080fdbc
guitar,E768,ACCEPT,wide,5080fdbc
guitar,E769,ACCEPT,wide,5080fdbc
guitar,E77,ACCEPT,wide,5080fdbc
guitar,E770,ACCEPT,wide,5080fdbc
guitar,E771,ACCEPT,wide,5080fdbc
guitar,E772,ACCEPT,wide,5080fdbc
guitar,E773,ACCEPT,wide,5080fdbc
guitar,E774,ACCEPT,wide,5080fdbc
guitar,E775,ACCEPT,wide,5080fdbc
guitar,E776,ACCEPT,wide,5080fdbc
guitar,E777,ACCEPT,wide,5080fdbc
guitar,E778,ACCEPT,wide,5080fdbc
guitar,E779,ACCEPT,wide,5080fdbc
guitar,E78,ACCEPT,wide,5080fdbc
guitar,E780,ACCEPT,wide,5080fdbc
guitar,E781,ACCEPT,wide,5080fdbc
guitar,E782,ACCEPT,wide,5080fdbc
guitar,E783,ACCEPT,wide,5080fdbc
guitar,E784,ACCEPT,wide,5080fdbc
guitar,E785,ACCEPT,wide,5080fdbc
guitar,E786,ACCEPT,wide,5080fdbc
guitar,E787,ACCEPT,wide,5080fdbc
guitar,E788,ACCEPT,wide,5080fdbc
guitar,E789,ACCEPT,wide,5080fdbc
guitar,E79,ACCEPT,wide,5080fdbc
guitar,E790,ACCEPT,default,5080fdbc
guitar,E791,ACCEPT,wide,5080fdbc
guitar,E792,ACCEPT,wide,5080fdbc
guitar,E793,ACCEPT,wide,5080fdbc
guitar,E794,ACCEPT,default,5080fdbc
guitar,E795,ACCEPT,wide,5080fdbc
guitar,E796,ACCEPT,wide,5080fdbc
guitar,E797,ACCEPT,wide,5080fdbc
guitar,E798,ACCEPT,wide,5080fdbc
guitar,E799,ACCEPT,wide,5080fdbc
guitar,E8,ACCEPT,wide,5080fdbc
guitar,E80,ACCEPT,wide,5080fdbc
guitar,E800,ACCEPT,wide,5080fdbc
guitar,E801,ACCEPT,wide,5080fdbc
guitar,E802,ACCEPT,wide,5080fdbc
guitar,E803,ACCEPT,wide,5080fdbc
guitar,E804,ACCEPT,wide,5080fdbc
guitar,E805,ACCEPT,wide,5080fdbc
guitar,E806,ACCEPT,wide,5080fdbc
guitar,E807,ACCEPT,wide,5080fdbc
guitar,E808,ACCEPT,wide,5080fdbc
guitar,E809,ACCEPT,wide,5080fdbc
guitar,E81,ACCEPT,wide,5080fdbc
guitar,E810,ACCEPT,wide,5080fdbc
guitar,E811,ACCEPT,wide,5080fdbc
guitar,E812,ACCEPT,wide,5080fdbc
guitar,E813,ACCEPT,wide,5080fdbc
guitar,E814,ACCEPT,wide,5080fdbc
guitar,E815,ACCEPT,wide,5080fdbc
guitar,E816,ACCEPT,wide,5080fdbc
guitar,E817,ACCEPT,wide,5080fdbc
guitar,E818,ACCEPT,wide,5080fdbc
guitar,E819,ACCEPT,wide,5080fdbc
guitar,E82,ACCEPT,default,5080fdbc
guitar,E820,ACCEPT,wide,5080fdbc
guitar,E821,ACCEPT,wide,5080fdbc
guitar,E822,ACCEPT,default,5080fdbc
guitar,E823,ACCEPT,wide,5080fdbc
guitar,E824,ACCEPT,wide,5080fdbc
guitar,E825,ACCEPT,wide,5080fdbc
guitar,E826,ACCEPT,wide,5080fdbc
guitar,E827,ACCEPT,wide,5080fdbc
guitar,E828,ACCEPT,default,5080fdbc
guitar,E829,ACCEPT,wide,5080fdbc
guitar,E83,ACCEPT,wide,5080fdbc
guitar,E830,ACCEPT,wide,5080fdbc
guitar,E831,ACCEPT,wide,5080fdbc
guitar,E832,ACCEPT,wide,5080fdbc
guitar,E833,ACCEPT,wide,5080fdbc
guitar,E834,ACCEPT,wide,5080fdbc
guitar,E835,ACCEPT,wide,5080fdbc
guitar,E836,ACCEPT,wide,5080fdbc
guitar,E837,ACCEPT,wide,5080fdbc
guitar,E838,ACCEPT,wide,5080fdbc
guitar,E839,ACCEPT,wide,5080fdbc
guitar,E84,ACCEPT,wide,5080fdbc
guitar,E840,ACCEPT,wide,5080fdbc
guitar,E841,ACCEPT,wide,5080fdbc
guitar,E842,ACCEPT,wide,5080fdbc
guitar,E843,ACCEPT,wide,5080fdbc
guitar,E844,ACCEPT,wide,5080fdbc
guitar,E845,ACCEPT,default,5080fdbc
guitar,E846,ACCEPT,default,5080fdbc
guitar,E847,ACCEPT,wide,5080fdbc
guitar,E848,ACCEPT,wide,5080fdbc
guitar,E849,ACCEPT,wide,5080fdbc
guitar,E85,ACCEPT,default,5080fdbc
guitar,E850,ACCEPT,wide,5080fdbc
guitar,E851,ACCEPT,wide,5080fdbc
guitar,E852,ACCEPT,wide,5080fdbc
guitar,E853,ACCEPT,wide,5080fdbc
guitar,E854,ACCEPT,wide,5080fdbc
guitar,E855,ACCEPT,wide,5080fdbc
guitar,E856,ACCEPT,wide,5080fdbc
guitar,E857,ACCEPT,wide,5080fdbc
guitar,E858,ACCEPT,default,5080fdbc
guitar,E859,ACCEPT,wide,5080fdbc
guitar,E86,ACCEPT,wide,5080fdbc
guitar,E860,ACCEPT,wide,5080fdbc
guitar,E861,ACCEPT,wide,5080fdbc
guitar,E862,ACCEPT,wide,5080fdbc
guitar,E863,ACCEPT,wide,5080fdbc
guitar,E864,ACCEPT,wide,5080fdbc
guitar,E865,ACCEPT,wide,5080fdbc
guitar,E866,ACCEPT,wide,5080fdbc
guitar,E867,ACCEPT,wide,5080fdbc
guitar,E868,ACCEPT,wide,5080fdbc
guitar,E869,ACCEPT,wide,5080fdbc
guitar,E87,ACCEPT,wide,5080fdbc
guitar,E870,ACCEPT,wide,5080fdbc
guitar,E871,ACCEPT,default,5080fdbc
guitar,E872,ACCEPT,wide,5080fdbc
guitar,E873,ACCEPT,wide,5080fdbc
guitar,E874,ACCEPT,wide,5080fdbc
guitar,E875,ACCEPT,wide,5080fdbc
guitar,E876,ACCEPT,wide,5080fdbc
guitar,E877,ACCEPT,wide,5080fdbc
guitar,E878,ACCEPT,wide,5080fdbc
guitar,E879,ACCEPT,wide,5080fdbc
guitar,E88,ACCEPT,wide,5080fdbc
guitar,E880,ACCEPT,wide,5080fdbc
guitar,E881,ACCEPT,default,5080fdbc
guitar,E882,ACCEPT,default,5080fdbc
guitar,E883,ACCEPT,wide,5080fdbc
guitar,E884,ACCEPT,wide,5080fdbc
guitar,E885,ACCEPT,wide,5080fdbc
guitar,E886,ACCEPT,wide,5080fdbc
guitar,E887,ACCEPT,wide,5080fdbc
guitar,E888,ACCEPT,default,5080fdbc
guitar,E889,ACCEPT,wide,5080fdbc
guitar,E89,ACCEPT,wide,5080fdbc
guitar,E890,ACCEPT,wide,5080fdbc
guitar,E891,ACCEPT,default,5080fdbc
guitar,E892,ACCEPT,wide,5080fdbc
guitar,E893,ACCEPT,wide,5080fdbc
guitar,E894,ACCEPT,wide,5080fdbc
guitar,E895,ACCEPT,default,5080fdbc
guitar,E896,ACCEPT,wide,5080fdbc
guitar,E897,ACCEPT,wide,5080fdbc
guitar,E898,ACCEPT,wide,5080fdbc
guitar,E899,ACCEPT,wide,5080fdbc
guitar,E9,ACCEPT,wide,5080fdbc
guitar,E90,ACCEPT,wide,5080fdbc
guitar,E900,ACCEPT,wide,5080fdbc
guitar,E901,ACCEPT,wide,5080fdbc
guitar,E902,ACCEPT,wide,5080fdbc
guitar,E903,ACCEPT,wide,5080fdbc
guitar,E904,ACCEPT,wide,5080fdbc
guitar,E905,ACCEPT,wide,5080fdbc
guitar,E906,ACCEPT,default,5080fdbc
guitar,E907,ACCEPT,wide,5080fdbc
guitar,E908,ACCEPT,wide,5080fdbc
guitar,E909,ACCEPT,wide,5080fdbc
guitar,E91,ACCEPT,wide,5080fdbc
guitar,E910,ACCEPT,wide,5080fdbc
guitar,E911,ACCEPT,wide,5080fdbc
guitar,E912,ACCEPT,wide,5080fdbc
guitar,E913,ACCEPT,wide,5080fdbc
guitar,E914,ACCEPT,wide,5080fdbc
guitar,E915,ACCEPT,wide,5080fdbc
guitar,E916,ACCEPT,wide,5080fdbc
guitar,E917,ACCEPT,wide,5080fdbc
guitar,E918,ACCEPT,default,5080fdbc
guitar,E919,ACCEPT,wide,5080fdbc
guitar,E92,ACCEPT,default,5080fdbc
guitar,E920,ACCEPT,wide,5080fdbc
guitar,E921,ACCEPT,default,5080fdbc
guitar,E922,ACCEPT,wide,5080fdbc
guitar,E923,ACCEPT,wide,5080fdbc
guitar,E924,ACCEPT,wide,5080fdbc
guitar,E925,ACCEPT,wide,5080fdbc
guitar,E926,ACCEPT,wide,5080fdbc
guitar,E927,ACCEPT,wide,5080fdbc
guitar,E928,ACCEPT,wide,5080fdbc
guitar,E929,ACCEPT,wide,5080fdbc
guitar,E93,ACCEPT,wide,5080fdbc
guitar,E930,ACCEPT,wide,5080fdbc
guitar,E931,ACCEPT,wide,5080fdbc
guitar,E932,ACCEPT,wide,5080fdbc
guitar,E933,ACCEPT,default,5080fdbc
guitar,E934,ACCEPT,default,5080fdbc
guitar,E935,ACCEPT,wide,5080fdbc
guitar,E936,ACCEPT,wide,5080fdbc
guitar,E937,ACCEPT,wide,5080fdbc
guitar,E938,ACCEPT,wide,5080fdbc
guitar,E939,ACCEPT,wide,5080fdbc
guitar,E94,ACCEPT,wide,5080fdbc
guitar,E940,ACCEPT,wide,5080fdbc
guitar,E941,ACCEPT,wide,5080fdbc
guitar,E942,ACCEPT,wide,5080fdbc
guitar,E943,ACCEPT,wide,5080fdbc
guitar,E944,ACCEPT,wide,5080fdbc
guitar,E945,ACCEPT,wide,5080fdbc
guitar,E946,ACCEPT,wide,5080fdbc
guitar,E947,ACCEPT,wide,5080fdbc
guitar,E948,ACCEPT,wide,5080fdbc
guitar,E949,ACCEPT,default,5080fdbc
guitar,E95,ACCEPT,wide,5080fdbc
guitar,E950,ACCEPT,wide,5080fdbc
guitar,E951,ACCEPT,wide,5080fdbc
guitar,E952,ACCEPT,default,5080fdbc
guitar,E953,ACCEPT,default,5080fdbc
guitar,E954,ACCEPT,wide,5080fdbc
guitar,E955,ACCEPT,wide,5080fdbc
guitar,E956,ACCEPT,default,5080fdbc
guitar,E957,ACCEPT,wide,5080fdbc
guitar,E958,ACCEPT,default,5080fdbc
guitar,E959,ACCEPT,wide,5080fdbc
guitar,E96,ACCEPT,default,5080fdbc
guitar,E960,ACCEPT,wide,5080fdbc
guitar,E961,ACCEPT,wide,5080fdbc
guitar,E962,ACCEPT,wide,5080fdbc
guitar,E963,ACCEPT,wide,5080fdbc
guitar,E964,ACCEPT,wide,5080fdbc
guitar,E965,ACCEPT,wide,5080fdbc
guitar,E966,ACCEPT,wide,5080fdbc
guitar,E967,ACCEPT,wide,5080fdbc
guitar,E968,ACCEPT,wide,5080fdbc
guitar,E969,ACCEPT,wide,5080fdbc
guitar,E97,ACCEPT,wide,5080fdbc
guitar,E970,ACCEPT,wide,5080fdbc
guitar,E971,ACCEPT,wide,5080fdbc
guitar,E972,ACCEPT,wide,5080fdbc
guitar,E973,ACCEPT,wide,5080fdbc
guitar,E974,ACCEPT,wide,5080fdbc
guitar,E975,ACCEPT,wide,5080fdbc
guitar,E976,ACCEPT,wide,5080fdbc
guitar,E977,ACCEPT,wide,5080fdbc
guitar,E978,ACCEPT,wide,5080fdbc
guitar,E979,ACCEPT,wide,5080fdbc
guitar,E98,ACCEPT,wide,5080fdbc
guitar,E980,ACCEPT,wide,5080fdbc
guitar,E981,ACCEPT,wide,5080fdbc
guitar,E982,ACCEPT,default,5080fdbc
guitar,E983,ACCEPT,wide,5080fdbc
guitar,E984,ACCEPT,wide,5080fdbc
guitar,E985,ACCEPT,wide,5080fdbc
guitar,E986,ACCEPT,wide,5080fdbc
guitar,E987,ACCEPT,default,5080fdbc
guitar,E988,ACCEPT,wide,5080fdbc
guitar,E989,ACCEPT,wide,5080fdbc
guitar,E99,ACCEPT,wide,5080fdbc
guitar,E990,ACCEPT,wide,5080fdbc
guitar,E991,ACCEPT,wide,5080fdbc
guitar,E992,ACCEPT,wide,5080fdbc
guitar,E993,ACCEPT,default,5080fdbc
guitar,E994,ACCEPT,default,5080fdbc
guitar,E995,ACCEPT,wide,5080fdbc
guitar,E996,ACCEPT,wide,5080fdbc
guitar,E997,ACCEPT,wide,5080fdbc
guitar,E998,ACCEPT,wide,5080fdbc
guitar,E999,ACCEPT,default,5080fdbc
guitar,NS1,ACCEPT,wide,5080fdbc
guitar,NS10,ACCEPT,default,5080fdbc
guitar,NS100,ACCEPT,wide,5080fdbc
guitar,NS1000,ACCEPT,wide,5080fdbc
guitar,NS10001,ACCEPT,default,5080fdbc
guitar,NS10002,ACCEPT,wide,5080fdbc
guitar,NS10003,ACCEPT,wide,5080fdbc
guitar,NS10004,ACCEPT,wide,5080fdbc
guitar,NS10005,ACCEPT,wide,5080fdbc
guitar,NS10006,ACCEPT,wide,5080fdbc
guitar,NS10007,ACCEPT_DB_MISMATCH,wide,5080fdbc
guitar,NS10008,ACCEPT,default,5080fdbc
guitar,NS10009,ACCEPT,wide,5080fdbc
guitar,NS1001,ACCEPT,wide,5080fdbc
guitar,NS10010,ACCEPT,wide,5080fdbc
guitar,NS10011,ACCEPT,wide,5080fdbc
guitar,NS10012,ACCEPT,wide,5080fdbc
guitar,NS10013,ACCEPT,wide,5080fdbc
guitar,NS10014,ACCEPT,wide,5080fdbc
guitar,NS10015,ACCEPT,wide,5080fdbc
guitar,NS10016,ACCEPT,wide,5080fdbc
guitar,NS10017,ACCEPT,wide,5080fdbc
guitar,NS10018,ACCEPT,wide,5080fdbc
guitar,NS10019,ACCEPT,default,5080fdbc
guitar,NS1002,ACCEPT,wide,5080fdbc
guitar,NS10020,ACCEPT,wide,5080fdbc
guitar,NS10021,ACCEPT,default,5080fdbc
guitar,NS10022,ACCEPT,wide,5080fdbc
guitar,NS10023,ACCEPT,wide,5080fdbc
guitar,NS10024,ACCEPT,wide,5080fdbc
guitar,NS10025,ACCEPT,wide,5080fdbc
guitar,NS10026,ACCEPT,default,5080fdbc
guitar,NS10027,ACCEPT,wide,5080fdbc
guitar,NS10028,ACCEPT,wide,5080fdbc
guitar,NS10029,ACCEPT,default,5080fdbc
guitar,NS1003,ACCEPT,wide,5080fdbc
guitar,NS10030,ACCEPT,wide,5080fdbc
guitar,NS10031,ACCEPT,wide,5080fdbc
guitar,NS10032,ACCEPT,default,5080fdbc
guitar,NS10033,ACCEPT,wide,5080fdbc
guitar,NS10034,ACCEPT,default,5080fdbc
guitar,NS10035,ACCEPT,default,5080fdbc
guitar,NS10036,ACCEPT,wide,5080fdbc
guitar,NS10037,ACCEPT,default,5080fdbc
guitar,NS10038,ACCEPT,default,5080fdbc
guitar,NS10039,ACCEPT,wide,5080fdbc
guitar,NS1004,ACCEPT,wide,5080fdbc
guitar,NS10040,ACCEPT,default,5080fdbc
guitar,NS10041,ACCEPT,wide,5080fdbc
guitar,NS10042,ACCEPT,default,5080fdbc
guitar,NS10043,ACCEPT,wide,5080fdbc
guitar,NS10044,ACCEPT,default,5080fdbc
guitar,NS10045,ACCEPT,wide,5080fdbc
guitar,NS10046,ACCEPT,default,5080fdbc
guitar,NS10047,ACCEPT,wide,5080fdbc
guitar,NS10048,ACCEPT,default,5080fdbc
guitar,NS10049,ACCEPT,wide,5080fdbc
guitar,NS1005,ACCEPT,wide,5080fdbc
guitar,NS10050,ACCEPT,default,5080fdbc
guitar,NS10051,ACCEPT,default,5080fdbc
guitar,NS10052,ACCEPT,default,5080fdbc
guitar,NS10053,ACCEPT,wide,5080fdbc
guitar,NS10054,ACCEPT,wide,5080fdbc
guitar,NS10055,ACCEPT,wide,5080fdbc
guitar,NS10056,ACCEPT,wide,5080fdbc
guitar,NS10057,ACCEPT,default,5080fdbc
guitar,NS10058,ACCEPT_DB_MISMATCH,wide,5080fdbc
guitar,NS10059,ACCEPT,wide,5080fdbc
guitar,NS1006,ACCEPT,wide,5080fdbc
guitar,NS10060,ACCEPT,wide,5080fdbc
guitar,NS10062,ACCEPT,default,5080fdbc
guitar,NS10063,ACCEPT,wide,5080fdbc
guitar,NS10065,ACCEPT,default,5080fdbc
guitar,NS10066,ACCEPT,wide,5080fdbc
guitar,NS10067,ACCEPT,default,5080fdbc
guitar,NS10069,ACCEPT,default,5080fdbc
guitar,NS1007,ACCEPT,wide,5080fdbc
guitar,NS10070,ACCEPT,default,5080fdbc
guitar,NS10071,ACCEPT,default,5080fdbc
guitar,NS10074,ACCEPT,default,5080fdbc
guitar,NS10075,ACCEPT,wide,5080fdbc
guitar,NS10076,ACCEPT,wide,5080fdbc
guitar,NS10077,ACCEPT,wide,5080fdbc
guitar,NS10078,ACCEPT,wide,5080fdbc
guitar,NS10079,ACCEPT,default,5080fdbc
guitar,NS1008,ACCEPT,wide,5080fdbc
guitar,NS10080,ACCEPT,default,5080fdbc
guitar,NS10081,ACCEPT,default,5080fdbc
guitar,NS10082,ACCEPT,default,5080fdbc
guitar,NS10086,ACCEPT,wide,5080fdbc
guitar,NS1009,ACCEPT,wide,5080fdbc
guitar,NS101,ACCEPT,wide,5080fdbc
guitar,NS1010,ACCEPT,wide,5080fdbc
guitar,NS1011,ACCEPT_DB_MISMATCH,wide,5080fdbc
guitar,NS1012,ACCEPT,wide,5080fdbc
guitar,NS1013,ACCEPT,wide,5080fdbc
guitar,NS1014,ACCEPT,wide,5080fdbc
guitar,NS1015,ACCEPT,default,5080fdbc
guitar,NS1016,ACCEPT,default,5080fdbc
guitar,NS1017,ACCEPT,wide,5080fdbc
guitar,NS1018,ACCEPT,wide,5080fdbc
guitar,NS1019,ACCEPT,wide,5080fdbc
guitar,NS102,ACCEPT,default,5080fdbc
guitar,NS1020,ACCEPT,wide,5080fdbc
guitar,NS1021,ACCEPT,wide,5080fdbc
guitar,NS1022,ACCEPT,wide,5080fdbc
guitar,NS1023,ACCEPT,wide,5080fdbc
guitar,NS1024,ACCEPT,wide,5080fdbc
guitar,NS1025,ACCEPT,wide,5080fdbc
guitar,NS1026,ACCEPT,wide,5080fdbc
guitar,NS1027,ACCEPT,wide,5080fdbc
guitar,NS1028,ACCEPT,wide,5080fdbc
guitar,NS1029,ACCEPT,wide,5080fdbc
guitar,NS103,ACCEPT,wide,5080fdbc
guitar,NS1030,ACCEPT,wide,5080fdbc
guitar,NS1032,ACCEPT,wide,5080fdbc
guitar,NS1033,ACCEPT,wide,5080fdbc
guitar,NS1034,ACCEPT,wide,5080fdbc
guitar,NS1035,ACCEPT,wide,5080fdbc
guitar,NS1036,ACCEPT,wide,5080fdbc
guitar,NS1037,ACCEPT_DB_MISMATCH,wide,5080fdbc
guitar,NS1038,ACCEPT,default,5080fdbc
guitar,NS1039,ACCEPT,wide,5080fdbc
guitar,NS104,ACCEPT,default,5080fdbc
guitar,NS1040,ACCEPT,wide,5080fdbc
guitar,NS1041,ACCEPT_DB_MISMATCH,wide,5080fdbc
guitar,NS1042,ACCEPT,wide,5080fdbc
guitar,NS1043,ACCEPT,wide,5080fdbc
guitar,NS1044,ACCEPT,wide,5080fdbc
guitar,NS1045,ACCEPT,wide,5080fdbc
guitar,NS1046,ACCEPT,wide,5080fdbc
guitar,NS1047,ACCEPT,wide,5080fdbc
guitar,NS1048,ACCEPT,wide,5080fdbc
guitar,NS1049,ACCEPT,wide,5080fdbc
guitar,NS105,ACCEPT,default,5080fdbc
guitar,NS1050,ACCEPT,wide,5080fdbc
guitar,NS1051,ACCEPT,wide,5080fdbc
guitar,NS1052,ACCEPT,wide,5080fdbc
guitar,NS1053,ACCEPT,wide,5080fdbc
guitar,NS1054,ACCEPT,wide,5080fdbc
guitar,NS1055,ACCEPT,wide,5080fdbc
guitar,NS1056,ACCEPT,wide,5080fdbc
guitar,NS1057,ACCEPT_DB_MISMATCH,wide,5080fdbc
guitar,NS1058,ACCEPT,default,5080fdbc
guitar,NS1059,ACCEPT,default,5080fdbc
guitar,NS106,ACCEPT,wide,5080fdbc
guitar,NS1060,ACCEPT,wide,5080fdbc
guitar,NS1061,ACCEPT,wide,5080fdbc
guitar,NS1062,ACCEPT,wide,5080fdbc
guitar,NS1063,ACCEPT,wide,5080fdbc
guitar,NS1064,ACCEPT,wide,5080fdbc
guitar,NS1065,ACCEPT,wide,5080fdbc
guitar,NS1066,ACCEPT,wide,5080fdbc
guitar,NS1067,ACCEPT,wide,5080fdbc
guitar,NS1068,ACCEPT,wide,5080fdbc
guitar,NS1069,ACCEPT,wide,5080fdbc
guitar,NS107,ACCEPT,default,5080fdbc
guitar,NS1070,ACCEPT,wide,5080fdbc
guitar,NS1071,ACCEPT,wide,5080fdbc
guitar,NS1072,ACCEPT,wide,5080fdbc
guitar,NS1073,ACCEPT_DB_MISMATCH,wide,5080fdbc
guitar,NS1074,ACCEPT,wide,5080fdbc
guitar,NS1075,ACCEPT,wide,5080fdbc
guitar,NS1076,ACCEPT_DB_MISMATCH,wide,5080fdbc
guitar,NS1077,ACCEPT,wide,5080fdbc
guitar,NS1078,ACCEPT,wide,5080fdbc
guitar,NS1079,ACCEPT,wide,5080fdbc
guitar,NS108,ACCEPT,wide,5080fdbc
guitar,NS1080,ACCEPT,wide,5080fdbc
guitar,NS1081,ACCEPT,wide,5080fdbc
guitar,NS1082,ACCEPT,wide,5080fdbc
guitar,NS1083,ACCEPT,wide,5080fdbc
guitar,NS1084,ACCEPT,wide,5080fdbc
guitar,NS1085,ACCEPT,wide,5080fdbc
guitar,NS1086,ACCEPT,wide,5080fdbc
guitar,NS1087,ACCEPT_DB_MISMATCH,wide,5080fdbc
guitar,NS1088,ACCEPT,wide,5080fdbc
guitar,NS1089,ACCEPT,wide,5080fdbc
guitar,NS109,ACCEPT,default,5080fdbc
guitar,NS1090,ACCEPT,default,5080fdbc
guitar,NS1091,ACCEPT,wide,5080fdbc
guitar,NS1092,ACCEPT,wide,5080fdbc
guitar,NS1093,ACCEPT,wide,5080fdbc
guitar,NS1094,ACCEPT,wide,5080fdbc
guitar,NS1095,ACCEPT,wide,5080fdbc
guitar,NS1096,ACCEPT,wide,5080fdbc
guitar,NS1097,ACCEPT,wide,5080fdbc
guitar,NS1098,ACCEPT,wide,5080fdbc
guitar,NS1099,ACCEPT,wide,5080fdbc
guitar,NS11,ACCEPT_DB_MISMATCH,default,5080fdbc
guitar,NS110,ACCEPT,wide,5080fdbc
guitar,NS1100,ACCEPT,wide,5080fdbc
guitar,NS1101,ACCEPT,wide,5080fdbc
guitar,NS1102,ACCEPT,wide,5080fdbc
guitar,NS1103,ACCEPT,wide,5080fdbc
guitar,NS1104,ACCEPT,wide,5080fdbc
guitar,NS1105,ACCEPT,wide,5080fdbc
guitar,NS1106,ACCEPT,default,5080fdbc
guitar,NS1107,ACCEPT,default,5080fdbc
guitar,NS1108,ACCEPT,wide,5080fdbc
guitar,NS1109,ACCEPT,wide,5080fdbc
guitar,NS111,ACCEPT,wide,5080fdbc
guitar,NS1110,ACCEPT,wide,5080fdbc
guitar,NS1111,ACCEPT,wide,5080fdbc
guitar,NS1112,ACCEPT,wide,5080fdbc
guitar,NS1113,ACCEPT,wide,5080fdbc
guitar,NS1114,ACCEPT,wide,5080fdbc
guitar,NS1115,ACCEPT,default,5080fdbc
guitar,NS1116,ACCEPT,wide,5080fdbc
guitar,NS1117,ACCEPT,wide,5080fdbc
guitar,NS1118,ACCEPT,wide,5080fdbc
guitar,NS1119,ACCEPT,wide,5080fdbc
guitar,NS112,ACCEPT,wide,5080fdbc
guitar,NS1120,ACCEPT,wide,5080fdbc
guitar,NS1121,ACCEPT,wide,5080fdbc
guitar,NS1122,ACCEPT,wide,5080fdbc
guitar,NS1123,ACCEPT,wide,5080fdbc
guitar,NS1124,ACCEPT,wide,5080fdbc
guitar,NS1125,ACCEPT,wide,5080fdbc
guitar,NS1126,ACCEPT,default,5080fdbc
guitar,NS1127,ACCEPT,wide,5080fdbc
guitar,NS1128,ACCEPT,wide,5080fdbc
guitar,NS1129,ACCEPT,wide,5080fdbc
guitar,NS113,ACCEPT,wide,5080fdbc
guitar,NS1130,ACCEPT,wide,5080fdbc
guitar,NS1131,ACCEPT,wide,5080fdbc
guitar,NS1132,ACCEPT,wide,5080fdbc
guitar,NS1133,ACCEPT,wide,5080fdbc
guitar,NS1134,ACCEPT,default,5080fdbc
guitar,NS1135,ACCEPT,wide,5080fdbc
guitar,NS1136,ACCEPT,wide,5080fdbc
guitar,NS1137,ACCEPT_DB_MISMATCH,wide,5080fdbc
guitar,NS1138,ACCEPT,wide,5080fdbc
guitar,NS1139,ACCEPT,wide,5080fdbc
guitar,NS114,ACCEPT,wide,5080fdbc
guitar,NS1140,ACCEPT,wide,5080fdbc
guitar,NS1141,ACCEPT,wide,5080fdbc
guitar,NS1142,ACCEPT,wide,5080fdbc
guitar,NS1143,ACCEPT,wide,5080fdbc
guitar,NS1144,ACCEPT_DB_MISMATCH,wide,5080fdbc
guitar,NS1145,ACCEPT,wide,5080fdbc
guitar,NS1146,ACCEPT,wide,5080fdbc
guitar,NS1147,ACCEPT,wide,5080fdbc
guitar,NS1148,ACCEPT_DB_MISMATCH,wide,5080fdbc
guitar,NS1149,ACCEPT_DB_MISMATCH,wide,5080fdbc
guitar,NS115,ACCEPT,default,5080fdbc
guitar,NS1150,ACCEPT,wide,5080fdbc
guitar,NS1151,ACCEPT,wide,5080fdbc
guitar,NS1152,ACCEPT,wide,5080fdbc
guitar,NS1153,ACCEPT,wide,5080fdbc
guitar,NS1154,ACCEPT,wide,5080fdbc
guitar,NS1155,ACCEPT,wide,5080fdbc
guitar,NS1156,ACCEPT,wide,5080fdbc
guitar,NS1157,ACCEPT,wide,5080fdbc
guitar,NS1158,ACCEPT,wide,5080fdbc
guitar,NS1159,ACCEPT,wide,5080fdbc
guitar,NS116,ACCEPT,wide,5080fdbc
guitar,NS1160,ACCEPT,wide,5080fdbc
guitar,NS1161,ACCEPT,wide,5080fdbc
guitar,NS117,ACCEPT,default,5080fdbc
guitar,NS118,ACCEPT,wide,5080fdbc
guitar,NS119,ACCEPT,default,5080fdbc
guitar,NS12,ACCEPT,wide,5080fdbc
guitar,NS120,ACCEPT,wide,5080fdbc
guitar,NS121,ACCEPT_SOURCE_BAR_SUM,wide,5080fdbc
guitar,NS122,ACCEPT,wide,5080fdbc
guitar,NS123,ACCEPT,default,5080fdbc
guitar,NS124,ACCEPT,wide,5080fdbc
guitar,NS125,ACCEPT,wide,5080fdbc
guitar,NS126,ACCEPT,default,5080fdbc
guitar,NS127,ACCEPT,default,5080fdbc
guitar,NS128,ACCEPT,wide,5080fdbc
guitar,NS129,ACCEPT,wide,5080fdbc
guitar,NS13,ACCEPT,wide,5080fdbc
guitar,NS130,ACCEPT,default,5080fdbc
guitar,NS131,ACCEPT,default,5080fdbc
guitar,NS132,ACCEPT,wide,5080fdbc
guitar,NS133,ACCEPT,default,5080fdbc
guitar,NS134,ACCEPT,default,5080fdbc
guitar,NS135,ACCEPT,wide,5080fdbc
guitar,NS136,ACCEPT,wide,5080fdbc
guitar,NS137,ACCEPT,default,5080fdbc
guitar,NS138,ACCEPT,default,5080fdbc
guitar,NS139,ACCEPT,default,5080fdbc
guitar,NS14,ACCEPT,wide,5080fdbc
guitar,NS140,ACCEPT,wide,5080fdbc
guitar,NS141,ACCEPT,default,5080fdbc
guitar,NS142,ACCEPT,default,5080fdbc
guitar,NS143,ACCEPT,default,5080fdbc
guitar,NS144,ACCEPT_DB_MISMATCH,wide,5080fdbc
guitar,NS145,ACCEPT,default,5080fdbc
guitar,NS146,ACCEPT,wide,5080fdbc
guitar,NS147,ACCEPT,default,5080fdbc
guitar,NS148,ACCEPT,wide,5080fdbc
guitar,NS149,ACCEPT,default,5080fdbc
guitar,NS15,ACCEPT,default,5080fdbc
guitar,NS150,ACCEPT,wide,5080fdbc
guitar,NS151,ACCEPT,wide,5080fdbc
guitar,NS152,ACCEPT,default,5080fdbc
guitar,NS153,ACCEPT,wide,5080fdbc
guitar,NS154,ACCEPT,wide,5080fdbc
guitar,NS155,ACCEPT,default,5080fdbc
guitar,NS156,ACCEPT_DB_MISMATCH,wide,5080fdbc
guitar,NS157,ACCEPT,default,5080fdbc
guitar,NS158,ACCEPT,default,5080fdbc
guitar,NS159,ACCEPT,default,5080fdbc
guitar,NS16,ACCEPT,wide,5080fdbc
guitar,NS160,ACCEPT,wide,5080fdbc
guitar,NS161,ACCEPT,wide,5080fdbc
guitar,NS162,ACCEPT,wide,5080fdbc
guitar,NS163,ACCEPT,wide,5080fdbc
guitar,NS164,ACCEPT,default,5080fdbc
guitar,NS165,ACCEPT,wide,5080fdbc
guitar,NS166,ACCEPT,default,5080fdbc
guitar,NS167,ACCEPT,default,5080fdbc
guitar,NS168,ACCEPT,wide,5080fdbc
guitar,NS169,ACCEPT,wide,5080fdbc
guitar,NS17,ACCEPT,default,5080fdbc
guitar,NS170,ACCEPT,wide,5080fdbc
guitar,NS171,ACCEPT,wide,5080fdbc
guitar,NS172,ACCEPT,wide,5080fdbc
guitar,NS173,ACCEPT,wide,5080fdbc
guitar,NS174,ACCEPT,wide,5080fdbc
guitar,NS175,ACCEPT,default,5080fdbc
guitar,NS176,ACCEPT,wide,5080fdbc
guitar,NS177,ACCEPT,wide,5080fdbc
guitar,NS178,ACCEPT,wide,5080fdbc
guitar,NS179,ACCEPT,wide,5080fdbc
guitar,NS18,ACCEPT,wide,5080fdbc
guitar,NS180,ACCEPT,wide,5080fdbc
guitar,NS181,ACCEPT,default,5080fdbc
guitar,NS182,ACCEPT,wide,5080fdbc
guitar,NS183,ACCEPT,wide,5080fdbc
guitar,NS184,ACCEPT,wide,5080fdbc
guitar,NS185,ACCEPT,wide,5080fdbc
guitar,NS186,ACCEPT,default,5080fdbc
guitar,NS187,ACCEPT,wide,5080fdbc
guitar,NS188,ACCEPT,wide,5080fdbc
guitar,NS189,ACCEPT,wide,5080fdbc
guitar,NS19,ACCEPT,default,5080fdbc
guitar,NS190,ACCEPT,wide,5080fdbc
guitar,NS191,ACCEPT,default,5080fdbc
guitar,NS192,ACCEPT,default,5080fdbc
guitar,NS193,ACCEPT,wide,5080fdbc
guitar,NS194,ACCEPT,wide,5080fdbc
guitar,NS195,ACCEPT,wide,5080fdbc
guitar,NS197,ACCEPT,wide,5080fdbc
guitar,NS198,ACCEPT,wide,5080fdbc
guitar,NS199,ACCEPT,wide,5080fdbc
guitar,NS2,ACCEPT,default,5080fdbc
guitar,NS20,ACCEPT,wide,5080fdbc
guitar,NS200,ACCEPT,wide,5080fdbc
guitar,NS201,ACCEPT,wide,5080fdbc
guitar,NS202,ACCEPT_SOURCE_BAR_SUM,wide,5080fdbc
guitar,NS203,ACCEPT,default,5080fdbc
guitar,NS204,ACCEPT,wide,5080fdbc
guitar,NS205,ACCEPT,wide,5080fdbc
guitar,NS206,ACCEPT,wide,5080fdbc
guitar,NS207,ACCEPT,wide,5080fdbc
guitar,NS208,ACCEPT,default,5080fdbc
guitar,NS209,ACCEPT,wide,5080fdbc
guitar,NS21,ACCEPT,wide,5080fdbc
guitar,NS210,ACCEPT,wide,5080fdbc
guitar,NS211,ACCEPT,default,5080fdbc
guitar,NS212,ACCEPT,wide,5080fdbc
guitar,NS213,ACCEPT,wide,5080fdbc
guitar,NS214,ACCEPT,wide,5080fdbc
guitar,NS216,ACCEPT,wide,5080fdbc
guitar,NS217,ACCEPT,default,5080fdbc
guitar,NS218,ACCEPT,wide,5080fdbc
guitar,NS219,ACCEPT,wide,5080fdbc
guitar,NS22,ACCEPT,wide,5080fdbc
guitar,NS220,ACCEPT,wide,5080fdbc
guitar,NS221,ACCEPT,default,5080fdbc
guitar,NS222,ACCEPT,wide,5080fdbc
guitar,NS223,ACCEPT,wide,5080fdbc
guitar,NS224,ACCEPT,default,5080fdbc
guitar,NS225,ACCEPT,wide,5080fdbc
guitar,NS226,ACCEPT,wide,5080fdbc
guitar,NS227,ACCEPT,wide,5080fdbc
guitar,NS228,ACCEPT,wide,5080fdbc
guitar,NS229,ACCEPT,wide,5080fdbc
guitar,NS23,ACCEPT,wide,5080fdbc
guitar,NS230,ACCEPT,wide,5080fdbc
guitar,NS231,ACCEPT,default,5080fdbc
guitar,NS232,ACCEPT,wide,5080fdbc
guitar,NS233,ACCEPT,wide,5080fdbc
guitar,NS234,ACCEPT,wide,5080fdbc
guitar,NS235,ACCEPT,wide,5080fdbc
guitar,NS236,ACCEPT,default,5080fdbc
guitar,NS237,ACCEPT,default,5080fdbc
guitar,NS238,ACCEPT,wide,5080fdbc
guitar,NS239,ACCEPT,wide,5080fdbc
guitar,NS24,ACCEPT,wide,5080fdbc
guitar,NS240,ACCEPT,default,5080fdbc
guitar,NS241,ACCEPT,wide,5080fdbc
guitar,NS242,ACCEPT,wide,5080fdbc
guitar,NS243,ACCEPT,wide,5080fdbc
guitar,NS244,ACCEPT,wide,5080fdbc
guitar,NS245,ACCEPT_DB_MISMATCH,wide,5080fdbc
guitar,NS246,ACCEPT,wide,5080fdbc
guitar,NS247,ACCEPT,wide,5080fdbc
guitar,NS248,ACCEPT,wide,5080fdbc
guitar,NS249,ACCEPT,default,5080fdbc
guitar,NS25,ACCEPT,wide,5080fdbc
guitar,NS250,ACCEPT,wide,5080fdbc
guitar,NS251,ACCEPT,default,5080fdbc
guitar,NS252,ACCEPT,default,5080fdbc
guitar,NS253,ACCEPT,wide,5080fdbc
guitar,NS254,ACCEPT,wide,5080fdbc
guitar,NS255,ACCEPT,wide,5080fdbc
guitar,NS256,ACCEPT,wide,5080fdbc
guitar,NS257,ACCEPT,wide,5080fdbc
guitar,NS258,ACCEPT,wide,5080fdbc
guitar,NS259,ACCEPT,wide,5080fdbc
guitar,NS26,ACCEPT,wide,5080fdbc
guitar,NS261,ACCEPT,wide,5080fdbc
guitar,NS262,ACCEPT,wide,5080fdbc
guitar,NS263,ACCEPT,wide,5080fdbc
guitar,NS264,ACCEPT,wide,5080fdbc
guitar,NS265,ACCEPT,wide,5080fdbc
guitar,NS266,ACCEPT,wide,5080fdbc
guitar,NS267,ACCEPT,wide,5080fdbc
guitar,NS268,ACCEPT,wide,5080fdbc
guitar,NS269,ACCEPT,wide,5080fdbc
guitar,NS27,ACCEPT,wide,5080fdbc
guitar,NS270,ACCEPT,wide,5080fdbc
guitar,NS271,ACCEPT,wide,5080fdbc
guitar,NS272,ACCEPT,wide,5080fdbc
guitar,NS273,ACCEPT,wide,5080fdbc
guitar,NS275,ACCEPT,default,5080fdbc
guitar,NS276,ACCEPT,wide,5080fdbc
guitar,NS277,ACCEPT,wide,5080fdbc
guitar,NS278,ACCEPT,wide,5080fdbc
guitar,NS279,ACCEPT_DB_MISMATCH,default,5080fdbc
guitar,NS28,ACCEPT,wide,5080fdbc
guitar,NS280,ACCEPT,default,5080fdbc
guitar,NS282,ACCEPT,default,5080fdbc
guitar,NS283,ACCEPT,wide,5080fdbc
guitar,NS284,ACCEPT,default,5080fdbc
guitar,NS285,ACCEPT,default,5080fdbc
guitar,NS286,ACCEPT,wide,5080fdbc
guitar,NS287,ACCEPT,default,5080fdbc
guitar,NS288,ACCEPT,wide,5080fdbc
guitar,NS289,ACCEPT,default,5080fdbc
guitar,NS29,ACCEPT,wide,5080fdbc
guitar,NS290,ACCEPT,wide,5080fdbc
guitar,NS291,ACCEPT,default,5080fdbc
guitar,NS292,ACCEPT,default,5080fdbc
guitar,NS293,ACCEPT,default,5080fdbc
guitar,NS294,ACCEPT,wide,5080fdbc
guitar,NS295,ACCEPT,wide,5080fdbc
guitar,NS296,ACCEPT,wide,5080fdbc
guitar,NS297,ACCEPT,wide,5080fdbc
guitar,NS298,ACCEPT,default,5080fdbc
guitar,NS299,ACCEPT,wide,5080fdbc
guitar,NS3,ACCEPT,default,5080fdbc
guitar,NS30,ACCEPT,default,5080fdbc
guitar,NS300,ACCEPT,wide,5080fdbc
guitar,NS301,ACCEPT,default,5080fdbc
guitar,NS302,ACCEPT,wide,5080fdbc
guitar,NS303,ACCEPT,wide,5080fdbc
guitar,NS304,ACCEPT,wide,5080fdbc
guitar,NS305,ACCEPT,wide,5080fdbc
guitar,NS306,ACCEPT,wide,5080fdbc
guitar,NS307,ACCEPT,default,5080fdbc
guitar,NS308,ACCEPT,default,5080fdbc
guitar,NS309,ACCEPT,wide,5080fdbc
guitar,NS31,ACCEPT,wide,5080fdbc
guitar,NS310,ACCEPT,wide,5080fdbc
guitar,NS311,ACCEPT,default,5080fdbc
guitar,NS312,ACCEPT,wide,5080fdbc
guitar,NS313,ACCEPT,wide,5080fdbc
guitar,NS314,ACCEPT,wide,5080fdbc
guitar,NS315,ACCEPT,default,5080fdbc
guitar,NS316,ACCEPT,default,5080fdbc
guitar,NS317,ACCEPT,wide,5080fdbc
guitar,NS318,ACCEPT,wide,5080fdbc
guitar,NS319,ACCEPT,default,5080fdbc
guitar,NS32,ACCEPT,default,5080fdbc
guitar,NS320,ACCEPT_DB_MISMATCH,default,5080fdbc
guitar,NS321,ACCEPT,wide,5080fdbc
guitar,NS322,ACCEPT,wide,5080fdbc
guitar,NS323,ACCEPT,wide,5080fdbc
guitar,NS324,ACCEPT,wide,5080fdbc
guitar,NS325,ACCEPT,wide,5080fdbc
guitar,NS326,ACCEPT,wide,5080fdbc
guitar,NS327,ACCEPT,wide,5080fdbc
guitar,NS328,ACCEPT,default,5080fdbc
guitar,NS329,ACCEPT,default,5080fdbc
guitar,NS33,ACCEPT,default,5080fdbc
guitar,NS330,ACCEPT,default,5080fdbc
guitar,NS331,ACCEPT,wide,5080fdbc
guitar,NS332,ACCEPT,default,5080fdbc
guitar,NS333,ACCEPT,wide,5080fdbc
guitar,NS334,ACCEPT_DB_MISMATCH,wide,5080fdbc
guitar,NS335,ACCEPT,wide,5080fdbc
guitar,NS336,ACCEPT,default,5080fdbc
guitar,NS337,ACCEPT,default,5080fdbc
guitar,NS338,ACCEPT,default,5080fdbc
guitar,NS339,ACCEPT,default,5080fdbc
guitar,NS34,ACCEPT,default,5080fdbc
guitar,NS340,ACCEPT,wide,5080fdbc
guitar,NS341,ACCEPT,wide,5080fdbc
guitar,NS342,ACCEPT,wide,5080fdbc
guitar,NS343,ACCEPT,wide,5080fdbc
guitar,NS344,ACCEPT,wide,5080fdbc
guitar,NS345,ACCEPT,default,5080fdbc
guitar,NS347,ACCEPT,wide,5080fdbc
guitar,NS348,ACCEPT,default,5080fdbc
guitar,NS349,ACCEPT_SOURCE_BAR_SUM,default,5080fdbc
guitar,NS35,ACCEPT,wide,5080fdbc
guitar,NS350,ACCEPT,wide,5080fdbc
guitar,NS351,ACCEPT_DB_MISMATCH,default,5080fdbc
guitar,NS352,ACCEPT,wide,5080fdbc
guitar,NS353,ACCEPT,wide,5080fdbc
guitar,NS354,ACCEPT,wide,5080fdbc
guitar,NS355,ACCEPT,wide,5080fdbc
guitar,NS356,ACCEPT,wide,5080fdbc
guitar,NS357,ACCEPT,wide,5080fdbc
guitar,NS358,ACCEPT,wide,5080fdbc
guitar,NS359,ACCEPT,wide,5080fdbc
guitar,NS36,ACCEPT,wide,5080fdbc
guitar,NS360,ACCEPT_DB_MISMATCH,wide,5080fdbc
guitar,NS361,ACCEPT,wide,5080fdbc
guitar,NS362,ACCEPT,wide,5080fdbc
guitar,NS363,ACCEPT_DB_MISMATCH,default,5080fdbc
guitar,NS364,ACCEPT,default,5080fdbc
guitar,NS365,ACCEPT,default,5080fdbc
guitar,NS366,ACCEPT,wide,5080fdbc
guitar,NS367,ACCEPT,default,5080fdbc
guitar,NS368,ACCEPT,default,5080fdbc
guitar,NS369,ACCEPT,wide,5080fdbc
guitar,NS37,ACCEPT,default,5080fdbc
guitar,NS370,ACCEPT,wide,5080fdbc
guitar,NS371,ACCEPT,wide,5080fdbc
guitar,NS372,ACCEPT,wide,5080fdbc
guitar,NS373,ACCEPT,default,5080fdbc
guitar,NS374,ACCEPT,wide,5080fdbc
guitar,NS375,ACCEPT,default,5080fdbc
guitar,NS376,ACCEPT,wide,5080fdbc
guitar,NS377,ACCEPT,wide,5080fdbc
guitar,NS378,ACCEPT,wide,5080fdbc
guitar,NS379,ACCEPT,wide,5080fdbc
guitar,NS38,ACCEPT,default,5080fdbc
guitar,NS380,ACCEPT,wide,5080fdbc
guitar,NS381,ACCEPT,wide,5080fdbc
guitar,NS382,ACCEPT,wide,5080fdbc
guitar,NS383,ACCEPT,wide,5080fdbc
guitar,NS384,ACCEPT,wide,5080fdbc
guitar,NS385,ACCEPT_DB_MISMATCH,default,5080fdbc
guitar,NS386,ACCEPT,default,5080fdbc
guitar,NS387,ACCEPT,wide,5080fdbc
guitar,NS388,ACCEPT,wide,5080fdbc
guitar,NS39,ACCEPT,wide,5080fdbc
guitar,NS390,ACCEPT,default,5080fdbc
guitar,NS391,ACCEPT_DB_MISMATCH,default,5080fdbc
guitar,NS392,ACCEPT,wide,5080fdbc
guitar,NS393,ACCEPT,wide,5080fdbc
guitar,NS394,ACCEPT,wide,5080fdbc
guitar,NS395,ACCEPT,wide,5080fdbc
guitar,NS396,ACCEPT,default,5080fdbc
guitar,NS397,ACCEPT,wide,5080fdbc
guitar,NS398,ACCEPT,default,5080fdbc
guitar,NS399,ACCEPT,wide,5080fdbc
guitar,NS4,ACCEPT,default,5080fdbc
guitar,NS40,ACCEPT,wide,5080fdbc
guitar,NS400,ACCEPT,wide,5080fdbc
guitar,NS401,ACCEPT,wide,5080fdbc
guitar,NS402,ACCEPT,default,5080fdbc
guitar,NS403,ACCEPT,wide,5080fdbc
guitar,NS404,ACCEPT,wide,5080fdbc
guitar,NS405,ACCEPT,wide,5080fdbc
guitar,NS406,ACCEPT,wide,5080fdbc
guitar,NS407,ACCEPT,wide,5080fdbc
guitar,NS408,ACCEPT,wide,5080fdbc
guitar,NS409,ACCEPT_DB_MISMATCH,default,5080fdbc
guitar,NS41,ACCEPT,wide,5080fdbc
guitar,NS410,ACCEPT,wide,5080fdbc
guitar,NS411,ACCEPT,default,5080fdbc
guitar,NS412,ACCEPT,default,5080fdbc
guitar,NS413,ACCEPT,default,5080fdbc
guitar,NS414,ACCEPT,wide,5080fdbc
guitar,NS415,ACCEPT,default,5080fdbc
guitar,NS416,ACCEPT,wide,5080fdbc
guitar,NS417,ACCEPT,default,5080fdbc
guitar,NS418,ACCEPT,wide,5080fdbc
guitar,NS419,ACCEPT,wide,5080fdbc
guitar,NS42,ACCEPT,wide,5080fdbc
guitar,NS420,ACCEPT,wide,5080fdbc
guitar,NS421,ACCEPT,wide,5080fdbc
guitar,NS422,ACCEPT,wide,5080fdbc
guitar,NS423,ACCEPT,wide,5080fdbc
guitar,NS424,ACCEPT,wide,5080fdbc
guitar,NS425,ACCEPT,wide,5080fdbc
guitar,NS426,ACCEPT,wide,5080fdbc
guitar,NS427,ACCEPT,wide,5080fdbc
guitar,NS428,ACCEPT,wide,5080fdbc
guitar,NS429,ACCEPT,wide,5080fdbc
guitar,NS43,ACCEPT,wide,5080fdbc
guitar,NS430,ACCEPT,wide,5080fdbc
guitar,NS431,ACCEPT,wide,5080fdbc
guitar,NS432,ACCEPT,wide,5080fdbc
guitar,NS433,ACCEPT,wide,5080fdbc
guitar,NS434,ACCEPT,default,5080fdbc
guitar,NS435,ACCEPT,wide,5080fdbc
guitar,NS436,ACCEPT,wide,5080fdbc
guitar,NS437,ACCEPT,wide,5080fdbc
guitar,NS438,ACCEPT,wide,5080fdbc
guitar,NS439,ACCEPT,wide,5080fdbc
guitar,NS44,ACCEPT,wide,5080fdbc
guitar,NS440,ACCEPT,wide,5080fdbc
guitar,NS441,ACCEPT,wide,5080fdbc
guitar,NS442,ACCEPT,wide,5080fdbc
guitar,NS443,ACCEPT,wide,5080fdbc
guitar,NS444,ACCEPT,wide,5080fdbc
guitar,NS445,ACCEPT,wide,5080fdbc
guitar,NS446,ACCEPT,wide,5080fdbc
guitar,NS447,ACCEPT,wide,5080fdbc
guitar,NS448,ACCEPT,wide,5080fdbc
guitar,NS449,ACCEPT,wide,5080fdbc
guitar,NS45,ACCEPT,wide,5080fdbc
guitar,NS450,ACCEPT,wide,5080fdbc
guitar,NS451,ACCEPT,wide,5080fdbc
guitar,NS452,ACCEPT,wide,5080fdbc
guitar,NS453,ACCEPT,wide,5080fdbc
guitar,NS454,ACCEPT,wide,5080fdbc
guitar,NS455,ACCEPT,wide,5080fdbc
guitar,NS456,ACCEPT,wide,5080fdbc
guitar,NS457,ACCEPT,wide,5080fdbc
guitar,NS458,ACCEPT,wide,5080fdbc
guitar,NS459,ACCEPT,wide,5080fdbc
guitar,NS46,ACCEPT,wide,5080fdbc
guitar,NS460,ACCEPT,wide,5080fdbc
guitar,NS461,ACCEPT,default,5080fdbc
guitar,NS462,ACCEPT,wide,5080fdbc
guitar,NS463,ACCEPT,wide,5080fdbc
guitar,NS464,ACCEPT,wide,5080fdbc
guitar,NS465,ACCEPT,wide,5080fdbc
guitar,NS466,ACCEPT,wide,5080fdbc
guitar,NS467,ACCEPT,wide,5080fdbc
guitar,NS468,ACCEPT,wide,5080fdbc
guitar,NS469,ACCEPT,wide,5080fdbc
guitar,NS47,ACCEPT,wide,5080fdbc
guitar,NS470,ACCEPT,wide,5080fdbc
guitar,NS471,ACCEPT,wide,5080fdbc
guitar,NS472,ACCEPT,wide,5080fdbc
guitar,NS473,ACCEPT_DB_MISMATCH,wide,5080fdbc
guitar,NS474,ACCEPT,wide,5080fdbc
guitar,NS475,ACCEPT,wide,5080fdbc
guitar,NS476,ACCEPT,wide,5080fdbc
guitar,NS477,ACCEPT,wide,5080fdbc
guitar,NS478,ACCEPT,wide,5080fdbc
guitar,NS479,ACCEPT,wide,5080fdbc
guitar,NS48,ACCEPT,wide,5080fdbc
guitar,NS480,ACCEPT,wide,5080fdbc
guitar,NS481,ACCEPT,wide,5080fdbc
guitar,NS482,ACCEPT,wide,5080fdbc
guitar,NS483,ACCEPT,wide,5080fdbc
guitar,NS484,ACCEPT,wide,5080fdbc
guitar,NS485,ACCEPT,wide,5080fdbc
guitar,NS486,ACCEPT,wide,5080fdbc
guitar,NS487,ACCEPT,wide,5080fdbc
guitar,NS488,ACCEPT,wide,5080fdbc
guitar,NS489,ACCEPT,wide,5080fdbc
guitar,NS49,ACCEPT,default,5080fdbc
guitar,NS490,ACCEPT,wide,5080fdbc
guitar,NS491,ACCEPT,wide,5080fdbc
guitar,NS492,ACCEPT,default,5080fdbc
guitar,NS493,ACCEPT,wide,5080fdbc
guitar,NS494,ACCEPT,wide,5080fdbc
guitar,NS495,ACCEPT,wide,5080fdbc
guitar,NS496,ACCEPT,wide,5080fdbc
guitar,NS497,ACCEPT,wide,5080fdbc
guitar,NS498,ACCEPT,wide,5080fdbc
guitar,NS499,ACCEPT,wide,5080fdbc
guitar,NS5,ACCEPT,wide,5080fdbc
guitar,NS50,ACCEPT,wide,5080fdbc
guitar,NS500,ACCEPT,wide,5080fdbc
guitar,NS501,ACCEPT,wide,5080fdbc
guitar,NS502,ACCEPT,wide,5080fdbc
guitar,NS503,ACCEPT,wide,5080fdbc
guitar,NS504,ACCEPT,wide,5080fdbc
guitar,NS505,ACCEPT,wide,5080fdbc
guitar,NS506,ACCEPT,wide,5080fdbc
guitar,NS507,ACCEPT,wide,5080fdbc
guitar,NS508,ACCEPT,wide,5080fdbc
guitar,NS509,ACCEPT,wide,5080fdbc
guitar,NS51,ACCEPT,wide,5080fdbc
guitar,NS510,ACCEPT,wide,5080fdbc
guitar,NS511,ACCEPT,wide,5080fdbc
guitar,NS512,ACCEPT,wide,5080fdbc
guitar,NS513,ACCEPT,wide,5080fdbc
guitar,NS514,ACCEPT,wide,5080fdbc
guitar,NS515,ACCEPT,wide,5080fdbc
guitar,NS516,ACCEPT,wide,5080fdbc
guitar,NS517,ACCEPT,wide,5080fdbc
guitar,NS518,ACCEPT,wide,5080fdbc
guitar,NS519,ACCEPT,wide,5080fdbc
guitar,NS52,ACCEPT,default,5080fdbc
guitar,NS520,ACCEPT,wide,5080fdbc
guitar,NS521,ACCEPT,wide,5080fdbc
guitar,NS522,ACCEPT,wide,5080fdbc
guitar,NS523,ACCEPT,wide,5080fdbc
guitar,NS524,ACCEPT,wide,5080fdbc
guitar,NS525,ACCEPT,wide,5080fdbc
guitar,NS526,ACCEPT,wide,5080fdbc
guitar,NS527,ACCEPT,wide,5080fdbc
guitar,NS528,ACCEPT,wide,5080fdbc
guitar,NS529,ACCEPT,wide,5080fdbc
guitar,NS53,ACCEPT,default,5080fdbc
guitar,NS530,ACCEPT,wide,5080fdbc
guitar,NS531,ACCEPT,wide,5080fdbc
guitar,NS532,ACCEPT,default,5080fdbc
guitar,NS533,ACCEPT,wide,5080fdbc
guitar,NS534,ACCEPT,wide,5080fdbc
guitar,NS535,ACCEPT,wide,5080fdbc
guitar,NS536,ACCEPT,wide,5080fdbc
guitar,NS537,ACCEPT,wide,5080fdbc
guitar,NS538,ACCEPT,wide,5080fdbc
guitar,NS539,ACCEPT,wide,5080fdbc
guitar,NS54,ACCEPT,default,5080fdbc
guitar,NS540,ACCEPT,wide,5080fdbc
guitar,NS541,ACCEPT,wide,5080fdbc
guitar,NS542,ACCEPT,wide,5080fdbc
guitar,NS543,ACCEPT,wide,5080fdbc
guitar,NS544,ACCEPT,default,5080fdbc
guitar,NS545,ACCEPT,wide,5080fdbc
guitar,NS546,ACCEPT,wide,5080fdbc
guitar,NS547,ACCEPT,wide,5080fdbc
guitar,NS548,ACCEPT,wide,5080fdbc
guitar,NS549,ACCEPT,wide,5080fdbc
guitar,NS55,ACCEPT,default,5080fdbc
guitar,NS550,ACCEPT,wide,5080fdbc
guitar,NS551,ACCEPT,wide,5080fdbc
guitar,NS552,ACCEPT,wide,5080fdbc
guitar,NS553,ACCEPT,wide,5080fdbc
guitar,NS554,ACCEPT,wide,5080fdbc
guitar,NS555,ACCEPT,wide,5080fdbc
guitar,NS556,ACCEPT,wide,5080fdbc
guitar,NS557,ACCEPT,wide,5080fdbc
guitar,NS558,ACCEPT_DB_MISMATCH,wide,5080fdbc
guitar,NS559,ACCEPT,default,5080fdbc
guitar,NS56,ACCEPT,wide,5080fdbc
guitar,NS560,ACCEPT,wide,5080fdbc
guitar,NS561,ACCEPT,wide,5080fdbc
guitar,NS562,ACCEPT,wide,5080fdbc
guitar,NS563,ACCEPT,wide,5080fdbc
guitar,NS564,ACCEPT,wide,5080fdbc
guitar,NS565,ACCEPT,wide,5080fdbc
guitar,NS566,ACCEPT,wide,5080fdbc
guitar,NS567,ACCEPT,wide,5080fdbc
guitar,NS568,ACCEPT,wide,5080fdbc
guitar,NS569,ACCEPT,wide,5080fdbc
guitar,NS57,ACCEPT,wide,5080fdbc
guitar,NS570,ACCEPT,wide,5080fdbc
guitar,NS571,ACCEPT,wide,5080fdbc
guitar,NS572,ACCEPT,wide,5080fdbc
guitar,NS573,ACCEPT,wide,5080fdbc
guitar,NS574,ACCEPT,wide,5080fdbc
guitar,NS575,ACCEPT_DB_MISMATCH,wide,5080fdbc
guitar,NS576,ACCEPT,wide,5080fdbc
guitar,NS577,ACCEPT,wide,5080fdbc
guitar,NS578,ACCEPT,wide,5080fdbc
guitar,NS579,ACCEPT,wide,5080fdbc
guitar,NS58,ACCEPT,wide,5080fdbc
guitar,NS580,ACCEPT,wide,5080fdbc
guitar,NS581,ACCEPT,wide,5080fdbc
guitar,NS582,ACCEPT,wide,5080fdbc
guitar,NS583,ACCEPT,wide,5080fdbc
guitar,NS584,ACCEPT,wide,5080fdbc
guitar,NS585,ACCEPT,wide,5080fdbc
guitar,NS586,ACCEPT,wide,5080fdbc
guitar,NS587,ACCEPT_DB_MISMATCH,default,5080fdbc
guitar,NS588,ACCEPT,wide,5080fdbc
guitar,NS589,ACCEPT,wide,5080fdbc
guitar,NS59,ACCEPT,wide,5080fdbc
guitar,NS590,ACCEPT,wide,5080fdbc
guitar,NS591,ACCEPT,wide,5080fdbc
guitar,NS592,ACCEPT,wide,5080fdbc
guitar,NS593,ACCEPT,wide,5080fdbc
guitar,NS594,ACCEPT,wide,5080fdbc
guitar,NS595,ACCEPT,wide,5080fdbc
guitar,NS596,ACCEPT,wide,5080fdbc
guitar,NS597,ACCEPT,wide,5080fdbc
guitar,NS598,ACCEPT,wide,5080fdbc
guitar,NS599,ACCEPT,wide,5080fdbc
guitar,NS6,ACCEPT,default,5080fdbc
guitar,NS60,ACCEPT,default,5080fdbc
guitar,NS600,ACCEPT,wide,5080fdbc
guitar,NS601,ACCEPT,wide,5080fdbc
guitar,NS602,ACCEPT,wide,5080fdbc
guitar,NS603,ACCEPT,wide,5080fdbc
guitar,NS604,ACCEPT,wide,5080fdbc
guitar,NS605,ACCEPT,wide,5080fdbc
guitar,NS606,ACCEPT,wide,5080fdbc
guitar,NS607,ACCEPT,wide,5080fdbc
guitar,NS608,ACCEPT,wide,5080fdbc
guitar,NS609,ACCEPT,wide,5080fdbc
guitar,NS61,ACCEPT,default,5080fdbc
guitar,NS610,ACCEPT,wide,5080fdbc
guitar,NS611,ACCEPT,wide,5080fdbc
guitar,NS612,ACCEPT,wide,5080fdbc
guitar,NS613,ACCEPT,wide,5080fdbc
guitar,NS614,ACCEPT,wide,5080fdbc
guitar,NS615,ACCEPT,wide,5080fdbc
guitar,NS616,ACCEPT,wide,5080fdbc
guitar,NS617,ACCEPT,wide,5080fdbc
guitar,NS618,ACCEPT,wide,5080fdbc
guitar,NS619,ACCEPT,wide,5080fdbc
guitar,NS62,ACCEPT,default,5080fdbc
guitar,NS620,ACCEPT,default,5080fdbc
guitar,NS621,ACCEPT,wide,5080fdbc
guitar,NS622,ACCEPT,wide,5080fdbc
guitar,NS623,ACCEPT_DB_MISMATCH,wide,5080fdbc
guitar,NS624,ACCEPT,wide,5080fdbc
guitar,NS625,ACCEPT,wide,5080fdbc
guitar,NS626,ACCEPT,wide,5080fdbc
guitar,NS627,ACCEPT,wide,5080fdbc
guitar,NS628,ACCEPT,wide,5080fdbc
guitar,NS629,ACCEPT,wide,5080fdbc
guitar,NS63,ACCEPT,wide,5080fdbc
guitar,NS630,ACCEPT,wide,5080fdbc
guitar,NS631,ACCEPT,wide,5080fdbc
guitar,NS632,ACCEPT,wide,5080fdbc
guitar,NS633,ACCEPT,default,5080fdbc
guitar,NS634,ACCEPT,wide,5080fdbc
guitar,NS635,ACCEPT,wide,5080fdbc
guitar,NS636,ACCEPT,wide,5080fdbc
guitar,NS637,ACCEPT,wide,5080fdbc
guitar,NS638,ACCEPT,wide,5080fdbc
guitar,NS639,ACCEPT,wide,5080fdbc
guitar,NS64,ACCEPT,wide,5080fdbc
guitar,NS640,ACCEPT,wide,5080fdbc
guitar,NS641,ACCEPT,wide,5080fdbc
guitar,NS642,ACCEPT,wide,5080fdbc
guitar,NS643,ACCEPT_DB_MISMATCH,default,5080fdbc
guitar,NS644,ACCEPT,wide,5080fdbc
guitar,NS645,ACCEPT,wide,5080fdbc
guitar,NS646,ACCEPT,wide,5080fdbc
guitar,NS647,ACCEPT,wide,5080fdbc
guitar,NS648,ACCEPT,wide,5080fdbc
guitar,NS649,ACCEPT,wide,5080fdbc
guitar,NS65,ACCEPT,default,5080fdbc
guitar,NS650,ACCEPT,wide,5080fdbc
guitar,NS651,ACCEPT,wide,5080fdbc
guitar,NS652,ACCEPT,wide,5080fdbc
guitar,NS653,ACCEPT,wide,5080fdbc
guitar,NS654,ACCEPT,wide,5080fdbc
guitar,NS655,ACCEPT,wide,5080fdbc
guitar,NS656,ACCEPT,wide,5080fdbc
guitar,NS657,ACCEPT,default,5080fdbc
guitar,NS658,ACCEPT,wide,5080fdbc
guitar,NS659,ACCEPT,wide,5080fdbc
guitar,NS66,ACCEPT,default,5080fdbc
guitar,NS660,ACCEPT,wide,5080fdbc
guitar,NS661,ACCEPT,wide,5080fdbc
guitar,NS662,ACCEPT,wide,5080fdbc
guitar,NS663,ACCEPT,wide,5080fdbc
guitar,NS664,ACCEPT,wide,5080fdbc
guitar,NS665,ACCEPT,wide,5080fdbc
guitar,NS666,ACCEPT,wide,5080fdbc
guitar,NS667,ACCEPT,wide,5080fdbc
guitar,NS668,ACCEPT,wide,5080fdbc
guitar,NS669,ACCEPT,wide,5080fdbc
guitar,NS67,ACCEPT,wide,5080fdbc
guitar,NS670,ACCEPT,wide,5080fdbc
guitar,NS671,ACCEPT,wide,5080fdbc
guitar,NS672,ACCEPT,wide,5080fdbc
guitar,NS673,ACCEPT,wide,5080fdbc
guitar,NS674,ACCEPT,wide,5080fdbc
guitar,NS675,ACCEPT,wide,5080fdbc
guitar,NS676,ACCEPT,wide,5080fdbc
guitar,NS677,ACCEPT,wide,5080fdbc
guitar,NS678,ACCEPT,wide,5080fdbc
guitar,NS679,ACCEPT,wide,5080fdbc
guitar,NS68,ACCEPT,default,5080fdbc
guitar,NS680,ACCEPT,wide,5080fdbc
guitar,NS681,ACCEPT,wide,5080fdbc
guitar,NS682,ACCEPT,wide,5080fdbc
guitar,NS683,ACCEPT,wide,5080fdbc
guitar,NS684,ACCEPT,wide,5080fdbc
guitar,NS685,ACCEPT,wide,5080fdbc
guitar,NS686,ACCEPT,wide,5080fdbc
guitar,NS687,ACCEPT,wide,5080fdbc
guitar,NS688,ACCEPT,wide,5080fdbc
guitar,NS689,ACCEPT,wide,5080fdbc
guitar,NS69,ACCEPT,wide,5080fdbc
guitar,NS690,ACCEPT,wide,5080fdbc
guitar,NS691,ACCEPT,wide,5080fdbc
guitar,NS692,ACCEPT,wide,5080fdbc
guitar,NS693,ACCEPT,wide,5080fdbc
guitar,NS694,ACCEPT,wide,5080fdbc
guitar,NS695,ACCEPT,wide,5080fdbc
guitar,NS696,ACCEPT,wide,5080fdbc
guitar,NS697,ACCEPT,wide,5080fdbc
guitar,NS698,ACCEPT,wide,5080fdbc
guitar,NS699,ACCEPT,wide,5080fdbc
guitar,NS7,ACCEPT,wide,5080fdbc
guitar,NS70,ACCEPT,wide,5080fdbc
guitar,NS700,ACCEPT,wide,5080fdbc
guitar,NS701,ACCEPT_DB_MISMATCH,wide,5080fdbc
guitar,NS702,ACCEPT,wide,5080fdbc
guitar,NS703,ACCEPT,wide,5080fdbc
guitar,NS704,ACCEPT,wide,5080fdbc
guitar,NS705,ACCEPT,wide,5080fdbc
guitar,NS706,ACCEPT,wide,5080fdbc
guitar,NS707,ACCEPT,wide,5080fdbc
guitar,NS708,ACCEPT,wide,5080fdbc
guitar,NS709,ACCEPT,wide,5080fdbc
guitar,NS71,ACCEPT,default,5080fdbc
guitar,NS710,ACCEPT,wide,5080fdbc
guitar,NS711,ACCEPT,wide,5080fdbc
guitar,NS712,ACCEPT,wide,5080fdbc
guitar,NS713,ACCEPT,wide,5080fdbc
guitar,NS714,ACCEPT,wide,5080fdbc
guitar,NS715,ACCEPT,wide,5080fdbc
guitar,NS716,ACCEPT,wide,5080fdbc
guitar,NS717,ACCEPT,wide,5080fdbc
guitar,NS718,ACCEPT,wide,5080fdbc
guitar,NS719,ACCEPT,wide,5080fdbc
guitar,NS72,ACCEPT,wide,5080fdbc
guitar,NS720,ACCEPT,wide,5080fdbc
guitar,NS721,ACCEPT,wide,5080fdbc
guitar,NS722,ACCEPT,wide,5080fdbc
guitar,NS723,ACCEPT,wide,5080fdbc
guitar,NS724,ACCEPT_DB_MISMATCH,wide,5080fdbc
guitar,NS725,ACCEPT,wide,5080fdbc
guitar,NS726,ACCEPT,wide,5080fdbc
guitar,NS727,ACCEPT,wide,5080fdbc
guitar,NS728,ACCEPT,wide,5080fdbc
guitar,NS729,ACCEPT,wide,5080fdbc
guitar,NS73,ACCEPT_DB_MISMATCH,wide,5080fdbc
guitar,NS730,ACCEPT,wide,5080fdbc
guitar,NS731,ACCEPT,wide,5080fdbc
guitar,NS732,ACCEPT,wide,5080fdbc
guitar,NS733,ACCEPT,wide,5080fdbc
guitar,NS734,ACCEPT,default,5080fdbc
guitar,NS735,ACCEPT,wide,5080fdbc
guitar,NS736,ACCEPT,wide,5080fdbc
guitar,NS737,ACCEPT,wide,5080fdbc
guitar,NS738,ACCEPT,wide,5080fdbc
guitar,NS739,ACCEPT,wide,5080fdbc
guitar,NS74,ACCEPT,default,5080fdbc
guitar,NS740,ACCEPT,wide,5080fdbc
guitar,NS741,ACCEPT,wide,5080fdbc
guitar,NS742,ACCEPT,wide,5080fdbc
guitar,NS743,ACCEPT,wide,5080fdbc
guitar,NS744,ACCEPT,wide,5080fdbc
guitar,NS745,ACCEPT,wide,5080fdbc
guitar,NS746,ACCEPT_SOURCE_BAR_SUM,wide,5080fdbc
guitar,NS747,ACCEPT,wide,5080fdbc
guitar,NS748,ACCEPT,wide,5080fdbc
guitar,NS749,ACCEPT,wide,5080fdbc
guitar,NS75,ACCEPT,default,5080fdbc
guitar,NS750,ACCEPT,wide,5080fdbc
guitar,NS751,ACCEPT,wide,5080fdbc
guitar,NS753,ACCEPT,wide,5080fdbc
guitar,NS754,ACCEPT,wide,5080fdbc
guitar,NS755,ACCEPT,wide,5080fdbc
guitar,NS756,ACCEPT,wide,5080fdbc
guitar,NS757,ACCEPT,wide,5080fdbc
guitar,NS758,ACCEPT,wide,5080fdbc
guitar,NS759,ACCEPT,wide,5080fdbc
guitar,NS76,ACCEPT,default,5080fdbc
guitar,NS760,ACCEPT,wide,5080fdbc
guitar,NS761,ACCEPT,wide,5080fdbc
guitar,NS762,ACCEPT,wide,5080fdbc
guitar,NS763,ACCEPT,wide,5080fdbc
guitar,NS764,ACCEPT,wide,5080fdbc
guitar,NS765,ACCEPT,wide,5080fdbc
guitar,NS766,ACCEPT,wide,5080fdbc
guitar,NS767,ACCEPT,wide,5080fdbc
guitar,NS768,ACCEPT,wide,5080fdbc
guitar,NS769,ACCEPT,wide,5080fdbc
guitar,NS77,ACCEPT,wide,5080fdbc
guitar,NS770,ACCEPT,wide,5080fdbc
guitar,NS771,ACCEPT,wide,5080fdbc
guitar,NS772,ACCEPT,wide,5080fdbc
guitar,NS773,ACCEPT,wide,5080fdbc
guitar,NS774,ACCEPT,wide,5080fdbc
guitar,NS775,ACCEPT,wide,5080fdbc
guitar,NS776,ACCEPT,wide,5080fdbc
guitar,NS777,ACCEPT,wide,5080fdbc
guitar,NS778,ACCEPT,wide,5080fdbc
guitar,NS779,ACCEPT,wide,5080fdbc
guitar,NS78,ACCEPT,wide,5080fdbc
guitar,NS780,ACCEPT,wide,5080fdbc
guitar,NS781,ACCEPT,wide,5080fdbc
guitar,NS782,ACCEPT,default,5080fdbc
guitar,NS783,ACCEPT_DB_MISMATCH,wide,5080fdbc
guitar,NS784,ACCEPT_DB_MISMATCH,wide,5080fdbc
guitar,NS785,ACCEPT,wide,5080fdbc
guitar,NS786,ACCEPT,wide,5080fdbc
guitar,NS787,ACCEPT,wide,5080fdbc
guitar,NS788,ACCEPT,wide,5080fdbc
guitar,NS789,ACCEPT,wide,5080fdbc
guitar,NS79,ACCEPT,wide,5080fdbc
guitar,NS790,ACCEPT,wide,5080fdbc
guitar,NS791,ACCEPT,default,5080fdbc
guitar,NS792,ACCEPT,wide,5080fdbc
guitar,NS793,ACCEPT,wide,5080fdbc
guitar,NS794,ACCEPT,wide,5080fdbc
guitar,NS795,ACCEPT,wide,5080fdbc
guitar,NS796,ACCEPT,wide,5080fdbc
guitar,NS797,ACCEPT,wide,5080fdbc
guitar,NS798,ACCEPT,wide,5080fdbc
guitar,NS799,ACCEPT,wide,5080fdbc
guitar,NS8,ACCEPT,default,5080fdbc
guitar,NS80,ACCEPT,wide,5080fdbc
guitar,NS800,ACCEPT,wide,5080fdbc
guitar,NS801,ACCEPT,wide,5080fdbc
guitar,NS802,ACCEPT,wide,5080fdbc
guitar,NS803,ACCEPT,wide,5080fdbc
guitar,NS804,ACCEPT,wide,5080fdbc
guitar,NS805,ACCEPT,wide,5080fdbc
guitar,NS806,ACCEPT,wide,5080fdbc
guitar,NS807,ACCEPT,wide,5080fdbc
guitar,NS808,ACCEPT,wide,5080fdbc
guitar,NS809,ACCEPT,wide,5080fdbc
guitar,NS81,ACCEPT,wide,5080fdbc
guitar,NS810,ACCEPT,wide,5080fdbc
guitar,NS811,ACCEPT,wide,5080fdbc
guitar,NS812,ACCEPT,wide,5080fdbc
guitar,NS813,ACCEPT,wide,5080fdbc
guitar,NS814,ACCEPT,wide,5080fdbc
guitar,NS815,ACCEPT,wide,5080fdbc
guitar,NS816,ACCEPT,wide,5080fdbc
guitar,NS817,ACCEPT,wide,5080fdbc
guitar,NS818,ACCEPT,wide,5080fdbc
guitar,NS819,ACCEPT,wide,5080fdbc
guitar,NS82,ACCEPT,wide,5080fdbc
guitar,NS820,ACCEPT,wide,5080fdbc
guitar,NS821,ACCEPT,wide,5080fdbc
guitar,NS822,ACCEPT,wide,5080fdbc
guitar,NS823,ACCEPT,wide,5080fdbc
guitar,NS824,ACCEPT,wide,5080fdbc
guitar,NS825,ACCEPT,wide,5080fdbc
guitar,NS826,ACCEPT,wide,5080fdbc
guitar,NS827,ACCEPT,wide,5080fdbc
guitar,NS828,ACCEPT,wide,5080fdbc
guitar,NS829,ACCEPT,wide,5080fdbc
guitar,NS83,ACCEPT,wide,5080fdbc
guitar,NS830,ACCEPT,wide,5080fdbc
guitar,NS831,ACCEPT,wide,5080fdbc
guitar,NS832,ACCEPT,wide,5080fdbc
guitar,NS833,ACCEPT,wide,5080fdbc
guitar,NS834,ACCEPT,wide,5080fdbc
guitar,NS835,ACCEPT,wide,5080fdbc
guitar,NS836,ACCEPT,wide,5080fdbc
guitar,NS837,ACCEPT,wide,5080fdbc
guitar,NS838,ACCEPT,wide,5080fdbc
guitar,NS839,ACCEPT,wide,5080fdbc
guitar,NS84,ACCEPT,wide,5080fdbc
guitar,NS840,ACCEPT,wide,5080fdbc
guitar,NS841,ACCEPT,wide,5080fdbc
guitar,NS842,ACCEPT,wide,5080fdbc
guitar,NS843,ACCEPT,wide,5080fdbc
guitar,NS844,ACCEPT,wide,5080fdbc
guitar,NS845,ACCEPT_DB_MISMATCH,wide,5080fdbc
guitar,NS846,ACCEPT,wide,5080fdbc
guitar,NS847,ACCEPT,wide,5080fdbc
guitar,NS848,ACCEPT,wide,5080fdbc
guitar,NS849,ACCEPT_DB_MISMATCH,wide,5080fdbc
guitar,NS85,ACCEPT,wide,5080fdbc
guitar,NS850,ACCEPT,wide,5080fdbc
guitar,NS851,ACCEPT,wide,5080fdbc
guitar,NS852,ACCEPT,wide,5080fdbc
guitar,NS853,ACCEPT,wide,5080fdbc
guitar,NS854,ACCEPT,wide,5080fdbc
guitar,NS855,ACCEPT,wide,5080fdbc
guitar,NS856,ACCEPT,wide,5080fdbc
guitar,NS857,ACCEPT,wide,5080fdbc
guitar,NS858,ACCEPT,wide,5080fdbc
guitar,NS859,ACCEPT_DB_MISMATCH,wide,5080fdbc
guitar,NS86,ACCEPT,default,5080fdbc
guitar,NS860,ACCEPT,wide,5080fdbc
guitar,NS861,ACCEPT,wide,5080fdbc
guitar,NS862,ACCEPT,wide,5080fdbc
guitar,NS863,ACCEPT,wide,5080fdbc
guitar,NS864,ACCEPT,wide,5080fdbc
guitar,NS865,ACCEPT,wide,5080fdbc
guitar,NS866,ACCEPT,wide,5080fdbc
guitar,NS867,ACCEPT,wide,5080fdbc
guitar,NS868,ACCEPT,wide,5080fdbc
guitar,NS869,ACCEPT,wide,5080fdbc
guitar,NS87,ACCEPT,default,5080fdbc
guitar,NS870,ACCEPT,wide,5080fdbc
guitar,NS871,ACCEPT,wide,5080fdbc
guitar,NS872,ACCEPT,wide,5080fdbc
guitar,NS873,ACCEPT,wide,5080fdbc
guitar,NS874,ACCEPT,wide,5080fdbc
guitar,NS875,ACCEPT,wide,5080fdbc
guitar,NS876,ACCEPT,wide,5080fdbc
guitar,NS877,ACCEPT,wide,5080fdbc
guitar,NS878,ACCEPT,wide,5080fdbc
guitar,NS879,ACCEPT,wide,5080fdbc
guitar,NS88,ACCEPT,wide,5080fdbc
guitar,NS880,ACCEPT,wide,5080fdbc
guitar,NS881,ACCEPT,default,5080fdbc
guitar,NS882,ACCEPT,wide,5080fdbc
guitar,NS883,ACCEPT,wide,5080fdbc
guitar,NS884,ACCEPT,wide,5080fdbc
guitar,NS885,ACCEPT,wide,5080fdbc
guitar,NS886,ACCEPT,wide,5080fdbc
guitar,NS887,ACCEPT,wide,5080fdbc
guitar,NS888,ACCEPT,wide,5080fdbc
guitar,NS89,ACCEPT,wide,5080fdbc
guitar,NS890,ACCEPT,default,5080fdbc
guitar,NS891,ACCEPT,wide,5080fdbc
guitar,NS892,ACCEPT,wide,5080fdbc
guitar,NS893,ACCEPT,wide,5080fdbc
guitar,NS894,ACCEPT,wide,5080fdbc
guitar,NS895,ACCEPT,wide,5080fdbc
guitar,NS896,ACCEPT,wide,5080fdbc
guitar,NS897,ACCEPT,wide,5080fdbc
guitar,NS898,ACCEPT,wide,5080fdbc
guitar,NS899,ACCEPT,wide,5080fdbc
guitar,NS9,ACCEPT,wide,5080fdbc
guitar,NS90,ACCEPT,wide,5080fdbc
guitar,NS900,ACCEPT,wide,5080fdbc
guitar,NS901,ACCEPT,wide,5080fdbc
guitar,NS902,ACCEPT,wide,5080fdbc
guitar,NS903,ACCEPT,wide,5080fdbc
guitar,NS904,ACCEPT,wide,5080fdbc
guitar,NS905,ACCEPT,wide,5080fdbc
guitar,NS906,ACCEPT,wide,5080fdbc
guitar,NS907,ACCEPT,wide,5080fdbc
guitar,NS908,ACCEPT,wide,5080fdbc
guitar,NS909,ACCEPT,wide,5080fdbc
guitar,NS91,ACCEPT,wide,5080fdbc
guitar,NS910,ACCEPT,wide,5080fdbc
guitar,NS911,ACCEPT,wide,5080fdbc
guitar,NS912,ACCEPT,wide,5080fdbc
guitar,NS913,ACCEPT,wide,5080fdbc
guitar,NS914,ACCEPT,wide,5080fdbc
guitar,NS915,ACCEPT,wide,5080fdbc
guitar,NS916,ACCEPT,wide,5080fdbc
guitar,NS917,ACCEPT,wide,5080fdbc
guitar,NS918,ACCEPT,wide,5080fdbc
guitar,NS919,ACCEPT,wide,5080fdbc
guitar,NS92,ACCEPT,wide,5080fdbc
guitar,NS920,ACCEPT,wide,5080fdbc
guitar,NS921,ACCEPT,wide,5080fdbc
guitar,NS922,ACCEPT_DB_MISMATCH,wide,5080fdbc
guitar,NS923,ACCEPT,wide,5080fdbc
guitar,NS924,ACCEPT,wide,5080fdbc
guitar,NS925,ACCEPT_DB_MISMATCH,wide,5080fdbc
guitar,NS926,ACCEPT,wide,5080fdbc
guitar,NS927,ACCEPT,wide,5080fdbc
guitar,NS928,ACCEPT,wide,5080fdbc
guitar,NS929,ACCEPT,wide,5080fdbc
guitar,NS93,ACCEPT,wide,5080fdbc
guitar,NS930,ACCEPT,wide,5080fdbc
guitar,NS931,ACCEPT,wide,5080fdbc
guitar,NS932,ACCEPT,wide,5080fdbc
guitar,NS933,ACCEPT,wide,5080fdbc
guitar,NS934,ACCEPT,wide,5080fdbc
guitar,NS935,ACCEPT,wide,5080fdbc
guitar,NS936,ACCEPT,wide,5080fdbc
guitar,NS937,ACCEPT,wide,5080fdbc
guitar,NS938,ACCEPT,wide,5080fdbc
guitar,NS939,ACCEPT,wide,5080fdbc
guitar,NS94,ACCEPT,wide,5080fdbc
guitar,NS940,ACCEPT,wide,5080fdbc
guitar,NS941,ACCEPT,wide,5080fdbc
guitar,NS942,ACCEPT,wide,5080fdbc
guitar,NS943,ACCEPT,wide,5080fdbc
guitar,NS944,ACCEPT,wide,5080fdbc
guitar,NS945,ACCEPT,wide,5080fdbc
guitar,NS946,ACCEPT,wide,5080fdbc
guitar,NS947,ACCEPT,wide,5080fdbc
guitar,NS948,ACCEPT,wide,5080fdbc
guitar,NS949,ACCEPT,default,5080fdbc
guitar,NS95,ACCEPT,wide,5080fdbc
guitar,NS950,ACCEPT,wide,5080fdbc
guitar,NS951,ACCEPT,wide,5080fdbc
guitar,NS952,ACCEPT,wide,5080fdbc
guitar,NS953,ACCEPT,wide,5080fdbc
guitar,NS954,ACCEPT,wide,5080fdbc
guitar,NS955,ACCEPT,wide,5080fdbc
guitar,NS956,ACCEPT,wide,5080fdbc
guitar,NS957,ACCEPT,wide,5080fdbc
guitar,NS958,ACCEPT_DB_MISMATCH,wide,5080fdbc
guitar,NS959,ACCEPT,wide,5080fdbc
guitar,NS96,ACCEPT,wide,5080fdbc
guitar,NS960,ACCEPT,wide,5080fdbc
guitar,NS961,ACCEPT,wide,5080fdbc
guitar,NS962,ACCEPT,wide,5080fdbc
guitar,NS963,ACCEPT,wide,5080fdbc
guitar,NS964,ACCEPT,wide,5080fdbc
guitar,NS965,ACCEPT,wide,5080fdbc
guitar,NS966,ACCEPT,wide,5080fdbc
guitar,NS967,ACCEPT,wide,5080fdbc
guitar,NS968,ACCEPT,wide,5080fdbc
guitar,NS969,ACCEPT,wide,5080fdbc
guitar,NS97,ACCEPT,default,5080fdbc
guitar,NS970,ACCEPT,wide,5080fdbc
guitar,NS971,ACCEPT,wide,5080fdbc
guitar,NS972,ACCEPT,wide,5080fdbc
guitar,NS973,ACCEPT,wide,5080fdbc
guitar,NS974,ACCEPT,wide,5080fdbc
guitar,NS975,ACCEPT,wide,5080fdbc
guitar,NS976,ACCEPT,wide,5080fdbc
guitar,NS977,ACCEPT,wide,5080fdbc
guitar,NS978,ACCEPT,wide,5080fdbc
guitar,NS979,ACCEPT,default,5080fdbc
guitar,NS98,ACCEPT,default,5080fdbc
guitar,NS980,ACCEPT,wide,5080fdbc
guitar,NS981,ACCEPT,default,5080fdbc
guitar,NS982,ACCEPT,wide,5080fdbc
guitar,NS983,ACCEPT,wide,5080fdbc
guitar,NS984,ACCEPT,wide,5080fdbc
guitar,NS985,ACCEPT_DB_MISMATCH,wide,5080fdbc
guitar,NS986,ACCEPT,wide,5080fdbc
guitar,NS987,ACCEPT,wide,5080fdbc
guitar,NS988,ACCEPT_DB_MISMATCH,default,5080fdbc
guitar,NS989,ACCEPT,wide,5080fdbc
guitar,NS99,ACCEPT,wide,5080fdbc
guitar,NS990,ACCEPT,wide,5080fdbc
guitar,NS991,ACCEPT,wide,5080fdbc
guitar,NS992,ACCEPT,wide,5080fdbc
guitar,NS993,ACCEPT,wide,5080fdbc
guitar,NS994,ACCEPT,wide,5080fdbc
guitar,NS995,ACCEPT,wide,5080fdbc
guitar,NS996,ACCEPT,wide,5080fdbc
guitar,NS997,ACCEPT,wide,5080fdbc
guitar,NS998,ACCEPT,wide,5080fdbc
guitar,NS999,ACCEPT,wide,5080fdbc
piano,BF101,ACCEPT,wide,5080fdbc
piano,BF106,ACCEPT,wide,5080fdbc
piano,BF109,ACCEPT,wide,5080fdbc
piano,BF12,ACCEPT,default,5080fdbc
piano,BF133,ACCEPT,wide,5080fdbc
piano,BF134,ACCEPT,wide,5080fdbc
piano,BF135,ACCEPT_DB_MISMATCH,wide,5080fdbc
piano,BF136,ACCEPT,default,5080fdbc
piano,BF152,ACCEPT,wide,5080fdbc
piano,BF158,ACCEPT,wide,5080fdbc
piano,BF162,ACCEPT,wide,5080fdbc
piano,BF164,ACCEPT,wide,5080fdbc
piano,BF165,ACCEPT,wide,5080fdbc
piano,BF167,ACCEPT,wide,5080fdbc
piano,BF169,ACCEPT,default,5080fdbc
piano,BF170,ACCEPT,wide,5080fdbc
piano,BF171,ACCEPT,wide,5080fdbc
piano,BF172,ACCEPT,wide,5080fdbc
piano,BF174,ACCEPT,wide,5080fdbc
piano,BF175,ACCEPT,wide,5080fdbc
piano,BF176,ACCEPT,wide,5080fdbc
piano,BF177,ACCEPT,wide,5080fdbc
piano,BF185,ACCEPT,wide,5080fdbc
piano,BF26,ACCEPT,wide,5080fdbc
piano,BF271,ACCEPT,default,5080fdbc
piano,BF3,ACCEPT,default,5080fdbc
piano,BF31,ACCEPT,wide,5080fdbc
piano,BF32,ACCEPT,wide,5080fdbc
piano,BF325,ACCEPT,wide,5080fdbc
piano,BF34,ACCEPT,default,5080fdbc
piano,BF345,ACCEPT,wide,5080fdbc
piano,BF35,ACCEPT,wide,5080fdbc
piano,BF36,ACCEPT,wide,5080fdbc
piano,BF37,ACCEPT,wide,5080fdbc
piano,BF401,ACCEPT,wide,5080fdbc
piano,BF402,ACCEPT,wide,5080fdbc
piano,BF403,ACCEPT,wide,5080fdbc
piano,BF404,ACCEPT,wide,5080fdbc
piano,BF405,ACCEPT,default,5080fdbc
piano,BF406,ACCEPT,default,5080fdbc
piano,BF407,ACCEPT,wide,5080fdbc
piano,BF408,ACCEPT,default,5080fdbc
piano,BF409,ACCEPT,wide,5080fdbc
piano,BF410,ACCEPT,wide,5080fdbc
piano,BF411,ACCEPT,wide,5080fdbc
piano,BF412,ACCEPT,wide,5080fdbc
piano,BF414,ACCEPT,wide,5080fdbc
piano,BF415,ACCEPT,default,5080fdbc
piano,BF416,ACCEPT,wide,5080fdbc
piano,BF417,ACCEPT,wide,5080fdbc
piano,BF418,ACCEPT,wide,5080fdbc
piano,BF419,ACCEPT,default,5080fdbc
piano,BF420,ACCEPT,wide,5080fdbc
piano,BF421,ACCEPT,wide,5080fdbc
piano,BF422,ACCEPT,wide,5080fdbc
piano,BF423,ACCEPT,wide,5080fdbc
piano,BF424,ACCEPT,wide,5080fdbc
piano,BF425,ACCEPT,wide,5080fdbc
piano,BF426,ACCEPT,wide,5080fdbc
piano,BF427,ACCEPT,wide,5080fdbc
piano,BF428,ACCEPT,wide,5080fdbc
piano,BF429,ACCEPT,wide,5080fdbc
piano,BF43,ACCEPT,wide,5080fdbc
piano,BF430,ACCEPT,wide,5080fdbc
piano,BF431,ACCEPT,wide,5080fdbc
piano,BF432,ACCEPT,wide,5080fdbc
piano,BF433,ACCEPT,wide,5080fdbc
piano,BF434,ACCEPT,wide,5080fdbc
piano,BF435,ACCEPT,wide,5080fdbc
piano,BF436,ACCEPT,default,5080fdbc
piano,BF438,ACCEPT,wide,5080fdbc
piano,BF439,ACCEPT,wide,5080fdbc
piano,BF440,ACCEPT_DB_MISMATCH,wide,5080fdbc
piano,BF441,ACCEPT,wide,5080fdbc
piano,BF442,ACCEPT,wide,5080fdbc
piano,BF443,ACCEPT,wide,5080fdbc
piano,BF444,ACCEPT,wide,5080fdbc
piano,BF445,ACCEPT,wide,5080fdbc
piano,BF446,ACCEPT,wide,5080fdbc
piano,BF447,ACCEPT,wide,5080fdbc
piano,BF448,ACCEPT,wide,5080fdbc
piano,BF449,ACCEPT,wide,5080fdbc
piano,BF450,ACCEPT,wide,5080fdbc
piano,BF451,ACCEPT,wide,5080fdbc
piano,BF452,ACCEPT,wide,5080fdbc
piano,BF453,ACCEPT,wide,5080fdbc
piano,BF454,ACCEPT,wide,5080fdbc
piano,BF46,ACCEPT,default,5080fdbc
piano,BF51,ACCEPT_DB_MISMATCH,default,5080fdbc
piano,BF53,ACCEPT,wide,5080fdbc
piano,BF59,ACCEPT_DB_MISMATCH,wide,5080fdbc
piano,BF61,ACCEPT,default,5080fdbc
piano,BF66,ACCEPT,default,5080fdbc
piano,BF78,ACCEPT,wide,5080fdbc
piano,BF79,ACCEPT,wide,5080fdbc
piano,BF93,ACCEPT,wide,5080fdbc
piano,BF94,ACCEPT,default,5080fdbc
piano,BF99,ACCEPT,wide,5080fdbc
piano,C1002,ACCEPT,wide,5080fdbc
piano,C1006,ACCEPT,wide,5080fdbc
piano,C103,ACCEPT,wide,5080fdbc
piano,C107,ACCEPT,wide,5080fdbc
piano,C111,ACCEPT,default,5080fdbc
piano,C127,ACCEPT,default,5080fdbc
piano,C128,ACCEPT,default,5080fdbc
piano,C132,ACCEPT,wide,5080fdbc
piano,C136,ACCEPT,wide,5080fdbc
piano,C137,ACCEPT,wide,5080fdbc
piano,C15,ACCEPT,wide,5080fdbc
piano,C17,ACCEPT,wide,5080fdbc
piano,C174,ACCEPT,wide,5080fdbc
piano,C182,ACCEPT_DB_MISMATCH,wide,5080fdbc
piano,C183,ACCEPT,wide,5080fdbc
piano,C188,ACCEPT,wide,5080fdbc
piano,C189,ACCEPT,wide,5080fdbc
piano,C191,ACCEPT,wide,5080fdbc
piano,C192,ACCEPT,wide,5080fdbc
piano,C195,ACCEPT,wide,5080fdbc
piano,C198,ACCEPT,wide,5080fdbc
piano,C199,ACCEPT,wide,5080fdbc
piano,C205,ACCEPT,wide,5080fdbc
piano,C212,ACCEPT_DB_MISMATCH,wide,5080fdbc
piano,C239,ACCEPT,wide,5080fdbc
piano,C243,ACCEPT,wide,5080fdbc
piano,C245,ACCEPT,wide,5080fdbc
piano,C253,ACCEPT,wide,5080fdbc
piano,C255,ACCEPT,wide,5080fdbc
piano,C261,ACCEPT,wide,5080fdbc
piano,C273,ACCEPT,wide,5080fdbc
piano,C276,ACCEPT,wide,5080fdbc
piano,C28,ACCEPT,wide,5080fdbc
piano,C283,ACCEPT,default,5080fdbc
piano,C292,ACCEPT,wide,5080fdbc
piano,C293,ACCEPT,wide,5080fdbc
piano,C303,ACCEPT,wide,5080fdbc
piano,C305,ACCEPT,wide,5080fdbc
piano,C310,ACCEPT,wide,5080fdbc
piano,C313,ACCEPT,wide,5080fdbc
piano,C315,ACCEPT,wide,5080fdbc
piano,C316,ACCEPT,wide,5080fdbc
piano,C319,ACCEPT,wide,5080fdbc
piano,C323,ACCEPT,wide,5080fdbc
piano,C326,ACCEPT,wide,5080fdbc
piano,C327,ACCEPT,wide,5080fdbc
piano,C329,ACCEPT,wide,5080fdbc
piano,C347,ACCEPT,wide,5080fdbc
piano,C352,ACCEPT,wide,5080fdbc
piano,C353,ACCEPT,default,5080fdbc
piano,C357,ACCEPT,wide,5080fdbc
piano,C360,ACCEPT,wide,5080fdbc
piano,C380,ACCEPT,wide,5080fdbc
piano,C385,ACCEPT,wide,5080fdbc
piano,C39,ACCEPT,default,5080fdbc
piano,C392,ACCEPT,wide,5080fdbc
piano,C393,ACCEPT,wide,5080fdbc
piano,C409,ACCEPT,wide,5080fdbc
piano,C413,ACCEPT,wide,5080fdbc
piano,C421,ACCEPT,wide,5080fdbc
piano,C424,ACCEPT,wide,5080fdbc
piano,C43,ACCEPT,wide,5080fdbc
piano,C430,ACCEPT,wide,5080fdbc
piano,C432,ACCEPT,wide,5080fdbc
piano,C438,ACCEPT,wide,5080fdbc
piano,C439,ACCEPT,wide,5080fdbc
piano,C442,ACCEPT,wide,5080fdbc
piano,C444,ACCEPT,wide,5080fdbc
piano,C450,ACCEPT,wide,5080fdbc
piano,C463,ACCEPT,wide,5080fdbc
piano,C468,ACCEPT,wide,5080fdbc
piano,C47,ACCEPT,wide,5080fdbc
piano,C474,ACCEPT,wide,5080fdbc
piano,C482,ACCEPT,default,5080fdbc
piano,C487,ACCEPT,wide,5080fdbc
piano,C488,ACCEPT,default,5080fdbc
piano,C490,ACCEPT,wide,5080fdbc
piano,C505,ACCEPT,wide,5080fdbc
piano,C511,ACCEPT,wide,5080fdbc
piano,C512,ACCEPT,wide,5080fdbc
piano,C518,ACCEPT,wide,5080fdbc
piano,C519,ACCEPT,wide,5080fdbc
piano,C548,ACCEPT,wide,5080fdbc
piano,C549,ACCEPT,wide,5080fdbc
piano,C570,ACCEPT,default,5080fdbc
piano,C577,ACCEPT,wide,5080fdbc
piano,C578,ACCEPT,wide,5080fdbc
piano,C617,ACCEPT,wide,5080fdbc
piano,C619,ACCEPT,wide,5080fdbc
piano,C620,ACCEPT,wide,5080fdbc
piano,C623,ACCEPT,wide,5080fdbc
piano,C625,ACCEPT,default,5080fdbc
piano,C635,ACCEPT,wide,5080fdbc
piano,C649,ACCEPT,wide,5080fdbc
piano,C651,ACCEPT,wide,5080fdbc
piano,C652,ACCEPT,wide,5080fdbc
piano,C660,ACCEPT,wide,5080fdbc
piano,C661,ACCEPT,wide,5080fdbc
piano,C67,ACCEPT,wide,5080fdbc
piano,C678,ACCEPT,wide,5080fdbc
piano,C689,ACCEPT,wide,5080fdbc
piano,C690,ACCEPT,wide,5080fdbc
piano,C691,ACCEPT,wide,5080fdbc
piano,C697,ACCEPT_DB_MISMATCH,wide,5080fdbc
piano,C702,ACCEPT,wide,5080fdbc
piano,C71,ACCEPT,wide,5080fdbc
piano,C710,ACCEPT,wide,5080fdbc
piano,C712,ACCEPT,wide,5080fdbc
piano,C713,ACCEPT,wide,5080fdbc
piano,C714,ACCEPT,wide,5080fdbc
piano,C715,ACCEPT,wide,5080fdbc
piano,C716,ACCEPT,wide,5080fdbc
piano,C734,ACCEPT,wide,5080fdbc
piano,C736,ACCEPT,wide,5080fdbc
piano,C744,ACCEPT,wide,5080fdbc
piano,C752,ACCEPT,wide,5080fdbc
piano,C753,ACCEPT,wide,5080fdbc
piano,C757,ACCEPT,default,5080fdbc
piano,C761,ACCEPT_DB_MISMATCH,wide,5080fdbc
piano,C762,ACCEPT,wide,5080fdbc
piano,C770,ACCEPT,wide,5080fdbc
piano,C86,ACCEPT,wide,5080fdbc
piano,C89,ACCEPT,wide,5080fdbc
piano,C90,ACCEPT,wide,5080fdbc
piano,CH1,ACCEPT,wide,5080fdbc
piano,CH10,ACCEPT,wide,5080fdbc
piano,CH11,ACCEPT,wide,5080fdbc
piano,CH12,ACCEPT,wide,5080fdbc
piano,CH13,ACCEPT,wide,5080fdbc
piano,CH14,ACCEPT,wide,5080fdbc
piano,CH15,ACCEPT_DB_MISMATCH,wide,5080fdbc
piano,CH16,ACCEPT,wide,5080fdbc
piano,CH17,ACCEPT,wide,5080fdbc
piano,CH18,ACCEPT,wide,5080fdbc
piano,CH19,ACCEPT,wide,5080fdbc
piano,CH2,ACCEPT,default,5080fdbc
piano,CH20,ACCEPT,wide,5080fdbc
piano,CH21,ACCEPT,wide,5080fdbc
piano,CH22,ACCEPT,wide,5080fdbc
piano,CH23,ACCEPT,wide,5080fdbc
piano,CH24,ACCEPT,wide,5080fdbc
piano,CH25,ACCEPT_DB_MISMATCH,wide,5080fdbc
piano,CH26,ACCEPT,wide,5080fdbc
piano,CH27,ACCEPT,wide,5080fdbc
piano,CH28,ACCEPT,wide,5080fdbc
piano,CH29,ACCEPT,wide,5080fdbc
piano,CH3,ACCEPT,wide,5080fdbc
piano,CH30,ACCEPT,wide,5080fdbc
piano,CH31,ACCEPT,wide,5080fdbc
piano,CH32,ACCEPT,wide,5080fdbc
piano,CH33,ACCEPT,wide,5080fdbc
piano,CH34,ACCEPT,wide,5080fdbc
piano,CH35,ACCEPT_DB_MISMATCH,wide,5080fdbc
piano,CH36,ACCEPT,wide,5080fdbc
piano,CH37,ACCEPT,wide,5080fdbc
piano,CH38,ACCEPT,wide,5080fdbc
piano,CH39,ACCEPT,wide,5080fdbc
piano,CH4,ACCEPT,wide,5080fdbc
piano,CH40,ACCEPT,wide,5080fdbc
piano,CH41,ACCEPT,wide,5080fdbc
piano,CH42,ACCEPT,wide,5080fdbc
piano,CH43,ACCEPT,wide,5080fdbc
piano,CH44,ACCEPT,default,5080fdbc
piano,CH45,ACCEPT,wide,5080fdbc
piano,CH46,ACCEPT,wide,5080fdbc
piano,CH47,ACCEPT_DB_MISMATCH,wide,5080fdbc
piano,CH48,ACCEPT_DB_MISMATCH,wide,5080fdbc
piano,CH49,ACCEPT,wide,5080fdbc
piano,CH5,ACCEPT,wide,5080fdbc
piano,CH50,ACCEPT,wide,5080fdbc
piano,CH51,ACCEPT,wide,5080fdbc
piano,CH52,ACCEPT,default,5080fdbc
piano,CH53,ACCEPT,wide,5080fdbc
piano,CH54,ACCEPT,wide,5080fdbc
piano,CH55,ACCEPT,wide,5080fdbc
piano,CH56,ACCEPT,wide,5080fdbc
piano,CH57,ACCEPT,wide,5080fdbc
piano,CH58,ACCEPT,wide,5080fdbc
piano,CH59,ACCEPT_DB_MISMATCH,wide,5080fdbc
piano,CH6,ACCEPT,wide,5080fdbc
piano,CH60,ACCEPT,default,5080fdbc
piano,CH61,ACCEPT,default,5080fdbc
piano,CH62,ACCEPT,wide,5080fdbc
piano,CH63,ACCEPT,wide,5080fdbc
piano,CH64,ACCEPT,wide,5080fdbc
piano,CH65,ACCEPT,wide,5080fdbc
piano,CH66,ACCEPT_DB_MISMATCH,wide,5080fdbc
piano,CH67,ACCEPT,wide,5080fdbc
piano,CH68,ACCEPT,wide,5080fdbc
piano,CH69,ACCEPT,wide,5080fdbc
piano,CH7,ACCEPT_DB_MISMATCH,wide,5080fdbc
piano,CH70,ACCEPT,default,5080fdbc
piano,CH71,ACCEPT,wide,5080fdbc
piano,CH72,ACCEPT,wide,5080fdbc
piano,CH73,ACCEPT,wide,5080fdbc
piano,CH74,ACCEPT,wide,5080fdbc
piano,CH8,ACCEPT,wide,5080fdbc
piano,CH9,ACCEPT,wide,5080fdbc
piano,CS10,ACCEPT,wide,5080fdbc
piano,CS1001,ACCEPT,wide,5080fdbc
piano,CS1002,ACCEPT,wide,5080fdbc
piano,CS1003,ACCEPT_DB_MISMATCH,default,5080fdbc
piano,CS1004,ACCEPT,wide,5080fdbc
piano,CS1005,ACCEPT,wide,5080fdbc
piano,CS103,ACCEPT,wide,5080fdbc
piano,CS104,ACCEPT,wide,5080fdbc
piano,CS105,ACCEPT,wide,5080fdbc
piano,CS106,ACCEPT,wide,5080fdbc
piano,CS107,ACCEPT,wide,5080fdbc
piano,CS11,ACCEPT,wide,5080fdbc
piano,CS111,ACCEPT,wide,5080fdbc
piano,CS112,ACCEPT,wide,5080fdbc
piano,CS113,ACCEPT,wide,5080fdbc
piano,CS114,ACCEPT,wide,5080fdbc
piano,CS115,ACCEPT,wide,5080fdbc
piano,CS117,ACCEPT,wide,5080fdbc
piano,CS118,ACCEPT,wide,5080fdbc
piano,CS119,ACCEPT,wide,5080fdbc
piano,CS12,ACCEPT,wide,5080fdbc
piano,CS121,ACCEPT,default,5080fdbc
piano,CS123,ACCEPT,wide,5080fdbc
piano,CS124,ACCEPT,wide,5080fdbc
piano,CS126,ACCEPT,wide,5080fdbc
piano,CS127,ACCEPT_DB_MISMATCH,wide,5080fdbc
piano,CS128,ACCEPT,wide,5080fdbc
piano,CS129,ACCEPT,wide,5080fdbc
piano,CS13,ACCEPT,wide,5080fdbc
piano,CS130,ACCEPT,wide,5080fdbc
piano,CS134,ACCEPT,wide,5080fdbc
piano,CS135,ACCEPT,wide,5080fdbc
piano,CS136,ACCEPT,default,5080fdbc
piano,CS137,ACCEPT,wide,5080fdbc
piano,CS14,ACCEPT,wide,5080fdbc
piano,CS146,ACCEPT,wide,5080fdbc
piano,CS147,ACCEPT,wide,5080fdbc
piano,CS149,ACCEPT,wide,5080fdbc
piano,CS15,ACCEPT,default,5080fdbc
piano,CS150,ACCEPT,wide,5080fdbc
piano,CS17,ACCEPT,wide,5080fdbc
piano,CS203,ACCEPT,wide,5080fdbc
piano,CS204,ACCEPT,wide,5080fdbc
piano,CS205,ACCEPT,wide,5080fdbc
piano,CS206,ACCEPT,wide,5080fdbc
piano,CS207,ACCEPT,wide,5080fdbc
piano,CS208,ACCEPT,wide,5080fdbc
piano,CS21,ACCEPT,wide,5080fdbc
piano,CS211,ACCEPT,wide,5080fdbc
piano,CS213,ACCEPT,default,5080fdbc
piano,CS219,ACCEPT,wide,5080fdbc
piano,CS222,ACCEPT,wide,5080fdbc
piano,CS223,ACCEPT,wide,5080fdbc
piano,CS224,ACCEPT,wide,5080fdbc
piano,CS226,ACCEPT,wide,5080fdbc
piano,CS228,ACCEPT,wide,5080fdbc
piano,CS229,ACCEPT,wide,5080fdbc
piano,CS230,ACCEPT,wide,5080fdbc
piano,CS231,ACCEPT,wide,5080fdbc
piano,CS232,ACCEPT,wide,5080fdbc
piano,CS233,ACCEPT,wide,5080fdbc
piano,CS234,ACCEPT,wide,5080fdbc
piano,CS235,ACCEPT,wide,5080fdbc
piano,CS236,ACCEPT,wide,5080fdbc
piano,CS237,ACCEPT,wide,5080fdbc
piano,CS238,ACCEPT,wide,5080fdbc
piano,CS239,ACCEPT,wide,5080fdbc
piano,CS240,ACCEPT,wide,5080fdbc
piano,CS241,ACCEPT,wide,5080fdbc
piano,CS242,ACCEPT,wide,5080fdbc
piano,CS244,ACCEPT,wide,5080fdbc
piano,CS246,ACCEPT,wide,5080fdbc
piano,CS257,ACCEPT,wide,5080fdbc
piano,CS26,ACCEPT,wide,5080fdbc
piano,CS27,ACCEPT,wide,5080fdbc
piano,CS303,ACCEPT,wide,5080fdbc
piano,CS304,ACCEPT,wide,5080fdbc
piano,CS306,ACCEPT,wide,5080fdbc
piano,CS308,ACCEPT_DB_MISMATCH,wide,5080fdbc
piano,CS309,ACCEPT,wide,5080fdbc
piano,CS311,ACCEPT,wide,5080fdbc
piano,CS312,ACCEPT,wide,5080fdbc
piano,CS313,ACCEPT,wide,5080fdbc
piano,CS314,ACCEPT,wide,5080fdbc
piano,CS315,ACCEPT,wide,5080fdbc
piano,CS316,ACCEPT,wide,5080fdbc
piano,CS317,ACCEPT,wide,5080fdbc
piano,CS318,ACCEPT,wide,5080fdbc
piano,CS319,ACCEPT,wide,5080fdbc
piano,CS320,ACCEPT,wide,5080fdbc
piano,CS321,ACCEPT,wide,5080fdbc
piano,CS322,ACCEPT,wide,5080fdbc
piano,CS323,ACCEPT,default,5080fdbc
piano,CS324,ACCEPT,wide,5080fdbc
piano,CS325,ACCEPT,wide,5080fdbc
piano,CS326,ACCEPT,wide,5080fdbc
piano,CS327,ACCEPT,wide,5080fdbc
piano,CS329,ACCEPT,wide,5080fdbc
piano,CS334,ACCEPT,wide,5080fdbc
piano,CS342,ACCEPT,wide,5080fdbc
piano,CS346,ACCEPT,wide,5080fdbc
piano,CS347,ACCEPT,wide,5080fdbc
piano,CS348,ACCEPT,wide,5080fdbc
piano,CS349,ACCEPT,wide,5080fdbc
piano,CS35,ACCEPT,wide,5080fdbc
piano,CS4,ACCEPT,wide,5080fdbc
piano,CS402,ACCEPT,wide,5080fdbc
piano,CS403,ACCEPT,wide,5080fdbc
piano,CS404,ACCEPT,wide,5080fdbc
piano,CS407,ACCEPT,wide,5080fdbc
piano,CS409,ACCEPT,default,5080fdbc
piano,CS410,ACCEPT,wide,5080fdbc
piano,CS411,ACCEPT,wide,5080fdbc
piano,CS412,ACCEPT,default,5080fdbc
piano,CS413,ACCEPT,wide,5080fdbc
piano,CS415,ACCEPT,wide,5080fdbc
piano,CS416,ACCEPT,wide,5080fdbc
piano,CS417,ACCEPT,wide,5080fdbc
piano,CS418,ACCEPT,wide,5080fdbc
piano,CS419,ACCEPT,wide,5080fdbc
piano,CS420,ACCEPT,wide,5080fdbc
piano,CS421,ACCEPT,wide,5080fdbc
piano,CS422,ACCEPT,wide,5080fdbc
piano,CS423,ACCEPT,wide,5080fdbc
piano,CS425,ACCEPT,wide,5080fdbc
piano,CS426,ACCEPT,wide,5080fdbc
piano,CS427,ACCEPT,default,5080fdbc
piano,CS428,ACCEPT,default,5080fdbc
piano,CS429,ACCEPT,wide,5080fdbc
piano,CS454,ACCEPT,wide,5080fdbc
piano,CS456,ACCEPT,wide,5080fdbc
piano,CS457,ACCEPT,wide,5080fdbc
piano,CS458,ACCEPT,wide,5080fdbc
piano,CS459,ACCEPT,wide,5080fdbc
piano,CS460,ACCEPT,wide,5080fdbc
piano,CS461,ACCEPT,wide,5080fdbc
piano,CS462,ACCEPT,wide,5080fdbc
piano,CS463,ACCEPT,wide,5080fdbc
piano,CS464,ACCEPT,wide,5080fdbc
piano,CS466,ACCEPT,wide,5080fdbc
piano,CS467,ACCEPT,default,5080fdbc
piano,CS468,ACCEPT,default,5080fdbc
piano,CS502,ACCEPT_DB_MISMATCH,default,5080fdbc
piano,CS509,ACCEPT,wide,5080fdbc
piano,CS510,ACCEPT,wide,5080fdbc
piano,CS517,ACCEPT,default,5080fdbc
piano,CS518,ACCEPT,wide,5080fdbc
piano,CS519,ACCEPT,wide,5080fdbc
piano,CS520,ACCEPT,default,5080fdbc
piano,CS521,ACCEPT,wide,5080fdbc
piano,CS522,ACCEPT,wide,5080fdbc
piano,CS524,ACCEPT,wide,5080fdbc
piano,CS526,ACCEPT,wide,5080fdbc
piano,CS527,ACCEPT,wide,5080fdbc
piano,CS528,ACCEPT,wide,5080fdbc
piano,CS531,ACCEPT,wide,5080fdbc
piano,CS532,ACCEPT,wide,5080fdbc
piano,CS533,ACCEPT,wide,5080fdbc
piano,CS542,ACCEPT,wide,5080fdbc
piano,CS543,ACCEPT,wide,5080fdbc
piano,CS601,ACCEPT,wide,5080fdbc
piano,CS602,ACCEPT_DB_MISMATCH,default,5080fdbc
piano,CS604,ACCEPT,wide,5080fdbc
piano,CS605,ACCEPT,default,5080fdbc
piano,CS607,ACCEPT,wide,5080fdbc
piano,CS608,ACCEPT,wide,5080fdbc
piano,CS609,ACCEPT,wide,5080fdbc
piano,CS610,ACCEPT,wide,5080fdbc
piano,CS612,ACCEPT,wide,5080fdbc
piano,CS613,ACCEPT,wide,5080fdbc
piano,CS614,ACCEPT,wide,5080fdbc
piano,CS615,ACCEPT,wide,5080fdbc
piano,CS618,ACCEPT,wide,5080fdbc
piano,CS702,ACCEPT,wide,5080fdbc
piano,CS703,ACCEPT,wide,5080fdbc
piano,CS704,ACCEPT,wide,5080fdbc
piano,CS705,ACCEPT,wide,5080fdbc
piano,CS706,ACCEPT,wide,5080fdbc
piano,CS707,ACCEPT,wide,5080fdbc
piano,CS708,ACCEPT,wide,5080fdbc
piano,CS710,ACCEPT,wide,5080fdbc
piano,CS713,ACCEPT,wide,5080fdbc
piano,CS714,ACCEPT,default,5080fdbc
piano,CS715,ACCEPT,wide,5080fdbc
piano,CS717,ACCEPT,wide,5080fdbc
piano,CS718,ACCEPT,wide,5080fdbc
piano,CS719,ACCEPT,default,5080fdbc
piano,CS722,ACCEPT,default,5080fdbc
piano,CS723,ACCEPT,default,5080fdbc
piano,CS724,ACCEPT,wide,5080fdbc
piano,CS725,ACCEPT,wide,5080fdbc
piano,CS726,ACCEPT,wide,5080fdbc
piano,CS727,ACCEPT,wide,5080fdbc
piano,CS728,ACCEPT,wide,5080fdbc
piano,CS729,ACCEPT,wide,5080fdbc
piano,CS730,ACCEPT,wide,5080fdbc
piano,CS731,ACCEPT,wide,5080fdbc
piano,CS732,ACCEPT,wide,5080fdbc
piano,CS733,ACCEPT,wide,5080fdbc
piano,CS734,ACCEPT,wide,5080fdbc
piano,CS735,ACCEPT,default,5080fdbc
piano,CS736,ACCEPT,wide,5080fdbc
piano,CS737,ACCEPT,default,5080fdbc
piano,CS738,ACCEPT,wide,5080fdbc
piano,CS739,ACCEPT,wide,5080fdbc
piano,CS740,ACCEPT,wide,5080fdbc
piano,CS741,ACCEPT,wide,5080fdbc
piano,CS742,ACCEPT,wide,5080fdbc
piano,CS743,ACCEPT,wide,5080fdbc
piano,CS745,ACCEPT,wide,5080fdbc
piano,CS746,ACCEPT,wide,5080fdbc
piano,CS747,ACCEPT,wide,5080fdbc
piano,CS748,ACCEPT,wide,5080fdbc
piano,CS749,ACCEPT,wide,5080fdbc
piano,CS750,ACCEPT,wide,5080fdbc
piano,CS751,ACCEPT,wide,5080fdbc
piano,CS752,ACCEPT,wide,5080fdbc
piano,CS761,ACCEPT,wide,5080fdbc
piano,CS762,ACCEPT,default,5080fdbc
piano,CS801,ACCEPT,wide,5080fdbc
piano,CS802,ACCEPT,wide,5080fdbc
piano,CS803,ACCEPT,wide,5080fdbc
piano,CS804,ACCEPT,wide,5080fdbc
piano,CS805,ACCEPT,wide,5080fdbc
piano,CS807,ACCEPT,wide,5080fdbc
piano,CS808,ACCEPT,wide,5080fdbc
piano,CS809,ACCEPT,wide,5080fdbc
piano,CS811,ACCEPT,default,5080fdbc
piano,CS813,ACCEPT,wide,5080fdbc
piano,CS814,ACCEPT,wide,5080fdbc
piano,CS816,ACCEPT,wide,5080fdbc
piano,CS817,ACCEPT,wide,5080fdbc
piano,CS819,ACCEPT,wide,5080fdbc
piano,CS820,ACCEPT,wide,5080fdbc
piano,CS821,ACCEPT,wide,5080fdbc
piano,CS822,ACCEPT_DB_MISMATCH,wide,5080fdbc
piano,CS823,ACCEPT,wide,5080fdbc
piano,CS824,ACCEPT,wide,5080fdbc
piano,CS826,ACCEPT,wide,5080fdbc
piano,CS827,ACCEPT,wide,5080fdbc
piano,CS828,ACCEPT,wide,5080fdbc
piano,CS829,ACCEPT,wide,5080fdbc
piano,CS830,ACCEPT,wide,5080fdbc
piano,CS831,ACCEPT,wide,5080fdbc
piano,CS832,ACCEPT_DB_MISMATCH,wide,5080fdbc
piano,CS833,ACCEPT,default,5080fdbc
piano,CS835,ACCEPT,wide,5080fdbc
piano,CS836,ACCEPT,wide,5080fdbc
piano,CS837,ACCEPT,wide,5080fdbc
piano,CS838,ACCEPT,wide,5080fdbc
piano,CS839,ACCEPT,wide,5080fdbc
piano,CS840,ACCEPT,wide,5080fdbc
piano,CS841,ACCEPT,wide,5080fdbc
piano,CS842,ACCEPT,wide,5080fdbc
piano,CS843,ACCEPT,wide,5080fdbc
piano,CS844,ACCEPT,wide,5080fdbc
piano,CS845,ACCEPT,wide,5080fdbc
piano,CS846,ACCEPT,wide,5080fdbc
piano,CS847,ACCEPT,default,5080fdbc
piano,CS848,ACCEPT,wide,5080fdbc
piano,CS849,ACCEPT,wide,5080fdbc
piano,CS860,ACCEPT,default,5080fdbc
piano,CS861,ACCEPT,wide,5080fdbc
piano,CS862,ACCEPT,wide,5080fdbc
piano,CS863,ACCEPT,wide,5080fdbc
piano,CS864,ACCEPT,wide,5080fdbc
piano,CS865,ACCEPT,wide,5080fdbc
piano,CS866,ACCEPT,wide,5080fdbc
piano,CS867,ACCEPT,default,5080fdbc
piano,CS870,ACCEPT,wide,5080fdbc
piano,CS871,ACCEPT,wide,5080fdbc
piano,CS872,ACCEPT,wide,5080fdbc
piano,CS873,ACCEPT,wide,5080fdbc
piano,CS874,ACCEPT,wide,5080fdbc
piano,CS875,ACCEPT,wide,5080fdbc
piano,CS878,ACCEPT,wide,5080fdbc
piano,CS879,ACCEPT,wide,5080fdbc
piano,CS880,ACCEPT,wide,5080fdbc
piano,CS902,ACCEPT,wide,5080fdbc
piano,CS903,ACCEPT,wide,5080fdbc
piano,CS904,ACCEPT,wide,5080fdbc
piano,CS906,ACCEPT,wide,5080fdbc
piano,CS907,ACCEPT,wide,5080fdbc
piano,CS908,ACCEPT,wide,5080fdbc
piano,CS910,ACCEPT,wide,5080fdbc
piano,CS911,ACCEPT,wide,5080fdbc
piano,CS913,ACCEPT,wide,5080fdbc
piano,CS926,ACCEPT,default,5080fdbc
piano,CS927,ACCEPT,wide,5080fdbc
piano,CS928,ACCEPT,wide,5080fdbc
piano,E1,ACCEPT,wide,5080fdbc
piano,E10,ACCEPT,wide,5080fdbc
piano,E100,ACCEPT,wide,5080fdbc
piano,E1000,ACCEPT,wide,5080fdbc
piano,E1001,ACCEPT,default,5080fdbc
piano,E1002,ACCEPT,wide,5080fdbc
piano,E1003,ACCEPT,default,5080fdbc
piano,E1004,ACCEPT,wide,5080fdbc
piano,E1005,ACCEPT,wide,5080fdbc
piano,E1006,ACCEPT,wide,5080fdbc
piano,E1007,ACCEPT,default,5080fdbc
piano,E1008,ACCEPT,wide,5080fdbc
piano,E1009,ACCEPT,default,5080fdbc
piano,E101,ACCEPT,wide,5080fdbc
piano,E1010,ACCEPT,wide,5080fdbc
piano,E1011,ACCEPT,wide,5080fdbc
piano,E1012,ACCEPT,wide,5080fdbc
piano,E1013,ACCEPT,wide,5080fdbc
piano,E1014,ACCEPT,wide,5080fdbc
piano,E1015,ACCEPT,wide,5080fdbc
piano,E1016,ACCEPT,wide,5080fdbc
piano,E1017,ACCEPT,wide,5080fdbc
piano,E1018,ACCEPT,wide,5080fdbc
piano,E1019,ACCEPT,wide,5080fdbc
piano,E102,ACCEPT,wide,5080fdbc
piano,E1020,ACCEPT,wide,5080fdbc
piano,E1021,ACCEPT,wide,5080fdbc
piano,E1022,ACCEPT,wide,5080fdbc
piano,E1023,ACCEPT,wide,5080fdbc
piano,E1024,ACCEPT,default,5080fdbc
piano,E1025,ACCEPT,wide,5080fdbc
piano,E1026,ACCEPT,wide,5080fdbc
piano,E1027,ACCEPT,wide,5080fdbc
piano,E1028,ACCEPT,wide,5080fdbc
piano,E1029,ACCEPT,default,5080fdbc
piano,E103,ACCEPT,wide,5080fdbc
piano,E1030,ACCEPT,wide,5080fdbc
piano,E1031,ACCEPT,wide,5080fdbc
piano,E1032,ACCEPT,wide,5080fdbc
piano,E1033,ACCEPT,wide,5080fdbc
piano,E1034,ACCEPT,wide,5080fdbc
piano,E1035,ACCEPT,default,5080fdbc
piano,E1036,ACCEPT,wide,5080fdbc
piano,E1037,ACCEPT,wide,5080fdbc
piano,E1038,ACCEPT,wide,5080fdbc
piano,E1039,ACCEPT,wide,5080fdbc
piano,E104,ACCEPT,wide,5080fdbc
piano,E1040,ACCEPT,wide,5080fdbc
piano,E1041,ACCEPT,wide,5080fdbc
piano,E1042,ACCEPT,wide,5080fdbc
piano,E1043,ACCEPT,default,5080fdbc
piano,E1044,ACCEPT,wide,5080fdbc
piano,E1045,ACCEPT,wide,5080fdbc
piano,E1046,ACCEPT,default,5080fdbc
piano,E1047,ACCEPT,wide,5080fdbc
piano,E1048,ACCEPT,wide,5080fdbc
piano,E1049,ACCEPT,wide,5080fdbc
piano,E105,ACCEPT,wide,5080fdbc
piano,E1050,ACCEPT,wide,5080fdbc
piano,E1051,ACCEPT,wide,5080fdbc
piano,E1052,ACCEPT,wide,5080fdbc
piano,E1053,ACCEPT,wide,5080fdbc
piano,E1054,ACCEPT,wide,5080fdbc
piano,E1055,ACCEPT,wide,5080fdbc
piano,E1056,ACCEPT,wide,5080fdbc
piano,E1057,ACCEPT,wide,5080fdbc
piano,E1058,ACCEPT,wide,5080fdbc
piano,E1059,ACCEPT,wide,5080fdbc
piano,E106,ACCEPT,wide,5080fdbc
piano,E1060,ACCEPT,wide,5080fdbc
piano,E1061,ACCEPT,wide,5080fdbc
piano,E1062,ACCEPT,wide,5080fdbc
piano,E1063,ACCEPT,wide,5080fdbc
piano,E1064,ACCEPT,wide,5080fdbc
piano,E1065,ACCEPT,wide,5080fdbc
piano,E1066,ACCEPT,wide,5080fdbc
piano,E1067,ACCEPT,default,5080fdbc
piano,E1068,ACCEPT,default,5080fdbc
piano,E1069,ACCEPT,wide,5080fdbc
piano,E107,ACCEPT,wide,5080fdbc
piano,E1070,ACCEPT,wide,5080fdbc
piano,E1071,ACCEPT,wide,5080fdbc
piano,E1072,ACCEPT,wide,5080fdbc
piano,E1073,ACCEPT,wide,5080fdbc
piano,E1074,ACCEPT,wide,5080fdbc
piano,E1075,ACCEPT,wide,5080fdbc
piano,E1077,ACCEPT,wide,5080fdbc
piano,E1078,ACCEPT,default,5080fdbc
piano,E1079,ACCEPT,default,5080fdbc
piano,E108,ACCEPT,wide,5080fdbc
piano,E1080,ACCEPT,wide,5080fdbc
piano,E1081,ACCEPT,wide,5080fdbc
piano,E1082,ACCEPT,default,5080fdbc
piano,E1083,ACCEPT,default,5080fdbc
piano,E1084,ACCEPT,wide,5080fdbc
piano,E1085,ACCEPT,default,5080fdbc
piano,E1086,ACCEPT,wide,5080fdbc
piano,E1087,ACCEPT,wide,5080fdbc
piano,E1088,ACCEPT,wide,5080fdbc
piano,E1089,ACCEPT,wide,5080fdbc
piano,E109,ACCEPT,wide,5080fdbc
piano,E1090,ACCEPT,wide,5080fdbc
piano,E1091,ACCEPT,default,5080fdbc
piano,E1092,ACCEPT,wide,5080fdbc
piano,E1093,ACCEPT,wide,5080fdbc
piano,E1094,ACCEPT,wide,5080fdbc
piano,E1095,ACCEPT,wide,5080fdbc
piano,E1096,ACCEPT,wide,5080fdbc
piano,E1097,ACCEPT,wide,5080fdbc
piano,E1098,ACCEPT,wide,5080fdbc
piano,E1099,ACCEPT,wide,5080fdbc
piano,E11,ACCEPT,wide,5080fdbc
piano,E110,ACCEPT,wide,5080fdbc
piano,E1100,ACCEPT,wide,5080fdbc
piano,E1101,ACCEPT,default,5080fdbc
piano,E1102,ACCEPT,wide,5080fdbc
piano,E1103,ACCEPT,wide,5080fdbc
piano,E1104,ACCEPT,default,5080fdbc
piano,E1105,ACCEPT,wide,5080fdbc
piano,E1106,ACCEPT,wide,5080fdbc
piano,E1107,ACCEPT,wide,5080fdbc
piano,E1108,ACCEPT,wide,5080fdbc
piano,E1109,ACCEPT,wide,5080fdbc
piano,E111,ACCEPT,wide,5080fdbc
piano,E1110,ACCEPT,wide,5080fdbc
piano,E1111,ACCEPT,wide,5080fdbc
piano,E1112,ACCEPT,wide,5080fdbc
piano,E1113,ACCEPT,default,5080fdbc
piano,E1114,ACCEPT,wide,5080fdbc
piano,E1115,ACCEPT,default,5080fdbc
piano,E1116,ACCEPT,default,5080fdbc
piano,E1117,ACCEPT,wide,5080fdbc
piano,E1118,ACCEPT_DB_MISMATCH,default,5080fdbc
piano,E1119,ACCEPT,wide,5080fdbc
piano,E112,ACCEPT,wide,5080fdbc
piano,E1120,ACCEPT,wide,5080fdbc
piano,E1121,ACCEPT,wide,5080fdbc
piano,E1122,ACCEPT,wide,5080fdbc
piano,E1123,ACCEPT,wide,5080fdbc
piano,E1124,ACCEPT,wide,5080fdbc
piano,E1125,ACCEPT,wide,5080fdbc
piano,E1126,ACCEPT,wide,5080fdbc
piano,E1127,ACCEPT,wide,5080fdbc
piano,E1128,ACCEPT,default,5080fdbc
piano,E1129,ACCEPT,wide,5080fdbc
piano,E113,ACCEPT,wide,5080fdbc
piano,E1130,ACCEPT,wide,5080fdbc
piano,E1131,ACCEPT,default,5080fdbc
piano,E1132,ACCEPT,wide,5080fdbc
piano,E1133,ACCEPT,default,5080fdbc
piano,E1134,ACCEPT,wide,5080fdbc
piano,E1135,ACCEPT,default,5080fdbc
piano,E1136,ACCEPT,wide,5080fdbc
piano,E1137,ACCEPT,wide,5080fdbc
piano,E1138,ACCEPT,wide,5080fdbc
piano,E1139,ACCEPT,wide,5080fdbc
piano,E114,ACCEPT,wide,5080fdbc
piano,E1140,ACCEPT,wide,5080fdbc
piano,E1141,ACCEPT,wide,5080fdbc
piano,E1142,ACCEPT,wide,5080fdbc
piano,E1143,ACCEPT,wide,5080fdbc
piano,E1144,ACCEPT,wide,5080fdbc
piano,E1145,ACCEPT,wide,5080fdbc
piano,E1146,ACCEPT,wide,5080fdbc
piano,E1147,ACCEPT,wide,5080fdbc
piano,E1148,ACCEPT,default,5080fdbc
piano,E1149,ACCEPT,wide,5080fdbc
piano,E115,ACCEPT,wide,5080fdbc
piano,E1150,ACCEPT,wide,5080fdbc
piano,E1151,ACCEPT,default,5080fdbc
piano,E1152,ACCEPT,default,5080fdbc
piano,E1153,ACCEPT,wide,5080fdbc
piano,E1154,ACCEPT,wide,5080fdbc
piano,E1155,ACCEPT,wide,5080fdbc
piano,E1156,ACCEPT,wide,5080fdbc
piano,E1157,ACCEPT,wide,5080fdbc
piano,E1158,ACCEPT,wide,5080fdbc
piano,E1159,ACCEPT,wide,5080fdbc
piano,E116,ACCEPT,wide,5080fdbc
piano,E1160,ACCEPT,wide,5080fdbc
piano,E1161,ACCEPT,wide,5080fdbc
piano,E1162,ACCEPT,wide,5080fdbc
piano,E1163,ACCEPT,wide,5080fdbc
piano,E1164,ACCEPT,wide,5080fdbc
piano,E1165,ACCEPT,wide,5080fdbc
piano,E1166,ACCEPT,wide,5080fdbc
piano,E1167,ACCEPT,default,5080fdbc
piano,E1168,ACCEPT,default,5080fdbc
piano,E1169,ACCEPT,wide,5080fdbc
piano,E117,ACCEPT,wide,5080fdbc
piano,E1170,ACCEPT,default,5080fdbc
piano,E1171,ACCEPT,wide,5080fdbc
piano,E1172,ACCEPT,default,5080fdbc
piano,E1173,ACCEPT,wide,5080fdbc
piano,E1174,ACCEPT,wide,5080fdbc
piano,E1175,ACCEPT,wide,5080fdbc
piano,E1176,ACCEPT,wide,5080fdbc
piano,E1177,ACCEPT,default,5080fdbc
piano,E1178,ACCEPT,default,5080fdbc
piano,E1179,ACCEPT,wide,5080fdbc
piano,E118,ACCEPT,wide,5080fdbc
piano,E1180,ACCEPT,default,5080fdbc
piano,E1181,ACCEPT,wide,5080fdbc
piano,E1182,ACCEPT,wide,5080fdbc
piano,E1183,ACCEPT,wide,5080fdbc
piano,E1184,ACCEPT,wide,5080fdbc
piano,E1185,ACCEPT,wide,5080fdbc
piano,E1186,ACCEPT,wide,5080fdbc
piano,E1187,ACCEPT,wide,5080fdbc
piano,E1188,ACCEPT,wide,5080fdbc
piano,E1189,ACCEPT,wide,5080fdbc
piano,E119,ACCEPT,wide,5080fdbc
piano,E1190,ACCEPT,default,5080fdbc
piano,E1191,ACCEPT,default,5080fdbc
piano,E1192,ACCEPT,wide,5080fdbc
piano,E1193,ACCEPT,wide,5080fdbc
piano,E1194,ACCEPT,default,5080fdbc
piano,E1195,ACCEPT,wide,5080fdbc
piano,E1196,ACCEPT,wide,5080fdbc
piano,E1197,ACCEPT,default,5080fdbc
piano,E1198,ACCEPT,wide,5080fdbc
piano,E1199,ACCEPT,default,5080fdbc
piano,E12,ACCEPT,wide,5080fdbc
piano,E120,ACCEPT,wide,5080fdbc
piano,E1200,ACCEPT,wide,5080fdbc
piano,E1201,ACCEPT,wide,5080fdbc
piano,E1202,ACCEPT,wide,5080fdbc
piano,E1203,ACCEPT,wide,5080fdbc
piano,E1204,ACCEPT,wide,5080fdbc
piano,E1205,ACCEPT,wide,5080fdbc
piano,E1206,ACCEPT,wide,5080fdbc
piano,E1207,ACCEPT,wide,5080fdbc
piano,E1208,ACCEPT,wide,5080fdbc
piano,E1209,ACCEPT,wide,5080fdbc
piano,E121,ACCEPT,wide,5080fdbc
piano,E1210,ACCEPT,default,5080fdbc
piano,E1211,ACCEPT,wide,5080fdbc
piano,E1212,ACCEPT,wide,5080fdbc
piano,E1213,ACCEPT,wide,5080fdbc
piano,E1214,ACCEPT,wide,5080fdbc
piano,E1215,ACCEPT,wide,5080fdbc
piano,E1216,ACCEPT,wide,5080fdbc
piano,E1217,ACCEPT,wide,5080fdbc
piano,E1218,ACCEPT,wide,5080fdbc
piano,E1219,ACCEPT,default,5080fdbc
piano,E122,ACCEPT,wide,5080fdbc
piano,E1220,ACCEPT,wide,5080fdbc
piano,E1221,ACCEPT,wide,5080fdbc
piano,E1222,ACCEPT,default,5080fdbc
piano,E1223,ACCEPT,wide,5080fdbc
piano,E1224,ACCEPT,wide,5080fdbc
piano,E1225,ACCEPT,wide,5080fdbc
piano,E1226,ACCEPT,default,5080fdbc
piano,E1227,ACCEPT,wide,5080fdbc
piano,E1228,ACCEPT,wide,5080fdbc
piano,E1229,ACCEPT,wide,5080fdbc
piano,E123,ACCEPT,wide,5080fdbc
piano,E1230,ACCEPT,wide,5080fdbc
piano,E1231,ACCEPT,wide,5080fdbc
piano,E1232,ACCEPT,wide,5080fdbc
piano,E1233,ACCEPT,default,5080fdbc
piano,E1234,ACCEPT,default,5080fdbc
piano,E1235,ACCEPT,wide,5080fdbc
piano,E1236,ACCEPT,default,5080fdbc
piano,E1237,ACCEPT,default,5080fdbc
piano,E1238,ACCEPT,wide,5080fdbc
piano,E1239,ACCEPT,wide,5080fdbc
piano,E124,ACCEPT,wide,5080fdbc
piano,E1240,ACCEPT,default,5080fdbc
piano,E1241,ACCEPT,default,5080fdbc
piano,E1242,ACCEPT,default,5080fdbc
piano,E1243,ACCEPT,default,5080fdbc
piano,E1244,ACCEPT,wide,5080fdbc
piano,E1245,ACCEPT,wide,5080fdbc
piano,E1246,ACCEPT,wide,5080fdbc
piano,E1247,ACCEPT,wide,5080fdbc
piano,E1248,ACCEPT,wide,5080fdbc
piano,E1249,ACCEPT,wide,5080fdbc
piano,E125,ACCEPT,wide,5080fdbc
piano,E1250,ACCEPT,wide,5080fdbc
piano,E1251,ACCEPT,default,5080fdbc
piano,E1252,ACCEPT,wide,5080fdbc
piano,E1253,ACCEPT,wide,5080fdbc
piano,E1254,ACCEPT,default,5080fdbc
piano,E1255,ACCEPT,wide,5080fdbc
piano,E1256,ACCEPT,wide,5080fdbc
piano,E1257,ACCEPT,default,5080fdbc
piano,E1258,ACCEPT,wide,5080fdbc
piano,E1259,ACCEPT,default,5080fdbc
piano,E126,ACCEPT,wide,5080fdbc
piano,E1260,ACCEPT_DB_MISMATCH,wide,5080fdbc
piano,E1262,ACCEPT,wide,5080fdbc
piano,E1263,ACCEPT,wide,5080fdbc
piano,E1264,ACCEPT,wide,5080fdbc
piano,E1265,ACCEPT,wide,5080fdbc
piano,E1266,ACCEPT,default,5080fdbc
piano,E1267,ACCEPT,wide,5080fdbc
piano,E1268,ACCEPT,wide,5080fdbc
piano,E1269,ACCEPT,wide,5080fdbc
piano,E127,ACCEPT,wide,5080fdbc
piano,E1270,ACCEPT,wide,5080fdbc
piano,E1271,ACCEPT,default,5080fdbc
piano,E1272,ACCEPT,wide,5080fdbc
piano,E1273,ACCEPT,default,5080fdbc
piano,E1274,ACCEPT,wide,5080fdbc
piano,E1275,ACCEPT,wide,5080fdbc
piano,E1276,ACCEPT,wide,5080fdbc
piano,E1277,ACCEPT,wide,5080fdbc
piano,E1278,ACCEPT,wide,5080fdbc
piano,E1279,ACCEPT,wide,5080fdbc
piano,E128,ACCEPT,wide,5080fdbc
piano,E1280,ACCEPT,wide,5080fdbc
piano,E1281,ACCEPT,wide,5080fdbc
piano,E1282,ACCEPT,default,5080fdbc
piano,E1283,ACCEPT,wide,5080fdbc
piano,E1284,ACCEPT,wide,5080fdbc
piano,E1285,ACCEPT,wide,5080fdbc
piano,E1286,ACCEPT,default,5080fdbc
piano,E1287,ACCEPT,default,5080fdbc
piano,E1288,ACCEPT,wide,5080fdbc
piano,E1289,ACCEPT,default,5080fdbc
piano,E129,ACCEPT,wide,5080fdbc
piano,E1290,ACCEPT,wide,5080fdbc
piano,E1291,ACCEPT,default,5080fdbc
piano,E1292,ACCEPT,wide,5080fdbc
piano,E1293,ACCEPT,wide,5080fdbc
piano,E1294,ACCEPT,default,5080fdbc
piano,E1295,ACCEPT,wide,5080fdbc
piano,E1296,ACCEPT,wide,5080fdbc
piano,E1297,ACCEPT,wide,5080fdbc
piano,E1298,ACCEPT,wide,5080fdbc
piano,E1299,ACCEPT,wide,5080fdbc
piano,E13,ACCEPT,wide,5080fdbc
piano,E130,ACCEPT,wide,5080fdbc
piano,E1300,ACCEPT,wide,5080fdbc
piano,E1301,ACCEPT,wide,5080fdbc
piano,E1302,ACCEPT,wide,5080fdbc
piano,E1303,ACCEPT,wide,5080fdbc
piano,E1304,ACCEPT,default,5080fdbc
piano,E1305,ACCEPT,default,5080fdbc
piano,E1306,ACCEPT,wide,5080fdbc
piano,E1307,ACCEPT,default,5080fdbc
piano,E1308,ACCEPT,wide,5080fdbc
piano,E1309,ACCEPT,wide,5080fdbc
piano,E131,ACCEPT,default,5080fdbc
piano,E1310,ACCEPT,wide,5080fdbc
piano,E1311,ACCEPT,default,5080fdbc
piano,E1312,ACCEPT,default,5080fdbc
piano,E1313,ACCEPT,default,5080fdbc
piano,E1314,ACCEPT,wide,5080fdbc
piano,E1315,ACCEPT,wide,5080fdbc
piano,E1316,ACCEPT,default,5080fdbc
piano,E1317,ACCEPT,default,5080fdbc
piano,E1318,ACCEPT,default,5080fdbc
piano,E1319,ACCEPT,wide,5080fdbc
piano,E132,ACCEPT,wide,5080fdbc
piano,E1320,ACCEPT,default,5080fdbc
piano,E1321,ACCEPT,wide,5080fdbc
piano,E1322,ACCEPT,wide,5080fdbc
piano,E1323,ACCEPT,wide,5080fdbc
piano,E1324,ACCEPT,wide,5080fdbc
piano,E1325,ACCEPT,wide,5080fdbc
piano,E1326,ACCEPT,wide,5080fdbc
piano,E1327,ACCEPT,wide,5080fdbc
piano,E1328,ACCEPT,default,5080fdbc
piano,E1329,ACCEPT,default,5080fdbc
piano,E133,ACCEPT,wide,5080fdbc
piano,E1330,ACCEPT,wide,5080fdbc
piano,E1331,ACCEPT,wide,5080fdbc
piano,E1332,ACCEPT,wide,5080fdbc
piano,E1333,ACCEPT,default,5080fdbc
piano,E1334,ACCEPT,wide,5080fdbc
piano,E1335,ACCEPT,wide,5080fdbc
piano,E1336,ACCEPT,wide,5080fdbc
piano,E1337,ACCEPT,default,5080fdbc
piano,E1338,ACCEPT,default,5080fdbc
piano,E1339,ACCEPT,wide,5080fdbc
piano,E134,ACCEPT,wide,5080fdbc
piano,E1340,ACCEPT,wide,5080fdbc
piano,E1341,ACCEPT,default,5080fdbc
piano,E1342,ACCEPT,wide,5080fdbc
piano,E1343,ACCEPT,wide,5080fdbc
piano,E1344,ACCEPT,wide,5080fdbc
piano,E1345,ACCEPT,default,5080fdbc
piano,E1346,ACCEPT,wide,5080fdbc
piano,E1347,ACCEPT,wide,5080fdbc
piano,E1348,ACCEPT_DB_MISMATCH,wide,5080fdbc
piano,E1349,ACCEPT,default,5080fdbc
piano,E135,ACCEPT,wide,5080fdbc
piano,E1350,ACCEPT,wide,5080fdbc
piano,E1351,ACCEPT,wide,5080fdbc
piano,E1352,ACCEPT,wide,5080fdbc
piano,E1353,ACCEPT,wide,5080fdbc
piano,E1354,ACCEPT,wide,5080fdbc
piano,E1355,ACCEPT,wide,5080fdbc
piano,E1356,ACCEPT,wide,5080fdbc
piano,E1357,ACCEPT,wide,5080fdbc
piano,E1358,ACCEPT,default,5080fdbc
piano,E1359,ACCEPT,wide,5080fdbc
piano,E136,ACCEPT,wide,5080fdbc
piano,E1360,ACCEPT,wide,5080fdbc
piano,E137,ACCEPT,wide,5080fdbc
piano,E138,ACCEPT,wide,5080fdbc
piano,E139,ACCEPT,wide,5080fdbc
piano,E14,ACCEPT_DB_MISMATCH,wide,5080fdbc
piano,E140,ACCEPT,wide,5080fdbc
piano,E1403,ACCEPT,wide,5080fdbc
piano,E1404,ACCEPT,wide,5080fdbc
piano,E141,ACCEPT,wide,5080fdbc
piano,E142,ACCEPT,wide,5080fdbc
piano,E143,ACCEPT,wide,5080fdbc
piano,E144,ACCEPT,wide,5080fdbc
piano,E145,ACCEPT,wide,5080fdbc
piano,E146,ACCEPT,wide,5080fdbc
piano,E147,ACCEPT,wide,5080fdbc
piano,E148,ACCEPT,wide,5080fdbc
piano,E15,ACCEPT,wide,5080fdbc
piano,E150,ACCEPT,default,5080fdbc
piano,E151,ACCEPT,wide,5080fdbc
piano,E152,ACCEPT,wide,5080fdbc
piano,E153,ACCEPT,wide,5080fdbc
piano,E154,ACCEPT,wide,5080fdbc
piano,E155,ACCEPT,wide,5080fdbc
piano,E156,ACCEPT,wide,5080fdbc
piano,E157,ACCEPT,wide,5080fdbc
piano,E158,ACCEPT,wide,5080fdbc
piano,E159,ACCEPT,wide,5080fdbc
piano,E16,ACCEPT,wide,5080fdbc
piano,E160,ACCEPT,wide,5080fdbc
piano,E161,ACCEPT,wide,5080fdbc
piano,E162,ACCEPT,wide,5080fdbc
piano,E163,ACCEPT,wide,5080fdbc
piano,E164,ACCEPT,wide,5080fdbc
piano,E165,ACCEPT,wide,5080fdbc
piano,E166,ACCEPT,wide,5080fdbc
piano,E167,ACCEPT,wide,5080fdbc
piano,E168,ACCEPT,default,5080fdbc
piano,E169,ACCEPT,wide,5080fdbc
piano,E17,ACCEPT,wide,5080fdbc
piano,E170,ACCEPT,wide,5080fdbc
piano,E171,ACCEPT,wide,5080fdbc
piano,E172,ACCEPT,wide,5080fdbc
piano,E173,ACCEPT,default,5080fdbc
piano,E174,ACCEPT,default,5080fdbc
piano,E175,ACCEPT,wide,5080fdbc
piano,E176,ACCEPT,wide,5080fdbc
piano,E177,ACCEPT,default,5080fdbc
piano,E178,ACCEPT,wide,5080fdbc
piano,E179,ACCEPT,default,5080fdbc
piano,E18,ACCEPT,wide,5080fdbc
piano,E180,ACCEPT,default,5080fdbc
piano,E181,ACCEPT,wide,5080fdbc
piano,E182,ACCEPT,wide,5080fdbc
piano,E183,ACCEPT,wide,5080fdbc
piano,E184,ACCEPT,wide,5080fdbc
piano,E185,ACCEPT,wide,5080fdbc
piano,E186,ACCEPT,wide,5080fdbc
piano,E187,ACCEPT,wide,5080fdbc
piano,E188,ACCEPT,wide,5080fdbc
piano,E189,ACCEPT,wide,5080fdbc
piano,E19,ACCEPT,default,5080fdbc
piano,E190,ACCEPT,wide,5080fdbc
piano,E191,ACCEPT,wide,5080fdbc
piano,E192,ACCEPT,wide,5080fdbc
piano,E193,ACCEPT,wide,5080fdbc
piano,E194,ACCEPT,wide,5080fdbc
piano,E195,ACCEPT,wide,5080fdbc
piano,E196,ACCEPT,wide,5080fdbc
piano,E197,ACCEPT,wide,5080fdbc
piano,E198,ACCEPT,wide,5080fdbc
piano,E199,ACCEPT,wide,5080fdbc
piano,E2,ACCEPT,wide,5080fdbc
piano,E20,ACCEPT,wide,5080fdbc
piano,E200,ACCEPT,wide,5080fdbc
piano,E201,ACCEPT,wide,5080fdbc
piano,E202,ACCEPT,wide,5080fdbc
piano,E203,ACCEPT,wide,5080fdbc
piano,E204,ACCEPT,wide,5080fdbc
piano,E205,ACCEPT,wide,5080fdbc
piano,E206,ACCEPT,wide,5080fdbc
piano,E207,ACCEPT,wide,5080fdbc
piano,E208,ACCEPT,wide,5080fdbc
piano,E209,ACCEPT,wide,5080fdbc
piano,E21,ACCEPT,default,5080fdbc
piano,E210,ACCEPT,default,5080fdbc
piano,E211,ACCEPT,wide,5080fdbc
piano,E212,ACCEPT,wide,5080fdbc
piano,E213,ACCEPT,wide,5080fdbc
piano,E214,ACCEPT,wide,5080fdbc
piano,E215,ACCEPT,wide,5080fdbc
piano,E216,ACCEPT,wide,5080fdbc
piano,E217,ACCEPT,wide,5080fdbc
piano,E218,ACCEPT,wide,5080fdbc
piano,E219,ACCEPT,wide,5080fdbc
piano,E22,ACCEPT,wide,5080fdbc
piano,E220,ACCEPT,wide,5080fdbc
piano,E221,ACCEPT,wide,5080fdbc
piano,E222,ACCEPT,wide,5080fdbc
piano,E223,ACCEPT,wide,5080fdbc
piano,E224,ACCEPT,wide,5080fdbc
piano,E225,ACCEPT,wide,5080fdbc
piano,E226,ACCEPT,wide,5080fdbc
piano,E227,ACCEPT,wide,5080fdbc
piano,E228,ACCEPT,wide,5080fdbc
piano,E229,ACCEPT,wide,5080fdbc
piano,E23,ACCEPT,wide,5080fdbc
piano,E230,ACCEPT,wide,5080fdbc
piano,E231,ACCEPT,wide,5080fdbc
piano,E232,ACCEPT,wide,5080fdbc
piano,E233,ACCEPT,wide,5080fdbc
piano,E234,ACCEPT,wide,5080fdbc
piano,E235,ACCEPT,default,5080fdbc
piano,E236,ACCEPT,wide,5080fdbc
piano,E237,ACCEPT,wide,5080fdbc
piano,E238,ACCEPT,wide,5080fdbc
piano,E239,ACCEPT,wide,5080fdbc
piano,E24,ACCEPT,wide,5080fdbc
piano,E240,ACCEPT,wide,5080fdbc
piano,E241,ACCEPT,wide,5080fdbc
piano,E242,ACCEPT,wide,5080fdbc
piano,E243,ACCEPT,wide,5080fdbc
piano,E244,ACCEPT,wide,5080fdbc
piano,E245,ACCEPT,default,5080fdbc
piano,E246,ACCEPT,wide,5080fdbc
piano,E247,ACCEPT,wide,5080fdbc
piano,E248,ACCEPT,default,5080fdbc
piano,E249,ACCEPT,wide,5080fdbc
piano,E25,ACCEPT,wide,5080fdbc
piano,E250,ACCEPT,wide,5080fdbc
piano,E251,ACCEPT,wide,5080fdbc
piano,E252,ACCEPT,wide,5080fdbc
piano,E253,ACCEPT,wide,5080fdbc
piano,E254,ACCEPT,wide,5080fdbc
piano,E255,ACCEPT,wide,5080fdbc
piano,E256,ACCEPT,default,5080fdbc
piano,E257,ACCEPT,wide,5080fdbc
piano,E258,ACCEPT,wide,5080fdbc
piano,E259,ACCEPT,wide,5080fdbc
piano,E26,ACCEPT,wide,5080fdbc
piano,E260,ACCEPT,wide,5080fdbc
piano,E261,ACCEPT,wide,5080fdbc
piano,E262,ACCEPT,wide,5080fdbc
piano,E263,ACCEPT,default,5080fdbc
piano,E264,ACCEPT,wide,5080fdbc
piano,E265,ACCEPT,wide,5080fdbc
piano,E266,ACCEPT,wide,5080fdbc
piano,E267,ACCEPT,wide,5080fdbc
piano,E268,ACCEPT,wide,5080fdbc
piano,E269,ACCEPT,wide,5080fdbc
piano,E27,ACCEPT,wide,5080fdbc
piano,E270,ACCEPT,wide,5080fdbc
piano,E271,ACCEPT,wide,5080fdbc
piano,E272,ACCEPT,wide,5080fdbc
piano,E273,ACCEPT,wide,5080fdbc
piano,E274,ACCEPT,wide,5080fdbc
piano,E275,ACCEPT,wide,5080fdbc
piano,E276,ACCEPT,wide,5080fdbc
piano,E277,ACCEPT,wide,5080fdbc
piano,E278,ACCEPT,wide,5080fdbc
piano,E279,ACCEPT,default,5080fdbc
piano,E28,ACCEPT,wide,5080fdbc
piano,E280,ACCEPT,wide,5080fdbc
piano,E281,ACCEPT,default,5080fdbc
piano,E282,ACCEPT,wide,5080fdbc
piano,E283,ACCEPT,wide,5080fdbc
piano,E284,ACCEPT,wide,5080fdbc
piano,E285,ACCEPT,wide,5080fdbc
piano,E286,ACCEPT,default,5080fdbc
piano,E287,ACCEPT,wide,5080fdbc
piano,E288,ACCEPT,wide,5080fdbc
piano,E289,ACCEPT,wide,5080fdbc
piano,E29,ACCEPT,wide,5080fdbc
piano,E290,ACCEPT,wide,5080fdbc
piano,E291,ACCEPT,wide,5080fdbc
piano,E292,ACCEPT,wide,5080fdbc
piano,E293,ACCEPT,wide,5080fdbc
piano,E294,ACCEPT,default,5080fdbc
piano,E295,ACCEPT,wide,5080fdbc
piano,E296,ACCEPT,wide,5080fdbc
piano,E297,ACCEPT,wide,5080fdbc
piano,E298,ACCEPT,wide,5080fdbc
piano,E299,ACCEPT,wide,5080fdbc
piano,E3,ACCEPT,wide,5080fdbc
piano,E30,ACCEPT,wide,5080fdbc
piano,E300,ACCEPT,wide,5080fdbc
piano,E301,ACCEPT,wide,5080fdbc
piano,E302,ACCEPT,default,5080fdbc
piano,E303,ACCEPT,default,5080fdbc
piano,E304,ACCEPT,wide,5080fdbc
piano,E305,ACCEPT,wide,5080fdbc
piano,E306,ACCEPT,wide,5080fdbc
piano,E307,ACCEPT,wide,5080fdbc
piano,E308,ACCEPT,wide,5080fdbc
piano,E309,ACCEPT,default,5080fdbc
piano,E31,ACCEPT,wide,5080fdbc
piano,E310,ACCEPT,wide,5080fdbc
piano,E311,ACCEPT,wide,5080fdbc
piano,E312,ACCEPT,wide,5080fdbc
piano,E313,ACCEPT,wide,5080fdbc
piano,E314,ACCEPT,wide,5080fdbc
piano,E315,ACCEPT,wide,5080fdbc
piano,E316,ACCEPT,wide,5080fdbc
piano,E317,ACCEPT,wide,5080fdbc
piano,E318,ACCEPT,wide,5080fdbc
piano,E319,ACCEPT,wide,5080fdbc
piano,E32,ACCEPT,wide,5080fdbc
piano,E320,ACCEPT,wide,5080fdbc
piano,E321,ACCEPT,wide,5080fdbc
piano,E322,ACCEPT,default,5080fdbc
piano,E323,ACCEPT,wide,5080fdbc
piano,E324,ACCEPT,default,5080fdbc
piano,E325,ACCEPT,wide,5080fdbc
piano,E326,ACCEPT,wide,5080fdbc
piano,E327,ACCEPT,wide,5080fdbc
piano,E328,ACCEPT,wide,5080fdbc
piano,E329,ACCEPT,wide,5080fdbc
piano,E33,ACCEPT,wide,5080fdbc
piano,E330,ACCEPT,wide,5080fdbc
piano,E331,ACCEPT,default,5080fdbc
piano,E332,ACCEPT,wide,5080fdbc
piano,E333,ACCEPT,wide,5080fdbc
piano,E334,ACCEPT,wide,5080fdbc
piano,E335,ACCEPT,wide,5080fdbc
piano,E336,ACCEPT,default,5080fdbc
piano,E337,ACCEPT,wide,5080fdbc
piano,E338,ACCEPT,wide,5080fdbc
piano,E339,ACCEPT,wide,5080fdbc
piano,E34,ACCEPT,wide,5080fdbc
piano,E340,ACCEPT,wide,5080fdbc
piano,E341,ACCEPT,wide,5080fdbc
piano,E342,ACCEPT,wide,5080fdbc
piano,E343,ACCEPT,wide,5080fdbc
piano,E344,ACCEPT,wide,5080fdbc
piano,E345,ACCEPT,wide,5080fdbc
piano,E346,ACCEPT,wide,5080fdbc
piano,E347,ACCEPT,wide,5080fdbc
piano,E348,ACCEPT,wide,5080fdbc
piano,E349,ACCEPT,wide,5080fdbc
piano,E35,ACCEPT,wide,5080fdbc
piano,E350,ACCEPT,wide,5080fdbc
piano,E351,ACCEPT,wide,5080fdbc
piano,E352,ACCEPT,wide,5080fdbc
piano,E353,ACCEPT,default,5080fdbc
piano,E354,ACCEPT,wide,5080fdbc
piano,E355,ACCEPT,wide,5080fdbc
piano,E356,ACCEPT,wide,5080fdbc
piano,E357,ACCEPT,wide,5080fdbc
piano,E358,ACCEPT,wide,5080fdbc
piano,E359,ACCEPT,wide,5080fdbc
piano,E36,ACCEPT,wide,5080fdbc
piano,E360,ACCEPT,wide,5080fdbc
piano,E361,ACCEPT,wide,5080fdbc
piano,E362,ACCEPT,wide,5080fdbc
piano,E363,ACCEPT,wide,5080fdbc
piano,E364,ACCEPT,wide,5080fdbc
piano,E365,ACCEPT,wide,5080fdbc
piano,E366,ACCEPT,wide,5080fdbc
piano,E367,ACCEPT,wide,5080fdbc
piano,E368,ACCEPT,wide,5080fdbc
piano,E369,ACCEPT,wide,5080fdbc
piano,E37,ACCEPT,wide,5080fdbc
piano,E370,ACCEPT,wide,5080fdbc
piano,E371,ACCEPT,wide,5080fdbc
piano,E372,ACCEPT,wide,5080fdbc
piano,E373,ACCEPT,wide,5080fdbc
piano,E374,ACCEPT,wide,5080fdbc
piano,E375,ACCEPT,wide,5080fdbc
piano,E376,ACCEPT,wide,5080fdbc
piano,E377,ACCEPT,wide,5080fdbc
piano,E378,ACCEPT,wide,5080fdbc
piano,E379,ACCEPT,wide,5080fdbc
piano,E38,ACCEPT,wide,5080fdbc
piano,E380,ACCEPT,wide,5080fdbc
piano,E381,ACCEPT,wide,5080fdbc
piano,E382,ACCEPT,wide,5080fdbc
piano,E383,ACCEPT,wide,5080fdbc
piano,E384,ACCEPT,wide,5080fdbc
piano,E385,ACCEPT,wide,5080fdbc
piano,E386,ACCEPT,wide,5080fdbc
piano,E387,ACCEPT,wide,5080fdbc
piano,E388,ACCEPT,wide,5080fdbc
piano,E389,ACCEPT,default,5080fdbc
piano,E39,ACCEPT,wide,5080fdbc
piano,E390,ACCEPT,wide,5080fdbc
piano,E391,ACCEPT,default,5080fdbc
piano,E392,ACCEPT,wide,5080fdbc
piano,E393,ACCEPT,wide,5080fdbc
piano,E394,ACCEPT,wide,5080fdbc
piano,E395,ACCEPT,wide,5080fdbc
piano,E396,ACCEPT,wide,5080fdbc
piano,E397,ACCEPT,wide,5080fdbc
piano,E398,ACCEPT,default,5080fdbc
piano,E399,ACCEPT,wide,5080fdbc
piano,E4,ACCEPT,wide,5080fdbc
piano,E40,ACCEPT,default,5080fdbc
piano,E400,ACCEPT,wide,5080fdbc
piano,E401,ACCEPT,wide,5080fdbc
piano,E402,ACCEPT,wide,5080fdbc
piano,E403,ACCEPT,wide,5080fdbc
piano,E404,ACCEPT,wide,5080fdbc
piano,E405,ACCEPT,wide,5080fdbc
piano,E406,ACCEPT,wide,5080fdbc
piano,E407,ACCEPT,wide,5080fdbc
piano,E408,ACCEPT,wide,5080fdbc
piano,E409,ACCEPT,wide,5080fdbc
piano,E41,ACCEPT,wide,5080fdbc
piano,E410,ACCEPT,wide,5080fdbc
piano,E411,ACCEPT,wide,5080fdbc
piano,E412,ACCEPT,wide,5080fdbc
piano,E413,ACCEPT,wide,5080fdbc
piano,E414,ACCEPT,wide,5080fdbc
piano,E415,ACCEPT,wide,5080fdbc
piano,E416,ACCEPT,wide,5080fdbc
piano,E417,ACCEPT,default,5080fdbc
piano,E418,ACCEPT,default,5080fdbc
piano,E419,ACCEPT,wide,5080fdbc
piano,E42,ACCEPT,wide,5080fdbc
piano,E420,ACCEPT,wide,5080fdbc
piano,E421,ACCEPT,wide,5080fdbc
piano,E422,ACCEPT,wide,5080fdbc
piano,E423,ACCEPT,wide,5080fdbc
piano,E424,ACCEPT,wide,5080fdbc
piano,E425,ACCEPT,wide,5080fdbc
piano,E426,ACCEPT,wide,5080fdbc
piano,E427,ACCEPT,wide,5080fdbc
piano,E428,ACCEPT,wide,5080fdbc
piano,E429,ACCEPT,wide,5080fdbc
piano,E43,ACCEPT,wide,5080fdbc
piano,E430,ACCEPT,wide,5080fdbc
piano,E431,ACCEPT,wide,5080fdbc
piano,E432,ACCEPT,default,5080fdbc
piano,E433,ACCEPT,wide,5080fdbc
piano,E434,ACCEPT,wide,5080fdbc
piano,E435,ACCEPT,wide,5080fdbc
piano,E436,ACCEPT,wide,5080fdbc
piano,E437,ACCEPT,wide,5080fdbc
piano,E438,ACCEPT,wide,5080fdbc
piano,E439,ACCEPT,default,5080fdbc
piano,E44,ACCEPT,wide,5080fdbc
piano,E440,ACCEPT,wide,5080fdbc
piano,E441,ACCEPT,wide,5080fdbc
piano,E442,ACCEPT,default,5080fdbc
piano,E443,ACCEPT,wide,5080fdbc
piano,E444,ACCEPT,wide,5080fdbc
piano,E445,ACCEPT,default,5080fdbc
piano,E446,ACCEPT,wide,5080fdbc
piano,E447,ACCEPT,wide,5080fdbc
piano,E448,ACCEPT,default,5080fdbc
piano,E449,ACCEPT,default,5080fdbc
piano,E45,ACCEPT,wide,5080fdbc
piano,E450,ACCEPT,wide,5080fdbc
piano,E451,ACCEPT,wide,5080fdbc
piano,E452,ACCEPT,wide,5080fdbc
piano,E453,ACCEPT,wide,5080fdbc
piano,E454,ACCEPT,wide,5080fdbc
piano,E455,ACCEPT,wide,5080fdbc
piano,E456,ACCEPT,wide,5080fdbc
piano,E457,ACCEPT,wide,5080fdbc
piano,E458,ACCEPT,wide,5080fdbc
piano,E459,ACCEPT,wide,5080fdbc
piano,E46,ACCEPT,wide,5080fdbc
piano,E460,ACCEPT,wide,5080fdbc
piano,E461,ACCEPT,default,5080fdbc
piano,E462,ACCEPT,wide,5080fdbc
piano,E463,ACCEPT,wide,5080fdbc
piano,E464,ACCEPT,wide,5080fdbc
piano,E465,ACCEPT,wide,5080fdbc
piano,E466,ACCEPT,wide,5080fdbc
piano,E467,ACCEPT,wide,5080fdbc
piano,E468,ACCEPT,wide,5080fdbc
piano,E469,ACCEPT,default,5080fdbc
piano,E47,ACCEPT,wide,5080fdbc
piano,E470,ACCEPT,wide,5080fdbc
piano,E471,ACCEPT,default,5080fdbc
piano,E472,ACCEPT,wide,5080fdbc
piano,E473,ACCEPT,wide,5080fdbc
piano,E474,ACCEPT,wide,5080fdbc
piano,E475,ACCEPT,wide,5080fdbc
piano,E476,ACCEPT,wide,5080fdbc
piano,E477,ACCEPT,wide,5080fdbc
piano,E478,ACCEPT,wide,5080fdbc
piano,E479,ACCEPT,wide,5080fdbc
piano,E48,ACCEPT,wide,5080fdbc
piano,E480,ACCEPT,wide,5080fdbc
piano,E481,ACCEPT,wide,5080fdbc
piano,E482,ACCEPT,wide,5080fdbc
piano,E483,ACCEPT,default,5080fdbc
piano,E484,ACCEPT,wide,5080fdbc
piano,E485,ACCEPT,wide,5080fdbc
piano,E486,ACCEPT,wide,5080fdbc
piano,E487,ACCEPT,wide,5080fdbc
piano,E488,ACCEPT,wide,5080fdbc
piano,E489,ACCEPT,wide,5080fdbc
piano,E49,ACCEPT,wide,5080fdbc
piano,E490,ACCEPT,wide,5080fdbc
piano,E491,ACCEPT,wide,5080fdbc
piano,E492,ACCEPT,wide,5080fdbc
piano,E493,ACCEPT,wide,5080fdbc
piano,E494,ACCEPT,wide,5080fdbc
piano,E495,ACCEPT,wide,5080fdbc
piano,E496,ACCEPT,wide,5080fdbc
piano,E497,ACCEPT,wide,5080fdbc
piano,E498,ACCEPT,wide,5080fdbc
piano,E499,ACCEPT,wide,5080fdbc
piano,E5,ACCEPT,wide,5080fdbc
piano,E50,ACCEPT,wide,5080fdbc
piano,E500,ACCEPT,wide,5080fdbc
piano,E501,ACCEPT,wide,5080fdbc
piano,E502,ACCEPT,wide,5080fdbc
piano,E503,ACCEPT,default,5080fdbc
piano,E504,ACCEPT,wide,5080fdbc
piano,E505,ACCEPT,wide,5080fdbc
piano,E506,ACCEPT,wide,5080fdbc
piano,E507,ACCEPT,wide,5080fdbc
piano,E508,ACCEPT,wide,5080fdbc
piano,E509,ACCEPT,wide,5080fdbc
piano,E51,ACCEPT,wide,5080fdbc
piano,E510,ACCEPT,wide,5080fdbc
piano,E511,ACCEPT,wide,5080fdbc
piano,E512,ACCEPT,wide,5080fdbc
piano,E513,ACCEPT,default,5080fdbc
piano,E514,ACCEPT,default,5080fdbc
piano,E515,ACCEPT,wide,5080fdbc
piano,E516,ACCEPT,wide,5080fdbc
piano,E517,ACCEPT,wide,5080fdbc
piano,E518,ACCEPT,wide,5080fdbc
piano,E519,ACCEPT,wide,5080fdbc
piano,E52,ACCEPT,wide,5080fdbc
piano,E520,ACCEPT,wide,5080fdbc
piano,E521,ACCEPT,wide,5080fdbc
piano,E522,ACCEPT,wide,5080fdbc
piano,E523,ACCEPT,wide,5080fdbc
piano,E524,ACCEPT,wide,5080fdbc
piano,E525,ACCEPT,wide,5080fdbc
piano,E526,ACCEPT,wide,5080fdbc
piano,E527,ACCEPT,wide,5080fdbc
piano,E528,ACCEPT,wide,5080fdbc
piano,E529,ACCEPT,wide,5080fdbc
piano,E53,ACCEPT,wide,5080fdbc
piano,E530,ACCEPT,wide,5080fdbc
piano,E531,ACCEPT,wide,5080fdbc
piano,E532,ACCEPT,wide,5080fdbc
piano,E533,ACCEPT,wide,5080fdbc
piano,E534,ACCEPT,wide,5080fdbc
piano,E535,ACCEPT,wide,5080fdbc
piano,E536,ACCEPT,wide,5080fdbc
piano,E537,ACCEPT,wide,5080fdbc
piano,E538,ACCEPT,wide,5080fdbc
piano,E539,ACCEPT,wide,5080fdbc
piano,E54,ACCEPT,wide,5080fdbc
piano,E540,ACCEPT,wide,5080fdbc
piano,E541,ACCEPT,wide,5080fdbc
piano,E542,ACCEPT,wide,5080fdbc
piano,E543,ACCEPT,wide,5080fdbc
piano,E544,ACCEPT,wide,5080fdbc
piano,E545,ACCEPT,wide,5080fdbc
piano,E546,ACCEPT,wide,5080fdbc
piano,E547,ACCEPT,wide,5080fdbc
piano,E548,ACCEPT,wide,5080fdbc
piano,E549,ACCEPT,wide,5080fdbc
piano,E55,ACCEPT,wide,5080fdbc
piano,E550,ACCEPT,wide,5080fdbc
piano,E551,ACCEPT,wide,5080fdbc
piano,E552,ACCEPT,wide,5080fdbc
piano,E553,ACCEPT,wide,5080fdbc
piano,E554,ACCEPT,wide,5080fdbc
piano,E555,ACCEPT,wide,5080fdbc
piano,E556,ACCEPT,wide,5080fdbc
piano,E557,ACCEPT,wide,5080fdbc
piano,E558,ACCEPT,wide,5080fdbc
piano,E559,ACCEPT,wide,5080fdbc
piano,E56,ACCEPT,wide,5080fdbc
piano,E560,ACCEPT,wide,5080fdbc
piano,E561,ACCEPT,wide,5080fdbc
piano,E562,ACCEPT,wide,5080fdbc
piano,E563,ACCEPT,wide,5080fdbc
piano,E564,ACCEPT,default,5080fdbc
piano,E565,ACCEPT,default,5080fdbc
piano,E566,ACCEPT,wide,5080fdbc
piano,E567,ACCEPT,wide,5080fdbc
piano,E568,ACCEPT,wide,5080fdbc
piano,E569,ACCEPT,wide,5080fdbc
piano,E57,ACCEPT,wide,5080fdbc
piano,E570,ACCEPT,wide,5080fdbc
piano,E571,ACCEPT,wide,5080fdbc
piano,E572,ACCEPT,wide,5080fdbc
piano,E573,ACCEPT,wide,5080fdbc
piano,E574,ACCEPT,default,5080fdbc
piano,E575,ACCEPT,wide,5080fdbc
piano,E576,ACCEPT_DB_MISMATCH,wide,5080fdbc
piano,E577,ACCEPT,wide,5080fdbc
piano,E578,ACCEPT,wide,5080fdbc
piano,E579,ACCEPT,wide,5080fdbc
piano,E58,ACCEPT,wide,5080fdbc
piano,E580,ACCEPT,wide,5080fdbc
piano,E581,ACCEPT,wide,5080fdbc
piano,E582,ACCEPT,default,5080fdbc
piano,E583,ACCEPT,wide,5080fdbc
piano,E584,ACCEPT,wide,5080fdbc
piano,E585,ACCEPT,wide,5080fdbc
piano,E586,ACCEPT,wide,5080fdbc
piano,E587,ACCEPT,wide,5080fdbc
piano,E588,ACCEPT,wide,5080fdbc
piano,E589,ACCEPT,wide,5080fdbc
piano,E59,ACCEPT,wide,5080fdbc
piano,E590,ACCEPT,wide,5080fdbc
piano,E591,ACCEPT,wide,5080fdbc
piano,E592,ACCEPT,default,5080fdbc
piano,E593,ACCEPT,wide,5080fdbc
piano,E594,ACCEPT,wide,5080fdbc
piano,E595,ACCEPT,wide,5080fdbc
piano,E596,ACCEPT,wide,5080fdbc
piano,E597,ACCEPT,wide,5080fdbc
piano,E598,ACCEPT,default,5080fdbc
piano,E599,ACCEPT,wide,5080fdbc
piano,E6,ACCEPT,wide,5080fdbc
piano,E60,ACCEPT,wide,5080fdbc
piano,E600,ACCEPT,wide,5080fdbc
piano,E601,ACCEPT,wide,5080fdbc
piano,E602,ACCEPT,wide,5080fdbc
piano,E603,ACCEPT,wide,5080fdbc
piano,E604,ACCEPT,default,5080fdbc
piano,E605,ACCEPT,default,5080fdbc
piano,E606,ACCEPT,wide,5080fdbc
piano,E607,ACCEPT,wide,5080fdbc
piano,E608,ACCEPT,wide,5080fdbc
piano,E609,ACCEPT,wide,5080fdbc
piano,E61,ACCEPT,wide,5080fdbc
piano,E610,ACCEPT,wide,5080fdbc
piano,E611,ACCEPT,wide,5080fdbc
piano,E612,ACCEPT,wide,5080fdbc
piano,E613,ACCEPT,wide,5080fdbc
piano,E614,ACCEPT,wide,5080fdbc
piano,E615,ACCEPT,wide,5080fdbc
piano,E616,ACCEPT,default,5080fdbc
piano,E617,ACCEPT,wide,5080fdbc
piano,E618,ACCEPT,default,5080fdbc
piano,E619,ACCEPT,wide,5080fdbc
piano,E62,ACCEPT,wide,5080fdbc
piano,E620,ACCEPT,wide,5080fdbc
piano,E621,ACCEPT_DB_MISMATCH,wide,5080fdbc
piano,E622,ACCEPT,wide,5080fdbc
piano,E623,ACCEPT,wide,5080fdbc
piano,E624,ACCEPT,wide,5080fdbc
piano,E625,ACCEPT,wide,5080fdbc
piano,E626,ACCEPT,wide,5080fdbc
piano,E627,ACCEPT,wide,5080fdbc
piano,E628,ACCEPT,wide,5080fdbc
piano,E629,ACCEPT,default,5080fdbc
piano,E63,ACCEPT,wide,5080fdbc
piano,E630,ACCEPT,default,5080fdbc
piano,E631,ACCEPT,wide,5080fdbc
piano,E632,ACCEPT,wide,5080fdbc
piano,E633,ACCEPT,default,5080fdbc
piano,E634,ACCEPT,default,5080fdbc
piano,E635,ACCEPT,default,5080fdbc
piano,E636,ACCEPT,wide,5080fdbc
piano,E637,ACCEPT,wide,5080fdbc
piano,E638,ACCEPT,wide,5080fdbc
piano,E639,ACCEPT,wide,5080fdbc
piano,E64,ACCEPT,wide,5080fdbc
piano,E640,ACCEPT,default,5080fdbc
piano,E641,ACCEPT,wide,5080fdbc
piano,E642,ACCEPT,default,5080fdbc
piano,E643,ACCEPT,wide,5080fdbc
piano,E644,ACCEPT,wide,5080fdbc
piano,E645,ACCEPT,default,5080fdbc
piano,E646,ACCEPT,wide,5080fdbc
piano,E647,ACCEPT,wide,5080fdbc
piano,E648,ACCEPT,wide,5080fdbc
piano,E649,ACCEPT,wide,5080fdbc
piano,E65,ACCEPT,wide,5080fdbc
piano,E650,ACCEPT,wide,5080fdbc
piano,E651,ACCEPT,wide,5080fdbc
piano,E652,ACCEPT,default,5080fdbc
piano,E653,ACCEPT,wide,5080fdbc
piano,E654,ACCEPT,default,5080fdbc
piano,E655,ACCEPT,wide,5080fdbc
piano,E656,ACCEPT,wide,5080fdbc
piano,E657,ACCEPT,wide,5080fdbc
piano,E658,ACCEPT,wide,5080fdbc
piano,E659,ACCEPT,default,5080fdbc
piano,E66,ACCEPT,wide,5080fdbc
piano,E660,ACCEPT,wide,5080fdbc
piano,E661,ACCEPT,wide,5080fdbc
piano,E662,ACCEPT,wide,5080fdbc
piano,E663,ACCEPT,wide,5080fdbc
piano,E664,ACCEPT,wide,5080fdbc
piano,E665,ACCEPT,wide,5080fdbc
piano,E666,ACCEPT,wide,5080fdbc
piano,E667,ACCEPT,wide,5080fdbc
piano,E668,ACCEPT,wide,5080fdbc
piano,E669,ACCEPT,wide,5080fdbc
piano,E67,ACCEPT,wide,5080fdbc
piano,E670,ACCEPT,wide,5080fdbc
piano,E671,ACCEPT,wide,5080fdbc
piano,E672,ACCEPT,wide,5080fdbc
piano,E673,ACCEPT,wide,5080fdbc
piano,E674,ACCEPT,wide,5080fdbc
piano,E675,ACCEPT,wide,5080fdbc
piano,E676,ACCEPT,wide,5080fdbc
piano,E677,ACCEPT,wide,5080fdbc
piano,E678,ACCEPT,wide,5080fdbc
piano,E679,ACCEPT,wide,5080fdbc
piano,E68,ACCEPT,wide,5080fdbc
piano,E680,ACCEPT,default,5080fdbc
piano,E681,ACCEPT,wide,5080fdbc
piano,E682,ACCEPT,wide,5080fdbc
piano,E683,ACCEPT,wide,5080fdbc
piano,E684,ACCEPT,default,5080fdbc
piano,E685,ACCEPT,wide,5080fdbc
piano,E686,ACCEPT,default,5080fdbc
piano,E687,ACCEPT,wide,5080fdbc
piano,E688,ACCEPT,default,5080fdbc
piano,E689,ACCEPT,default,5080fdbc
piano,E69,ACCEPT,wide,5080fdbc
piano,E690,ACCEPT,wide,5080fdbc
piano,E691,ACCEPT,wide,5080fdbc
piano,E692,ACCEPT,wide,5080fdbc
piano,E693,ACCEPT,wide,5080fdbc
piano,E694,ACCEPT,wide,5080fdbc
piano,E695,ACCEPT,wide,5080fdbc
piano,E696,ACCEPT,wide,5080fdbc
piano,E697,ACCEPT,default,5080fdbc
piano,E698,ACCEPT,wide,5080fdbc
piano,E699,ACCEPT,wide,5080fdbc
piano,E7,ACCEPT,wide,5080fdbc
piano,E70,ACCEPT,wide,5080fdbc
piano,E700,ACCEPT,wide,5080fdbc
piano,E701,ACCEPT,wide,5080fdbc
piano,E702,ACCEPT,wide,5080fdbc
piano,E703,ACCEPT,wide,5080fdbc
piano,E704,ACCEPT,default,5080fdbc
piano,E705,ACCEPT,wide,5080fdbc
piano,E706,ACCEPT,wide,5080fdbc
piano,E707,ACCEPT,default,5080fdbc
piano,E708,ACCEPT,wide,5080fdbc
piano,E709,ACCEPT,default,5080fdbc
piano,E71,ACCEPT,wide,5080fdbc
piano,E710,ACCEPT,wide,5080fdbc
piano,E711,ACCEPT,wide,5080fdbc
piano,E712,ACCEPT,wide,5080fdbc
piano,E713,ACCEPT,default,5080fdbc
piano,E714,ACCEPT,wide,5080fdbc
piano,E715,ACCEPT,wide,5080fdbc
piano,E716,ACCEPT,default,5080fdbc
piano,E717,ACCEPT,wide,5080fdbc
piano,E718,ACCEPT,wide,5080fdbc
piano,E719,ACCEPT,wide,5080fdbc
piano,E72,ACCEPT,wide,5080fdbc
piano,E720,ACCEPT,wide,5080fdbc
piano,E721,ACCEPT,wide,5080fdbc
piano,E722,ACCEPT,default,5080fdbc
piano,E723,ACCEPT,wide,5080fdbc
piano,E724,ACCEPT,wide,5080fdbc
piano,E725,ACCEPT,wide,5080fdbc
piano,E726,ACCEPT,wide,5080fdbc
piano,E727,ACCEPT,wide,5080fdbc
piano,E728,ACCEPT,default,5080fdbc
piano,E729,ACCEPT,wide,5080fdbc
piano,E73,ACCEPT,wide,5080fdbc
piano,E730,ACCEPT,default,5080fdbc
piano,E731,ACCEPT,wide,5080fdbc
piano,E732,ACCEPT,wide,5080fdbc
piano,E733,ACCEPT,wide,5080fdbc
piano,E734,ACCEPT,wide,5080fdbc
piano,E735,ACCEPT,wide,5080fdbc
piano,E736,ACCEPT,wide,5080fdbc
piano,E737,ACCEPT,wide,5080fdbc
piano,E738,ACCEPT,wide,5080fdbc
piano,E739,ACCEPT,wide,5080fdbc
piano,E74,ACCEPT,wide,5080fdbc
piano,E740,ACCEPT,wide,5080fdbc
piano,E741,ACCEPT,wide,5080fdbc
piano,E742,ACCEPT,wide,5080fdbc
piano,E743,ACCEPT,wide,5080fdbc
piano,E744,ACCEPT,wide,5080fdbc
piano,E745,ACCEPT,wide,5080fdbc
piano,E746,ACCEPT,wide,5080fdbc
piano,E747,ACCEPT,wide,5080fdbc
piano,E748,ACCEPT,wide,5080fdbc
piano,E749,ACCEPT,wide,5080fdbc
piano,E75,ACCEPT,wide,5080fdbc
piano,E750,ACCEPT,wide,5080fdbc
piano,E751,ACCEPT,wide,5080fdbc
piano,E752,ACCEPT,wide,5080fdbc
piano,E753,ACCEPT,wide,5080fdbc
piano,E754,ACCEPT,wide,5080fdbc
piano,E755,ACCEPT,wide,5080fdbc
piano,E756,ACCEPT,wide,5080fdbc
piano,E757,ACCEPT,wide,5080fdbc
piano,E758,ACCEPT,default,5080fdbc
piano,E759,ACCEPT,wide,5080fdbc
piano,E76,ACCEPT,wide,5080fdbc
piano,E760,ACCEPT,wide,5080fdbc
piano,E761,ACCEPT,wide,5080fdbc
piano,E762,ACCEPT,wide,5080fdbc
piano,E763,ACCEPT,wide,5080fdbc
piano,E764,ACCEPT,wide,5080fdbc
piano,E765,ACCEPT,wide,5080fdbc
piano,E766,ACCEPT,wide,5080fdbc
piano,E767,ACCEPT,wide,5080fdbc
piano,E768,ACCEPT,wide,5080fdbc
piano,E769,ACCEPT,wide,5080fdbc
piano,E77,ACCEPT,wide,5080fdbc
piano,E770,ACCEPT,wide,5080fdbc
piano,E771,ACCEPT,wide,5080fdbc
piano,E772,ACCEPT,wide,5080fdbc
piano,E773,ACCEPT,wide,5080fdbc
piano,E774,ACCEPT,wide,5080fdbc
piano,E775,ACCEPT,wide,5080fdbc
piano,E776,ACCEPT,wide,5080fdbc
piano,E777,ACCEPT,wide,5080fdbc
piano,E778,ACCEPT,wide,5080fdbc
piano,E779,ACCEPT,wide,5080fdbc
piano,E78,ACCEPT,wide,5080fdbc
piano,E780,ACCEPT,wide,5080fdbc
piano,E781,ACCEPT,wide,5080fdbc
piano,E782,ACCEPT,wide,5080fdbc
piano,E783,ACCEPT,wide,5080fdbc
piano,E784,ACCEPT,wide,5080fdbc
piano,E785,ACCEPT,wide,5080fdbc
piano,E786,ACCEPT,wide,5080fdbc
piano,E787,ACCEPT,wide,5080fdbc
piano,E788,ACCEPT,wide,5080fdbc
piano,E789,ACCEPT,wide,5080fdbc
piano,E79,ACCEPT,wide,5080fdbc
piano,E790,ACCEPT,default,5080fdbc
piano,E791,ACCEPT,wide,5080fdbc
piano,E792,ACCEPT,wide,5080fdbc
piano,E793,ACCEPT,wide,5080fdbc
piano,E794,ACCEPT,default,5080fdbc
piano,E795,ACCEPT,wide,5080fdbc
piano,E796,ACCEPT,wide,5080fdbc
piano,E797,ACCEPT,wide,5080fdbc
piano,E798,ACCEPT,wide,5080fdbc
piano,E799,ACCEPT,wide,5080fdbc
piano,E8,ACCEPT,wide,5080fdbc
piano,E80,ACCEPT,wide,5080fdbc
piano,E800,ACCEPT,wide,5080fdbc
piano,E801,ACCEPT,wide,5080fdbc
piano,E802,ACCEPT,wide,5080fdbc
piano,E803,ACCEPT,wide,5080fdbc
piano,E804,ACCEPT,wide,5080fdbc
piano,E805,ACCEPT,wide,5080fdbc
piano,E806,ACCEPT,wide,5080fdbc
piano,E807,ACCEPT,wide,5080fdbc
piano,E808,ACCEPT,wide,5080fdbc
piano,E809,ACCEPT,wide,5080fdbc
piano,E81,ACCEPT,wide,5080fdbc
piano,E810,ACCEPT,wide,5080fdbc
piano,E811,ACCEPT,wide,5080fdbc
piano,E812,ACCEPT,wide,5080fdbc
piano,E813,ACCEPT,wide,5080fdbc
piano,E814,ACCEPT,wide,5080fdbc
piano,E815,ACCEPT,wide,5080fdbc
piano,E816,ACCEPT,wide,5080fdbc
piano,E817,ACCEPT,wide,5080fdbc
piano,E818,ACCEPT,wide,5080fdbc
piano,E819,ACCEPT,wide,5080fdbc
piano,E82,ACCEPT,default,5080fdbc
piano,E820,ACCEPT,wide,5080fdbc
piano,E821,ACCEPT,wide,5080fdbc
piano,E822,ACCEPT,default,5080fdbc
piano,E823,ACCEPT,wide,5080fdbc
piano,E824,ACCEPT,wide,5080fdbc
piano,E825,ACCEPT,wide,5080fdbc
piano,E826,ACCEPT,wide,5080fdbc
piano,E827,ACCEPT,wide,5080fdbc
piano,E828,ACCEPT,default,5080fdbc
piano,E829,ACCEPT,wide,5080fdbc
piano,E83,ACCEPT,wide,5080fdbc
piano,E830,ACCEPT,wide,5080fdbc
piano,E831,ACCEPT,wide,5080fdbc
piano,E832,ACCEPT,wide,5080fdbc
piano,E833,ACCEPT,wide,5080fdbc
piano,E834,ACCEPT,wide,5080fdbc
piano,E835,ACCEPT,wide,5080fdbc
piano,E836,ACCEPT,wide,5080fdbc
piano,E837,ACCEPT,wide,5080fdbc
piano,E838,ACCEPT,wide,5080fdbc
piano,E839,ACCEPT,wide,5080fdbc
piano,E84,ACCEPT,wide,5080fdbc
piano,E840,ACCEPT,wide,5080fdbc
piano,E841,ACCEPT,wide,5080fdbc
piano,E842,ACCEPT,wide,5080fdbc
piano,E843,ACCEPT,wide,5080fdbc
piano,E844,ACCEPT,wide,5080fdbc
piano,E845,ACCEPT,default,5080fdbc
piano,E846,ACCEPT,default,5080fdbc
piano,E847,ACCEPT,wide,5080fdbc
piano,E848,ACCEPT,wide,5080fdbc
piano,E849,ACCEPT,wide,5080fdbc
piano,E85,ACCEPT,default,5080fdbc
piano,E850,ACCEPT,wide,5080fdbc
piano,E851,ACCEPT,wide,5080fdbc
piano,E852,ACCEPT,wide,5080fdbc
piano,E853,ACCEPT,wide,5080fdbc
piano,E854,ACCEPT,wide,5080fdbc
piano,E855,ACCEPT,wide,5080fdbc
piano,E856,ACCEPT,wide,5080fdbc
piano,E857,ACCEPT,wide,5080fdbc
piano,E858,ACCEPT,default,5080fdbc
piano,E859,ACCEPT,wide,5080fdbc
piano,E86,ACCEPT,wide,5080fdbc
piano,E860,ACCEPT,wide,5080fdbc
piano,E861,ACCEPT,wide,5080fdbc
piano,E862,ACCEPT,wide,5080fdbc
piano,E863,ACCEPT,wide,5080fdbc
piano,E864,ACCEPT,wide,5080fdbc
piano,E865,ACCEPT,wide,5080fdbc
piano,E866,ACCEPT,wide,5080fdbc
piano,E867,ACCEPT,wide,5080fdbc
piano,E868,ACCEPT,wide,5080fdbc
piano,E869,ACCEPT,wide,5080fdbc
piano,E87,ACCEPT,wide,5080fdbc
piano,E870,ACCEPT,wide,5080fdbc
piano,E871,ACCEPT,default,5080fdbc
piano,E872,ACCEPT,wide,5080fdbc
piano,E873,ACCEPT,wide,5080fdbc
piano,E874,ACCEPT,wide,5080fdbc
piano,E875,ACCEPT,wide,5080fdbc
piano,E876,ACCEPT,wide,5080fdbc
piano,E877,ACCEPT,wide,5080fdbc
piano,E878,ACCEPT,wide,5080fdbc
piano,E879,ACCEPT,wide,5080fdbc
piano,E88,ACCEPT,wide,5080fdbc
piano,E880,ACCEPT,wide,5080fdbc
piano,E881,ACCEPT,default,5080fdbc
piano,E882,ACCEPT,default,5080fdbc
piano,E883,ACCEPT,wide,5080fdbc
piano,E884,ACCEPT,wide,5080fdbc
piano,E885,ACCEPT,wide,5080fdbc
piano,E886,ACCEPT,wide,5080fdbc
piano,E887,ACCEPT,wide,5080fdbc
piano,E888,ACCEPT,wide,5080fdbc
piano,E889,ACCEPT,wide,5080fdbc
piano,E89,ACCEPT,wide,5080fdbc
piano,E890,ACCEPT,wide,5080fdbc
piano,E891,ACCEPT,wide,5080fdbc
piano,E892,ACCEPT,wide,5080fdbc
piano,E893,ACCEPT,wide,5080fdbc
piano,E894,ACCEPT,wide,5080fdbc
piano,E895,ACCEPT,default,5080fdbc
piano,E896,ACCEPT,wide,5080fdbc
piano,E897,ACCEPT,wide,5080fdbc
piano,E898,ACCEPT,wide,5080fdbc
piano,E899,ACCEPT,wide,5080fdbc
piano,E9,ACCEPT,wide,5080fdbc
piano,E90,ACCEPT,wide,5080fdbc
piano,E900,ACCEPT,wide,5080fdbc
piano,E901,ACCEPT,wide,5080fdbc
piano,E902,ACCEPT,wide,5080fdbc
piano,E903,ACCEPT,wide,5080fdbc
piano,E904,ACCEPT,wide,5080fdbc
piano,E905,ACCEPT,wide,5080fdbc
piano,E906,ACCEPT,default,5080fdbc
piano,E907,ACCEPT,wide,5080fdbc
piano,E908,ACCEPT,wide,5080fdbc
piano,E909,ACCEPT,wide,5080fdbc
piano,E91,ACCEPT,wide,5080fdbc
piano,E910,ACCEPT,wide,5080fdbc
piano,E911,ACCEPT,wide,5080fdbc
piano,E912,ACCEPT,wide,5080fdbc
piano,E913,ACCEPT,wide,5080fdbc
piano,E914,ACCEPT,wide,5080fdbc
piano,E915,ACCEPT,wide,5080fdbc
piano,E916,ACCEPT,wide,5080fdbc
piano,E917,ACCEPT,wide,5080fdbc
piano,E918,ACCEPT,default,5080fdbc
piano,E919,ACCEPT,wide,5080fdbc
piano,E92,ACCEPT,default,5080fdbc
piano,E920,ACCEPT,wide,5080fdbc
piano,E921,ACCEPT,default,5080fdbc
piano,E922,ACCEPT,wide,5080fdbc
piano,E923,ACCEPT,wide,5080fdbc
piano,E924,ACCEPT,wide,5080fdbc
piano,E925,ACCEPT,wide,5080fdbc
piano,E926,ACCEPT,wide,5080fdbc
piano,E927,ACCEPT,wide,5080fdbc
piano,E928,ACCEPT,wide,5080fdbc
piano,E929,ACCEPT,wide,5080fdbc
piano,E93,ACCEPT,wide,5080fdbc
piano,E930,ACCEPT,wide,5080fdbc
piano,E931,ACCEPT,wide,5080fdbc
piano,E932,ACCEPT,wide,5080fdbc
piano,E933,ACCEPT,default,5080fdbc
piano,E934,ACCEPT,default,5080fdbc
piano,E935,ACCEPT,wide,5080fdbc
piano,E936,ACCEPT,wide,5080fdbc
piano,E937,ACCEPT,wide,5080fdbc
piano,E938,ACCEPT,wide,5080fdbc
piano,E939,ACCEPT,wide,5080fdbc
piano,E94,ACCEPT,wide,5080fdbc
piano,E940,ACCEPT,wide,5080fdbc
piano,E941,ACCEPT,wide,5080fdbc
piano,E942,ACCEPT,wide,5080fdbc
piano,E943,ACCEPT,wide,5080fdbc
piano,E944,ACCEPT,wide,5080fdbc
piano,E945,ACCEPT,wide,5080fdbc
piano,E946,ACCEPT,wide,5080fdbc
piano,E947,ACCEPT,wide,5080fdbc
piano,E948,ACCEPT,wide,5080fdbc
piano,E949,ACCEPT,default,5080fdbc
piano,E95,ACCEPT,wide,5080fdbc
piano,E950,ACCEPT,wide,5080fdbc
piano,E951,ACCEPT,wide,5080fdbc
piano,E952,ACCEPT,default,5080fdbc
piano,E953,ACCEPT,default,5080fdbc
piano,E954,ACCEPT,wide,5080fdbc
piano,E955,ACCEPT,wide,5080fdbc
piano,E956,ACCEPT,default,5080fdbc
piano,E957,ACCEPT,wide,5080fdbc
piano,E958,ACCEPT,default,5080fdbc
piano,E959,ACCEPT,wide,5080fdbc
piano,E96,ACCEPT,default,5080fdbc
piano,E960,ACCEPT,wide,5080fdbc
piano,E961,ACCEPT,wide,5080fdbc
piano,E962,ACCEPT,wide,5080fdbc
piano,E963,ACCEPT,wide,5080fdbc
piano,E964,ACCEPT,wide,5080fdbc
piano,E965,ACCEPT,wide,5080fdbc
piano,E966,ACCEPT,wide,5080fdbc
piano,E967,ACCEPT,wide,5080fdbc
piano,E968,ACCEPT,wide,5080fdbc
piano,E969,ACCEPT,wide,5080fdbc
piano,E97,ACCEPT,wide,5080fdbc
piano,E970,ACCEPT,wide,5080fdbc
piano,E971,ACCEPT,wide,5080fdbc
piano,E972,ACCEPT,wide,5080fdbc
piano,E973,ACCEPT,wide,5080fdbc
piano,E974,ACCEPT,wide,5080fdbc
piano,E975,ACCEPT,wide,5080fdbc
piano,E976,ACCEPT,wide,5080fdbc
piano,E977,ACCEPT,wide,5080fdbc
piano,E978,ACCEPT,wide,5080fdbc
piano,E979,ACCEPT,wide,5080fdbc
piano,E98,ACCEPT,wide,5080fdbc
piano,E980,ACCEPT,wide,5080fdbc
piano,E981,ACCEPT,wide,5080fdbc
piano,E982,ACCEPT,default,5080fdbc
piano,E983,ACCEPT,wide,5080fdbc
piano,E984,ACCEPT,wide,5080fdbc
piano,E985,ACCEPT,wide,5080fdbc
piano,E986,ACCEPT,wide,5080fdbc
piano,E987,ACCEPT,default,5080fdbc
piano,E988,ACCEPT,wide,5080fdbc
piano,E989,ACCEPT,wide,5080fdbc
piano,E99,ACCEPT,wide,5080fdbc
piano,E990,ACCEPT,wide,5080fdbc
piano,E991,ACCEPT,wide,5080fdbc
piano,E992,ACCEPT,wide,5080fdbc
piano,E993,ACCEPT,default,5080fdbc
piano,E994,ACCEPT,default,5080fdbc
piano,E995,ACCEPT,wide,5080fdbc
piano,E996,ACCEPT,wide,5080fdbc
piano,E997,ACCEPT,wide,5080fdbc
piano,E998,ACCEPT,wide,5080fdbc
piano,E999,ACCEPT,default,5080fdbc
piano,NS1,ACCEPT,wide,5080fdbc
piano,NS10,ACCEPT,default,5080fdbc
piano,NS100,ACCEPT,wide,5080fdbc
piano,NS1000,ACCEPT,wide,5080fdbc
piano,NS10001,ACCEPT,default,5080fdbc
piano,NS10002,ACCEPT,wide,5080fdbc
piano,NS10003,ACCEPT,wide,5080fdbc
piano,NS10004,ACCEPT,wide,5080fdbc
piano,NS10005,ACCEPT,wide,5080fdbc
piano,NS10006,ACCEPT,wide,5080fdbc
piano,NS10007,ACCEPT_DB_MISMATCH,wide,5080fdbc
piano,NS10008,ACCEPT,default,5080fdbc
piano,NS10009,ACCEPT,wide,5080fdbc
piano,NS1001,ACCEPT,wide,5080fdbc
piano,NS10010,ACCEPT,wide,5080fdbc
piano,NS10011,ACCEPT,wide,5080fdbc
piano,NS10012,ACCEPT,wide,5080fdbc
piano,NS10013,ACCEPT,wide,5080fdbc
piano,NS10014,ACCEPT,wide,5080fdbc
piano,NS10015,ACCEPT,wide,5080fdbc
piano,NS10016,ACCEPT,wide,5080fdbc
piano,NS10017,ACCEPT,wide,5080fdbc
piano,NS10018,ACCEPT,wide,5080fdbc
piano,NS10019,ACCEPT,default,5080fdbc
piano,NS1002,ACCEPT,wide,5080fdbc
piano,NS10020,ACCEPT,wide,5080fdbc
piano,NS10021,ACCEPT,default,5080fdbc
piano,NS10022,ACCEPT,wide,5080fdbc
piano,NS10023,ACCEPT,wide,5080fdbc
piano,NS10024,ACCEPT,wide,5080fdbc
piano,NS10025,ACCEPT,wide,5080fdbc
piano,NS10026,ACCEPT,default,5080fdbc
piano,NS10027,ACCEPT,wide,5080fdbc
piano,NS10028,ACCEPT,wide,5080fdbc
piano,NS10029,ACCEPT,default,5080fdbc
piano,NS1003,ACCEPT,wide,5080fdbc
piano,NS10030,ACCEPT,wide,5080fdbc
piano,NS10031,ACCEPT,wide,5080fdbc
piano,NS10032,ACCEPT,default,5080fdbc
piano,NS10033,ACCEPT,wide,5080fdbc
piano,NS10034,ACCEPT,default,5080fdbc
piano,NS10035,ACCEPT,default,5080fdbc
piano,NS10036,ACCEPT,wide,5080fdbc
piano,NS10037,ACCEPT,default,5080fdbc
piano,NS10038,ACCEPT,default,5080fdbc
piano,NS10039,ACCEPT,wide,5080fdbc
piano,NS1004,ACCEPT,wide,5080fdbc
piano,NS10040,ACCEPT,default,5080fdbc
piano,NS10041,ACCEPT,wide,5080fdbc
piano,NS10042,ACCEPT,default,5080fdbc
piano,NS10043,ACCEPT,wide,5080fdbc
piano,NS10044,ACCEPT,default,5080fdbc
piano,NS10045,ACCEPT,wide,5080fdbc
piano,NS10046,ACCEPT,default,5080fdbc
piano,NS10047,ACCEPT,wide,5080fdbc
piano,NS10048,ACCEPT,default,5080fdbc
piano,NS10049,ACCEPT,wide,5080fdbc
piano,NS1005,ACCEPT,wide,5080fdbc
piano,NS10050,ACCEPT,default,5080fdbc
piano,NS10051,ACCEPT,default,5080fdbc
piano,NS10052,ACCEPT,default,5080fdbc
piano,NS10053,ACCEPT,wide,5080fdbc
piano,NS10054,ACCEPT,wide,5080fdbc
piano,NS10055,ACCEPT,wide,5080fdbc
piano,NS10056,ACCEPT,wide,5080fdbc
piano,NS10057,ACCEPT,default,5080fdbc
piano,NS10058,ACCEPT_DB_MISMATCH,wide,5080fdbc
piano,NS10059,ACCEPT,wide,5080fdbc
piano,NS1006,ACCEPT,wide,5080fdbc
piano,NS10060,ACCEPT,wide,5080fdbc
piano,NS10062,ACCEPT,default,5080fdbc
piano,NS10063,ACCEPT,wide,5080fdbc
piano,NS10065,ACCEPT,default,5080fdbc
piano,NS10066,ACCEPT,wide,5080fdbc
piano,NS10067,ACCEPT,default,5080fdbc
piano,NS10069,ACCEPT,default,5080fdbc
piano,NS1007,ACCEPT,wide,5080fdbc
piano,NS10070,ACCEPT,default,5080fdbc
piano,NS10071,ACCEPT,default,5080fdbc
piano,NS10074,ACCEPT,default,5080fdbc
piano,NS10075,ACCEPT,wide,5080fdbc
piano,NS10076,ACCEPT,wide,5080fdbc
piano,NS10077,ACCEPT,wide,5080fdbc
piano,NS10078,ACCEPT,wide,5080fdbc
piano,NS10079,ACCEPT,default,5080fdbc
piano,NS1008,ACCEPT,wide,5080fdbc
piano,NS10080,ACCEPT,default,5080fdbc
piano,NS10081,ACCEPT,default,5080fdbc
piano,NS10082,ACCEPT,default,5080fdbc
piano,NS10086,ACCEPT,wide,5080fdbc
piano,NS1009,ACCEPT,wide,5080fdbc
piano,NS101,ACCEPT,wide,5080fdbc
piano,NS1010,ACCEPT,wide,5080fdbc
piano,NS1011,ACCEPT_DB_MISMATCH,wide,5080fdbc
piano,NS1012,ACCEPT,wide,5080fdbc
piano,NS1013,ACCEPT,wide,5080fdbc
piano,NS1014,ACCEPT,wide,5080fdbc
piano,NS1015,ACCEPT,default,5080fdbc
piano,NS1016,ACCEPT,default,5080fdbc
piano,NS1017,ACCEPT,wide,5080fdbc
piano,NS1018,ACCEPT,wide,5080fdbc
piano,NS1019,ACCEPT,wide,5080fdbc
piano,NS102,ACCEPT,default,5080fdbc
piano,NS1020,ACCEPT,wide,5080fdbc
piano,NS1021,ACCEPT,wide,5080fdbc
piano,NS1022,ACCEPT,wide,5080fdbc
piano,NS1023,ACCEPT,wide,5080fdbc
piano,NS1024,ACCEPT,wide,5080fdbc
piano,NS1025,ACCEPT,wide,5080fdbc
piano,NS1026,ACCEPT,wide,5080fdbc
piano,NS1027,ACCEPT,wide,5080fdbc
piano,NS1028,ACCEPT,wide,5080fdbc
piano,NS1029,ACCEPT,wide,5080fdbc
piano,NS103,ACCEPT,wide,5080fdbc
piano,NS1030,ACCEPT,wide,5080fdbc
piano,NS1032,ACCEPT,wide,5080fdbc
piano,NS1033,ACCEPT,wide,5080fdbc
piano,NS1034,ACCEPT,wide,5080fdbc
piano,NS1035,ACCEPT,wide,5080fdbc
piano,NS1036,ACCEPT,wide,5080fdbc
piano,NS1037,ACCEPT_DB_MISMATCH,wide,5080fdbc
piano,NS1038,ACCEPT,default,5080fdbc
piano,NS1039,ACCEPT,wide,5080fdbc
piano,NS104,ACCEPT,default,5080fdbc
piano,NS1040,ACCEPT,wide,5080fdbc
piano,NS1041,ACCEPT_DB_MISMATCH,wide,5080fdbc
piano,NS1042,ACCEPT,wide,5080fdbc
piano,NS1043,ACCEPT,wide,5080fdbc
piano,NS1044,ACCEPT,wide,5080fdbc
piano,NS1045,ACCEPT,wide,5080fdbc
piano,NS1046,ACCEPT,wide,5080fdbc
piano,NS1047,ACCEPT,wide,5080fdbc
piano,NS1048,ACCEPT,wide,5080fdbc
piano,NS1049,ACCEPT,wide,5080fdbc
piano,NS105,ACCEPT,default,5080fdbc
piano,NS1050,ACCEPT,wide,5080fdbc
piano,NS1051,ACCEPT,wide,5080fdbc
piano,NS1052,ACCEPT,wide,5080fdbc
piano,NS1053,ACCEPT,wide,5080fdbc
piano,NS1054,ACCEPT,wide,5080fdbc
piano,NS1055,ACCEPT,wide,5080fdbc
piano,NS1056,ACCEPT,wide,5080fdbc
piano,NS1057,ACCEPT_DB_MISMATCH,wide,5080fdbc
piano,NS1058,ACCEPT,default,5080fdbc
piano,NS1059,ACCEPT,default,5080fdbc
piano,NS106,ACCEPT,wide,5080fdbc
piano,NS1060,ACCEPT,wide,5080fdbc
piano,NS1061,ACCEPT,wide,5080fdbc
piano,NS1062,ACCEPT,wide,5080fdbc
piano,NS1063,ACCEPT,wide,5080fdbc
piano,NS1064,ACCEPT,wide,5080fdbc
piano,NS1065,ACCEPT,wide,5080fdbc
piano,NS1066,ACCEPT,wide,5080fdbc
piano,NS1067,ACCEPT,wide,5080fdbc
piano,NS1068,ACCEPT,wide,5080fdbc
piano,NS1069,ACCEPT,wide,5080fdbc
piano,NS107,ACCEPT,default,5080fdbc
piano,NS1070,ACCEPT,wide,5080fdbc
piano,NS1071,ACCEPT,wide,5080fdbc
piano,NS1072,ACCEPT,wide,5080fdbc
piano,NS1073,ACCEPT_DB_MISMATCH,wide,5080fdbc
piano,NS1074,ACCEPT,wide,5080fdbc
piano,NS1075,ACCEPT,wide,5080fdbc
piano,NS1076,ACCEPT_DB_MISMATCH,wide,5080fdbc
piano,NS1077,ACCEPT,wide,5080fdbc
piano,NS1078,ACCEPT,wide,5080fdbc
piano,NS1079,ACCEPT,wide,5080fdbc
piano,NS108,ACCEPT,wide,5080fdbc
piano,NS1080,ACCEPT,wide,5080fdbc
piano,NS1081,ACCEPT,wide,5080fdbc
piano,NS1082,ACCEPT,wide,5080fdbc
piano,NS1083,ACCEPT,wide,5080fdbc
piano,NS1084,ACCEPT,wide,5080fdbc
piano,NS1085,ACCEPT,wide,5080fdbc
piano,NS1086,ACCEPT,wide,5080fdbc
piano,NS1087,ACCEPT_DB_MISMATCH,wide,5080fdbc
piano,NS1088,ACCEPT,wide,5080fdbc
piano,NS1089,ACCEPT,wide,5080fdbc
piano,NS109,ACCEPT,default,5080fdbc
piano,NS1090,ACCEPT,default,5080fdbc
piano,NS1091,ACCEPT,wide,5080fdbc
piano,NS1092,ACCEPT,wide,5080fdbc
piano,NS1093,ACCEPT,wide,5080fdbc
piano,NS1094,ACCEPT,wide,5080fdbc
piano,NS1095,ACCEPT,wide,5080fdbc
piano,NS1096,ACCEPT,wide,5080fdbc
piano,NS1097,ACCEPT,wide,5080fdbc
piano,NS1098,ACCEPT,wide,5080fdbc
piano,NS1099,ACCEPT,wide,5080fdbc
piano,NS11,ACCEPT_DB_MISMATCH,default,5080fdbc
piano,NS110,ACCEPT,wide,5080fdbc
piano,NS1100,ACCEPT,wide,5080fdbc
piano,NS1101,ACCEPT,wide,5080fdbc
piano,NS1102,ACCEPT,wide,5080fdbc
piano,NS1103,ACCEPT,wide,5080fdbc
piano,NS1104,ACCEPT,wide,5080fdbc
piano,NS1105,ACCEPT,wide,5080fdbc
piano,NS1106,ACCEPT,default,5080fdbc
piano,NS1107,ACCEPT,default,5080fdbc
piano,NS1108,ACCEPT,wide,5080fdbc
piano,NS1109,ACCEPT,wide,5080fdbc
piano,NS111,ACCEPT,wide,5080fdbc
piano,NS1110,ACCEPT,wide,5080fdbc
piano,NS1111,ACCEPT,wide,5080fdbc
piano,NS1112,ACCEPT,wide,5080fdbc
piano,NS1113,ACCEPT,wide,5080fdbc
piano,NS1114,ACCEPT,wide,5080fdbc
piano,NS1115,ACCEPT,default,5080fdbc
piano,NS1116,ACCEPT,wide,5080fdbc
piano,NS1117,ACCEPT,wide,5080fdbc
piano,NS1118,ACCEPT,wide,5080fdbc
piano,NS1119,ACCEPT,wide,5080fdbc
piano,NS112,ACCEPT,wide,5080fdbc
piano,NS1120,ACCEPT,wide,5080fdbc
piano,NS1121,ACCEPT,wide,5080fdbc
piano,NS1122,ACCEPT,wide,5080fdbc
piano,NS1123,ACCEPT,wide,5080fdbc
piano,NS1124,ACCEPT,wide,5080fdbc
piano,NS1125,ACCEPT,wide,5080fdbc
piano,NS1126,ACCEPT,default,5080fdbc
piano,NS1127,ACCEPT,wide,5080fdbc
piano,NS1128,ACCEPT,wide,5080fdbc
piano,NS1129,ACCEPT,wide,5080fdbc
piano,NS113,ACCEPT,wide,5080fdbc
piano,NS1130,ACCEPT,wide,5080fdbc
piano,NS1131,ACCEPT,wide,5080fdbc
piano,NS1132,ACCEPT,wide,5080fdbc
piano,NS1133,ACCEPT,wide,5080fdbc
piano,NS1134,ACCEPT,default,5080fdbc
piano,NS1135,ACCEPT,wide,5080fdbc
piano,NS1136,ACCEPT,wide,5080fdbc
piano,NS1137,ACCEPT_DB_MISMATCH,wide,5080fdbc
piano,NS1138,ACCEPT,wide,5080fdbc
piano,NS1139,ACCEPT,wide,5080fdbc
piano,NS114,ACCEPT,wide,5080fdbc
piano,NS1140,ACCEPT,wide,5080fdbc
piano,NS1141,ACCEPT,wide,5080fdbc
piano,NS1142,ACCEPT,wide,5080fdbc
piano,NS1143,ACCEPT,wide,5080fdbc
piano,NS1144,ACCEPT_DB_MISMATCH,wide,5080fdbc
piano,NS1145,ACCEPT,wide,5080fdbc
piano,NS1146,ACCEPT,wide,5080fdbc
piano,NS1147,ACCEPT,wide,5080fdbc
piano,NS1148,ACCEPT_DB_MISMATCH,wide,5080fdbc
piano,NS1149,ACCEPT_DB_MISMATCH,wide,5080fdbc
piano,NS115,ACCEPT,default,5080fdbc
piano,NS1150,ACCEPT,wide,5080fdbc
piano,NS1151,ACCEPT,wide,5080fdbc
piano,NS1152,ACCEPT,wide,5080fdbc
piano,NS1153,ACCEPT,wide,5080fdbc
piano,NS1154,ACCEPT,wide,5080fdbc
piano,NS1155,ACCEPT,wide,5080fdbc
piano,NS1156,ACCEPT,wide,5080fdbc
piano,NS1157,ACCEPT,wide,5080fdbc
piano,NS1158,ACCEPT,wide,5080fdbc
piano,NS1159,ACCEPT,wide,5080fdbc
piano,NS116,ACCEPT,wide,5080fdbc
piano,NS1160,ACCEPT,wide,5080fdbc
piano,NS1161,ACCEPT,wide,5080fdbc
piano,NS117,ACCEPT,default,5080fdbc
piano,NS118,ACCEPT,wide,5080fdbc
piano,NS119,ACCEPT,default,5080fdbc
piano,NS12,ACCEPT,wide,5080fdbc
piano,NS120,ACCEPT,wide,5080fdbc
piano,NS121,ACCEPT_SOURCE_BAR_SUM,wide,5080fdbc
piano,NS122,ACCEPT,wide,5080fdbc
piano,NS123,ACCEPT,default,5080fdbc
piano,NS124,ACCEPT,wide,5080fdbc
piano,NS125,ACCEPT,default,5080fdbc
piano,NS126,ACCEPT,default,5080fdbc
piano,NS127,ACCEPT,default,5080fdbc
piano,NS128,ACCEPT,wide,5080fdbc
piano,NS129,ACCEPT,wide,5080fdbc
piano,NS13,ACCEPT,wide,5080fdbc
piano,NS130,ACCEPT,default,5080fdbc
piano,NS131,ACCEPT,default,5080fdbc
piano,NS132,ACCEPT,wide,5080fdbc
piano,NS133,ACCEPT,default,5080fdbc
piano,NS134,ACCEPT,default,5080fdbc
piano,NS135,ACCEPT,wide,5080fdbc
piano,NS136,ACCEPT,wide,5080fdbc
piano,NS137,ACCEPT,default,5080fdbc
piano,NS138,ACCEPT,default,5080fdbc
piano,NS139,ACCEPT,default,5080fdbc
piano,NS14,ACCEPT,wide,5080fdbc
piano,NS140,ACCEPT,wide,5080fdbc
piano,NS141,ACCEPT,default,5080fdbc
piano,NS142,ACCEPT,default,5080fdbc
piano,NS143,ACCEPT,default,5080fdbc
piano,NS144,ACCEPT_DB_MISMATCH,wide,5080fdbc
piano,NS145,ACCEPT,default,5080fdbc
piano,NS146,ACCEPT,wide,5080fdbc
piano,NS147,ACCEPT,default,5080fdbc
piano,NS148,ACCEPT,wide,5080fdbc
piano,NS149,ACCEPT,default,5080fdbc
piano,NS15,ACCEPT,default,5080fdbc
piano,NS150,ACCEPT,wide,5080fdbc
piano,NS151,ACCEPT,wide,5080fdbc
piano,NS152,ACCEPT,default,5080fdbc
piano,NS153,ACCEPT,wide,5080fdbc
piano,NS154,ACCEPT,wide,5080fdbc
piano,NS155,ACCEPT,default,5080fdbc
piano,NS156,ACCEPT_DB_MISMATCH,wide,5080fdbc
piano,NS157,ACCEPT,default,5080fdbc
piano,NS158,ACCEPT,default,5080fdbc
piano,NS159,ACCEPT,default,5080fdbc
piano,NS16,ACCEPT,wide,5080fdbc
piano,NS160,ACCEPT,wide,5080fdbc
piano,NS161,ACCEPT,wide,5080fdbc
piano,NS162,ACCEPT,wide,5080fdbc
piano,NS163,ACCEPT,wide,5080fdbc
piano,NS164,ACCEPT,default,5080fdbc
piano,NS165,ACCEPT,wide,5080fdbc
piano,NS166,ACCEPT,default,5080fdbc
piano,NS167,ACCEPT,default,5080fdbc
piano,NS168,ACCEPT,wide,5080fdbc
piano,NS169,ACCEPT,wide,5080fdbc
piano,NS17,ACCEPT,default,5080fdbc
piano,NS170,ACCEPT,wide,5080fdbc
piano,NS171,ACCEPT,wide,5080fdbc
piano,NS172,ACCEPT,wide,5080fdbc
piano,NS173,ACCEPT,wide,5080fdbc
piano,NS174,ACCEPT,wide,5080fdbc
piano,NS175,ACCEPT,default,5080fdbc
piano,NS176,ACCEPT,wide,5080fdbc
piano,NS177,ACCEPT,wide,5080fdbc
piano,NS178,ACCEPT,wide,5080fdbc
piano,NS179,ACCEPT,wide,5080fdbc
piano,NS18,ACCEPT,wide,5080fdbc
piano,NS180,ACCEPT,wide,5080fdbc
piano,NS181,ACCEPT,default,5080fdbc
piano,NS182,ACCEPT,wide,5080fdbc
piano,NS183,ACCEPT,default,5080fdbc
piano,NS184,ACCEPT,wide,5080fdbc
piano,NS185,ACCEPT,wide,5080fdbc
piano,NS186,ACCEPT,default,5080fdbc
piano,NS187,ACCEPT,wide,5080fdbc
piano,NS188,ACCEPT,wide,5080fdbc
piano,NS189,ACCEPT,wide,5080fdbc
piano,NS19,ACCEPT,default,5080fdbc
piano,NS190,ACCEPT,wide,5080fdbc
piano,NS191,ACCEPT,default,5080fdbc
piano,NS192,ACCEPT,default,5080fdbc
piano,NS193,ACCEPT,wide,5080fdbc
piano,NS194,ACCEPT,wide,5080fdbc
piano,NS195,ACCEPT,wide,5080fdbc
piano,NS197,ACCEPT,wide,5080fdbc
piano,NS198,ACCEPT,wide,5080fdbc
piano,NS199,ACCEPT,wide,5080fdbc
piano,NS2,ACCEPT,default,5080fdbc
piano,NS20,ACCEPT,wide,5080fdbc
piano,NS200,ACCEPT,wide,5080fdbc
piano,NS201,ACCEPT,wide,5080fdbc
piano,NS202,ACCEPT_SOURCE_BAR_SUM,wide,5080fdbc
piano,NS203,ACCEPT,default,5080fdbc
piano,NS204,ACCEPT,wide,5080fdbc
piano,NS205,ACCEPT,wide,5080fdbc
piano,NS206,ACCEPT,wide,5080fdbc
piano,NS207,ACCEPT,wide,5080fdbc
piano,NS208,ACCEPT,default,5080fdbc
piano,NS209,ACCEPT,wide,5080fdbc
piano,NS21,ACCEPT,wide,5080fdbc
piano,NS210,ACCEPT,wide,5080fdbc
piano,NS211,ACCEPT,default,5080fdbc
piano,NS212,ACCEPT,wide,5080fdbc
piano,NS213,ACCEPT,wide,5080fdbc
piano,NS214,ACCEPT,wide,5080fdbc
piano,NS216,ACCEPT,wide,5080fdbc
piano,NS217,ACCEPT,default,5080fdbc
piano,NS218,ACCEPT,wide,5080fdbc
piano,NS219,ACCEPT,wide,5080fdbc
piano,NS22,ACCEPT,wide,5080fdbc
piano,NS220,ACCEPT,wide,5080fdbc
piano,NS221,ACCEPT,default,5080fdbc
piano,NS222,ACCEPT,wide,5080fdbc
piano,NS223,ACCEPT,wide,5080fdbc
piano,NS224,ACCEPT,default,5080fdbc
piano,NS225,ACCEPT,wide,5080fdbc
piano,NS226,ACCEPT,wide,5080fdbc
piano,NS227,ACCEPT,wide,5080fdbc
piano,NS228,ACCEPT,wide,5080fdbc
piano,NS229,ACCEPT,wide,5080fdbc
piano,NS23,ACCEPT,wide,5080fdbc
piano,NS230,ACCEPT,wide,5080fdbc
piano,NS231,ACCEPT,default,5080fdbc
piano,NS232,ACCEPT,wide,5080fdbc
piano,NS233,ACCEPT,wide,5080fdbc
piano,NS234,ACCEPT,wide,5080fdbc
piano,NS235,ACCEPT,wide,5080fdbc
piano,NS236,ACCEPT,default,5080fdbc
piano,NS237,ACCEPT,default,5080fdbc
piano,NS238,ACCEPT,wide,5080fdbc
piano,NS239,ACCEPT,wide,5080fdbc
piano,NS24,ACCEPT,wide,5080fdbc
piano,NS240,ACCEPT,default,5080fdbc
piano,NS241,ACCEPT,wide,5080fdbc
piano,NS242,ACCEPT,wide,5080fdbc
piano,NS243,ACCEPT,wide,5080fdbc
piano,NS244,ACCEPT,wide,5080fdbc
piano,NS245,ACCEPT_DB_MISMATCH,wide,5080fdbc
piano,NS246,ACCEPT,wide,5080fdbc
piano,NS247,ACCEPT,wide,5080fdbc
piano,NS248,ACCEPT,wide,5080fdbc
piano,NS249,ACCEPT,default,5080fdbc
piano,NS25,ACCEPT,default,5080fdbc
piano,NS250,ACCEPT,wide,5080fdbc
piano,NS251,ACCEPT,default,5080fdbc
piano,NS252,ACCEPT,default,5080fdbc
piano,NS253,ACCEPT,wide,5080fdbc
piano,NS254,ACCEPT,wide,5080fdbc
piano,NS255,ACCEPT,wide,5080fdbc
piano,NS256,ACCEPT,wide,5080fdbc
piano,NS257,ACCEPT,wide,5080fdbc
piano,NS258,ACCEPT,wide,5080fdbc
piano,NS259,ACCEPT,wide,5080fdbc
piano,NS26,ACCEPT,wide,5080fdbc
piano,NS261,ACCEPT,wide,5080fdbc
piano,NS262,ACCEPT,wide,5080fdbc
piano,NS263,ACCEPT,wide,5080fdbc
piano,NS264,ACCEPT,wide,5080fdbc
piano,NS265,ACCEPT,wide,5080fdbc
piano,NS266,ACCEPT,wide,5080fdbc
piano,NS267,ACCEPT,wide,5080fdbc
piano,NS268,ACCEPT,wide,5080fdbc
piano,NS269,ACCEPT,wide,5080fdbc
piano,NS27,ACCEPT,wide,5080fdbc
piano,NS270,ACCEPT,wide,5080fdbc
piano,NS271,ACCEPT,wide,5080fdbc
piano,NS272,ACCEPT,default,5080fdbc
piano,NS273,ACCEPT,wide,5080fdbc
piano,NS275,ACCEPT,default,5080fdbc
piano,NS276,ACCEPT,wide,5080fdbc
piano,NS277,ACCEPT,wide,5080fdbc
piano,NS278,ACCEPT,default,5080fdbc
piano,NS279,ACCEPT_DB_MISMATCH,default,5080fdbc
piano,NS28,ACCEPT,wide,5080fdbc
piano,NS280,ACCEPT,default,5080fdbc
piano,NS282,ACCEPT,default,5080fdbc
piano,NS283,ACCEPT,wide,5080fdbc
piano,NS284,ACCEPT,default,5080fdbc
piano,NS285,ACCEPT,default,5080fdbc
piano,NS286,ACCEPT,wide,5080fdbc
piano,NS287,ACCEPT,default,5080fdbc
piano,NS288,ACCEPT,wide,5080fdbc
piano,NS289,ACCEPT,default,5080fdbc
piano,NS29,ACCEPT,wide,5080fdbc
piano,NS290,ACCEPT,wide,5080fdbc
piano,NS291,ACCEPT,default,5080fdbc
piano,NS292,ACCEPT,default,5080fdbc
piano,NS293,ACCEPT,default,5080fdbc
piano,NS294,ACCEPT,wide,5080fdbc
piano,NS295,ACCEPT,wide,5080fdbc
piano,NS296,ACCEPT,wide,5080fdbc
piano,NS297,ACCEPT,wide,5080fdbc
piano,NS298,ACCEPT,default,5080fdbc
piano,NS299,ACCEPT,wide,5080fdbc
piano,NS3,ACCEPT,default,5080fdbc
piano,NS30,ACCEPT,default,5080fdbc
piano,NS300,ACCEPT,wide,5080fdbc
piano,NS301,ACCEPT,default,5080fdbc
piano,NS302,ACCEPT,wide,5080fdbc
piano,NS303,ACCEPT,wide,5080fdbc
piano,NS304,ACCEPT,wide,5080fdbc
piano,NS305,ACCEPT,wide,5080fdbc
piano,NS306,ACCEPT,wide,5080fdbc
piano,NS307,ACCEPT,default,5080fdbc
piano,NS308,ACCEPT,default,5080fdbc
piano,NS309,ACCEPT,wide,5080fdbc
piano,NS31,ACCEPT,wide,5080fdbc
piano,NS310,ACCEPT,wide,5080fdbc
piano,NS311,ACCEPT,default,5080fdbc
piano,NS312,ACCEPT,wide,5080fdbc
piano,NS313,ACCEPT,wide,5080fdbc
piano,NS314,ACCEPT,wide,5080fdbc
piano,NS315,ACCEPT,default,5080fdbc
piano,NS316,ACCEPT,default,5080fdbc
piano,NS317,ACCEPT,wide,5080fdbc
piano,NS318,ACCEPT,wide,5080fdbc
piano,NS319,ACCEPT,default,5080fdbc
piano,NS32,ACCEPT,default,5080fdbc
piano,NS320,ACCEPT_DB_MISMATCH,default,5080fdbc
piano,NS321,ACCEPT,wide,5080fdbc
piano,NS322,ACCEPT,wide,5080fdbc
piano,NS323,ACCEPT,wide,5080fdbc
piano,NS324,ACCEPT,wide,5080fdbc
piano,NS325,ACCEPT,wide,5080fdbc
piano,NS326,ACCEPT,wide,5080fdbc
piano,NS327,ACCEPT,wide,5080fdbc
piano,NS328,ACCEPT,default,5080fdbc
piano,NS329,ACCEPT,default,5080fdbc
piano,NS33,ACCEPT,default,5080fdbc
piano,NS330,ACCEPT,default,5080fdbc
piano,NS331,ACCEPT,wide,5080fdbc
piano,NS332,ACCEPT,default,5080fdbc
piano,NS333,ACCEPT,wide,5080fdbc
piano,NS334,ACCEPT_DB_MISMATCH,wide,5080fdbc
piano,NS335,ACCEPT,wide,5080fdbc
piano,NS336,ACCEPT,default,5080fdbc
piano,NS337,ACCEPT,default,5080fdbc
piano,NS338,ACCEPT,default,5080fdbc
piano,NS339,ACCEPT,default,5080fdbc
piano,NS34,ACCEPT,default,5080fdbc
piano,NS340,ACCEPT,wide,5080fdbc
piano,NS341,ACCEPT,wide,5080fdbc
piano,NS342,ACCEPT,wide,5080fdbc
piano,NS343,ACCEPT,wide,5080fdbc
piano,NS344,ACCEPT,wide,5080fdbc
piano,NS345,ACCEPT,default,5080fdbc
piano,NS347,ACCEPT,wide,5080fdbc
piano,NS348,ACCEPT,wide,5080fdbc
piano,NS349,ACCEPT_SOURCE_BAR_SUM,default,5080fdbc
piano,NS35,ACCEPT,wide,5080fdbc
piano,NS350,ACCEPT,wide,5080fdbc
piano,NS351,ACCEPT_DB_MISMATCH,default,5080fdbc
piano,NS352,ACCEPT,wide,5080fdbc
piano,NS353,ACCEPT,wide,5080fdbc
piano,NS354,ACCEPT,wide,5080fdbc
piano,NS355,ACCEPT,wide,5080fdbc
piano,NS356,ACCEPT,wide,5080fdbc
piano,NS357,ACCEPT,wide,5080fdbc
piano,NS358,ACCEPT,wide,5080fdbc
piano,NS359,ACCEPT,wide,5080fdbc
piano,NS36,ACCEPT,wide,5080fdbc
piano,NS360,ACCEPT_DB_MISMATCH,wide,5080fdbc
piano,NS361,ACCEPT,wide,5080fdbc
piano,NS362,ACCEPT,wide,5080fdbc
piano,NS363,ACCEPT_DB_MISMATCH,default,5080fdbc
piano,NS364,ACCEPT,default,5080fdbc
piano,NS365,ACCEPT,default,5080fdbc
piano,NS366,ACCEPT,wide,5080fdbc
piano,NS367,ACCEPT,default,5080fdbc
piano,NS368,ACCEPT,default,5080fdbc
piano,NS369,ACCEPT,wide,5080fdbc
piano,NS37,ACCEPT,default,5080fdbc
piano,NS370,ACCEPT,wide,5080fdbc
piano,NS371,ACCEPT,wide,5080fdbc
piano,NS372,ACCEPT,wide,5080fdbc
piano,NS373,ACCEPT,default,5080fdbc
piano,NS374,ACCEPT,wide,5080fdbc
piano,NS375,ACCEPT,default,5080fdbc
piano,NS376,ACCEPT,wide,5080fdbc
piano,NS377,ACCEPT,wide,5080fdbc
piano,NS378,ACCEPT,wide,5080fdbc
piano,NS379,ACCEPT,wide,5080fdbc
piano,NS38,ACCEPT,default,5080fdbc
piano,NS380,ACCEPT,wide,5080fdbc
piano,NS381,ACCEPT,wide,5080fdbc
piano,NS382,ACCEPT,wide,5080fdbc
piano,NS383,ACCEPT,wide,5080fdbc
piano,NS384,ACCEPT,wide,5080fdbc
piano,NS385,ACCEPT_DB_MISMATCH,default,5080fdbc
piano,NS386,ACCEPT,default,5080fdbc
piano,NS387,ACCEPT,wide,5080fdbc
piano,NS388,ACCEPT,wide,5080fdbc
piano,NS39,ACCEPT,wide,5080fdbc
piano,NS390,ACCEPT,default,5080fdbc
piano,NS391,ACCEPT_DB_MISMATCH,default,5080fdbc
piano,NS392,ACCEPT,wide,5080fdbc
piano,NS393,ACCEPT,wide,5080fdbc
piano,NS394,ACCEPT,wide,5080fdbc
piano,NS395,ACCEPT,wide,5080fdbc
piano,NS396,ACCEPT,default,5080fdbc
piano,NS397,ACCEPT,wide,5080fdbc
piano,NS398,ACCEPT,default,5080fdbc
piano,NS399,ACCEPT,wide,5080fdbc
piano,NS4,ACCEPT,default,5080fdbc
piano,NS40,ACCEPT,wide,5080fdbc
piano,NS400,ACCEPT,wide,5080fdbc
piano,NS401,ACCEPT,wide,5080fdbc
piano,NS402,ACCEPT,default,5080fdbc
piano,NS403,ACCEPT,wide,5080fdbc
piano,NS404,ACCEPT,wide,5080fdbc
piano,NS405,ACCEPT,wide,5080fdbc
piano,NS406,ACCEPT,wide,5080fdbc
piano,NS407,ACCEPT,wide,5080fdbc
piano,NS408,ACCEPT,wide,5080fdbc
piano,NS409,ACCEPT_DB_MISMATCH,default,5080fdbc
piano,NS41,ACCEPT,wide,5080fdbc
piano,NS410,ACCEPT,wide,5080fdbc
piano,NS411,ACCEPT,default,5080fdbc
piano,NS412,ACCEPT,default,5080fdbc
piano,NS413,ACCEPT,default,5080fdbc
piano,NS414,ACCEPT,wide,5080fdbc
piano,NS415,ACCEPT,default,5080fdbc
piano,NS416,ACCEPT,wide,5080fdbc
piano,NS417,ACCEPT,default,5080fdbc
piano,NS418,ACCEPT,wide,5080fdbc
piano,NS419,ACCEPT,wide,5080fdbc
piano,NS42,ACCEPT,wide,5080fdbc
piano,NS420,ACCEPT,wide,5080fdbc
piano,NS421,ACCEPT,wide,5080fdbc
piano,NS422,ACCEPT,wide,5080fdbc
piano,NS423,ACCEPT,wide,5080fdbc
piano,NS424,ACCEPT,wide,5080fdbc
piano,NS425,ACCEPT,wide,5080fdbc
piano,NS426,ACCEPT,wide,5080fdbc
piano,NS427,ACCEPT,wide,5080fdbc
piano,NS428,ACCEPT,wide,5080fdbc
piano,NS429,ACCEPT,wide,5080fdbc
piano,NS43,ACCEPT,wide,5080fdbc
piano,NS430,ACCEPT,wide,5080fdbc
piano,NS431,ACCEPT,wide,5080fdbc
piano,NS432,ACCEPT,wide,5080fdbc
piano,NS433,ACCEPT,wide,5080fdbc
piano,NS434,ACCEPT,default,5080fdbc
piano,NS435,ACCEPT,wide,5080fdbc
piano,NS436,ACCEPT,wide,5080fdbc
piano,NS437,ACCEPT,wide,5080fdbc
piano,NS438,ACCEPT,wide,5080fdbc
piano,NS439,ACCEPT,wide,5080fdbc
piano,NS44,ACCEPT,wide,5080fdbc
piano,NS440,ACCEPT,wide,5080fdbc
piano,NS441,ACCEPT,wide,5080fdbc
piano,NS442,ACCEPT,wide,5080fdbc
piano,NS443,ACCEPT,wide,5080fdbc
piano,NS444,ACCEPT,wide,5080fdbc
piano,NS445,ACCEPT,wide,5080fdbc
piano,NS446,ACCEPT,wide,5080fdbc
piano,NS447,ACCEPT,wide,5080fdbc
piano,NS448,ACCEPT,wide,5080fdbc
piano,NS449,ACCEPT,wide,5080fdbc
piano,NS45,ACCEPT,wide,5080fdbc
piano,NS450,ACCEPT,wide,5080fdbc
piano,NS451,ACCEPT,wide,5080fdbc
piano,NS452,ACCEPT,wide,5080fdbc
piano,NS453,ACCEPT,wide,5080fdbc
piano,NS454,ACCEPT,wide,5080fdbc
piano,NS455,ACCEPT,wide,5080fdbc
piano,NS456,ACCEPT,wide,5080fdbc
piano,NS457,ACCEPT,wide,5080fdbc
piano,NS458,ACCEPT,wide,5080fdbc
piano,NS459,ACCEPT,wide,5080fdbc
piano,NS46,ACCEPT,wide,5080fdbc
piano,NS460,ACCEPT,wide,5080fdbc
piano,NS461,ACCEPT,default,5080fdbc
piano,NS462,ACCEPT,wide,5080fdbc
piano,NS463,ACCEPT,wide,5080fdbc
piano,NS464,ACCEPT,wide,5080fdbc
piano,NS465,ACCEPT,wide,5080fdbc
piano,NS466,ACCEPT,wide,5080fdbc
piano,NS467,ACCEPT,wide,5080fdbc
piano,NS468,ACCEPT,wide,5080fdbc
piano,NS469,ACCEPT,wide,5080fdbc
piano,NS47,ACCEPT,wide,5080fdbc
piano,NS470,ACCEPT,wide,5080fdbc
piano,NS471,ACCEPT,wide,5080fdbc
piano,NS472,ACCEPT,wide,5080fdbc
piano,NS473,ACCEPT_DB_MISMATCH,wide,5080fdbc
piano,NS474,ACCEPT,wide,5080fdbc
piano,NS475,ACCEPT,wide,5080fdbc
piano,NS476,ACCEPT,wide,5080fdbc
piano,NS477,ACCEPT,wide,5080fdbc
piano,NS478,ACCEPT,wide,5080fdbc
piano,NS479,ACCEPT,wide,5080fdbc
piano,NS48,ACCEPT,wide,5080fdbc
piano,NS480,ACCEPT,wide,5080fdbc
piano,NS481,ACCEPT,wide,5080fdbc
piano,NS482,ACCEPT,wide,5080fdbc
piano,NS483,ACCEPT,wide,5080fdbc
piano,NS484,ACCEPT,wide,5080fdbc
piano,NS485,ACCEPT,wide,5080fdbc
piano,NS486,ACCEPT,wide,5080fdbc
piano,NS487,ACCEPT,wide,5080fdbc
piano,NS488,ACCEPT,wide,5080fdbc
piano,NS489,ACCEPT,wide,5080fdbc
piano,NS49,ACCEPT,default,5080fdbc
piano,NS490,ACCEPT,wide,5080fdbc
piano,NS491,ACCEPT,wide,5080fdbc
piano,NS492,ACCEPT,default,5080fdbc
piano,NS493,ACCEPT,wide,5080fdbc
piano,NS494,ACCEPT,wide,5080fdbc
piano,NS495,ACCEPT,wide,5080fdbc
piano,NS496,ACCEPT,wide,5080fdbc
piano,NS497,ACCEPT,wide,5080fdbc
piano,NS498,ACCEPT,wide,5080fdbc
piano,NS499,ACCEPT,wide,5080fdbc
piano,NS5,ACCEPT,wide,5080fdbc
piano,NS50,ACCEPT,wide,5080fdbc
piano,NS500,ACCEPT,wide,5080fdbc
piano,NS501,ACCEPT,wide,5080fdbc
piano,NS502,ACCEPT,wide,5080fdbc
piano,NS503,ACCEPT,wide,5080fdbc
piano,NS504,ACCEPT,wide,5080fdbc
piano,NS505,ACCEPT,wide,5080fdbc
piano,NS506,ACCEPT,wide,5080fdbc
piano,NS507,ACCEPT,wide,5080fdbc
piano,NS508,ACCEPT,wide,5080fdbc
piano,NS509,ACCEPT,wide,5080fdbc
piano,NS51,ACCEPT,wide,5080fdbc
piano,NS510,ACCEPT,wide,5080fdbc
piano,NS511,ACCEPT,wide,5080fdbc
piano,NS512,ACCEPT,wide,5080fdbc
piano,NS513,ACCEPT,wide,5080fdbc
piano,NS514,ACCEPT,wide,5080fdbc
piano,NS515,ACCEPT,wide,5080fdbc
piano,NS516,ACCEPT,wide,5080fdbc
piano,NS517,ACCEPT,wide,5080fdbc
piano,NS518,ACCEPT,wide,5080fdbc
piano,NS519,ACCEPT,wide,5080fdbc
piano,NS52,ACCEPT,default,5080fdbc
piano,NS520,ACCEPT,wide,5080fdbc
piano,NS521,ACCEPT,wide,5080fdbc
piano,NS522,ACCEPT,wide,5080fdbc
piano,NS523,ACCEPT,wide,5080fdbc
piano,NS524,ACCEPT,wide,5080fdbc
piano,NS525,ACCEPT,wide,5080fdbc
piano,NS526,ACCEPT,wide,5080fdbc
piano,NS527,ACCEPT,wide,5080fdbc
piano,NS528,ACCEPT,wide,5080fdbc
piano,NS529,ACCEPT,wide,5080fdbc
piano,NS53,ACCEPT,default,5080fdbc
piano,NS530,ACCEPT,wide,5080fdbc
piano,NS531,ACCEPT,wide,5080fdbc
piano,NS532,ACCEPT,default,5080fdbc
piano,NS533,ACCEPT,wide,5080fdbc
piano,NS534,ACCEPT,wide,5080fdbc
piano,NS535,ACCEPT,wide,5080fdbc
piano,NS536,ACCEPT,wide,5080fdbc
piano,NS537,ACCEPT,wide,5080fdbc
piano,NS538,ACCEPT,wide,5080fdbc
piano,NS539,ACCEPT,wide,5080fdbc
piano,NS54,ACCEPT,default,5080fdbc
piano,NS540,ACCEPT,wide,5080fdbc
piano,NS541,ACCEPT,wide,5080fdbc
piano,NS542,ACCEPT,wide,5080fdbc
piano,NS543,ACCEPT,wide,5080fdbc
piano,NS544,ACCEPT,default,5080fdbc
piano,NS545,ACCEPT,wide,5080fdbc
piano,NS546,ACCEPT,wide,5080fdbc
piano,NS547,ACCEPT,wide,5080fdbc
piano,NS548,ACCEPT,wide,5080fdbc
piano,NS549,ACCEPT,wide,5080fdbc
piano,NS55,ACCEPT,default,5080fdbc
piano,NS550,ACCEPT,wide,5080fdbc
piano,NS551,ACCEPT,wide,5080fdbc
piano,NS552,ACCEPT,wide,5080fdbc
piano,NS553,ACCEPT,wide,5080fdbc
piano,NS554,ACCEPT,wide,5080fdbc
piano,NS555,ACCEPT,wide,5080fdbc
piano,NS556,ACCEPT,wide,5080fdbc
piano,NS557,ACCEPT,wide,5080fdbc
piano,NS558,ACCEPT_DB_MISMATCH,wide,5080fdbc
piano,NS559,ACCEPT,default,5080fdbc
piano,NS56,ACCEPT,wide,5080fdbc
piano,NS560,ACCEPT,wide,5080fdbc
piano,NS561,ACCEPT,wide,5080fdbc
piano,NS562,ACCEPT,wide,5080fdbc
piano,NS563,ACCEPT,wide,5080fdbc
piano,NS564,ACCEPT,wide,5080fdbc
piano,NS565,ACCEPT,wide,5080fdbc
piano,NS566,ACCEPT,wide,5080fdbc
piano,NS567,ACCEPT,wide,5080fdbc
piano,NS568,ACCEPT,wide,5080fdbc
piano,NS569,ACCEPT,wide,5080fdbc
piano,NS57,ACCEPT,wide,5080fdbc
piano,NS570,ACCEPT,wide,5080fdbc
piano,NS571,ACCEPT,wide,5080fdbc
piano,NS572,ACCEPT,wide,5080fdbc
piano,NS573,ACCEPT,wide,5080fdbc
piano,NS574,ACCEPT,wide,5080fdbc
piano,NS575,ACCEPT_DB_MISMATCH,wide,5080fdbc
piano,NS576,ACCEPT,wide,5080fdbc
piano,NS577,ACCEPT,wide,5080fdbc
piano,NS578,ACCEPT,wide,5080fdbc
piano,NS579,ACCEPT,wide,5080fdbc
piano,NS58,ACCEPT,wide,5080fdbc
piano,NS580,ACCEPT,wide,5080fdbc
piano,NS581,ACCEPT,wide,5080fdbc
piano,NS582,ACCEPT,wide,5080fdbc
piano,NS583,ACCEPT,wide,5080fdbc
piano,NS584,ACCEPT,wide,5080fdbc
piano,NS585,ACCEPT,wide,5080fdbc
piano,NS586,ACCEPT,wide,5080fdbc
piano,NS587,ACCEPT_DB_MISMATCH,default,5080fdbc
piano,NS588,ACCEPT,wide,5080fdbc
piano,NS589,ACCEPT,wide,5080fdbc
piano,NS59,ACCEPT,wide,5080fdbc
piano,NS590,ACCEPT,wide,5080fdbc
piano,NS591,ACCEPT,wide,5080fdbc
piano,NS592,ACCEPT,wide,5080fdbc
piano,NS593,ACCEPT,wide,5080fdbc
piano,NS594,ACCEPT,wide,5080fdbc
piano,NS595,ACCEPT,wide,5080fdbc
piano,NS596,ACCEPT,wide,5080fdbc
piano,NS597,ACCEPT,wide,5080fdbc
piano,NS598,ACCEPT,wide,5080fdbc
piano,NS599,ACCEPT,wide,5080fdbc
piano,NS6,ACCEPT,default,5080fdbc
piano,NS60,ACCEPT,default,5080fdbc
piano,NS600,ACCEPT,wide,5080fdbc
piano,NS601,ACCEPT,wide,5080fdbc
piano,NS602,ACCEPT,wide,5080fdbc
piano,NS603,ACCEPT,wide,5080fdbc
piano,NS604,ACCEPT,wide,5080fdbc
piano,NS605,ACCEPT,wide,5080fdbc
piano,NS606,ACCEPT,wide,5080fdbc
piano,NS607,ACCEPT,wide,5080fdbc
piano,NS608,ACCEPT,wide,5080fdbc
piano,NS609,ACCEPT,wide,5080fdbc
piano,NS61,ACCEPT,default,5080fdbc
piano,NS610,ACCEPT,wide,5080fdbc
piano,NS611,ACCEPT,wide,5080fdbc
piano,NS612,ACCEPT,wide,5080fdbc
piano,NS613,ACCEPT,wide,5080fdbc
piano,NS614,ACCEPT,wide,5080fdbc
piano,NS615,ACCEPT,wide,5080fdbc
piano,NS616,ACCEPT,wide,5080fdbc
piano,NS617,ACCEPT,wide,5080fdbc
piano,NS618,ACCEPT,wide,5080fdbc
piano,NS619,ACCEPT,wide,5080fdbc
piano,NS62,ACCEPT,default,5080fdbc
piano,NS620,ACCEPT,default,5080fdbc
piano,NS621,ACCEPT,wide,5080fdbc
piano,NS622,ACCEPT,wide,5080fdbc
piano,NS623,ACCEPT_DB_MISMATCH,wide,5080fdbc
piano,NS624,ACCEPT,wide,5080fdbc
piano,NS625,ACCEPT,wide,5080fdbc
piano,NS626,ACCEPT,wide,5080fdbc
piano,NS627,ACCEPT,wide,5080fdbc
piano,NS628,ACCEPT,wide,5080fdbc
piano,NS629,ACCEPT,wide,5080fdbc
piano,NS63,ACCEPT,wide,5080fdbc
piano,NS630,ACCEPT,wide,5080fdbc
piano,NS631,ACCEPT,wide,5080fdbc
piano,NS632,ACCEPT,wide,5080fdbc
piano,NS633,ACCEPT,default,5080fdbc
piano,NS634,ACCEPT,wide,5080fdbc
piano,NS635,ACCEPT,wide,5080fdbc
piano,NS636,ACCEPT,wide,5080fdbc
piano,NS637,ACCEPT,wide,5080fdbc
piano,NS638,ACCEPT,wide,5080fdbc
piano,NS639,ACCEPT,wide,5080fdbc
piano,NS64,ACCEPT,wide,5080fdbc
piano,NS640,ACCEPT,wide,5080fdbc
piano,NS641,ACCEPT,wide,5080fdbc
piano,NS642,ACCEPT,wide,5080fdbc
piano,NS643,ACCEPT_DB_MISMATCH,default,5080fdbc
piano,NS644,ACCEPT,wide,5080fdbc
piano,NS645,ACCEPT,wide,5080fdbc
piano,NS646,ACCEPT,wide,5080fdbc
piano,NS647,ACCEPT,wide,5080fdbc
piano,NS648,ACCEPT,wide,5080fdbc
piano,NS649,ACCEPT,wide,5080fdbc
piano,NS65,ACCEPT,default,5080fdbc
piano,NS650,ACCEPT,wide,5080fdbc
piano,NS651,ACCEPT,wide,5080fdbc
piano,NS652,ACCEPT,wide,5080fdbc
piano,NS653,ACCEPT,wide,5080fdbc
piano,NS654,ACCEPT,wide,5080fdbc
piano,NS655,ACCEPT,wide,5080fdbc
piano,NS656,ACCEPT,wide,5080fdbc
piano,NS657,ACCEPT,default,5080fdbc
piano,NS658,ACCEPT,wide,5080fdbc
piano,NS659,ACCEPT,wide,5080fdbc
piano,NS66,ACCEPT,default,5080fdbc
piano,NS660,ACCEPT,wide,5080fdbc
piano,NS661,ACCEPT,wide,5080fdbc
piano,NS662,ACCEPT,wide,5080fdbc
piano,NS663,ACCEPT,wide,5080fdbc
piano,NS664,ACCEPT,wide,5080fdbc
piano,NS665,ACCEPT,wide,5080fdbc
piano,NS666,ACCEPT,wide,5080fdbc
piano,NS667,ACCEPT,wide,5080fdbc
piano,NS668,ACCEPT,wide,5080fdbc
piano,NS669,ACCEPT,wide,5080fdbc
piano,NS67,ACCEPT,wide,5080fdbc
piano,NS670,ACCEPT,wide,5080fdbc
piano,NS671,ACCEPT,wide,5080fdbc
piano,NS672,ACCEPT,wide,5080fdbc
piano,NS673,ACCEPT,wide,5080fdbc
piano,NS674,ACCEPT,wide,5080fdbc
piano,NS675,ACCEPT,wide,5080fdbc
piano,NS676,ACCEPT,wide,5080fdbc
piano,NS677,ACCEPT,wide,5080fdbc
piano,NS678,ACCEPT,wide,5080fdbc
piano,NS679,ACCEPT,wide,5080fdbc
piano,NS68,ACCEPT,default,5080fdbc
piano,NS680,ACCEPT,wide,5080fdbc
piano,NS681,ACCEPT,wide,5080fdbc
piano,NS682,ACCEPT,wide,5080fdbc
piano,NS683,ACCEPT,wide,5080fdbc
piano,NS684,ACCEPT,wide,5080fdbc
piano,NS685,ACCEPT,wide,5080fdbc
piano,NS686,ACCEPT,wide,5080fdbc
piano,NS687,ACCEPT,wide,5080fdbc
piano,NS688,ACCEPT,wide,5080fdbc
piano,NS689,ACCEPT,wide,5080fdbc
piano,NS69,ACCEPT,wide,5080fdbc
piano,NS690,ACCEPT,wide,5080fdbc
piano,NS691,ACCEPT,wide,5080fdbc
piano,NS692,ACCEPT,wide,5080fdbc
piano,NS693,ACCEPT,wide,5080fdbc
piano,NS694,ACCEPT,wide,5080fdbc
piano,NS695,ACCEPT,wide,5080fdbc
piano,NS696,ACCEPT,wide,5080fdbc
piano,NS697,ACCEPT,wide,5080fdbc
piano,NS698,ACCEPT,wide,5080fdbc
piano,NS699,ACCEPT,wide,5080fdbc
piano,NS7,ACCEPT,wide,5080fdbc
piano,NS70,ACCEPT,wide,5080fdbc
piano,NS700,ACCEPT,wide,5080fdbc
piano,NS701,ACCEPT_DB_MISMATCH,wide,5080fdbc
piano,NS702,ACCEPT,wide,5080fdbc
piano,NS703,ACCEPT,wide,5080fdbc
piano,NS704,ACCEPT,wide,5080fdbc
piano,NS705,ACCEPT,wide,5080fdbc
piano,NS706,ACCEPT,wide,5080fdbc
piano,NS707,ACCEPT,wide,5080fdbc
piano,NS708,ACCEPT,wide,5080fdbc
piano,NS709,ACCEPT,wide,5080fdbc
piano,NS71,ACCEPT,default,5080fdbc
piano,NS710,ACCEPT,wide,5080fdbc
piano,NS711,ACCEPT,wide,5080fdbc
piano,NS712,ACCEPT,wide,5080fdbc
piano,NS713,ACCEPT,wide,5080fdbc
piano,NS714,ACCEPT,wide,5080fdbc
piano,NS715,ACCEPT,wide,5080fdbc
piano,NS716,ACCEPT,wide,5080fdbc
piano,NS717,ACCEPT,wide,5080fdbc
piano,NS718,ACCEPT,wide,5080fdbc
piano,NS719,ACCEPT,wide,5080fdbc
piano,NS72,ACCEPT,wide,5080fdbc
piano,NS720,ACCEPT,wide,5080fdbc
piano,NS721,ACCEPT,wide,5080fdbc
piano,NS722,ACCEPT,wide,5080fdbc
piano,NS723,ACCEPT,wide,5080fdbc
piano,NS724,ACCEPT_DB_MISMATCH,wide,5080fdbc
piano,NS725,ACCEPT,wide,5080fdbc
piano,NS726,ACCEPT,wide,5080fdbc
piano,NS727,ACCEPT,wide,5080fdbc
piano,NS728,ACCEPT,wide,5080fdbc
piano,NS729,ACCEPT,wide,5080fdbc
piano,NS73,ACCEPT_DB_MISMATCH,wide,5080fdbc
piano,NS730,ACCEPT,wide,5080fdbc
piano,NS731,ACCEPT,wide,5080fdbc
piano,NS732,ACCEPT,wide,5080fdbc
piano,NS733,ACCEPT,wide,5080fdbc
piano,NS734,ACCEPT,default,5080fdbc
piano,NS735,ACCEPT,wide,5080fdbc
piano,NS736,ACCEPT,wide,5080fdbc
piano,NS737,ACCEPT,wide,5080fdbc
piano,NS738,ACCEPT,wide,5080fdbc
piano,NS739,ACCEPT,wide,5080fdbc
piano,NS74,ACCEPT,default,5080fdbc
piano,NS740,ACCEPT,wide,5080fdbc
piano,NS741,ACCEPT,wide,5080fdbc
piano,NS742,ACCEPT,wide,5080fdbc
piano,NS743,ACCEPT,wide,5080fdbc
piano,NS744,ACCEPT,wide,5080fdbc
piano,NS745,ACCEPT,wide,5080fdbc
piano,NS746,ACCEPT_SOURCE_BAR_SUM,wide,5080fdbc
piano,NS747,ACCEPT,wide,5080fdbc
piano,NS748,ACCEPT,wide,5080fdbc
piano,NS749,ACCEPT,wide,5080fdbc
piano,NS75,ACCEPT,default,5080fdbc
piano,NS750,ACCEPT,wide,5080fdbc
piano,NS751,ACCEPT,wide,5080fdbc
piano,NS753,ACCEPT,wide,5080fdbc
piano,NS754,ACCEPT,wide,5080fdbc
piano,NS755,ACCEPT,wide,5080fdbc
piano,NS756,ACCEPT,wide,5080fdbc
piano,NS757,ACCEPT,wide,5080fdbc
piano,NS758,ACCEPT,wide,5080fdbc
piano,NS759,ACCEPT,wide,5080fdbc
piano,NS76,ACCEPT,default,5080fdbc
piano,NS760,ACCEPT,wide,5080fdbc
piano,NS761,ACCEPT,wide,5080fdbc
piano,NS762,ACCEPT,wide,5080fdbc
piano,NS763,ACCEPT,wide,5080fdbc
piano,NS764,ACCEPT,wide,5080fdbc
piano,NS765,ACCEPT,wide,5080fdbc
piano,NS766,ACCEPT,wide,5080fdbc
piano,NS767,ACCEPT,wide,5080fdbc
piano,NS768,ACCEPT,wide,5080fdbc
piano,NS769,ACCEPT,wide,5080fdbc
piano,NS77,ACCEPT,wide,5080fdbc
piano,NS770,ACCEPT,wide,5080fdbc
piano,NS771,ACCEPT,wide,5080fdbc
piano,NS772,ACCEPT,wide,5080fdbc
piano,NS773,ACCEPT,wide,5080fdbc
piano,NS774,ACCEPT,wide,5080fdbc
piano,NS775,ACCEPT,wide,5080fdbc
piano,NS776,ACCEPT,wide,5080fdbc
piano,NS777,ACCEPT,wide,5080fdbc
piano,NS778,ACCEPT,wide,5080fdbc
piano,NS779,ACCEPT,wide,5080fdbc
piano,NS78,ACCEPT,wide,5080fdbc
piano,NS780,ACCEPT,wide,5080fdbc
piano,NS781,ACCEPT,wide,5080fdbc
piano,NS782,ACCEPT,default,5080fdbc
piano,NS783,ACCEPT_DB_MISMATCH,wide,5080fdbc
piano,NS784,ACCEPT_DB_MISMATCH,wide,5080fdbc
piano,NS785,ACCEPT,wide,5080fdbc
piano,NS786,ACCEPT,wide,5080fdbc
piano,NS787,ACCEPT,wide,5080fdbc
piano,NS788,ACCEPT,wide,5080fdbc
piano,NS789,ACCEPT,wide,5080fdbc
piano,NS79,ACCEPT,wide,5080fdbc
piano,NS790,ACCEPT,wide,5080fdbc
piano,NS791,ACCEPT,default,5080fdbc
piano,NS792,ACCEPT,wide,5080fdbc
piano,NS793,ACCEPT,wide,5080fdbc
piano,NS794,ACCEPT,wide,5080fdbc
piano,NS795,ACCEPT,wide,5080fdbc
piano,NS796,ACCEPT,wide,5080fdbc
piano,NS797,ACCEPT,wide,5080fdbc
piano,NS798,ACCEPT,wide,5080fdbc
piano,NS799,ACCEPT,wide,5080fdbc
piano,NS8,ACCEPT,default,5080fdbc
piano,NS80,ACCEPT,wide,5080fdbc
piano,NS800,ACCEPT,wide,5080fdbc
piano,NS801,ACCEPT,wide,5080fdbc
piano,NS802,ACCEPT,wide,5080fdbc
piano,NS803,ACCEPT,wide,5080fdbc
piano,NS804,ACCEPT,wide,5080fdbc
piano,NS805,ACCEPT,wide,5080fdbc
piano,NS806,ACCEPT,wide,5080fdbc
piano,NS807,ACCEPT,wide,5080fdbc
piano,NS808,ACCEPT,wide,5080fdbc
piano,NS809,ACCEPT,wide,5080fdbc
piano,NS81,ACCEPT,wide,5080fdbc
piano,NS810,ACCEPT,wide,5080fdbc
piano,NS811,ACCEPT,wide,5080fdbc
piano,NS812,ACCEPT,wide,5080fdbc
piano,NS813,ACCEPT,wide,5080fdbc
piano,NS814,ACCEPT,wide,5080fdbc
piano,NS815,ACCEPT,wide,5080fdbc
piano,NS816,ACCEPT,wide,5080fdbc
piano,NS817,ACCEPT,wide,5080fdbc
piano,NS818,ACCEPT,wide,5080fdbc
piano,NS819,ACCEPT,wide,5080fdbc
piano,NS82,ACCEPT,wide,5080fdbc
piano,NS820,ACCEPT,wide,5080fdbc
piano,NS821,ACCEPT,wide,5080fdbc
piano,NS822,ACCEPT,wide,5080fdbc
piano,NS823,ACCEPT,wide,5080fdbc
piano,NS824,ACCEPT,wide,5080fdbc
piano,NS825,ACCEPT,wide,5080fdbc
piano,NS826,ACCEPT,wide,5080fdbc
piano,NS827,ACCEPT,wide,5080fdbc
piano,NS828,ACCEPT,wide,5080fdbc
piano,NS829,ACCEPT,wide,5080fdbc
piano,NS83,ACCEPT,wide,5080fdbc
piano,NS830,ACCEPT,wide,5080fdbc
piano,NS831,ACCEPT,wide,5080fdbc
piano,NS832,ACCEPT,wide,5080fdbc
piano,NS833,ACCEPT,wide,5080fdbc
piano,NS834,ACCEPT,wide,5080fdbc
piano,NS835,ACCEPT,wide,5080fdbc
piano,NS836,ACCEPT,wide,5080fdbc
piano,NS837,ACCEPT,wide,5080fdbc
piano,NS838,ACCEPT,wide,5080fdbc
piano,NS839,ACCEPT,wide,5080fdbc
piano,NS84,ACCEPT,wide,5080fdbc
piano,NS840,ACCEPT,wide,5080fdbc
piano,NS841,ACCEPT,wide,5080fdbc
piano,NS842,ACCEPT,wide,5080fdbc
piano,NS843,ACCEPT,wide,5080fdbc
piano,NS844,ACCEPT,wide,5080fdbc
piano,NS845,ACCEPT_DB_MISMATCH,wide,5080fdbc
piano,NS846,ACCEPT,wide,5080fdbc
piano,NS847,ACCEPT,wide,5080fdbc
piano,NS848,ACCEPT,wide,5080fdbc
piano,NS849,ACCEPT_DB_MISMATCH,wide,5080fdbc
piano,NS85,ACCEPT,wide,5080fdbc
piano,NS850,ACCEPT,wide,5080fdbc
piano,NS851,ACCEPT,wide,5080fdbc
piano,NS852,ACCEPT,wide,5080fdbc
piano,NS853,ACCEPT,wide,5080fdbc
piano,NS854,ACCEPT,wide,5080fdbc
piano,NS855,ACCEPT,wide,5080fdbc
piano,NS856,ACCEPT,wide,5080fdbc
piano,NS857,ACCEPT,wide,5080fdbc
piano,NS858,ACCEPT,wide,5080fdbc
piano,NS859,ACCEPT_DB_MISMATCH,wide,5080fdbc
piano,NS86,ACCEPT,default,5080fdbc
piano,NS860,ACCEPT,wide,5080fdbc
piano,NS861,ACCEPT,wide,5080fdbc
piano,NS862,ACCEPT,wide,5080fdbc
piano,NS863,ACCEPT,wide,5080fdbc
piano,NS864,ACCEPT,wide,5080fdbc
piano,NS865,ACCEPT,wide,5080fdbc
piano,NS866,ACCEPT,wide,5080fdbc
piano,NS867,ACCEPT,wide,5080fdbc
piano,NS868,ACCEPT,wide,5080fdbc
piano,NS869,ACCEPT,wide,5080fdbc
piano,NS87,ACCEPT,default,5080fdbc
piano,NS870,ACCEPT,wide,5080fdbc
piano,NS871,ACCEPT,wide,5080fdbc
piano,NS872,ACCEPT,wide,5080fdbc
piano,NS873,ACCEPT,wide,5080fdbc
piano,NS874,ACCEPT,wide,5080fdbc
piano,NS875,ACCEPT,wide,5080fdbc
piano,NS876,ACCEPT,wide,5080fdbc
piano,NS877,ACCEPT,wide,5080fdbc
piano,NS878,ACCEPT,wide,5080fdbc
piano,NS879,ACCEPT,wide,5080fdbc
piano,NS88,ACCEPT,wide,5080fdbc
piano,NS880,ACCEPT,wide,5080fdbc
piano,NS881,ACCEPT,default,5080fdbc
piano,NS882,ACCEPT,wide,5080fdbc
piano,NS883,ACCEPT,wide,5080fdbc
piano,NS884,ACCEPT,wide,5080fdbc
piano,NS885,ACCEPT,wide,5080fdbc
piano,NS886,ACCEPT,wide,5080fdbc
piano,NS887,ACCEPT,wide,5080fdbc
piano,NS888,ACCEPT,wide,5080fdbc
piano,NS89,ACCEPT,wide,5080fdbc
piano,NS890,ACCEPT,default,5080fdbc
piano,NS891,ACCEPT,wide,5080fdbc
piano,NS892,ACCEPT,wide,5080fdbc
piano,NS893,ACCEPT,wide,5080fdbc
piano,NS894,ACCEPT,wide,5080fdbc
piano,NS895,ACCEPT,wide,5080fdbc
piano,NS896,ACCEPT,wide,5080fdbc
piano,NS897,ACCEPT,wide,5080fdbc
piano,NS898,ACCEPT,wide,5080fdbc
piano,NS899,ACCEPT,wide,5080fdbc
piano,NS9,ACCEPT,wide,5080fdbc
piano,NS90,ACCEPT,wide,5080fdbc
piano,NS900,ACCEPT,wide,5080fdbc
piano,NS901,ACCEPT,wide,5080fdbc
piano,NS902,ACCEPT,wide,5080fdbc
piano,NS903,ACCEPT,wide,5080fdbc
piano,NS904,ACCEPT,wide,5080fdbc
piano,NS905,ACCEPT,wide,5080fdbc
piano,NS906,ACCEPT,wide,5080fdbc
piano,NS907,ACCEPT,wide,5080fdbc
piano,NS908,ACCEPT,wide,5080fdbc
piano,NS909,ACCEPT,wide,5080fdbc
piano,NS91,ACCEPT,wide,5080fdbc
piano,NS910,ACCEPT,wide,5080fdbc
piano,NS911,ACCEPT,wide,5080fdbc
piano,NS912,ACCEPT,wide,5080fdbc
piano,NS913,ACCEPT,wide,5080fdbc
piano,NS914,ACCEPT,wide,5080fdbc
piano,NS915,ACCEPT,wide,5080fdbc
piano,NS916,ACCEPT,wide,5080fdbc
piano,NS917,ACCEPT,wide,5080fdbc
piano,NS918,ACCEPT,wide,5080fdbc
piano,NS919,ACCEPT,wide,5080fdbc
piano,NS92,ACCEPT,wide,5080fdbc
piano,NS920,ACCEPT,wide,5080fdbc
piano,NS921,ACCEPT,wide,5080fdbc
piano,NS922,ACCEPT_DB_MISMATCH,wide,5080fdbc
piano,NS923,ACCEPT,wide,5080fdbc
piano,NS924,ACCEPT,wide,5080fdbc
piano,NS925,ACCEPT_DB_MISMATCH,wide,5080fdbc
piano,NS926,ACCEPT,wide,5080fdbc
piano,NS927,ACCEPT,wide,5080fdbc
piano,NS928,ACCEPT,wide,5080fdbc
piano,NS929,ACCEPT,wide,5080fdbc
piano,NS93,ACCEPT,wide,5080fdbc
piano,NS930,ACCEPT,wide,5080fdbc
piano,NS931,ACCEPT,wide,5080fdbc
piano,NS932,ACCEPT,wide,5080fdbc
piano,NS933,ACCEPT,wide,5080fdbc
piano,NS934,ACCEPT,wide,5080fdbc
piano,NS935,ACCEPT,wide,5080fdbc
piano,NS936,ACCEPT,wide,5080fdbc
piano,NS937,ACCEPT,wide,5080fdbc
piano,NS938,ACCEPT,wide,5080fdbc
piano,NS939,ACCEPT,wide,5080fdbc
piano,NS94,ACCEPT,wide,5080fdbc
piano,NS940,ACCEPT,wide,5080fdbc
piano,NS941,ACCEPT,wide,5080fdbc
piano,NS942,ACCEPT,wide,5080fdbc
piano,NS943,ACCEPT,wide,5080fdbc
piano,NS944,ACCEPT,wide,5080fdbc
piano,NS945,ACCEPT,wide,5080fdbc
piano,NS946,ACCEPT,wide,5080fdbc
piano,NS947,ACCEPT,wide,5080fdbc
piano,NS948,ACCEPT,wide,5080fdbc
piano,NS949,ACCEPT,default,5080fdbc
piano,NS95,ACCEPT,wide,5080fdbc
piano,NS950,ACCEPT,wide,5080fdbc
piano,NS951,ACCEPT,wide,5080fdbc
piano,NS952,ACCEPT,wide,5080fdbc
piano,NS953,ACCEPT,wide,5080fdbc
piano,NS954,ACCEPT,wide,5080fdbc
piano,NS955,ACCEPT,wide,5080fdbc
piano,NS956,ACCEPT,wide,5080fdbc
piano,NS957,ACCEPT,wide,5080fdbc
piano,NS958,ACCEPT_DB_MISMATCH,wide,5080fdbc
piano,NS959,ACCEPT,wide,5080fdbc
piano,NS96,ACCEPT,wide,5080fdbc
piano,NS960,ACCEPT,wide,5080fdbc
piano,NS961,ACCEPT,wide,5080fdbc
piano,NS962,ACCEPT,wide,5080fdbc
piano,NS963,ACCEPT,wide,5080fdbc
piano,NS964,ACCEPT,wide,5080fdbc
piano,NS965,ACCEPT,wide,5080fdbc
piano,NS966,ACCEPT,wide,5080fdbc
piano,NS967,ACCEPT,wide,5080fdbc
piano,NS968,ACCEPT,wide,5080fdbc
piano,NS969,ACCEPT,wide,5080fdbc
piano,NS97,ACCEPT,default,5080fdbc
piano,NS970,ACCEPT,wide,5080fdbc
piano,NS971,ACCEPT,wide,5080fdbc
piano,NS972,ACCEPT,wide,5080fdbc
piano,NS973,ACCEPT,wide,5080fdbc
piano,NS974,ACCEPT,wide,5080fdbc
piano,NS975,ACCEPT,wide,5080fdbc
piano,NS976,ACCEPT,wide,5080fdbc
piano,NS977,ACCEPT,wide,5080fdbc
piano,NS978,ACCEPT,wide,5080fdbc
piano,NS979,ACCEPT,default,5080fdbc
piano,NS98,ACCEPT,default,5080fdbc
piano,NS980,ACCEPT,wide,5080fdbc
piano,NS981,ACCEPT,default,5080fdbc
piano,NS982,ACCEPT,wide,5080fdbc
piano,NS983,ACCEPT,wide,5080fdbc
piano,NS984,ACCEPT,wide,5080fdbc
piano,NS985,ACCEPT_DB_MISMATCH,wide,5080fdbc
piano,NS986,ACCEPT,wide,5080fdbc
piano,NS987,ACCEPT,wide,5080fdbc
piano,NS988,ACCEPT_DB_MISMATCH,default,5080fdbc
piano,NS989,ACCEPT,wide,5080fdbc
piano,NS99,ACCEPT,wide,5080fdbc
piano,NS990,ACCEPT,wide,5080fdbc
piano,NS991,ACCEPT,wide,5080fdbc
piano,NS992,ACCEPT,wide,5080fdbc
piano,NS993,ACCEPT,wide,5080fdbc
piano,NS994,ACCEPT,wide,5080fdbc
piano,NS995,ACCEPT,wide,5080fdbc
piano,NS996,ACCEPT,wide,5080fdbc
piano,NS997,ACCEPT,wide,5080fdbc
piano,NS998,ACCEPT,wide,5080fdbc
piano,NS999,ACCEPT,wide,5080fdbc
