id	db_tune	hymnalnet_code	status	url_path	page_title	first_line_on_page	midi_links
BF101	56121316556121316	56121316556121316	MATCH	nt/383	Hymn: Sweet Will of God	Y	https://www.hymnal.net/Hymns/NewTunes/midi/e0383_new.mid https://www.hymnal.net/Hymns/NewTunes/midi/tunes/e0383_new_tune.midi
BF106	1235356113517655	1235356113517655	MATCH	nt/599	Hymn: Lord, I was blind; I could not see	Y	https://www.hymnal.net/Hymns/NewTunes/midi/e0599_new.mid https://www.hymnal.net/Hymns/NewTunes/midi/tunes/e0599_new_tune.midi
BF109	33235567114411765	33235567114411765	MATCH	nt/578	Hymn: My will is weak, my strength is frail	Y	https://www.hymnal.net/Hymns/NewTunes/midi/e0578_new.mid https://www.hymnal.net/Hymns/NewTunes/midi/tunes/e0578_new_tune.midi
BF12	35532552	35532552	MATCH	nt/1299	Hymn: Man’s Creator has a purpose	Y	https://www.hymnal.net/Hymns/NewTunes/midi/e1299_new.mid https://www.hymnal.net/Hymns/NewTunes/midi/tunes/e1299_new_tune.midi
BF133	355565456	355565456	MATCH	nt/204	Hymn: Gathered in Thy name, Lord Jesus	Y	https://www.hymnal.net/Hymns/NewTunes/midi/e0204_new.mid https://www.hymnal.net/Hymns/NewTunes/midi/tunes/e0204_new_tune.midi
BF134	316653231	316653231	MATCH	nt/33	Hymn: Father, long before creation	Y	https://www.hymnal.net/Hymns/NewTunes/midi/e0033_new.mid https://www.hymnal.net/Hymns/NewTunes/midi/tunes/e0033_new_tune.midi
BF135	465341653	465341653	MATCH	nt/1158	Hymn: Dear Lord Jesus, precious Jesus	Y	https://www.hymnal.net/Hymns/NewTunes/midi/e1158_new.mid https://www.hymnal.net/Hymns/NewTunes/midi/tunes/e1158_new_tune.midi
BF136	5555556543	5555556543	MATCH	nt/575	Hymn: I take Thy promise, Lord, in all its length	Y	https://www.hymnal.net/Hymns/NewTunes/midi/e0575_new.mid https://www.hymnal.net/Hymns/NewTunes/midi/tunes/e0575_new_tune.midi
BF152	33556716	33556716	MATCH	nt/437	Hymn: Hast thou heard Him, seen Him, known Him?	Y	https://www.hymnal.net/Hymns/NewTunes/midi/e0437_new.mid https://www.hymnal.net/Hymns/NewTunes/midi/tunes/e0437_new_tune.midi
BF158	12316116555356453	12316116555356453	MATCH	nt/1278	Hymn: In the church of Jesus there is love for you	Y	https://www.hymnal.net/Hymns/NewTunes/midi/e1278_new.mid https://www.hymnal.net/Hymns/NewTunes/midi/tunes/e1278_new_tune.midi
BF162	15165461512	15165461512	MATCH	nt/531	Hymn: Fade, fade each earthly joy	Y	https://www.hymnal.net/Hymns/NewTunes/midi/e0531_new.mid https://www.hymnal.net/Hymns/NewTunes/midi/tunes/e0531_new_tune.midi
BF164	11177712111111121	11177712111111121	MATCH	nt/1050	Hymn: Out of my bondage, sorrow, and night	Y	https://www.hymnal.net/Hymns/NewTunes/midi/e1050_new.mid https://www.hymnal.net/Hymns/NewTunes/midi/tunes/e1050_new_tune.midi
BF165	5554323443	5554323443	MATCH	nt/641	Hymn: Art thou hung’ring for the fulness	n	https://www.hymnal.net/Hymns/NewTunes/midi/e0641_new.mid https://www.hymnal.net/Hymns/NewTunes/midi/tunes/e0641_new_tune.midi
BF167	33234323117567	33234323117567	MATCH	nt/377	Hymn: If the path I travel	Y	https://www.hymnal.net/Hymns/NewTunes/midi/e0377_new.mid https://www.hymnal.net/Hymns/NewTunes/midi/tunes/e0377_new_tune.midi
BF169	353511213432	353511213432	MATCH	nt/720	Hymn: God Hath Not Promised (1)	Y	https://www.hymnal.net/Hymns/NewTunes/midi/e0720_new.mid https://www.hymnal.net/Hymns/NewTunes/midi/tunes/e0720_new_tune.midi
BF170	666675666675	666675666675	MATCH	nt/285	Hymn: Come and rejoice with me	Y	https://www.hymnal.net/Hymns/NewTunes/midi/e0285_new.mid https://www.hymnal.net/Hymns/NewTunes/midi/tunes/e0285_new_tune.midi
BF171	11171765112355	11171765112355	MATCH	nt/12	Hymn: O God, Thou art the source of life	Y	https://www.hymnal.net/Hymns/NewTunes/midi/e0012_new.mid https://www.hymnal.net/Hymns/NewTunes/midi/tunes/e0012_new_tune.midi
BF172	11112211111111	11112211111111	MATCH	nt/208	Hymn: O Jesus, Jesus, dearest Lord	Y	https://www.hymnal.net/Hymns/NewTunes/midi/e0208_new.mid https://www.hymnal.net/Hymns/NewTunes/midi/tunes/e0208_new_tune.midi
BF174	1123543255	1123543255	MATCH	nt/154	Hymn: It passeth telling, that dear love of Thine	Y	https://www.hymnal.net/Hymns/NewTunes/midi/e0154_new.mid https://www.hymnal.net/Hymns/NewTunes/midi/tunes/e0154_new_tune.midi
BF175	1355343413553431	1355343413553431	MATCH	nt/1049	Hymn: Drawn to the Cross which Thou hast blest	Y	https://www.hymnal.net/Hymns/NewTunes/midi/e1049_new.mid https://www.hymnal.net/Hymns/NewTunes/midi/tunes/e1049_new_tune.midi
BF176	151123111511232	151123111511232	MATCH	nt/172	Hymn: I cannot breathe enough of Thee	Y	https://www.hymnal.net/Hymns/NewTunes/midi/e0172_new.mid https://www.hymnal.net/Hymns/NewTunes/midi/tunes/e0172_new_tune.midi
BF177	32313235	32313235	MATCH	nt/547	Hymn: Something every heart is loving	Y	https://www.hymnal.net/Hymns/NewTunes/midi/e0547_new.mid https://www.hymnal.net/Hymns/NewTunes/midi/tunes/e0547_new_tune.midi
BF185	33511113554	33511113554	MATCH	nt/642	Hymn: Within the veil	Y	https://www.hymnal.net/Hymns/NewTunes/midi/e0642_new.mid https://www.hymnal.net/Hymns/NewTunes/midi/tunes/e0642_new_tune.midi
BF26	5543443231	5543443231	MATCH	nt/434	Hymn: Lord, Thou hast won, at length I yield	Y	https://www.hymnal.net/Hymns/NewTunes/midi/e0434_new.mid https://www.hymnal.net/Hymns/NewTunes/midi/tunes/e0434_new_tune.midi
BF271	71233432165	71233432165	MATCH	nt/1307	Hymn: The day approaches; Jesus soon is coming	Y	https://www.hymnal.net/Hymns/NewTunes/midi/e1307_new.mid https://www.hymnal.net/Hymns/NewTunes/midi/tunes/e1307_new_tune.midi
BF3	1332123445322	1332123445322	MATCH	nt/723	Hymn: He giveth more grace	Y	https://www.hymnal.net/Hymns/NewTunes/midi/e0723_new.mid https://www.hymnal.net/Hymns/NewTunes/midi/tunes/e0723_new_tune.midi
BF31	1121255666654543	1121255666654543	MATCH	nt/1238	Hymn: Never did I dream before	Y	https://www.hymnal.net/Hymns/NewTunes/midi/e1238_new.mid https://www.hymnal.net/Hymns/NewTunes/midi/tunes/e1238_new_tune.midi
BF32	123334321	123334321	MATCH	nt/711	Hymn: I know not what awaits me	Y	https://www.hymnal.net/Hymns/NewTunes/midi/e0711_new.mid https://www.hymnal.net/Hymns/NewTunes/midi/tunes/e0711_new_tune.midi
BF325	11111325321717656332	11111325321717656332	MATCH	nt/426	Hymn: Remove My Covering, Lord	Y	https://www.hymnal.net/Hymns/NewTunes/midi/e0426_new.mid https://www.hymnal.net/Hymns/NewTunes/midi/tunes/e0426_new_tune.midi
BF34	53432177615	53432177615	MATCH	nt/643	Hymn: Take time to behold Him	Y	https://www.hymnal.net/Hymns/NewTunes/midi/e0643_new.mid https://www.hymnal.net/Hymns/NewTunes/midi/tunes/e0643_new_tune.midi
BF345	3455543332111232	3455543332111232	MATCH	nt/1057	Hymn: Jesus, lover of my soul	Y	https://www.hymnal.net/Hymns/NewTunes/midi/e1057_new.mid https://www.hymnal.net/Hymns/NewTunes/midi/tunes/e1057_new_tune.midi
BF35	555343216111233	555343216111233	MATCH	nt/394	Hymn: Unto Him that hath Thou givest	Y	https://www.hymnal.net/Hymns/NewTunes/midi/e0394_new.mid https://www.hymnal.net/Hymns/NewTunes/midi/tunes/e0394_new_tune.midi
BF36	534511765577712	534511765577712	MATCH	nt/521	Hymn: I thank Thee, Lord, that Thou hast shown	Y	https://www.hymnal.net/Hymns/NewTunes/midi/e0521_new.mid https://www.hymnal.net/Hymns/NewTunes/midi/tunes/e0521_new_tune.midi
BF37	51122366117655	51122366117655	MATCH	nt/284	Hymn: Loved with everlasting love	Y	https://www.hymnal.net/Hymns/NewTunes/midi/e0284_new.mid https://www.hymnal.net/Hymns/NewTunes/midi/tunes/e0284_new_tune.midi
BF401	5555366655553444	5555366655553444	MATCH	nt/293	Hymn: Cleansed in our Savior’s precious blood	Y	https://www.hymnal.net/Hymns/NewTunes/midi/e0293_new.mid https://www.hymnal.net/Hymns/NewTunes/midi/tunes/e0293_new_tune.midi
BF402	1231433112351765	1231433112351765	MATCH	nt/325	Hymn: All my life long I had panted	Y	https://www.hymnal.net/Hymns/NewTunes/midi/e0325_new.mid https://www.hymnal.net/Hymns/NewTunes/midi/tunes/e0325_new_tune.midi
BF403	55321321143213212	55321321143213212	MATCH	nt/252	Hymn: Thou Breath from still eternity	Y	https://www.hymnal.net/Hymns/NewTunes/midi/e0252_new.mid https://www.hymnal.net/Hymns/NewTunes/midi/tunes/e0252_new_tune.midi
BF404	34523211443212	34523213443212	DIFF	nt/367	Hymn: Be Thou supreme, O Jesus Christ	Y	https://www.hymnal.net/Hymns/NewTunes/midi/e0367_new.mid https://www.hymnal.net/Hymns/NewTunes/midi/tunes/e0367_new_tune.midi
BF405	33334452343	33334452343	MATCH	nt/1222	Hymn: Sing aloud your praises to the Lord of all	Y	https://www.hymnal.net/Hymns/NewTunes/midi/e1222_new.mid https://www.hymnal.net/Hymns/NewTunes/midi/tunes/e1222_new_tune.midi
BF406	55554434523	55554434523	MATCH	nt/389	Hymn: Lord Jesus, I long in Thy presence to live	Y	https://www.hymnal.net/Hymns/NewTunes/midi/e0389_new.mid https://www.hymnal.net/Hymns/NewTunes/midi/tunes/e0389_new_tune.midi
BF407	1345365471242345	1345365471242345	MATCH	nt/673	Hymn: I take my portion from Thy hand	Y	https://www.hymnal.net/Hymns/NewTunes/midi/e0673_new.mid https://www.hymnal.net/Hymns/NewTunes/midi/tunes/e0673_new_tune.midi
BF408	334432133443432	334432133443432	MATCH	nt/439	Hymn: Utterly abandoned	Y	https://www.hymnal.net/Hymns/NewTunes/midi/e0439_new.mid https://www.hymnal.net/Hymns/NewTunes/midi/tunes/e0439_new_tune.midi
BF409	33333212221321	33333212221321	MATCH	nt/287	Hymn: Jesus, Jesus, Jesus	Y	https://www.hymnal.net/Hymns/NewTunes/midi/e0287_new.mid https://www.hymnal.net/Hymns/NewTunes/midi/tunes/e0287_new_tune.midi
BF410	5556444311232	5556444311232	MATCH	nt/724	Hymn: A little bird I am	Y	https://www.hymnal.net/Hymns/NewTunes/midi/e0724_new.mid https://www.hymnal.net/Hymns/NewTunes/midi/tunes/e0724_new_tune.midi
BF411	1235565333321651	1235565333321651	MATCH	nt/378	Hymn: Savior, lead me up the mountain	Y	https://www.hymnal.net/Hymns/NewTunes/midi/e0378_new.mid https://www.hymnal.net/Hymns/NewTunes/midi/tunes/e0378_new_tune.midi
BF412	155554341	155554341	MATCH	nt/721	Hymn: I’ll sing of the wonderful promise	Y	https://www.hymnal.net/Hymns/NewTunes/midi/e0721_new.mid https://www.hymnal.net/Hymns/NewTunes/midi/tunes/e0721_new_tune.midi
BF414	345554432143212	345554432143212	MATCH	nt/474	Hymn: I am one with Thee, Lord Jesus	Y	https://www.hymnal.net/Hymns/NewTunes/midi/e0474_new.mid https://www.hymnal.net/Hymns/NewTunes/midi/tunes/e0474_new_tune.midi
BF415	3355442345433	3355442345433	MATCH	nt/477	Hymn: Though Christ a thousand times	Y	https://www.hymnal.net/Hymns/NewTunes/midi/e0477_new.mid https://www.hymnal.net/Hymns/NewTunes/midi/tunes/e0477_new_tune.midi
BF416	333321615135652	333321615135652	MATCH	nt/647	Hymn: Trust Him when thy wants are many	Y	https://www.hymnal.net/Hymns/NewTunes/midi/e0647_new.mid https://www.hymnal.net/Hymns/NewTunes/midi/tunes/e0647_new_tune.midi
BF417	55554123322231	55554123322231	MATCH	nt/995	Hymn: There is a green hill far away	Y	https://www.hymnal.net/Hymns/NewTunes/midi/e0995_new.mid https://www.hymnal.net/Hymns/NewTunes/midi/tunes/e0995_new_tune.midi
BF418	5333213322	5333213322	MATCH	nt/605	Hymn: My home is God Himself	Y	https://www.hymnal.net/Hymns/NewTunes/midi/e0605_new.mid https://www.hymnal.net/Hymns/NewTunes/midi/tunes/e0605_new_tune.midi
BF419	33431655432343	33431655432343	MATCH	nt/407	Hymn: Search me, O God, my actions try	Y	https://www.hymnal.net/Hymns/NewTunes/midi/e0407_new.mid https://www.hymnal.net/Hymns/NewTunes/midi/tunes/e0407_new_tune.midi
BF420	51121234322	51121234322	MATCH	nt/716	Hymn: Begone, unbelief	Y	https://www.hymnal.net/Hymns/NewTunes/midi/e0716_new.mid https://www.hymnal.net/Hymns/NewTunes/midi/tunes/e0716_new_tune.midi
BF421	553335544	1235671233432521	DIFF	nt/343	Hymn: There is sunshine in my soul today	Y	https://www.hymnal.net/Hymns/NewTunes/midi/e0343_new.mid https://www.hymnal.net/Hymns/NewTunes/midi/tunes/e0343_new_tune.midi
BF422	553216132553132	553216132553132	MATCH	nt/857	Hymn: How sweet, how heav’nly is the sight	Y	https://www.hymnal.net/Hymns/NewTunes/midi/e0857_new.mid https://www.hymnal.net/Hymns/NewTunes/midi/tunes/e0857_new_tune.midi
BF423	135556532121161	135556532121161	MATCH	nt/788	Hymn: When thou wakest in the morning	Y	https://www.hymnal.net/Hymns/NewTunes/midi/e0788_new.mid https://www.hymnal.net/Hymns/NewTunes/midi/tunes/e0788_new_tune.midi
BF424	1232123565	1232123565	MATCH	nt/789	Hymn: What a Friend we have in Jesus	Y	https://www.hymnal.net/Hymns/NewTunes/midi/e0789_new.mid https://www.hymnal.net/Hymns/NewTunes/midi/tunes/e0789_new_tune.midi
BF425	55543316112345	55543316112345	MATCH	nt/513	Hymn: Once it was the blessing	Y	https://www.hymnal.net/Hymns/NewTunes/midi/e0513_new.mid https://www.hymnal.net/Hymns/NewTunes/midi/tunes/e0513_new_tune.midi
BF426	55556543555565	55556543555565	MATCH	nt/512	Hymn: Jesus, Sun and Shield art Thou	Y	https://www.hymnal.net/Hymns/NewTunes/midi/e0512_new.mid https://www.hymnal.net/Hymns/NewTunes/midi/tunes/e0512_new_tune.midi
BF427	656117123231217	656117123231217	MATCH	nt/553	Hymn: In the secret of His presence	Y	https://www.hymnal.net/Hymns/NewTunes/midi/e0553_new.mid https://www.hymnal.net/Hymns/NewTunes/midi/tunes/e0553_new_tune.midi
BF428	55555643332132	55555643332132	MATCH	nt/223	Hymn: On the table of Thy love	Y	https://www.hymnal.net/Hymns/NewTunes/midi/e0223_new.mid https://www.hymnal.net/Hymns/NewTunes/midi/tunes/e0223_new_tune.midi
BF429	51355315135516	51355315135516	MATCH	nt/352	Hymn: A common bush	Y	https://www.hymnal.net/Hymns/NewTunes/midi/e0352_new.mid https://www.hymnal.net/Hymns/NewTunes/midi/tunes/e0352_new_tune.midi
BF43	321543213215565	321543213215565	MATCH	nt/1174	Hymn: What a victory! What a triumph!	Y	https://www.hymnal.net/Hymns/NewTunes/midi/e1174_new.mid https://www.hymnal.net/Hymns/NewTunes/midi/tunes/e1174_new_tune.midi
BF430	12333215123332132	12333215123332132	MATCH	nt/1008	Hymn: What can wash away my sin?	Y	https://www.hymnal.net/Hymns/NewTunes/midi/e1008_new.mid https://www.hymnal.net/Hymns/NewTunes/midi/tunes/e1008_new_tune.midi
BF431	32117253211723	32117253211723	MATCH	nt/412	Hymn: Lord, reveal Thyself to me	Y	https://www.hymnal.net/Hymns/NewTunes/midi/e0412_new.mid https://www.hymnal.net/Hymns/NewTunes/midi/tunes/e0412_new_tune.midi
BF432	5323216567121232	5323216567121232	MATCH	nt/708	Hymn: Fresh as the dew of the morning	Y	https://www.hymnal.net/Hymns/NewTunes/midi/e0708_new.mid https://www.hymnal.net/Hymns/NewTunes/midi/tunes/e0708_new_tune.midi
BF433	3345434176556512	3345434176556512	MATCH	nt/498	Hymn: This is my wonderful story	Y	https://www.hymnal.net/Hymns/NewTunes/midi/e0498_new.mid https://www.hymnal.net/Hymns/NewTunes/midi/tunes/e0498_new_tune.midi
BF434	3333334443244445432321	3333334443244445432321	MATCH	nt/1040	Hymn: Hark, the Savior’s knocking, knocking	Y	https://www.hymnal.net/Hymns/NewTunes/midi/e1040_new.mid https://www.hymnal.net/Hymns/NewTunes/midi/tunes/e1040_new_tune.midi
BF435	34561712334561765	34561712334561765	MATCH	nt/374	Hymn: Sun of my soul, Thou Savior dear	Y	https://www.hymnal.net/Hymns/NewTunes/midi/e0374_new.mid https://www.hymnal.net/Hymns/NewTunes/midi/tunes/e0374_new_tune.midi
BF436	1233432121233	1233432121233	MATCH	nt/1210	Hymn: Through God’s word, my hope at His returning	Y	https://www.hymnal.net/Hymns/NewTunes/midi/e1210_new.mid https://www.hymnal.net/Hymns/NewTunes/midi/tunes/e1210_new_tune.midi
BF438	1517777111761	1517777111761	MATCH	nt/543	Hymn: I give my heart to Thee	Y	https://www.hymnal.net/Hymns/NewTunes/midi/e0543_new.mid https://www.hymnal.net/Hymns/NewTunes/midi/tunes/e0543_new_tune.midi
BF439	111565512321		NO_SOURCE				
BF440	3251217653254565	3251217653254565	MATCH	nt/251	Hymn: Rivers of living water	Y	https://www.hymnal.net/Hymns/NewTunes/midi/e0251_new.mid https://www.hymnal.net/Hymns/NewTunes/midi/tunes/e0251_new_tune.midi
BF441	345176543451132	345176543451132	MATCH	nt/321	Hymn: Full salvation! Full salvation	Y	https://www.hymnal.net/Hymns/NewTunes/midi/e0321_new.mid https://www.hymnal.net/Hymns/NewTunes/midi/tunes/e0321_new_tune.midi
BF442	55435551756	55435551756	MATCH	nt/339	Hymn: How firm a foundation, ye saints of the Lord	Y	https://www.hymnal.net/Hymns/NewTunes/midi/e0339_new.mid https://www.hymnal.net/Hymns/NewTunes/midi/tunes/e0339_new_tune.midi
BF443	3451712145613432	3451712145613432	MATCH	nt/369	Hymn: Let me love Thee, Thou art claiming	Y	https://www.hymnal.net/Hymns/NewTunes/midi/e0369_new.mid https://www.hymnal.net/Hymns/NewTunes/midi/tunes/e0369_new_tune.midi
BF444	3323214432	3323214432	MATCH	nt/449	Hymn: Have Thine own way, Lord	Y	https://www.hymnal.net/Hymns/NewTunes/midi/e0449_new.mid https://www.hymnal.net/Hymns/NewTunes/midi/tunes/e0449_new_tune.midi
BF445	51765335313321143432	51765335313321143432	MATCH	nt/496	Hymn: Christ is the one reality of all	Y	https://www.hymnal.net/Hymns/NewTunes/midi/e0496_new.mid https://www.hymnal.net/Hymns/NewTunes/midi/tunes/e0496_new_tune.midi
BF446	33321556533216121	33321556533216121	MATCH	nt/523	Hymn: I have come to the Fountain of Life	Y	https://www.hymnal.net/Hymns/NewTunes/midi/e0523_new.mid https://www.hymnal.net/Hymns/NewTunes/midi/tunes/e0523_new_tune.midi
BF447	11212331231432	11212331231432	MATCH	nt/525	Hymn: Jesus, Fountain of my days	Y	https://www.hymnal.net/Hymns/NewTunes/midi/e0525_new.mid https://www.hymnal.net/Hymns/NewTunes/midi/tunes/e0525_new_tune.midi
BF448	543121765543112123	543121765543112123	MATCH	nt/731	Hymn: Why should I fear the darkest hour	Y	https://www.hymnal.net/Hymns/NewTunes/midi/e0731_new.mid https://www.hymnal.net/Hymns/NewTunes/midi/tunes/e0731_new_tune.midi
BF449	5555436615	5555436615	MATCH	nt/806	Hymn: Break Thou the Bread of Life	Y	https://www.hymnal.net/Hymns/NewTunes/midi/e0806_new.mid https://www.hymnal.net/Hymns/NewTunes/midi/tunes/e0806_new_tune.midi
BF450	553456541643212		NO_SOURCE				
BF451	5323231453		NO_SOURCE				
BF452	553217766643217		NO_SOURCE				
BF453	53321171123211		NO_SOURCE				
BF454	555555175555555175		NO_SOURCE				
BF46	12333543122236	12333543122236	MATCH	nt/165	Hymn: My song shall be of Jesus	Y	https://www.hymnal.net/Hymns/NewTunes/midi/e0165_new.mid https://www.hymnal.net/Hymns/NewTunes/midi/tunes/e0165_new_tune.midi
BF51	111176712333		NO_SOURCE				
BF53	12321612217	12321612217	MATCH	nt/350	Hymn: My goal is God Himself	Y	https://www.hymnal.net/Hymns/NewTunes/midi/e0350_new.mid https://www.hymnal.net/Hymns/NewTunes/midi/tunes/e0350_new_tune.midi
BF59	32163212612756	3216321266711233	DIFF	nt/323	Hymn: I heard the voice of Jesus say	Y	https://www.hymnal.net/Hymns/NewTunes/midi/e0323_new.mid https://www.hymnal.net/Hymns/NewTunes/midi/tunes/e0323_new_tune.midi
BF61	3333212111651132	3333212111651132	MATCH	nt/432	Hymn: O Love, that wilt not let me go	Y	https://www.hymnal.net/Hymns/NewTunes/midi/e0432_new.mid https://www.hymnal.net/Hymns/NewTunes/midi/tunes/e0432_new_tune.midi
BF66	356321234516	356321234516	MATCH	nt/96	Hymn: My song is love unknown	Y	https://www.hymnal.net/Hymns/NewTunes/midi/e0096_new.mid https://www.hymnal.net/Hymns/NewTunes/midi/tunes/e0096_new_tune.midi
BF78	51212353567653	51212353567653	MATCH	nt/600	Hymn: My God, my Portion	Y	https://www.hymnal.net/Hymns/NewTunes/midi/e0600_new.mid https://www.hymnal.net/Hymns/NewTunes/midi/tunes/e0600_new_tune.midi
BF79	332211212	332211212	MATCH	nt/1325	Hymn: God eternal has a purpose	Y	https://www.hymnal.net/Hymns/NewTunes/midi/e1325_new.mid https://www.hymnal.net/Hymns/NewTunes/midi/tunes/e1325_new_tune.midi
BF93	5175654345	5175654345	MATCH	nt/431	Hymn: Thy mighty love, O God, constraineth me	Y	https://www.hymnal.net/Hymns/NewTunes/midi/e0431_new.mid https://www.hymnal.net/Hymns/NewTunes/midi/tunes/e0431_new_tune.midi
BF94	3333223216	3333223216	MATCH	nt/1079	Hymn: If I gained the world, but lost the Savior	Y	https://www.hymnal.net/Hymns/NewTunes/midi/e1079_new.mid https://www.hymnal.net/Hymns/NewTunes/midi/tunes/e1079_new_tune.midi
BF99	51232165	51232165	MATCH	nt/1048	Hymn: Just as I am	Y	https://www.hymnal.net/Hymns/NewTunes/midi/e1048_new.mid https://www.hymnal.net/Hymns/NewTunes/midi/tunes/e1048_new_tune.midi
C1002	34555117666443211	34555111666443221	DIFF	ch/1002	Hymn: 阿利路、阿利路	Y	https://www.hymnal.net/Hymns/Chinese/midi/tunes/c1002_tune.midi https://www.hymnal.net/Hymns/Hymnal/midi/e9002_i.mid
C1006	1123234323	1123234323	MATCH	ch/1006	Hymn: 神，你生命所施拯救	Y	https://www.hymnal.net/Hymns/Chinese/midi/tunes/c1006_tune.midi https://www.hymnal.net/Hymns/Hymnal/midi/e0488_i.mid
C103	532156517	532156517	MATCH	ch/103	Hymn: 我的代替未見歸回	Y	https://www.hymnal.net/Hymns/Chinese/midi/tunes/c0103_tune.midi https://www.hymnal.net/Hymns/Hymnal/midi/e0231_i.mid
C107	153512333321322	153512333321322	MATCH	ch/107	Hymn: 耶穌已經出墓來	Y	https://www.hymnal.net/Hymns/Chinese/midi/tunes/c0107_tune.midi https://www.hymnal.net/Hymns/Hymnal/midi/e8107_i.mid
C111	135567155356671255	135567155356671255	MATCH	ch/111	Hymn: 神的兒子親愛救主	Y	https://www.hymnal.net/Hymns/Chinese/midi/tunes/c0111_tune.midi https://www.hymnal.net/Hymns/Hymnal/midi/e8111_i.mid
C127	34556553121165	34556553121165	MATCH	ch/127	Hymn: 耶穌我主榮耀主	Y	https://www.hymnal.net/Hymns/Chinese/midi/tunes/c0127_tune.midi https://www.hymnal.net/Hymns/Hymnal/midi/e0210_i.mid
C128	5321651122123	5321651122123	MATCH	ch/128	Hymn: 我今俯伏主面前	Y	https://www.hymnal.net/Hymns/Chinese/midi/tunes/c0128_tune.midi https://www.hymnal.net/Hymns/Hymnal/midi/e8128_i.mid
C132	11165451116545	11165451116545	MATCH	ch/132	Hymn: 長似東西無終點	Y	https://www.hymnal.net/Hymns/Chinese/midi/tunes/c0132_tune.midi https://www.hymnal.net/Hymns/Hymnal/midi/e0616_i.mid
C136	132157215531232	132157215531232	MATCH	ch/136	Hymn: 樂哉白白恩典	Y	https://www.hymnal.net/Hymns/Chinese/midi/tunes/c0136_tune.midi
C137	334322321143231	334322321143231	MATCH	ch/137	Hymn: 恩深逾洋海	Y	https://www.hymnal.net/Hymns/Chinese/midi/tunes/c0137_tune.midi https://www.hymnal.net/Hymns/Hymnal/midi/e0441_i.mid
C15	5165123213532132	5165123213532132	MATCH	ch/15	Hymn: 若無流血就有赦罪	Y	https://www.hymnal.net/Hymns/Chinese/midi/tunes/c0015_tune.midi https://www.hymnal.net/Hymns/Hymnal/midi/e0104_i.mid
C17	517125671	517125671	MATCH	ch/17	Hymn: 當我有罪充滿痛苦	Y	https://www.hymnal.net/Hymns/Chinese/midi/tunes/c0017_tune.midi https://www.hymnal.net/Hymns/Hymnal/midi/e0061_i.mid
C174	123216531232352	123216531232352	MATCH	ch/174	Hymn: 主舉愛旗遮蓋我們	Y	https://www.hymnal.net/Hymns/Chinese/midi/tunes/c0174_tune.midi https://www.hymnal.net/Hymns/Hymnal/midi/e8174_i.mid
C182	11265333445	3556561171	DIFF	ch/182	Hymn: 在你首次要顯你死	Y	https://www.hymnal.net/Hymns/Chinese/midi/tunes/c0182_tune.midi https://www.hymnal.net/Hymns/Hymnal/midi/e0304_i.mid
C183	1712353232165121	1712353232165121	MATCH	ch/183	Hymn: 咒詛祂受祝福我享	Y	https://www.hymnal.net/Hymns/Chinese/midi/tunes/c0183_tune.midi https://www.hymnal.net/Hymns/Hymnal/midi/e8444_i.mid
C188	332112231	332112231	MATCH	ch/188	Hymn: 榮耀基督太初就有	Y	https://www.hymnal.net/Hymns/Chinese/midi/tunes/c0188_tune.midi https://www.hymnal.net/Hymns/Hymnal/midi/e0641_i.mid
C189	53453451332222111	53453451332222111	MATCH	ch/189	Hymn: 美哉善哉羔羊的新歌	Y	https://www.hymnal.net/Hymns/Chinese/midi/tunes/c0189_tune.midi https://www.hymnal.net/Hymns/Hymnal/midi/e8189_i.mid
C191	12321765511	12321765511	MATCH	ch/191	Hymn: 那愛我們憐憫我們	Y	https://www.hymnal.net/Hymns/Chinese/midi/tunes/c0191_tune.midi https://www.hymnal.net/Hymns/Hymnal/midi/e8191_i.mid
C192	53513165561216522	53513165561216522	MATCH	ch/192	Hymn: 主惟有你	Y	https://www.hymnal.net/Hymns/Chinese/midi/tunes/c0192_tune.midi https://www.hymnal.net/Hymns/Hymnal/midi/e0938_i.mid
C195	351113212165	351113212165	MATCH	ch/195	Hymn: 聖靈顯在我心房	Y	https://www.hymnal.net/Hymns/Chinese/midi/tunes/c0195_tune.midi https://www.hymnal.net/Hymns/Hymnal/midi/e8195_i.mid
C198	12321765511	12321765511	MATCH	ch/198	Hymn: 世人看你不過仍是	Y	https://www.hymnal.net/Hymns/Chinese/midi/tunes/c0198_tune.midi https://www.hymnal.net/Hymns/Hymnal/midi/e8191_i.mid
C199	3332344444432555	3332344444432555	MATCH	ch/199	Hymn: 榮耀的主你曾經從	Y	https://www.hymnal.net/Hymns/Chinese/midi/tunes/c0199_tune.midi https://www.hymnal.net/Hymns/Hymnal/midi/e0269_i.mid
C205	555567157777121	555567157777121	MATCH	ch/205	Hymn: 神的活水湧流	Y	https://www.hymnal.net/Hymns/Chinese/midi/tunes/c0205_tune.midi https://www.hymnal.net/Hymns/Hymnal/midi/e0260_i.mid
C212	55172133425231	5534564321	DIFF	ch/212	Hymn: 聖靈的大風	Y	https://www.hymnal.net/Hymns/Chinese/midi/tunes/c0212_tune.midi https://www.hymnal.net/Hymns/Hymnal/midi/e0273_i.mid
C239	5113116151232	5113116151232	MATCH	ch/239	Hymn: 神將我罪歸耶穌	Y	https://www.hymnal.net/Hymns/Chinese/midi/tunes/c0239_tune.midi https://www.hymnal.net/Hymns/Hymnal/midi/e0870b_i.mid
C243	55111117671	55111117671	MATCH	ch/243	Hymn: 我知何時我的罪擔	Y	https://www.hymnal.net/Hymns/Chinese/midi/tunes/c0243_tune.midi https://www.hymnal.net/Hymns/Hymnal/midi/e8243_i.mid
C245	12165653565435	12165653565435	MATCH	ch/245	Hymn: 前在罪中為罪奴僕	Y	https://www.hymnal.net/Hymns/Chinese/midi/tunes/c0245_tune.midi https://www.hymnal.net/Hymns/Hymnal/midi/e0324_i.mid
C253	33234332671125434	33234332671125434	MATCH	ch/253	Hymn: 耶穌耶穌耶穌	Y	
C255	323473215517654		NO_CODE	ch/255	Hymn: 我心中奏一甜美音	Y	https://www.hymnal.net/Hymns/Chinese/midi/tunes/c0255_tune.midi https://www.hymnal.net/Hymns/Hymnal/midi/e8255_i.mid
C261	1151255323432	1151255323432	MATCH	ch/261	Hymn: 哦來蒙恩群眾	Y	https://www.hymnal.net/Hymns/Chinese/midi/tunes/c0261_tune.midi https://www.hymnal.net/Hymns/Hymnal/midi/e0339_i.mid
C273	3123211765	3123211765	MATCH	ch/273	Hymn: 神你正在重排我的	Y	https://www.hymnal.net/Hymns/Chinese/midi/tunes/c0273_tune.midi https://www.hymnal.net/Hymns/Hymnal/midi/e8273_i.mid
C276	33233434222543	33233434222543	MATCH	ch/276	Hymn: 你若取去我的心愛	Y	https://www.hymnal.net/Hymns/Chinese/midi/tunes/c0276_tune.midi https://www.hymnal.net/Hymns/Hymnal/midi/e0375_i.mid
C28	135555655151232125	135555655151232125	MATCH	ch/28	Hymn: 神哪你在聖所之內	Y	https://www.hymnal.net/Hymns/Chinese/midi/tunes/c0028_tune.midi https://www.hymnal.net/Hymns/Hymnal/midi/e8028_i.mid
C283	1767515176751	1767515176751	MATCH	ch/283	Hymn: 願我的所愛到這裏	Y	https://www.hymnal.net/Hymns/Chinese/midi/tunes/c0283_tune.midi https://www.hymnal.net/Hymns/Hymnal/midi/e8283_i.mid
C292	53517654326543	53517654326543	MATCH	ch/292	Hymn: 領我領我	Y	https://www.hymnal.net/Hymns/Chinese/midi/tunes/c0292_tune.midi https://www.hymnal.net/Hymns/Hymnal/midi/e0390_i.mid
C293	5653544454243	5653544454243	MATCH	ch/293	Hymn: 求你揀選我道路	Y	https://www.hymnal.net/Hymns/Chinese/midi/tunes/c0293_tune.midi https://www.hymnal.net/Hymns/Hymnal/midi/e8293_i.mid
C303	55433216665	55433216665	MATCH	ch/303	Hymn: 祂的臉面祂的天使	Y	https://www.hymnal.net/Hymns/Chinese/midi/tunes/c0303_tune.midi https://www.hymnal.net/Hymns/Hymnal/midi/e0334_i.mid
C305	5333234275111712	5333234275111712	MATCH	ch/305	Hymn: 父我知道我的一生	Y	https://www.hymnal.net/Hymns/Chinese/midi/tunes/c0305_tune.midi https://www.hymnal.net/Hymns/Hymnal/midi/e0661_i.mid
C310	33155311765	33155311765	MATCH	ch/310	Hymn: 一生聰明未遇敵手	Y	https://www.hymnal.net/Hymns/Chinese/midi/tunes/c0310_tune.midi https://www.hymnal.net/Hymns/Hymnal/midi/e0252_i.mid
C313	35671232467125	35671232467125	MATCH	ch/313	Hymn: 求主倒空我脫自己	Y	
C315	33343554344433445	33343554344433445	MATCH	ch/315	Hymn: 嘴唇不潔心意不潔	Y	https://www.hymnal.net/Hymns/Chinese/midi/tunes/c0315_tune.midi https://www.hymnal.net/Hymns/Hymnal/midi/e8315_i.mid
C316	123542123436511712	123542123436511712	MATCH	ch/316	Hymn: 當我蒙恩能彀施恩	Y	https://www.hymnal.net/Hymns/Chinese/midi/tunes/c0316_tune.midi https://www.hymnal.net/Hymns/Hymnal/midi/e0532_i.mid
C319	3212165556151322	3212165556151322	MATCH	ch/319	Hymn: 每一點每一天	Y	https://www.hymnal.net/Hymns/Chinese/midi/tunes/c0319_tune.midi https://www.hymnal.net/Hymns/Hymnal/midi/e8319_i.mid
C323	54565424347653	54565424347653	MATCH	ch/323	Hymn: 願光今天照亮	Y	
C326	5612165555116532	5612165555116532	MATCH	ch/326	Hymn: 求主光照光照我	Y	https://www.hymnal.net/Hymns/Chinese/midi/tunes/c0326_tune.midi https://www.hymnal.net/Hymns/Hymnal/midi/e8326_i.mid
C327	51166554653322	51166554653322	MATCH	ch/327	Hymn: 求主潔淨我的靈	Y	https://www.hymnal.net/Hymns/Chinese/midi/tunes/c0327_tune.midi https://www.hymnal.net/Hymns/Hymnal/midi/e1044_i.mid
C329	333212333444323444	333212333444323444	MATCH	ch/329	Hymn: 有人已離主別行他	Y	https://www.hymnal.net/Hymns/Chinese/midi/tunes/c0329_tune.midi https://www.hymnal.net/Hymns/Hymnal/midi/e8329_i.mid
C347	35532123532	35532123532	MATCH	ch/347	Hymn: 主我今背十架	Y	https://www.hymnal.net/Hymns/Chinese/midi/tunes/c0347_tune.midi https://www.hymnal.net/Hymns/Hymnal/midi/e8347_i.mid
C352	1123234323	1123234323	MATCH	ch/352	Hymn: 我們雖然時常搖動	Y	https://www.hymnal.net/Hymns/Chinese/midi/tunes/c0352_tune.midi https://www.hymnal.net/Hymns/Hymnal/midi/e0488_i.mid
C353	55535111221333	55535111221333	MATCH	ch/353	Hymn: 從前我亦曾熱心	Y	https://www.hymnal.net/Hymns/Chinese/midi/tunes/c0353_tune.midi https://www.hymnal.net/Hymns/Hymnal/midi/e8353_i.mid
C357	123432651254576545	123432651254576545	MATCH	ch/357	Hymn: 聯於基督得勝的主	Y	https://www.hymnal.net/Hymns/Chinese/midi/tunes/c0357_tune.midi https://www.hymnal.net/Hymns/Hymnal/midi/e8357_i.mid
C360	332266551176354	332266551176354	MATCH	ch/360	Hymn: 哦各各他好各各他	Y	https://www.hymnal.net/Hymns/Chinese/midi/tunes/c0360_tune.midi https://www.hymnal.net/Hymns/Hymnal/midi/e8360_i.mid
C380	333455511656532	333455511656532	MATCH	ch/380	Hymn: 榮耀榮耀榮耀生命	Y	https://www.hymnal.net/Hymns/Chinese/midi/tunes/c0380_tune.midi https://www.hymnal.net/Hymns/Hymnal/midi/e0134_i.mid
C385	333432444543	333432444543	MATCH	ch/385	Hymn: 主阿你是嗎哪	Y	https://www.hymnal.net/Hymns/Chinese/midi/tunes/c0385_tune.midi https://www.hymnal.net/Hymns/Hymnal/midi/e0379_i.mid
C39	53215645665	53215645665	MATCH	ch/39	Hymn: 阿爸父神我們前來	Y	https://www.hymnal.net/Hymns/Chinese/midi/tunes/c0039_tune.midi https://www.hymnal.net/Hymns/Hymnal/midi/e8039_i.mid
C392	531324323135543	531324323135543	MATCH	ch/392	Hymn: 祂是一切最親	Y	https://www.hymnal.net/Hymns/Chinese/midi/tunes/c0392_tune.midi https://www.hymnal.net/Hymns/Hymnal/midi/e8392_i.mid
C393	531324323135543	531324323135543	MATCH	ch/393	Hymn: 祂是樂中之樂	Y	https://www.hymnal.net/Hymns/Chinese/midi/tunes/c0393_tune.midi https://www.hymnal.net/Hymns/Hymnal/midi/e8392_i.mid
C409	511123531332121	511123531332121	MATCH	ch/409	Hymn: 我有一位好朋友	Y	https://www.hymnal.net/Hymns/Chinese/midi/tunes/c0409_tune.midi https://www.hymnal.net/Hymns/Hymnal/midi/e8409_i.mid
C413	55345123211121615	55345123211121615	MATCH	ch/413	Hymn: 寶貝的救主	Y	https://www.hymnal.net/Hymns/Chinese/midi/tunes/c0413_tune.midi https://www.hymnal.net/Hymns/Hymnal/midi/e0501_i.mid
C421	3332117544323	3332117544323	MATCH	ch/421	Hymn: 無你我就無法想	Y	https://www.hymnal.net/Hymns/Chinese/midi/tunes/c0421_tune.midi https://www.hymnal.net/Hymns/Hymnal/midi/e0465_i.mid
C424	1233321215135554343	1233321215135554343	MATCH	ch/424	Hymn: 我心安息在於主	Y	
C43	553343221765651	553343221765651	MATCH	ch/43	Hymn: 父阿你是愛大無極	Y	https://www.hymnal.net/Hymns/Chinese/midi/tunes/c0043_tune.midi https://www.hymnal.net/Hymns/Hymnal/midi/e0288_i.mid
C430	54565424347653	5321176554353212	DIFF	ch/430	Hymn: 模成模成神子形像	Y	https://www.hymnal.net/Hymns/Chinese/midi/tunes/c0430_tune.midi https://www.hymnal.net/Hymns/Hymnal/midi/e8430_i.mid
C432	5135332234442171	5135332234442171	MATCH	ch/432	Hymn: 寶貝放在瓦器裏面	Y	https://www.hymnal.net/Hymns/Chinese/midi/tunes/c0432_tune.midi https://www.hymnal.net/Hymns/Hymnal/midi/e0298_i.mid
C438	5566116355663	5566116355663	MATCH	ch/438	Hymn: 耶穌耶穌我揀選主	Y	https://www.hymnal.net/Hymns/Chinese/midi/tunes/c0438_tune.midi https://www.hymnal.net/Hymns/Hymnal/midi/e0503_i.mid
C439	1765545635	1765545635	MATCH	ch/439	Hymn: 都因著你	Y	https://www.hymnal.net/Hymns/Chinese/midi/tunes/c0439_tune.midi https://www.hymnal.net/Hymns/Hymnal/midi/e8439_i.mid
C442	34453321535772665	34453321535772665	MATCH	ch/442	Hymn: 當我已為撒但所擄	Y	https://www.hymnal.net/Hymns/Chinese/midi/tunes/c0442_tune.midi https://www.hymnal.net/Hymns/Hymnal/midi/e0409_i.mid
C444	1712353232165121	1712353232165121	MATCH	ch/444	Hymn: 是愛的神作我牧人	Y	https://www.hymnal.net/Hymns/Chinese/midi/tunes/c0444_tune.midi https://www.hymnal.net/Hymns/Hymnal/midi/e8444_i.mid
C450	5333234321222217	5333234321222217	MATCH	ch/450	Hymn: 靈生靈靈拜靈	Y	https://www.hymnal.net/Hymns/Chinese/midi/tunes/c0450_tune.midi https://www.hymnal.net/Hymns/Hymnal/midi/e8450_i.mid
C463	3332122216	3332122216	MATCH	ch/463	Hymn: 流露流露	Y	https://www.hymnal.net/Hymns/Chinese/midi/tunes/c0463_tune.midi https://www.hymnal.net/Hymns/Hymnal/midi/e0276_i.mid
C468	132165612323532	132165612323532	MATCH	ch/468	Hymn: 我若稍微偏離正路	Y	https://www.hymnal.net/Hymns/Chinese/midi/tunes/c0468_tune.midi https://www.hymnal.net/Hymns/Hymnal/midi/e8468_i.mid
C47	322176536542543	322176536542543	MATCH	ch/47	Hymn: 阿爸我們進前來	Y	https://www.hymnal.net/Hymns/Chinese/midi/tunes/c0047_tune.midi https://www.hymnal.net/Hymns/Hymnal/midi/e8047_i.mid
C474	532177651432117	532177651432117	MATCH	ch/474	Hymn: 你這因著奔正路	Y	
C482	34323215666443	34323215666443	MATCH	ch/482	Hymn: 神的應許不能廢去	Y	
C487	11265333445	11265333445	MATCH	ch/487	Hymn: 靈要操練運用魂卻	Y	https://www.hymnal.net/Hymns/Chinese/midi/tunes/c0487_tune.midi https://www.hymnal.net/Hymns/Hymnal/midi/e0399_i.mid
C488	33323215332254333321235	33323215332254333321235	MATCH	ch/488	Hymn: 何必耽心一握不釋	Y	https://www.hymnal.net/Hymns/Chinese/midi/tunes/c0488_tune.midi https://www.hymnal.net/Hymns/Hymnal/midi/e8488_i.mid
C490	3332211144342	3332211144342	MATCH	ch/490	Hymn: 我常居住天愛中	Y	https://www.hymnal.net/Hymns/Chinese/midi/tunes/c0490_tune.midi https://www.hymnal.net/Hymns/Hymnal/midi/e0169_i.mid
C505	33323471	33323471	MATCH	ch/505	Hymn: 主阿即或盡是黑暗	Y	https://www.hymnal.net/Hymns/Chinese/midi/tunes/c0505_tune.midi https://www.hymnal.net/Hymns/Hymnal/midi/e0209_i.mid
C511	3335122355545342	3335122355545342	MATCH	ch/511	Hymn: 主已知道你的挫折	Y	https://www.hymnal.net/Hymns/Chinese/midi/tunes/c0511_tune.midi https://www.hymnal.net/Hymns/Hymnal/midi/e0077_i.mid
C512	345132153456532	345132153456532	MATCH	ch/512	Hymn: 我是一個異鄉旅客	Y	https://www.hymnal.net/Hymns/Chinese/midi/tunes/c0512_tune.midi https://www.hymnal.net/Hymns/Hymnal/midi/e8512_i.mid
C518	3216715465	3216715465	MATCH	ch/518	Hymn: 務要靠主專心靠主	Y	https://www.hymnal.net/Hymns/Chinese/midi/tunes/c0518_tune.midi https://www.hymnal.net/Hymns/Hymnal/midi/e8518_i.mid
C519	13321351165	13321351165	MATCH	ch/519	Hymn: 當我在路上遇見	Y	https://www.hymnal.net/Hymns/Chinese/midi/tunes/c0519_tune.midi https://www.hymnal.net/Hymns/Hymnal/midi/e8519_i.mid
C548	5651766543456553	5651766543456553	MATCH	ch/548	Hymn: 讚美救主完全救贖	Y	https://www.hymnal.net/Hymns/Chinese/midi/tunes/c0548_tune.midi https://www.hymnal.net/Hymns/Hymnal/midi/e8548_i.mid
C549	5553165311235432	5553165311235432	MATCH	ch/549	Hymn: 祂醫治我讚美祂名	Y	
C570	55545653172234	55545653172234	MATCH	ch/570	Hymn: 我今如此為主爭戰	Y	https://www.hymnal.net/Hymns/Chinese/midi/tunes/c0570_tune.midi https://www.hymnal.net/Hymns/Hymnal/midi/e8570_i.mid
C577	33261711765	33261711765	MATCH	ch/577	Hymn: 主給這個地方	Y	https://www.hymnal.net/Hymns/Chinese/midi/tunes/c0577_tune.midi https://www.hymnal.net/Hymns/Hymnal/midi/e0669_i.mid
C578	13455671653321232	13455671653321232	MATCH	ch/578	Hymn: 禱告之時甘甜之時	Y	https://www.hymnal.net/Hymns/Chinese/midi/tunes/c0578_tune.midi https://www.hymnal.net/Hymns/NewSongs/midi/ns0544.mid
C617	5321712165	5321712165	MATCH	ch/617	Hymn: 生命活物出於基督	Y	https://www.hymnal.net/Hymns/Chinese/midi/tunes/c0617_tune.midi https://www.hymnal.net/Hymns/Hymnal/midi/e8617_i.mid
C619	55153455566665	55153455566665	MATCH	ch/619	Hymn: 隨著活物的行蹤	Y	https://www.hymnal.net/Hymns/Chinese/midi/tunes/c0619_tune.midi https://www.hymnal.net/Hymns/Hymnal/midi/e8619_i.mid
C620	533343222322111176	533343222322111176	MATCH	ch/620	Hymn: 聖靈的大雲	Y	https://www.hymnal.net/Hymns/Chinese/midi/tunes/c0620_tune.midi https://www.hymnal.net/Hymns/Hymnal/midi/e8620_i.mid
C623	513132165	513132165	MATCH	ch/623	Hymn: 我們呼吸天上空氣	Y	https://www.hymnal.net/Hymns/Chinese/midi/tunes/c0623_tune.midi https://www.hymnal.net/Hymns/Hymnal/midi/e0313_i.mid
C625	5535511765	5535511765	MATCH	ch/625	Hymn: 主阿我們聚集你前	Y	https://www.hymnal.net/Hymns/Chinese/midi/tunes/c0625_tune.midi https://www.hymnal.net/Hymns/Hymnal/midi/e0178_i.mid
C635	551513225551321	551513225551321	MATCH	ch/635	Hymn: 戰士哪你就當站住	Y	https://www.hymnal.net/Hymns/Chinese/midi/tunes/c0635_tune.midi https://www.hymnal.net/Hymns/Hymnal/midi/e0889_i.mid
C649	5555513126223	5555513126223	MATCH	ch/649	Hymn: 撒但早已定規抵敵	Y	https://www.hymnal.net/Hymns/Chinese/midi/tunes/c0649_tune.midi https://www.hymnal.net/Hymns/Hymnal/midi/e8649_i.mid
C651	3335334466543532	3335334466543532	MATCH	ch/651	Hymn: 愛主要我何去	Y	https://www.hymnal.net/Hymns/Chinese/midi/tunes/c0651_tune.midi https://www.hymnal.net/Hymns/Hymnal/midi/e8651_i.mid
C652	3455451153544	3455451153544	MATCH	ch/652	Hymn: 你的一隅你當照亮	Y	https://www.hymnal.net/Hymns/Chinese/midi/tunes/c0652_tune.midi https://www.hymnal.net/Hymns/Hymnal/midi/e8652_i.mid
C660	321721654332171	321721654332171	MATCH	ch/660	Hymn: 現今時候已不多	Y	https://www.hymnal.net/Hymns/Chinese/midi/tunes/c0660_tune.midi https://www.hymnal.net/Hymns/Hymnal/midi/e0392_i.mid
C661	5345565111123	5345565111123	MATCH	ch/661	Hymn: 趕緊工作夜快臨	Y	https://www.hymnal.net/Hymns/Chinese/midi/tunes/c0661_tune.midi https://www.hymnal.net/Hymns/Hymnal/midi/e0666_i.mid
C67	1231232123432	1231232123432	MATCH	ch/67	Hymn: 我們愛唱基督神子	Y	https://www.hymnal.net/Hymns/Chinese/midi/tunes/c0067_tune.midi https://www.hymnal.net/Hymns/Hymnal/midi/e8067_i.mid
C678	543321543321	543321543321	MATCH	ch/678	Hymn: 除了耶穌以外	Y	https://www.hymnal.net/Hymns/Chinese/midi/tunes/c0678_tune.midi https://www.hymnal.net/Hymns/Hymnal/midi/e8678_i.mid
C689	3212345671765	3212345671765	MATCH	ch/689	Hymn: 奇妙的愛	Y	https://www.hymnal.net/Hymns/Chinese/midi/tunes/c0689_tune.midi https://www.hymnal.net/Hymns/Hymnal/midi/e8689_i.mid
C690	33211443321532	33211443321532	MATCH	ch/690	Hymn: 愛何奇妙	Y	https://www.hymnal.net/Hymns/Chinese/midi/tunes/c0690_tune.midi https://www.hymnal.net/Hymns/Hymnal/midi/e0160_i.mid
C691	554653123453	554653123453	MATCH	ch/691	Hymn: 得救本乎恩	Y	https://www.hymnal.net/Hymns/Chinese/midi/tunes/c0691_tune.midi https://www.hymnal.net/Hymns/Hymnal/midi/e0312_i.mid
C697	332117615	5123512334321321	DIFF	ch/697	Hymn: 大喜信息驚天動地	Y	https://www.hymnal.net/Hymns/Chinese/midi/tunes/c0697_tune.midi https://www.hymnal.net/Hymns/Hymnal/midi/e0347_i.mid
C702	33111653312	33111653312	MATCH	ch/702	Hymn: 多患難常愁煩	Y	https://www.hymnal.net/Hymns/Chinese/midi/tunes/c0702_tune.midi
C71	5565117711432	5565117711432	MATCH	ch/71	Hymn: 我們知你已復起	Y	https://www.hymnal.net/Hymns/Chinese/midi/tunes/c0071_tune.midi https://www.hymnal.net/Hymns/Hymnal/midi/e0380_i.mid
C710	3333543222243212323453	3333543222243212323453	MATCH	ch/710	Hymn: 叩門叩門誰在外	Y	https://www.hymnal.net/Hymns/Chinese/midi/tunes/c0710_tune.midi https://www.hymnal.net/Hymns/Hymnal/midi/e8710_i.mid
C712	51111771133112	51111771133112	MATCH	ch/712	Hymn: 一百隻羊少了一口	Y	https://www.hymnal.net/Hymns/Chinese/midi/tunes/c0712_tune.midi https://www.hymnal.net/Hymns/Hymnal/midi/e8712_i.mid
C713	332117615	332117615	MATCH	ch/713	Hymn: 莫非就是你	Y	https://www.hymnal.net/Hymns/Chinese/midi/tunes/c0713_tune.midi https://www.hymnal.net/Hymns/Hymnal/midi/e1066_i.mid
C714	56532121235	56532121235	MATCH	ch/714	Hymn: 此時當就耶穌	Y	https://www.hymnal.net/Hymns/Chinese/midi/tunes/c0714_tune.midi https://www.hymnal.net/Hymns/Hymnal/midi/e0531_i.mid
C715	53455517665	53455517665	MATCH	ch/715	Hymn: 你墮落罪惡境	Y	https://www.hymnal.net/Hymns/Chinese/midi/tunes/c0715_tune.midi https://www.hymnal.net/Hymns/Hymnal/midi/e0921_i.mid
C716	343222321117666165	343222321117666165	MATCH	ch/716	Hymn: 歡迎你來你來	Y	https://www.hymnal.net/Hymns/Chinese/midi/tunes/c0716_tune.midi https://www.hymnal.net/Hymns/Hymnal/midi/e0387_i.mid
C734	3332122216	3332122216	MATCH	ch/734	Hymn: 罪惡全洗淨	Y	https://www.hymnal.net/Hymns/Chinese/midi/tunes/c0734_tune.midi https://www.hymnal.net/Hymns/Hymnal/midi/e0276_i.mid
C736	5132434565124721	5132434565124721	MATCH	ch/736	Hymn: 罪惡途中多年流蕩	Y	https://www.hymnal.net/Hymns/Chinese/midi/tunes/c0736_tune.midi https://www.hymnal.net/Hymns/Hymnal/midi/e8736_i.mid
C744	55132165551312	55132165551312	MATCH	ch/744	Hymn: 藉水得救此言奧妙	Y	https://www.hymnal.net/Hymns/Chinese/midi/tunes/c0744_tune.midi https://www.hymnal.net/Hymns/Hymnal/midi/e0216_i.mid
C752	55651231615456512	55651231615456512	MATCH	ch/752	Hymn: 耶穌要來獎賞祂的	Y	
C753	5543216112355421	5543216112355421	MATCH	ch/753	Hymn: 主耶穌我正等待	Y	https://www.hymnal.net/Hymns/Chinese/midi/tunes/c0753_tune.midi https://www.hymnal.net/Hymns/Hymnal/midi/e8753_i.mid
C757	3333352311113245	3333352311113245	MATCH	ch/757	Hymn: 來罷親愛主	Y	https://www.hymnal.net/Hymns/Chinese/midi/tunes/c0757_tune.midi https://www.hymnal.net/Hymns/Hymnal/midi/e8757_i.mid
C761	5123512334321321	35532123532	DIFF	ch/761	Hymn: 主耶穌主耶穌	Y	https://www.hymnal.net/Hymns/Chinese/midi/tunes/c0761_tune.midi https://www.hymnal.net/Hymns/Hymnal/midi/e8347_i.mid
C762	3213211615312	3213211615312321321	DIFF	ch/762	Hymn: 是否須再等幾年	Y	https://www.hymnal.net/Hymns/Chinese/midi/tunes/c0762_tune.midi https://www.hymnal.net/Hymns/Hymnal/midi/e8762_i.mid
C770	334321651	334321651	MATCH	ch/770	Hymn: 哦主撒冷是你所建	Y	https://www.hymnal.net/Hymns/Chinese/midi/tunes/c0770_tune.midi https://www.hymnal.net/Hymns/Hymnal/midi/e8770_i.mid
C86	353171234325765	353171234325765	MATCH	ch/86	Hymn: 哦主你是無辜	Y	https://www.hymnal.net/Hymns/Chinese/midi/tunes/c0086_tune.midi https://www.hymnal.net/Hymns/Hymnal/midi/e0236_i.mid
C89	532432176555171665	532432176555171665	MATCH	ch/89	Hymn: 主，你的愛竟然不辭	Y	https://www.hymnal.net/Hymns/Chinese/midi/tunes/c0089_tune.midi https://www.hymnal.net/Hymns/Hymnal/midi/e8089_i.mid
C90	51715617654321	51715617654321	MATCH	ch/90	Hymn: 讚美不盡讚美	Y	https://www.hymnal.net/Hymns/Chinese/midi/tunes/c0090_tune.midi https://www.hymnal.net/Hymns/Hymnal/midi/e8090_i.mid
CH1	1135671653	1135671653	MATCH	c/1	Hymn: Praise Him, praise Him, all ye little children	Y	https://www.hymnal.net/Hymns/Children/midi/c0001.mid https://www.hymnal.net/Hymns/Children/midi/tunes/child0001_tune.midi
CH10	3455551345565	3455551345565	MATCH	c/10	Hymn: Can you say, How do you do?	Y	https://www.hymnal.net/Hymns/Children/midi/c0010.mid https://www.hymnal.net/Hymns/Children/midi/tunes/child0010_tune.midi
CH11	55111111712	55111111712	MATCH	c/11	Hymn: If you’re happy and you know it	Y	https://www.hymnal.net/Hymns/Children/midi/c0011.mid https://www.hymnal.net/Hymns/Children/midi/tunes/child0011_tune.midi
CH12	535161765565532	535161765565532	MATCH	c/12	Hymn: Deep and wide	Y	https://www.hymnal.net/Hymns/Children/midi/c0012.mid https://www.hymnal.net/Hymns/Children/midi/tunes/child0012_tune.midi
CH13	16543556217671	16543556217671	MATCH	c/13	Hymn: Let’s honor with manners	Y	https://www.hymnal.net/Hymns/Children/midi/c0013.mid https://www.hymnal.net/Hymns/Children/midi/tunes/child0013_tune.midi
CH14	1233113311233432	1233113311233432	MATCH	c/14	Hymn: In the ten commandments	Y	https://www.hymnal.net/Hymns/Children/midi/c0014.mid https://www.hymnal.net/Hymns/Children/midi/tunes/child0014_tune.midi
CH15	15151255252	15151255252	MATCH	c/15	Hymn: B-I-B-L-E	Y	https://www.hymnal.net/Hymns/Children/midi/c0015.mid https://www.hymnal.net/Hymns/Children/midi/tunes/child0015_tune.midi
CH16	5551123551123	5551123551123	MATCH	c/16	Hymn: For a Child is born to us	Y	https://www.hymnal.net/Hymns/Children/midi/c0016.mid https://www.hymnal.net/Hymns/Children/midi/tunes/child0016_tune.midi
CH17	15121711167	15121711167	MATCH	c/17	Hymn: Matthew, the Gospel	Y	https://www.hymnal.net/Hymns/Children/midi/c0017.mid https://www.hymnal.net/Hymns/Children/midi/tunes/child0017_tune.midi
CH18	56155543235614444323	56155543235614444323	MATCH	c/18	Hymn: I’m spending time now	Y	https://www.hymnal.net/Hymns/Children/midi/c0018.mid https://www.hymnal.net/Hymns/Children/midi/tunes/child0018_tune.midi
CH19	53332165122212323565	53332165122212323565	MATCH	c/19	Hymn: In Matthew’s House	Y	https://www.hymnal.net/Hymns/Children/midi/c0019.mid https://www.hymnal.net/Hymns/Children/midi/tunes/child0019_tune.midi
CH2	551121776655	551121776655	MATCH	c/2	Hymn: Let the glory of the Lord endure forever	Y	https://www.hymnal.net/Hymns/Children/midi/c0002.mid https://www.hymnal.net/Hymns/Children/midi/tunes/child0002_tune.midi
CH20	111355666153	111355666153	MATCH	c/20	Hymn: I Wanna Be Good Ground	Y	https://www.hymnal.net/Hymns/Children/midi/c0020.mid https://www.hymnal.net/Hymns/Children/midi/tunes/child0020_tune.midi
CH21	13332311112221235	13332311112221235	MATCH	c/21	Hymn: There is a name I love to hear	Y	https://www.hymnal.net/Hymns/Children/midi/tunes/child0021_tune.midi https://www.hymnal.net/Hymns/Hymnal/midi/e0070_i.mid
CH22	1111316133335313	1111316133335313	MATCH	c/22	Hymn: All English children call Him, Lord	Y	https://www.hymnal.net/Hymns/Children/midi/c0022.mid https://www.hymnal.net/Hymns/Children/midi/tunes/child0022_tune.midi
CH23	3234434444345545	3234434444345545	MATCH	c/23	Hymn: Go, Jesus, Go!	Y	https://www.hymnal.net/Hymns/Children/midi/c0023.mid https://www.hymnal.net/Hymns/Children/midi/tunes/child0023_tune.midi
CH24	5332153322172	5332153322172	MATCH	c/24	Hymn: He Didn’t Stay Home	Y	https://www.hymnal.net/Hymns/Children/midi/c0024.mid https://www.hymnal.net/Hymns/Children/midi/tunes/child0024_tune.midi
CH25	333216222175	333216222175	MATCH	c/25	Hymn: He’s the Serving Savior	Y	https://www.hymnal.net/Hymns/Children/midi/c0025.mid https://www.hymnal.net/Hymns/Children/midi/tunes/child0025_tune.midi
CH26	555653111121	555653111121	MATCH	c/26	Hymn: Jesus came proclaiming	Y	https://www.hymnal.net/Hymns/Children/midi/c0026.mid https://www.hymnal.net/Hymns/Children/midi/tunes/child0026_tune.midi
CH27	555156545111223212	555156545111223212	MATCH	c/27	Hymn: Before God put the leaves on the trees	Y	https://www.hymnal.net/Hymns/Children/midi/c0027.mid https://www.hymnal.net/Hymns/Children/midi/tunes/child0027_tune.midi
CH28	1765476543	1765476543	MATCH	c/28	Hymn: God has made all things	Y	https://www.hymnal.net/Hymns/Children/midi/c0028.mid https://www.hymnal.net/Hymns/Children/midi/tunes/child0028_tune.midi
CH29	1767652123	1767652123	MATCH	c/29	Hymn: God made the universe purposefully	Y	https://www.hymnal.net/Hymns/Children/midi/c0029.mid https://www.hymnal.net/Hymns/Children/midi/tunes/child0029_tune.midi
CH3	5533335544	5533335544	MATCH	c/3	Hymn: The birds upon the tree tops	Y	https://www.hymnal.net/Hymns/Children/midi/c0003.mid https://www.hymnal.net/Hymns/Children/midi/tunes/child0003_tune.midi
CH30	1535153515432	1535153515432	MATCH	c/30	Hymn: God, our God, our God, our God	Y	https://www.hymnal.net/Hymns/Children/midi/c0030.mid https://www.hymnal.net/Hymns/Children/midi/tunes/child0030_tune.midi
CH31	34534565434	34534565434	MATCH	c/31	Hymn: Lord, today, keep my heart	Y	https://www.hymnal.net/Hymns/Children/midi/c0031.mid https://www.hymnal.net/Hymns/Children/midi/tunes/child0031_tune.midi
CH32	53323556616655	53323556616655	MATCH	c/32	Hymn: There’s a part inside of me	Y	https://www.hymnal.net/Hymns/Children/midi/c0032.mid https://www.hymnal.net/Hymns/Children/midi/tunes/child0032_tune.midi
CH33	12333316651233215	12333316651233215	MATCH	c/33	Hymn: Did the mountains and the trees just happen	Y	https://www.hymnal.net/Hymns/Children/midi/c0033.mid https://www.hymnal.net/Hymns/Children/midi/tunes/child0033_tune.midi
CH34	152531432	152531432	MATCH	c/34	Hymn: God said, God saw	Y	https://www.hymnal.net/Hymns/Children/midi/c0034.mid https://www.hymnal.net/Hymns/Children/midi/tunes/child0034_tune.midi
CH35	11322243335424321	15111113565	DIFF	c/35	Hymn: I Love God! He Put the Fish in the Sea	n	https://www.hymnal.net/Hymns/Children/midi/c0035.mid https://www.hymnal.net/Hymns/Children/midi/tunes/child0035_tune.midi
CH36	1355566655444433225	1355666655444433225	DIFF	c/36	Hymn: I believe the promises of God	Y	https://www.hymnal.net/Hymns/Children/midi/c0036.mid https://www.hymnal.net/Hymns/Children/midi/tunes/child0036_tune.midi
CH37	5355356543234	5355356543234	MATCH	c/37	Hymn: Heaven’s for earth	Y	https://www.hymnal.net/Hymns/Children/midi/c0037.mid https://www.hymnal.net/Hymns/Children/midi/tunes/child0037_tune.midi
CH38	555653555562	555653555562	MATCH	c/38	Hymn: Look at all the flowers	Y	https://www.hymnal.net/Hymns/Children/midi/c0038.mid https://www.hymnal.net/Hymns/Children/midi/tunes/child0038_tune.midi
CH39	353532112165	353532112165	MATCH	c/39	Hymn: Never forget! That it’s God who created you	Y	https://www.hymnal.net/Hymns/Children/midi/c0039.mid https://www.hymnal.net/Hymns/Children/midi/tunes/child0039_tune.midi
CH4	1123112334322	1123112334322	MATCH	c/4	Hymn: This is the day	Y	https://www.hymnal.net/Hymns/Children/midi/c0004.mid https://www.hymnal.net/Hymns/Children/midi/tunes/child0004_tune.midi
CH40	51111725222213	51111725222213	MATCH	c/40	Hymn: Whatever God says is true	Y	https://www.hymnal.net/Hymns/Children/midi/c0040.mid https://www.hymnal.net/Hymns/Children/midi/tunes/child0040_tune.midi
CH41	5515123555312	5515123555312	MATCH	c/41	Hymn: We would love the Lord our God	Y	https://www.hymnal.net/Hymns/Children/midi/c0041.mid https://www.hymnal.net/Hymns/Children/midi/tunes/child0041_tune.midi
CH42	34556711712165	34556711712165	MATCH	c/42	Hymn: Remember your Creator	Y	https://www.hymnal.net/Hymns/Children/midi/tunes/child0042_tune.midi https://www.hymnal.net/Hymns/Hymnal/midi/e0162_i.mid
CH43	511155311225671	511155311225671	MATCH	c/43	Hymn: Whatever Jehovah pleases	Y	https://www.hymnal.net/Hymns/Children/midi/c0043.mid https://www.hymnal.net/Hymns/Children/midi/tunes/child0043_tune.midi
CH44	5111351113212222171	5111351113212222171	MATCH	c/44	Hymn: Our God is so big	Y	https://www.hymnal.net/Hymns/Children/midi/c0044.mid https://www.hymnal.net/Hymns/Children/midi/tunes/child0044_tune.midi
CH45	55531665553121	55531665553121	MATCH	c/45	Hymn: Who made the world so big and round?	Y	https://www.hymnal.net/Hymns/Children/midi/c0045.mid https://www.hymnal.net/Hymns/Children/midi/tunes/child0045_tune.midi
CH46	345323214656	345323214656	MATCH	c/46	Hymn: Wonderf’lly, Wonderf’lly	Y	https://www.hymnal.net/Hymns/Children/midi/c0046.mid https://www.hymnal.net/Hymns/Children/midi/tunes/child0046_tune.midi
CH47	15111113565	111233321231	DIFF	c/47	Hymn: We All Have One Father	n	https://www.hymnal.net/Hymns/Children/midi/c0047.mid https://www.hymnal.net/Hymns/Children/midi/tunes/child0047_tune.midi
CH48	332356113	332356113	MATCH	c/48	Hymn: I want to thank God for making me	Y	https://www.hymnal.net/Hymns/Children/midi/tunes/child0048_tune.midi https://www.hymnal.net/Hymns/NewSongs/midi/ns0131.mid
CH49	3535135352	3535135352	MATCH	c/49	Hymn: People like to know	Y	https://www.hymnal.net/Hymns/Children/midi/c0049.mid https://www.hymnal.net/Hymns/Children/midi/tunes/child0049_tune.midi
CH5	123555432661171253	123555432661171253	MATCH	c/5	Hymn: Books of the Bible - Old Testament	Y	https://www.hymnal.net/Hymns/Children/midi/c0005.mid https://www.hymnal.net/Hymns/Children/midi/tunes/child0005_tune.midi
CH50	5435171645	5435171645	MATCH	c/50	Hymn: You can train a dog to shake hands for fun	Y	https://www.hymnal.net/Hymns/Children/midi/c0050.mid https://www.hymnal.net/Hymns/Children/midi/tunes/child0050_tune.midi
CH51	53323556616655	53323556616655	MATCH	c/51	Hymn: Jesus loves me, this I know	Y	https://www.hymnal.net/Hymns/Children/midi/c0032.mid https://www.hymnal.net/Hymns/Children/midi/tunes/child0051_tune.midi
CH52	5435135432572	5435135432572	MATCH	c/52	Hymn: In God’s green pastures feeding	Y	https://www.hymnal.net/Hymns/Children/midi/tunes/child0052_tune.midi https://www.hymnal.net/Hymns/Hymnal/midi/e1197_i.mid
CH53	3335444322123	3335444322123	MATCH	c/53	Hymn: Once I thought the love of God	Y	https://www.hymnal.net/Hymns/Children/midi/c0053.mid https://www.hymnal.net/Hymns/Children/midi/tunes/child0053_tune.midi
CH54	117165345666543245	117165345666543245	MATCH	c/54	Hymn: Hold out your hands! Aren’t they wonderful	Y	https://www.hymnal.net/Hymns/Children/midi/c0054.mid https://www.hymnal.net/Hymns/Children/midi/tunes/child0054_tune.midi
CH55	35345164442475	35345164442475	MATCH	c/55	Hymn: A cat has a silky fur	Y	https://www.hymnal.net/Hymns/Children/midi/c0055.mid https://www.hymnal.net/Hymns/Children/midi/tunes/child0055_tune.midi
CH56	13565454323212171	5671554326	DIFF	c/56	Hymn: Vessel, I Am a Vessel	n	https://www.hymnal.net/Hymns/Children/midi/c0056.mid https://www.hymnal.net/Hymns/Children/midi/tunes/child0056_tune.midi
CH57	35551556545	35551556545	MATCH	c/57	Hymn: We rush through the door and there’s so much to say	Y	https://www.hymnal.net/Hymns/Children/midi/c0057.mid https://www.hymnal.net/Hymns/Children/midi/tunes/child0057_tune.midi
CH58	333216512232132	333216512232132	MATCH	c/58	Hymn: Jesus loves the little children	Y	https://www.hymnal.net/Hymns/Children/midi/c0058.mid https://www.hymnal.net/Hymns/Children/midi/tunes/child0058_tune.midi
CH59	331133543	331133543	MATCH	c/59	Hymn: Jesus’ love is sweet and wonderful	Y	https://www.hymnal.net/Hymns/Children/midi/c0059.mid https://www.hymnal.net/Hymns/Children/midi/tunes/child0059_tune.midi
CH6	3455443455434552435	3455443455434552435	MATCH	c/6	Hymn: Oh, the grass will wither	Y	https://www.hymnal.net/Hymns/Children/midi/c0006.mid https://www.hymnal.net/Hymns/Children/midi/tunes/child0006_tune.midi
CH60	56717653321	56717653321	MATCH	c/60	Hymn: I’ve got the joy, joy, joy, joy	Y	https://www.hymnal.net/Hymns/Children/midi/c0060.mid https://www.hymnal.net/Hymns/Children/midi/tunes/child0060_tune.midi
CH61	5435135432572	5435135432572	MATCH	c/61	Hymn: God is light, and in Him there is no darkness at all	Y	https://www.hymnal.net/Hymns/Children/midi/tunes/child0061_tune.midi https://www.hymnal.net/Hymns/Hymnal/midi/e1197_i.mid
CH62	334532161234543432	334532161234543432	MATCH	c/62	Hymn: Trust in the Lord with all your heart	Y	https://www.hymnal.net/Hymns/Children/midi/tunes/child0062_tune.midi https://www.hymnal.net/Hymns/NewSongs/midi/ns0120.mid
CH63	5113351135555632	5113351135555632	MATCH	c/63	Hymn: The fish need water	Y	https://www.hymnal.net/Hymns/Children/midi/c0063.mid https://www.hymnal.net/Hymns/Children/midi/tunes/child0063_tune.midi
CH64	5111566533221	5111566533221	MATCH	c/64	Hymn: Everything we do and say	n	https://www.hymnal.net/Hymns/Children/midi/c0064.mid https://www.hymnal.net/Hymns/Children/midi/tunes/child0064_tune.midi
CH65	53323556616655	53323556616655	MATCH	c/65	Hymn: I’m a vessel this I know	Y	https://www.hymnal.net/Hymns/Children/midi/c0032.mid https://www.hymnal.net/Hymns/Children/midi/tunes/child0065_tune.midi
CH66	55554433333534	55554433333534	MATCH	c/66	Hymn: I love to sing a joyful song	Y	https://www.hymnal.net/Hymns/Children/midi/tunes/child0066_tune.midi https://www.hymnal.net/Hymns/Hymnal/midi/e1205_i.mid
CH67	51123321271	51123321271	MATCH	c/67	Hymn: Remember your Creator while you are young	Y	https://www.hymnal.net/Hymns/Children/midi/tunes/child0067_tune.midi https://www.hymnal.net/Hymns/Hymnal/midi/e0278_i.mid
CH68	3231323117125653	3231323117125653	MATCH	c/68	Hymn: By listening I can obey	Y	https://www.hymnal.net/Hymns/Children/midi/c0068.mid https://www.hymnal.net/Hymns/Children/midi/tunes/child0068_tune.midi
CH69	5353451765	5353451765	MATCH	c/69	Hymn: Listen, listen, your conscience speaks to you	Y	https://www.hymnal.net/Hymns/Children/midi/c0069.mid https://www.hymnal.net/Hymns/Children/midi/tunes/child0069_tune.midi
CH7	11111111555511	11111111555511	MATCH	c/7	Hymn: Honor, honor	Y	https://www.hymnal.net/Hymns/Children/midi/c0007.mid https://www.hymnal.net/Hymns/Children/midi/tunes/child0007_tune.midi
CH70	112316412222221233	112316412222221233	MATCH	c/70	Hymn: Friends	Y	https://www.hymnal.net/Hymns/Children/midi/c0070.mid https://www.hymnal.net/Hymns/Children/midi/tunes/child0070_tune.midi
CH71	332117615	332117615	MATCH	c/71	Hymn: We are so happy we’re here today	Y	https://www.hymnal.net/Hymns/Children/midi/tunes/child0071_tune.midi https://www.hymnal.net/Hymns/Hymnal/midi/e1066_i.mid
CH72	12311231345345	12311231345345	MATCH	c/72	Hymn: Where are your shoes?	Y	https://www.hymnal.net/Hymns/Children/midi/c0072.mid https://www.hymnal.net/Hymns/Children/midi/tunes/child0072_tune.midi
CH73	3511165351	3511165351	MATCH	c/73	Hymn: Open up to your parents	Y	https://www.hymnal.net/Hymns/Children/midi/c0073.mid https://www.hymnal.net/Hymns/Children/midi/tunes/child0073_tune.midi
CH74	3453231565576551	3453231565576551	MATCH	c/74	Hymn: No Man Ever	Y	https://www.hymnal.net/Hymns/Children/midi/c0074.mid https://www.hymnal.net/Hymns/Children/midi/tunes/child0074_tune.midi
CH8	5323267123165	5323267123165	MATCH	c/8	Hymn: D-A-V-I-D	Y	https://www.hymnal.net/Hymns/Children/midi/c0008.mid https://www.hymnal.net/Hymns/Children/midi/tunes/child0008_tune.midi
CH9	5123553221	5123553221	MATCH	c/9	Hymn: You come to me with a sword and a spear	Y	https://www.hymnal.net/Hymns/Children/midi/c0009.mid https://www.hymnal.net/Hymns/Children/midi/tunes/child0009_tune.midi
CS10	551115135443221	551115135443221	MATCH	ts/10	Hymn: 當向耶和華大聲歡呼	Y	https://www.hymnal.net/Hymns/ChineseTS/midi/tunes/ts0010_tune.midi
CS1001	5171222331232	5171222331232	MATCH	ts/1001	Hymn: 在基督的生命中作王	Y	
CS1002	5346551111765434	5346551111765434	MATCH	ts/1002	Hymn: 經歷神生機的救恩	Y	https://www.hymnal.net/Hymns/ChineseTS/midi/tunes/ts1002_tune.midi https://www.hymnal.net/Hymns/Hymnal/midi/e7002_i.mid
CS1003	53143215671	53143215671	MATCH	ts/1003	Hymn: 一個活祭	Y	https://www.hymnal.net/Hymns/ChineseTS/midi/tunes/ts1003_tune.midi https://www.hymnal.net/Hymns/NewSongs/midi/ns0032.mid
CS1004	32123275551176753	32123275551176753	MATCH	ts/1004	Hymn: 神永遠的經綸	Y	https://www.hymnal.net/Hymns/ChineseTS/midi/tunes/ts1004_tune.midi https://www.hymnal.net/Hymns/NewSongs/midi/ns0180.mid
CS1005	5334321355	5334321355	MATCH	ts/1005	Hymn: 神在宇宙中歷世歷代獨一中心的工作	Y	
CS103	117544353542132	117544353542132	MATCH	ts/103	Hymn: 以賽亞書中的靈	Y	https://www.hymnal.net/Hymns/ChineseTS/midi/tunes/ts0103_tune.midi https://www.hymnal.net/Hymns/Hymnal/midi/e0135_i.mid
CS104	5556665531	5556665531	MATCH	ts/104	Hymn: 祂活	Y	https://www.hymnal.net/Hymns/ChineseTS/midi/tunes/ts0104_tune.midi https://www.hymnal.net/Hymns/Hymnal/midi/e0241_i.mid
CS105	532121653	532121653	MATCH	ts/105	Hymn: 基督是那賜生命的靈	Y	https://www.hymnal.net/Hymns/ChineseTS/midi/tunes/ts0105_tune.midi https://www.hymnal.net/Hymns/NewSongs/midi/ns0103.mid
CS106	33343224445433	33343224445433	MATCH	ts/106	Hymn: 祂是賜生命的靈	Y	https://www.hymnal.net/Hymns/ChineseTS/midi/tunes/ts0106_tune.midi
CS107	55654535565453	55654535565453	MATCH	ts/107	Hymn: 祂是住在我們的靈裡	Y	https://www.hymnal.net/Hymns/ChineseTS/midi/tunes/ts0107_tune.midi https://www.hymnal.net/Hymns/NewSongs/midi/ns0170.mid
CS11	5333212165712123	5333212165712123	MATCH	ts/11	Hymn: 在你有赦免之恩	Y	https://www.hymnal.net/Hymns/ChineseTS/midi/tunes/ts0011_tune.midi
CS111	556712156712165	556712156712165	MATCH	ts/111	Hymn: 你找著你的靈沒有	Y	https://www.hymnal.net/Hymns/ChineseTS/midi/tunes/ts0111_tune.midi https://www.hymnal.net/Hymns/Hymnal/midi/e1257_i.mid
CS112	56715334325557655653	56715334325557655653	MATCH	ts/112	Hymn: 轉入靈裡	Y	
CS113	5321511176712	5321511176712	MATCH	ts/113	Hymn: 回到你靈裡	Y	https://www.hymnal.net/Hymns/ChineseTS/midi/tunes/ts0113_tune.midi https://www.hymnal.net/Hymns/NewSongs/midi/ns0187.mid
CS114	3511165351	3511165351	MATCH	ts/114	Hymn: 得著釋放在靈裡	Y	https://www.hymnal.net/Hymns/ChineseTS/midi/tunes/ts0114_tune.midi https://www.hymnal.net/Hymns/Hymnal/midi/e6114_i.mid
CS115	51111321712222432	51111321712222432	MATCH	ts/115	Hymn: 在靈裡享受	Y	https://www.hymnal.net/Hymns/ChineseTS/midi/tunes/ts0115_tune.midi
CS117	11355565321	11355565321	MATCH	ts/117	Hymn: 在靈裡行事	Y	https://www.hymnal.net/Hymns/ChineseTS/midi/tunes/ts0117_tune.midi https://www.hymnal.net/Hymns/Hymnal/midi/e6117_i.mid
CS118	3455513321161	3455513321161	MATCH	ts/118	Hymn: 三一神作生命	Y	https://www.hymnal.net/Hymns/ChineseTS/midi/tunes/ts0118_tune.midi https://www.hymnal.net/Hymns/NewSongs/midi/ns0354.mid
CS119	1111756115	1111756115	MATCH	ts/119	Hymn: 主是賜生命者	Y	https://www.hymnal.net/Hymns/ChineseTS/midi/tunes/ts0119_tune.midi https://www.hymnal.net/Hymns/Hymnal/midi/e6119_i.mid
CS12	5433551765365432	5433551765365432	MATCH	ts/12	Hymn: 你們當稱頌耶和華	Y	https://www.hymnal.net/Hymns/ChineseTS/midi/tunes/ts0012_tune.midi
CS121	55556665353	55556665353	MATCH	ts/121	Hymn: 祂活在我裡	Y	https://www.hymnal.net/Hymns/ChineseTS/midi/tunes/ts0121_tune.midi https://www.hymnal.net/Hymns/NewSongs/midi/ns0324.mid
CS123	556466535234323445	556466535234323445	MATCH	ts/123	Hymn: 耶穌活在我裡面	Y	https://www.hymnal.net/Hymns/ChineseTS/midi/tunes/ts0123_tune.midi https://www.hymnal.net/Hymns/Hymnal/midi/e6123_i.mid
CS124	123333432311122123	123333432311122123	MATCH	ts/124	Hymn: 是生命使我們高聲喊	Y	https://www.hymnal.net/Hymns/ChineseTS/midi/tunes/ts0124_tune.midi https://www.hymnal.net/Hymns/NewSongs/midi/ns0188.mid
CS126	55556531555531	55556531555531	MATCH	ts/126	Hymn: 我要讓祂長大	Y	https://www.hymnal.net/Hymns/ChineseTS/midi/tunes/ts0126_tune.midi https://www.hymnal.net/Hymns/Hymnal/midi/e6126_i.mid
CS127	32163212612756	3216321266712756	DIFF	ts/127	Hymn: 國度原是主的自己	Y	https://www.hymnal.net/Hymns/ChineseTS/midi/ts0127.mid https://www.hymnal.net/Hymns/ChineseTS/midi/tunes/ts0127_tune.midi
CS128	35555154257776543	35555154257776543	MATCH	ts/128	Hymn: 國度就是基督作生命	Y	
CS129	5123332311	5123332311	MATCH	ts/129	Hymn: 耶穌我太陽	Y	
CS13	1233332345153432543	1233332345153432543	MATCH	ts/13	Hymn: 我要永遠的歌唱	Y	https://www.hymnal.net/Hymns/ChineseTS/midi/tunes/ts0013_tune.midi https://www.hymnal.net/Hymns/NewSongs/midi/ns0266.mid
CS130	5113321252244271	5113321252244271	MATCH	ts/130	Hymn: 主耶穌作了我人位	Y	
CS134	53451321621656544	53451321621656544	MATCH	ts/134	Hymn: 永活救主	Y	https://www.hymnal.net/Hymns/ChineseTS/midi/tunes/ts0134_tune.midi https://www.hymnal.net/Hymns/Hymnal/midi/e6134_i.mid
CS135	6633323423	6633323423	MATCH	ts/135	Hymn: 真葡萄樹	Y	
CS136	12332121161	12332121161	MATCH	ts/136	Hymn: 祂的生命在流通	Y	https://www.hymnal.net/Hymns/ChineseTS/midi/tunes/ts0136_tune.midi https://www.hymnal.net/Hymns/NewSongs/midi/ns0075.mid
CS137	32321615123353232	32321615123353232	MATCH	ts/137	Hymn: 如今主你就是那靈	Y	
CS14	34556351111765	34556351111765	MATCH	ts/14	Hymn: 你們要向主稱頌	Y	https://www.hymnal.net/Hymns/ChineseTS/midi/tunes/ts0014_tune.midi
CS146	511112321	511112321	MATCH	ts/146	Hymn: 經歷包羅萬有的靈	Y	https://www.hymnal.net/Hymns/ChineseTS/midi/tunes/ts0146_tune.midi https://www.hymnal.net/Hymns/Hymnal/midi/e0242_i.mid
CS147	511223321334556532	511223321334556532	MATCH	ts/147	Hymn: 神成那靈，話作實際	Y	
CS149	53212353111765	53212353111765	MATCH	ts/149	Hymn: 神兒子的名分	Y	
CS15	332356113	332356113	MATCH	ts/15	Hymn: 我要不住讚美稱頌神	Y	https://www.hymnal.net/Hymns/ChineseTS/midi/tunes/ts0015_tune.midi https://www.hymnal.net/Hymns/NewSongs/midi/ns0131.mid
CS150	3334534565433345432	3334534565433345432	MATCH	ts/150	Hymn: 國度子民有福了	Y	
CS17	321332172	321332172432221231	DIFF	ts/17	Hymn: 樂！樂！樂	Y	https://www.hymnal.net/Hymns/ChineseTS/midi/tunes/ts0017_tune.midi https://www.hymnal.net/Hymns/Hymnal/midi/e6017_i.mid
CS203	5551117123423	5551117123423	MATCH	ts/203	Hymn: 新鮮活潑的耶穌	Y	https://www.hymnal.net/Hymns/ChineseTS/midi/tunes/ts0203_tune.midi https://www.hymnal.net/Hymns/Hymnal/midi/e6203_i.mid
CS204	633633217266	633633217266	MATCH	ts/204	Hymn: 享受主的豐富	Y	
CS205	11156533221	11156533221	MATCH	ts/205	Hymn: 更多得著基督	Y	https://www.hymnal.net/Hymns/ChineseTS/midi/tunes/ts0205_tune.midi https://www.hymnal.net/Hymns/Hymnal/midi/e6205_i.mid
CS206	5135332234442171	5135332234442171	MATCH	ts/206	Hymn: 趁著今天多享受主	Y	https://www.hymnal.net/Hymns/ChineseTS/midi/tunes/ts0206_tune.midi https://www.hymnal.net/Hymns/Hymnal/midi/e0298_i.mid
CS207	5123532521	5123532521	MATCH	ts/207	Hymn: 同來享受主的豐富	Y	
CS208	5112321543221	5112321543221	MATCH	ts/208	Hymn: 靠耶和華得的喜樂	Y	
CS21	71232112333343212	71232112333343212	MATCH	ts/21	Hymn: 祂是主	Y	
CS211	334532161234543432	334532161234543432	MATCH	ts/211	Hymn: 人活著不是單靠食物	Y	https://www.hymnal.net/Hymns/ChineseTS/midi/tunes/ts0211_tune.midi https://www.hymnal.net/Hymns/NewSongs/midi/ns0120.mid
CS213	113355666653	113355666653	MATCH	ts/213	Hymn: 盡情喫喝	Y	https://www.hymnal.net/Hymns/ChineseTS/midi/tunes/ts0213_tune.midi https://www.hymnal.net/Hymns/Hymnal/midi/e0006_i.mid
CS219	13555533113555544	13555533113555544	MATCH	ts/219	Hymn: 活水湧流	Y	
CS222	17654321566771	17654321566771	MATCH	ts/222	Hymn: 呼吸生命氣息	Y	https://www.hymnal.net/Hymns/ChineseTS/midi/tunes/ts0222_tune.midi https://www.hymnal.net/Hymns/Hymnal/midi/e1015_i.mid
CS223	532121653	532121653	MATCH	ts/223	Hymn: 喫喝呼吸	Y	https://www.hymnal.net/Hymns/ChineseTS/midi/tunes/ts0223_tune.midi https://www.hymnal.net/Hymns/NewSongs/midi/ns0103.mid
CS224	36671716535	36671716535	MATCH	ts/224	Hymn: 一呼一吸我吸主	Y	https://www.hymnal.net/Hymns/ChineseTS/midi/tunes/ts0224_tune.midi https://www.hymnal.net/Hymns/Hymnal/midi/e6224_i.mid
CS226	32343231223	32343231223	MATCH	ts/226	Hymn: 有一嬰孩	Y	https://www.hymnal.net/Hymns/ChineseTS/midi/tunes/ts0226_tune.midi https://www.hymnal.net/Hymns/Hymnal/midi/e0881_i.mid
CS228	53215553216	53215553216	MATCH	ts/228	Hymn: 呼吸纔是路	Y	
CS229	111533311355432	111533311355432	MATCH	ts/229	Hymn: 主名何甘甜	Y	
CS230	555554351233321	555554351233321	MATCH	ts/230	Hymn: 找到最簡單的路	Y	https://www.hymnal.net/Hymns/ChineseTS/midi/tunes/ts0230_tune.midi https://www.hymnal.net/Hymns/Hymnal/midi/e1017_i.mid
CS231	53321353146165	53321353146165	MATCH	ts/231	Hymn: 每當我喊主耶穌	Y	https://www.hymnal.net/Hymns/ChineseTS/midi/tunes/ts0231_tune.midi https://www.hymnal.net/Hymns/Hymnal/midi/e6231_i.mid
CS232	3456671211776655	3456671211776655	MATCH	ts/232	Hymn: 當你說『主』	Y	https://www.hymnal.net/Hymns/ChineseTS/midi/tunes/ts0232_tune.midi https://www.hymnal.net/Hymns/NewSongs/midi/ns0560.mid
CS233	3333213333217	3333213333217	MATCH	ts/233	Hymn: 呼喊『哦，主耶穌』	Y	https://www.hymnal.net/Hymns/ChineseTS/midi/tunes/ts0233_tune.midi https://www.hymnal.net/Hymns/NewSongs/midi/ns0124.mid
CS234	53323556616655	53323556616655	MATCH	ts/234	Hymn: 『哦，主耶穌！』喊祂名	Y	https://www.hymnal.net/Hymns/Children/midi/c0032.mid https://www.hymnal.net/Hymns/ChineseTS/midi/tunes/ts0234_tune.midi
CS235	561333333217	561333333217	MATCH	ts/235	Hymn: 時刻呼喊主名	Y	https://www.hymnal.net/Hymns/ChineseTS/midi/tunes/ts0235_tune.midi https://www.hymnal.net/Hymns/NewSongs/midi/ns0201.mid
CS236	55151355565436	55151355565436	MATCH	ts/236	Hymn: 終日將祂名呼喊	Y	
CS237	11233212315	11233212315	MATCH	ts/237	Hymn: 終日呼喊主	Y	
CS238	333215333215	333215333215	MATCH	ts/238	Hymn: 在主耶穌名下就必得勝	Y	
CS239	111153457777653	111153457777653	MATCH	ts/239	Hymn: 我奉耶穌基督的名	Y	https://www.hymnal.net/Hymns/ChineseTS/midi/tunes/ts0239_tune.midi https://www.hymnal.net/Hymns/Hymnal/midi/e6239_i.mid
CS240	111533311355432	111533311355432	MATCH	ts/240	Hymn: 基督美地豐富之地	Y	
CS241	1234441233	1234441233	MATCH	ts/241	Hymn: 基督是美地	Y	https://www.hymnal.net/Hymns/ChineseTS/midi/tunes/ts0241_tune.midi https://www.hymnal.net/Hymns/Hymnal/midi/e1196_i.mid
CS242	3632612756	3632612756	MATCH	ts/242	Hymn: 美地，神已賜給我們	Y	https://www.hymnal.net/Hymns/ChineseTS/midi/tunes/ts0242_tune.midi https://www.hymnal.net/Hymns/Hymnal/midi/e6242_i.mid
CS244	3333213333217	3333213333217	MATCH	ts/244	Hymn: 行走在這美地	Y	https://www.hymnal.net/Hymns/ChineseTS/midi/tunes/ts0244_tune.midi https://www.hymnal.net/Hymns/NewSongs/midi/ns0124.mid
CS246	123354323217	123354323217	MATCH	ts/246	Hymn: 享受，經營，行走	Y	https://www.hymnal.net/Hymns/ChineseTS/midi/tunes/ts0246_tune.midi https://www.hymnal.net/Hymns/Hymnal/midi/e1278_i.mid
CS257	565321766621712	565321766621712	MATCH	ts/257	Hymn: 認識復活	Y	https://www.hymnal.net/Hymns/ChineseTS/midi/tunes/ts0257_tune.midi https://www.hymnal.net/Hymns/Hymnal/midi/e0378_i.mid
CS26	3511721765	3511721765	MATCH	ts/26	Hymn: 你們要嘗嘗主恩	Y	https://www.hymnal.net/Hymns/ChineseTS/midi/tunes/ts0026_tune.midi
CS27	11151255323432	11151255323432	MATCH	ts/27	Hymn: 在榮耀裡有一人	Y	https://www.hymnal.net/Hymns/ChineseTS/midi/tunes/ts0027_tune.midi https://www.hymnal.net/Hymns/Hymnal/midi/e0505_full.mid https://www.hymnal.net/Hymns/Hymnal/midi/e0505_i.mid
CS303	33434511112123432	33434511112123432	MATCH	ts/303	Hymn: 至美的享受	Y	
CS304	1112713333423	1112713333423	MATCH	ts/304	Hymn: 同往葡萄園去	Y	https://www.hymnal.net/Hymns/ChineseTS/midi/tunes/ts0304_tune.midi https://www.hymnal.net/Hymns/Hymnal/midi/e0175_i.mid
CS306	656366771217	656366771217	MATCH	ts/306	Hymn: 我愛耶穌	Y	
CS308	33432165443234322	33432165443234322	MATCH	ts/308	Hymn: 專一愛你	Y	https://www.hymnal.net/Hymns/ChineseTS/midi/tunes/ts0308_tune.midi https://www.hymnal.net/Hymns/NewSongs/midi/ns0175.mid
CS309	763656121656121	763656121656121	MATCH	ts/309	Hymn: 全心愛你	Y	https://www.hymnal.net/Hymns/ChineseTS/midi/tunes/ts0309_tune.midi https://www.hymnal.net/Hymns/Hymnal/midi/e6309_i.mid
CS311	1333351165	1333351165	MATCH	ts/311	Hymn: 沉醉在你愛裡	Y	https://www.hymnal.net/Hymns/ChineseTS/midi/tunes/ts0311_tune.midi https://www.hymnal.net/Hymns/NewSongs/midi/ns0579.mid
CS312	343542135674643	343542135674643	MATCH	ts/312	Hymn: 浸透在祂愛裡	Y	
CS313	1236654311	1236654311	MATCH	ts/313	Hymn: 願我愛全歸你	Y	https://www.hymnal.net/Hymns/ChineseTS/midi/tunes/ts0313_tune.midi https://www.hymnal.net/Hymns/Hymnal/midi/e6313_i.mid
CS314	43234173212376	43234173212376	MATCH	ts/314	Hymn: 我們與愛的耶穌	Y	
CS315	55554352344321	55554352344321	MATCH	ts/315	Hymn: 一切在於愛耶穌	Y	https://www.hymnal.net/Hymns/ChineseTS/midi/tunes/ts0315_tune.midi https://www.hymnal.net/Hymns/NewSongs/midi/ns0230.mid
CS316	54312351234562	54312351234562	MATCH	ts/316	Hymn: 恩主你是我至愛	Y	https://www.hymnal.net/Hymns/ChineseTS/midi/tunes/ts0316_tune.midi https://www.hymnal.net/Hymns/NewSongs/midi/ns0118.mid
CS317	531776654354	531776654354	MATCH	ts/317	Hymn: 除你外，在天上我有誰呢	Y	
CS318	334533217123212	334533217123212	MATCH	ts/318	Hymn: 頭一次的愛	Y	https://www.hymnal.net/Hymns/ChineseTS/midi/tunes/ts0318_tune.midi https://www.hymnal.net/Hymns/NewSongs/midi/ns0305.mid
CS319	33323543222543	33323543222543	MATCH	ts/319	Hymn: 你，你，你常在我心中	Y	
CS320	55332156713652	55332156713652	MATCH	ts/320	Hymn: 輕訴	Y	https://www.hymnal.net/Hymns/ChineseTS/midi/tunes/ts0320_tune.midi https://www.hymnal.net/Hymns/NewSongs/midi/ns0677.mid
CS321	316511212365	316511212365	MATCH	ts/321	Hymn: 我怎能離開主	Y	
CS322	553432135561723432	553432135561723432	MATCH	ts/322	Hymn: 我今是單純敞開我心	Y	
CS323	321765617165653	321765617165653	MATCH	ts/323	Hymn: 轉，轉，我轉向主	Y	https://www.hymnal.net/Hymns/ChineseTS/midi/tunes/ts0323_tune.midi https://www.hymnal.net/Hymns/NewSongs/midi/ns0330.mid
CS324	511223432114432342	511223432114432342	MATCH	ts/324	Hymn: 愛的共鳴	Y	
CS325	15123432671234321	15123432671234321	MATCH	ts/325	Hymn: 從我心湧出了音樂	Y	https://www.hymnal.net/Hymns/ChineseTS/midi/tunes/ts0325_tune.midi https://www.hymnal.net/Hymns/NewSongs/midi/ns0238.mid
CS326	555161642555556543	555161642555556543	MATCH	ts/326	Hymn: 是你的愛	Y	
CS327	345465321721	345465321721	MATCH	ts/327	Hymn: 主阿，我愛你	Y	https://www.hymnal.net/Hymns/ChineseTS/midi/tunes/ts0327_tune.midi https://www.hymnal.net/Hymns/NewSongs/midi/ns0025.mid
CS329	3553255213317337	3553255213317337	MATCH	ts/329	Hymn: 惟見榮耀裡的基督	Y	https://www.hymnal.net/Hymns/ChineseTS/midi/tunes/ts0329_tune.midi https://www.hymnal.net/Hymns/NewSongs/midi/ns0027.mid
CS334	51321231655132132	51321231655132132	MATCH	ts/334	Hymn: 與主情深	Y	
CS342	53455321233	53455321233	MATCH	ts/342	Hymn: 愛的交通	Y	
CS346	555656132237635	555656132237635	MATCH	ts/346	Hymn: 用我的詩歌向我所愛的主	Y	
CS347	512345321	512345321	MATCH	ts/347	Hymn: 主，我心願更貞潔	Y	https://www.hymnal.net/Hymns/ChineseTS/midi/tunes/ts0347_tune.midi https://www.hymnal.net/Hymns/Hymnal/midi/e0650_i.mid
CS348	561232166171	561232166171	MATCH	ts/348	Hymn: 引我歸愛	Y	
CS349	334321444254323	334321444254323	MATCH	ts/349	Hymn: 先是園子，終為聖城	Y	https://www.hymnal.net/Hymns/ChineseTS/midi/tunes/ts0349_tune.midi https://www.hymnal.net/Hymns/Hymnal/midi/e0007_i.mid
CS35	123216565112345522	123216565112345522	MATCH	ts/35	Hymn: 你的居所何等可愛	Y	
CS4	37215351765	37215351765	MATCH	ts/4	Hymn: 你的恩典一生之久	Y	https://www.hymnal.net/Hymns/ChineseTS/midi/tunes/ts0004_tune.midi
CS402	534531651567	534531651567	MATCH	ts/402	Hymn: 吸引	Y	
CS403	3521543334565	3521543334565	MATCH	ts/403	Hymn: 主耶穌！我渴慕摸著你	Y	https://www.hymnal.net/Hymns/ChineseTS/midi/tunes/ts0403_tune.midi https://www.hymnal.net/Hymns/NewSongs/midi/ns0200.mid
CS404	321135223565321	321135223565321	MATCH	ts/404	Hymn: 全心只有主	Y	https://www.hymnal.net/Hymns/ChineseTS/midi/tunes/ts0404_tune.midi https://www.hymnal.net/Hymns/Hymnal/midi/e0215_i.mid
CS407	561113212165	561113212165	MATCH	ts/407	Hymn: 答應主呼召	Y	
CS409	53217167534555323465	53217167534555323465	MATCH	ts/409	Hymn: 哦主阿，更多來湧流	Y	https://www.hymnal.net/Hymns/ChineseTS/midi/tunes/ts0409_tune.midi https://www.hymnal.net/Hymns/NewSongs/midi/ns0217.mid
CS410	345465556576	345465556576	MATCH	ts/410	Hymn: 主，我寶貝這生命的流	Y	https://www.hymnal.net/Hymns/ChineseTS/midi/tunes/ts0410_tune.midi https://www.hymnal.net/Hymns/Hymnal/midi/e0618_i.mid https://www.hymnal.net/Hymns/Hymnal/midi/e1191_full.mid
CS411	1112332321	1112332321221217	DIFF	ts/411	Hymn: 取用寶血	Y	https://www.hymnal.net/Hymns/ChineseTS/midi/tunes/ts0411_tune.midi https://www.hymnal.net/Hymns/Hymnal/midi/e6411_i.mid
CS412	123216121	123216121	MATCH	ts/412	Hymn: 在話的水裡泡	Y	
CS413	511132123211356	511132123211356	MATCH	ts/413	Hymn: 阿們，主耶穌	Y	https://www.hymnal.net/Hymns/ChineseTS/midi/tunes/ts0413_tune.midi https://www.hymnal.net/Hymns/Hymnal/midi/e1021_i.mid
CS415	513511615	513511615	MATCH	ts/415	Hymn: 來到施恩座	Y	
CS416	111565512321	111565512321	MATCH	ts/416	Hymn: 同環繞施恩座	Y	https://www.hymnal.net/Hymns/ChineseTS/midi/tunes/ts0416_tune.midi https://www.hymnal.net/Hymns/Hymnal/midi/e1109_i.mid
CS417	554332346543	554332346543	MATCH	ts/417	Hymn: 祂是主	Y	https://www.hymnal.net/Hymns/ChineseTS/midi/tunes/ts0417_tune.midi https://www.hymnal.net/Hymns/Hymnal/midi/e0341_i.mid
CS418	51232151332	51232151332	MATCH	ts/418	Hymn: 小百合	Y	https://www.hymnal.net/Hymns/Children/midi/c0141.mid https://www.hymnal.net/Hymns/ChineseTS/midi/tunes/ts0418_tune.midi
CS419	321135546653132	321135546653132	MATCH	ts/419	Hymn: 使我得以走正路	Y	
CS420	531112345553	531112345553	MATCH	ts/420	Hymn: 望斷以及於耶穌	Y	https://www.hymnal.net/Hymns/ChineseTS/midi/tunes/ts0420_tune.midi https://www.hymnal.net/Hymns/Hymnal/midi/e6420_i.mid
CS421	55135311116666	55135311116666	MATCH	ts/421	Hymn: 奔跑	Y	
CS422	54555565311351764	54555565311351764	MATCH	ts/422	Hymn: 奔跑生命路	Y	
CS423	55554433333534	55554433333534	MATCH	ts/423	Hymn: 向前直跑	Y	https://www.hymnal.net/Hymns/ChineseTS/midi/tunes/ts0423_tune.midi https://www.hymnal.net/Hymns/Hymnal/midi/e1205_i.mid
CS425	511123666332121217	511123666332121217	MATCH	ts/425	Hymn: 與主相見在清晨	Y	
CS426	312321177127121776	312321177127121776	MATCH	ts/426	Hymn: 我們是一粒粒『麥子』	Y	https://www.hymnal.net/Hymns/ChineseTS/midi/tunes/ts0426_tune.midi https://www.hymnal.net/Hymns/NewSongs/midi/ns0577.mid
CS427	55555431	5555543144424275	DIFF	ts/427	Hymn: 為神永遠的經綸	Y	https://www.hymnal.net/Hymns/ChineseTS/midi/tunes/ts0427_tune.midi https://www.hymnal.net/Hymns/NewSongs/midi/ns0028.mid
CS428	336617665671132117	336617665671132117	MATCH	ts/428	Hymn: 讓我愛	Y	https://www.hymnal.net/Hymns/ChineseTS/midi/tunes/ts0428_tune.midi https://www.hymnal.net/Hymns/NewSongs/midi/ns0019.mid
CS429	53345752123453	53345752123453	MATCH	ts/429	Hymn: 主到我這裡來	Y	https://www.hymnal.net/Hymns/ChineseTS/midi/tunes/ts0429_tune.midi https://www.hymnal.net/Hymns/Hymnal/midi/e6429_i.mid
CS454	5656123516565352	5656123516565352	MATCH	ts/454	Hymn: 回歸主自己	Y	https://www.hymnal.net/Hymns/ChineseTS/midi/tunes/ts0454_tune.midi https://www.hymnal.net/Hymns/Hymnal/midi/e6454_i.mid
CS456	11761736545	11761736545	MATCH	ts/456	Hymn: 轉	Y	
CS457	3345563544234767653	3345563544234767653	MATCH	ts/457	Hymn: 我在這裏	Y	
CS458	123542123436511712	123542123436511712	MATCH	ts/458	Hymn: 與神和好	Y	https://www.hymnal.net/Hymns/ChineseTS/midi/tunes/ts0458_tune.midi https://www.hymnal.net/Hymns/Hymnal/midi/e0532_i.mid
CS459	53212165556543	53212165556543	MATCH	ts/459	Hymn: 主，你旨意我願憑	Y	https://www.hymnal.net/Hymns/ChineseTS/midi/tunes/ts0459_tune.midi https://www.hymnal.net/Hymns/Hymnal/midi/e6459_i.mid
CS460	511321156165	511321156165	MATCH	ts/460	Hymn: 我的手不能停作主的聖工	Y	https://www.hymnal.net/Hymns/ChineseTS/midi/tunes/ts0460_tune.midi https://www.hymnal.net/Hymns/Hymnal/midi/e0389_i.mid
CS461	1356172675	1356172675	MATCH	ts/461	Hymn: 十架窄路	Y	https://www.hymnal.net/Hymns/ChineseTS/midi/ts0461.mid https://www.hymnal.net/Hymns/ChineseTS/midi/ts0461_full.mid https://www.hymnal.net/Hymns/ChineseTS/midi/tunes/ts0461_tune.midi
CS462	55671512523	55671512523	MATCH	ts/462	Hymn: 大哉！敬虔奧祕！	Y	https://www.hymnal.net/Hymns/ChineseTS/midi/tunes/ts0462_tune.midi https://www.hymnal.net/Hymns/Hymnal/midi/e0039_i.mid
CS463	1715171212333432	1715171212333432	MATCH	ts/463	Hymn: 成為聖別	Y	
CS464	6633212761112123	6633212761112123	MATCH	ts/464	Hymn: 隨主前行	Y	https://www.hymnal.net/Hymns/ChineseTS/midi/ts0464_full.mid https://www.hymnal.net/Hymns/ChineseTS/midi/tunes/ts0464_tune.midi
CS466	51112355664565	51112355664565	MATCH	ts/466	Hymn: 新的黎明，新的復興	Y	https://www.hymnal.net/Hymns/ChineseTS/midi/tunes/ts0466_tune.midi https://www.hymnal.net/Hymns/Hymnal/midi/e6466_i.mid
CS467	366332255221	366332255221	MATCH	ts/467	Hymn: 祭壇與帳棚的生活	Y	https://www.hymnal.net/Hymns/ChineseTS/midi/tunes/ts0467_tune.midi https://www.hymnal.net/Hymns/Hymnal/midi/e6467_i.mid
CS468	336617665671132117	336617665671132117	MATCH	ts/468	Hymn: 奠祭	Y	https://www.hymnal.net/Hymns/ChineseTS/midi/tunes/ts0468_tune.midi https://www.hymnal.net/Hymns/NewSongs/midi/ns0019.mid
CS502	12333444555543	51355654355	DIFF	ts/502	Hymn: 神將被擄的帶回錫安	Y	
CS509	345555123333	345555123333	MATCH	ts/509	Hymn: 在靈裡我看見	Y	https://www.hymnal.net/Hymns/ChineseTS/midi/tunes/ts0509_tune.midi https://www.hymnal.net/Hymns/Hymnal/midi/e0909_i.mid
CS510	12324327165432315	12324327165432315	MATCH	ts/510	Hymn: 啟示錄的異象	Y	https://www.hymnal.net/Hymns/ChineseTS/midi/tunes/ts0510_tune.midi https://www.hymnal.net/Hymns/Hymnal/midi/e0020_i.mid
CS517	3323121615	3323121615	MATCH	ts/517	Hymn: 基督是元首，在地方召會	Y	https://www.hymnal.net/Hymns/ChineseTS/midi/tunes/ts0517_tune.midi https://www.hymnal.net/Hymns/NewSongs/midi/ns0242.mid
CS518	51355631351325721	51355631351325721	MATCH	ts/518	Hymn: 地方召會─可愛的召會	Y	
CS519	556712156712165	556712156712165	MATCH	ts/519	Hymn: 地方召會，主何等祝福你	Y	https://www.hymnal.net/Hymns/ChineseTS/midi/tunes/ts0519_tune.midi https://www.hymnal.net/Hymns/Hymnal/midi/e1257_i.mid
CS520	551766535627221	551766535627221	MATCH	ts/520	Hymn: 我們已尋到實際	Y	https://www.hymnal.net/Hymns/ChineseTS/midi/tunes/ts0520_tune.midi https://www.hymnal.net/Hymns/Hymnal/midi/e0438_i.mid
CS521	612343275	612343275	MATCH	ts/521	Hymn: 來這美妙住處	Y	
CS522	3232323232321	3232323232321	MATCH	ts/522	Hymn: 站住地方的立場	Y	https://www.hymnal.net/Hymns/ChineseTS/midi/tunes/ts0522_tune.midi https://www.hymnal.net/Hymns/Hymnal/midi/e6522_i.mid
CS524	36717675353665366	36717675353665366	MATCH	ts/524	Hymn: 我們一生一定永定	Y	
CS526	63565313275	63565313275	MATCH	ts/526	Hymn: 這是神的恢復	Y	https://www.hymnal.net/Hymns/ChineseTS/midi/tunes/ts0526_tune.midi https://www.hymnal.net/Hymns/Hymnal/midi/e6526_i.mid
CS527	51775566333211	51775566333211	MATCH	ts/527	Hymn: 恢復	Y	
CS528	117766665544	117766665544	MATCH	ts/528	Hymn: 奉獻為主恢復	Y	
CS531	551112233332347211	551112233332347211	MATCH	ts/531	Hymn: 我們在流中	Y	https://www.hymnal.net/Hymns/ChineseTS/midi/tunes/ts0531_tune.midi https://www.hymnal.net/Hymns/Hymnal/midi/e6531_i.mid
CS532	33355433235321	33355433235321	MATCH	ts/532	Hymn: 我竟成為你基業	Y	https://www.hymnal.net/Hymns/ChineseTS/midi/tunes/ts0532_tune.midi https://www.hymnal.net/Hymns/Hymnal/midi/e1119_i.mid
CS533	5556715553251	5556715553251	MATCH	ts/533	Hymn: 榮耀在望	Y	
CS542	135173556653215	135173556653215	MATCH	ts/542	Hymn: 作你獨特子民	Y	
CS543	55655511565	55655511565	MATCH	ts/543	Hymn: 敬虔的奧祕	Y	
CS601	35656121223261121	35656121223261121	MATCH	ts/601	Hymn: 建造是神的目標	Y	https://www.hymnal.net/Hymns/ChineseTS/midi/tunes/ts0601_tune.midi https://www.hymnal.net/Hymns/Hymnal/midi/e6601_i.mid
CS602	35656121223261121	56121316556121316	DIFF	ts/602	Hymn: 為你計畫我們獻自己	Y	https://www.hymnal.net/Hymns/ChineseTS/midi/tunes/ts0602_tune.midi https://www.hymnal.net/Hymns/Hymnal/midi/e6602_i.mid
CS604	51333355443322	51333355443322	MATCH	ts/604	Hymn: 我們手拿線鉈	Y	
CS605	12333331355555	12333331355555	MATCH	ts/605	Hymn: 為建造	Y	https://www.hymnal.net/Hymns/ChineseTS/midi/tunes/ts0605_tune.midi https://www.hymnal.net/Hymns/Hymnal/midi/e1043_i.mid
CS607	17654321566771	17654321566771	MATCH	ts/607	Hymn: 我是活石	Y	https://www.hymnal.net/Hymns/ChineseTS/midi/tunes/ts0607_tune.midi https://www.hymnal.net/Hymns/Hymnal/midi/e1015_i.mid
CS608	123124313346532	123124313346532	MATCH	ts/608	Hymn: 活石同來建造	Y	https://www.hymnal.net/Hymns/ChineseTS/midi/tunes/ts0608_tune.midi https://www.hymnal.net/Hymns/Hymnal/midi/e0325_i.mid
CS609	56715334325557655653	56715334325557655653	MATCH	ts/609	Hymn: 相調建造	Y	
CS610	5123332321	5123332321	MATCH	ts/610	Hymn: 榮耀，榮耀，今看見	Y	
CS612	65616561123232	65616561123232	MATCH	ts/612	Hymn: 召會是在合一裡面	Y	
CS613	3566561356656	3566561356656	MATCH	ts/613	Hymn: 我們在主裡是一	Y	https://www.hymnal.net/Hymns/ChineseTS/midi/tunes/ts0613_tune.midi https://www.hymnal.net/Hymns/Hymnal/midi/e1243_i.mid
CS614	12344432313222343	12344432313222343	MATCH	ts/614	Hymn: 主靈使我們合一	Y	https://www.hymnal.net/Hymns/ChineseTS/midi/tunes/ts0614_tune.midi https://www.hymnal.net/Hymns/NewSongs/midi/ns0386.mid
CS615	565432112765	565432112765	MATCH	ts/615	Hymn: 合而為一，建造成神家	Y	https://www.hymnal.net/Hymns/ChineseTS/midi/tunes/ts0615_tune.midi https://www.hymnal.net/Hymns/NewSongs/midi/ns0079.mid
CS618	333542222431	333542222431	MATCH	ts/618	Hymn: 我們在一起	Y	
CS702	676321617	676321617	MATCH	ts/702	Hymn: 是你嗎？	Y	
CS703	5565176544332123	5565176544332123	MATCH	ts/703	Hymn: 我已得著歸宿	Y	
CS704	6633717635653423	6633717635653423	MATCH	ts/704	Hymn: 你如今活在召會裡	Y	https://www.hymnal.net/Hymns/ChineseTS/midi/tunes/ts0704_tune.midi https://www.hymnal.net/Hymns/Hymnal/midi/e6704_i.mid
CS705	5325321565132	5325321565132	MATCH	ts/705	Hymn: 召會是我甜美家	Y	https://www.hymnal.net/Hymns/ChineseTS/midi/tunes/ts0705_tune.midi https://www.hymnal.net/Hymns/Hymnal/midi/e6705_i.mid
CS706	123321611151712	123321611151712	MATCH	ts/706	Hymn: 快樂日，我們回家來	Y	
CS707	56321161563122232	56321161563122232	MATCH	ts/707	Hymn: 何喜樂	Y	https://www.hymnal.net/Hymns/ChineseTS/midi/tunes/ts0707_tune.midi https://www.hymnal.net/Hymns/Hymnal/midi/e6707_i.mid
CS708	1111316133335313	1111316133335313	MATCH	ts/708	Hymn: 我們今已在家	Y	https://www.hymnal.net/Hymns/Children/midi/c0022.mid https://www.hymnal.net/Hymns/ChineseTS/midi/tunes/ts0708_tune.midi
CS710	55654535565453	55654535565453	MATCH	ts/710	Hymn: 出所多瑪進方舟	Y	https://www.hymnal.net/Hymns/ChineseTS/midi/tunes/ts0710_tune.midi https://www.hymnal.net/Hymns/NewSongs/midi/ns0170.mid
CS713	5345316533432223213	5345316533432223213	MATCH	ts/713	Hymn: 阿！可愛的召會生活	Y	https://www.hymnal.net/Hymns/ChineseTS/midi/ts0713.mid https://www.hymnal.net/Hymns/ChineseTS/midi/tunes/ts0713_tune.midi
CS714	3332121656535	3332121656535	MATCH	ts/714	Hymn: 我愛召會生活	Y	https://www.hymnal.net/Hymns/ChineseTS/midi/tunes/ts0714_tune.midi https://www.hymnal.net/Hymns/NewSongs/midi/ns0192.mid
CS715	34531211772342717655	34531211772342717655	MATCH	ts/715	Hymn: 過召會生活	Y	https://www.hymnal.net/Hymns/ChineseTS/midi/tunes/ts0715_tune.midi https://www.hymnal.net/Hymns/NewSongs/midi/ns0434.mid
CS717	3667161123	3667161123	MATCH	ts/717	Hymn: 豫嘗那日	Y	
CS718	51353155342	51353155342	MATCH	ts/718	Hymn: 過節	Y	
CS719	5535355454	5535355454	MATCH	ts/719	Hymn: 新酒灌滿	Y	
CS722	32123555611	32123555611	MATCH	ts/722	Hymn: 何等的享受	Y	https://www.hymnal.net/Hymns/ChineseTS/midi/tunes/ts0722_tune.midi https://www.hymnal.net/Hymns/NewSongs/midi/ns0737.mid
CS723	5533321135535	5533321135535	MATCH	ts/723	Hymn: 又新又活的聚集	Y	https://www.hymnal.net/Hymns/ChineseTS/midi/tunes/ts0723_tune.midi https://www.hymnal.net/Hymns/Hymnal/midi/e1194_i.mid
CS724	5565351217	5565351217	MATCH	ts/724	Hymn: 我們是一群有雄心的人	Y	https://www.hymnal.net/Hymns/ChineseTS/midi/tunes/ts0724_tune.midi https://www.hymnal.net/Hymns/Hymnal/midi/e1079_i.mid
CS725	176532323176543434	176532323176543434	MATCH	ts/725	Hymn: 小孩子與小牛犢	Y	
CS726	111336651432	111336651432	MATCH	ts/726	Hymn: 召會實際是靈	Y	https://www.hymnal.net/Hymns/ChineseTS/midi/tunes/ts0726_tune.midi https://www.hymnal.net/Hymns/Hymnal/midi/e0142_i.mid
CS727	5511176666776711	5511176666776711	MATCH	ts/727	Hymn: 我要釋放基督	Y	
CS728	17654321566771	17654321566771	MATCH	ts/728	Hymn: 讓靈自由	Y	https://www.hymnal.net/Hymns/ChineseTS/midi/tunes/ts0728_tune.midi https://www.hymnal.net/Hymns/Hymnal/midi/e1015_i.mid
CS729	556561556561	556561556561	MATCH	ts/729	Hymn: 阿利路亞，自由	Y	
CS730	51176565562171	51176565562171	MATCH	ts/730	Hymn: 作貴重器皿	Y	https://www.hymnal.net/Hymns/ChineseTS/midi/tunes/ts0730_tune.midi https://www.hymnal.net/Hymns/Hymnal/midi/e0804_i.mid
CS731	34556713321615	34556713321615	MATCH	ts/731	Hymn: 不走宗教儀文錯路	Y	
CS732	5135146165	5135146165	MATCH	ts/732	Hymn: 流露祂的豐富	Y	
CS733	5115511534555654231	5115511534555654231	MATCH	ts/733	Hymn: 享受眾聖徒裡面的基督	Y	
CS734	5511217653512352	5511217653512352	MATCH	ts/734	Hymn: 彼此一同享受	Y	
CS735	555554351233321	555554351233321	MATCH	ts/735	Hymn: 為祂說話	Y	https://www.hymnal.net/Hymns/ChineseTS/midi/tunes/ts0735_tune.midi https://www.hymnal.net/Hymns/Hymnal/midi/e1017_i.mid
CS736	3666167556	3666167556	MATCH	ts/736	Hymn: 在召會中鑑賞	Y	
CS737	3215322133653142	3215322133653142	MATCH	ts/737	Hymn: 要將供物送倉庫	Y	https://www.hymnal.net/Hymns/ChineseTS/midi/tunes/ts0737_tune.midi https://www.hymnal.net/Hymns/Hymnal/midi/e0851_i.mid
CS738	1712353232165121	1712353232165121	MATCH	ts/738	Hymn: 你要給人	Y	https://www.hymnal.net/Hymns/ChineseTS/midi/tunes/ts0738_tune.midi https://www.hymnal.net/Hymns/Hymnal/midi/e8444_i.mid
CS739	111111712	111111712	MATCH	ts/739	Hymn: 接待聖徒	Y	
CS740	55321566115	55321566115	MATCH	ts/740	Hymn: 誰是在主這邊	Y	https://www.hymnal.net/Hymns/ChineseTS/midi/tunes/ts0740_tune.midi https://www.hymnal.net/Hymns/Hymnal/midi/e0469_i.mid
CS741	3453453453451176567	3453453453451176567	MATCH	ts/741	Hymn: 為著祂	Y	https://www.hymnal.net/Hymns/ChineseTS/midi/tunes/ts0741_tune.midi https://www.hymnal.net/Hymns/NewSongs/midi/ns0241.mid
CS742	123354323217	123354323217	MATCH	ts/742	Hymn: 為著祂的見證	Y	https://www.hymnal.net/Hymns/ChineseTS/midi/tunes/ts0742_tune.midi https://www.hymnal.net/Hymns/Hymnal/midi/e1278_i.mid
CS743	3332164321752343121765	3332164321752343121765	MATCH	ts/743	Hymn: 絕對分別出來	Y	https://www.hymnal.net/Hymns/ChineseTS/midi/tunes/ts0743_tune.midi https://www.hymnal.net/Hymns/Hymnal/midi/e0644_i.mid
CS744	35543234456112165	35543234456112165	MATCH	ts/744	Hymn: 我只要神旨意	Y	https://www.hymnal.net/Hymns/ChineseTS/midi/tunes/ts0744_tune.midi https://www.hymnal.net/Hymns/Hymnal/midi/e1256_i.mid
CS745	334322321143231	334322321143231	MATCH	ts/745	Hymn: 一切為召會	Y	https://www.hymnal.net/Hymns/ChineseTS/midi/tunes/ts0745_tune.midi https://www.hymnal.net/Hymns/Hymnal/midi/e0441_i.mid
CS746	571123212216	571123212216	MATCH	ts/746	Hymn: 花費	Y	https://www.hymnal.net/Hymns/ChineseTS/midi/tunes/ts0746_tune.midi https://www.hymnal.net/Hymns/Hymnal/midi/e6746_i.mid
CS747	53215644653321332	53215644653321332	MATCH	ts/747	Hymn: 哦主！我願花費自己	Y	https://www.hymnal.net/Hymns/ChineseTS/midi/tunes/ts0747_tune.midi https://www.hymnal.net/Hymns/Hymnal/midi/e0585_i.mid
CS748	133321321165	133321321165	MATCH	ts/748	Hymn: 全為召會花費	Y	
CS749	343542135674643	343542135674643	MATCH	ts/749	Hymn: 同死同苦	Y	
CS750	123216531232352	123216531232352	MATCH	ts/750	Hymn: 背起十架為召會	Y	https://www.hymnal.net/Hymns/ChineseTS/midi/tunes/ts0750_tune.midi https://www.hymnal.net/Hymns/Hymnal/midi/e8174_i.mid
CS751	1235321213511115655	1235321213511115655	MATCH	ts/751	Hymn: 遇見你們	Y	https://www.hymnal.net/Hymns/ChineseTS/midi/tunes/ts0751_tune.midi https://www.hymnal.net/Hymns/Hymnal/midi/e6751_i.mid
CS752	34534321234	34534321234	MATCH	ts/752	Hymn: 愛使我們相聚一起	Y	
CS761	324332116165132	324332116165132	MATCH	ts/761	Hymn: 愛中的洗滌	Y	https://www.hymnal.net/Hymns/ChineseTS/midi/tunes/ts0761_tune.midi https://www.hymnal.net/Hymns/Hymnal/midi/e0223_i.mid
CS762	345555633	345555633	MATCH	ts/762	Hymn: 同活在主身體中	Y	
CS801	12344432313222343	12344432313222343	MATCH	ts/801	Hymn: 我們進入身體事奉	Y	https://www.hymnal.net/Hymns/ChineseTS/midi/tunes/ts0801_tune.midi https://www.hymnal.net/Hymns/NewSongs/midi/ns0386.mid
CS802	1151313543532121	1151313543532121	MATCH	ts/802	Hymn: 與王同工	Y	https://www.hymnal.net/Hymns/ChineseTS/midi/tunes/ts0802_tune.midi https://www.hymnal.net/Hymns/Hymnal/midi/e0292_i.mid
CS803	53231511767	53231511767	MATCH	ts/803	Hymn: 我從來不後悔	Y	
CS804	555653111216	555653111216	MATCH	ts/804	Hymn: 趕工	Y	https://www.hymnal.net/Hymns/ChineseTS/midi/tunes/ts0804_tune.midi https://www.hymnal.net/Hymns/Hymnal/midi/e1167_i.mid
CS805	5534653114562	5534653114562	MATCH	ts/805	Hymn: 基督我王正驅前	Y	https://www.hymnal.net/Hymns/ChineseTS/midi/tunes/ts0805_tune.midi https://www.hymnal.net/Hymns/Hymnal/midi/e0036_i.mid
CS807	53333344444	53333344444	MATCH	ts/807	Hymn: 新局面出現	Y	https://www.hymnal.net/Hymns/ChineseTS/midi/tunes/ts0807_tune.midi https://www.hymnal.net/Hymns/Hymnal/midi/e6807_i.mid
CS808	1355555153455421	1355555153455421	MATCH	ts/808	Hymn: 到各城市去開展	Y	https://www.hymnal.net/Hymns/ChineseTS/midi/tunes/ts0808_tune.midi https://www.hymnal.net/Hymns/Hymnal/midi/e1297_i.mid
CS809	5532133217655	5532133217655	MATCH	ts/809	Hymn: 在主裡剛強	Y	
CS811	5333333331714	5333333331714	MATCH	ts/811	Hymn: 得勝者	Y	https://www.hymnal.net/Hymns/ChineseTS/midi/tunes/ts0811_tune.midi https://www.hymnal.net/Hymns/Hymnal/midi/e0870_i.mid
CS813	511171233323455515	511171233323455515	MATCH	ts/813	Hymn: 得勝有餘	Y	
CS814	333321176613	333321176613	MATCH	ts/814	Hymn: 誇勝	Y	
CS816	3453231533216332	3453231533216332	MATCH	ts/816	Hymn: 你為何被造	Y	
CS817	3453231533216332	3453231533216332	MATCH	ts/817	Hymn: 你為何得救？	Y	
CS819	321211354611	321211354611	MATCH	ts/819	Hymn: 歸入甜美的你	Y	https://www.hymnal.net/Hymns/ChineseTS/midi/tunes/ts0819_tune.midi https://www.hymnal.net/Hymns/Hymnal/midi/e6819_i.mid
CS820	32171213456535	32171213456535	MATCH	ts/820	Hymn: 需要	Y	
CS821	3333321722222176	3333321722222176	MATCH	ts/821	Hymn: 豈能說透	Y	
CS822	66113325577221	66113325577221	MATCH	ts/822	Hymn: 我曾虛空又痛苦	Y	https://www.hymnal.net/Hymns/ChineseTS/midi/tunes/ts0822_tune.midi https://www.hymnal.net/Hymns/Hymnal/midi/e6822_i.mid
CS823	1357351615	1357351615	MATCH	ts/823	Hymn: 你若感覺孤單	Y	https://www.hymnal.net/Hymns/ChineseTS/midi/tunes/ts0823_tune.midi https://www.hymnal.net/Hymns/Hymnal/midi/e6823_i.mid
CS824	211345671766	211345671766	MATCH	ts/824	Hymn: 人生宛如走馬看花	Y	https://www.hymnal.net/Hymns/ChineseTS/midi/tunes/ts0824_tune.midi https://www.hymnal.net/Hymns/Hymnal/midi/e6824_i.mid
CS826	513565313513232161	513565313513232161	MATCH	ts/826	Hymn: 前我生活	Y	
CS827	53356223411756543		NO_CODE	ts/827	Hymn: 何不呼喊	Y	
CS828	11332132123216	11332132123216	MATCH	ts/828	Hymn: 敞開心！呼喊祂	Y	https://www.hymnal.net/Hymns/ChineseTS/midi/tunes/ts0828_tune.midi https://www.hymnal.net/Hymns/NewSongs/midi/ns0163.mid
CS829	55555556165727135	55555556165727135	MATCH	ts/829	Hymn: 你的答案乃是耶穌	Y	https://www.hymnal.net/Hymns/ChineseTS/midi/tunes/ts0829_tune.midi https://www.hymnal.net/Hymns/Hymnal/midi/e6829_i.mid
CS830	5512312165	5512312165	MATCH	ts/830	Hymn: 呼喊主名必得救	Y	https://www.hymnal.net/Hymns/ChineseTS/midi/tunes/ts0830_tune.midi https://www.hymnal.net/Hymns/Hymnal/midi/e0770_i.mid
CS831	3666671766771767	3666671766771767	MATCH	ts/831	Hymn: 呼召	Y	
CS832	33667117766665	3216321266712756	DIFF	ts/832	Hymn: 我聽見了主耶穌說	Y	https://www.hymnal.net/Hymns/ChineseTS/midi/ts0127.mid https://www.hymnal.net/Hymns/ChineseTS/midi/tunes/ts0832_tune.midi
CS833	55533332133	55533332133	MATCH	ts/833	Hymn: 有一新生命	Y	
CS835	35131215176	35131215176	MATCH	ts/835	Hymn: 全家得救	Y	https://www.hymnal.net/Hymns/ChineseTS/midi/tunes/ts0835_tune.midi https://www.hymnal.net/Hymns/Hymnal/midi/e1351_i.mid
CS836	51323433212165	51323433212165	MATCH	ts/836	Hymn: 清晨的日光	Y	
CS837	5123532161	5123532161	MATCH	ts/837	Hymn: 信的故事	Y	https://www.hymnal.net/Hymns/ChineseTS/midi/tunes/ts0837_tune.midi https://www.hymnal.net/Hymns/Hymnal/midi/e6837_i.mid
CS838	55123215616	55123215616	MATCH	ts/838	Hymn: 我已得到真正自由	Y	https://www.hymnal.net/Hymns/ChineseTS/midi/tunes/ts0838_tune.midi https://www.hymnal.net/Hymns/Hymnal/midi/e6838_i.mid
CS839	336717636712123	336717636712123	MATCH	ts/839	Hymn: 雲彩	Y	https://www.hymnal.net/Hymns/ChineseTS/midi/tunes/ts0839_tune.midi https://www.hymnal.net/Hymns/Hymnal/midi/e6839_i.mid
CS840	34531211772342717655	34531211772342717655	MATCH	ts/840	Hymn: 大好信息	Y	https://www.hymnal.net/Hymns/ChineseTS/midi/tunes/ts0840_tune.midi https://www.hymnal.net/Hymns/NewSongs/midi/ns0434.mid
CS841	345122346543	345122346543	MATCH	ts/841	Hymn: 第一聲呼求	Y	
CS842	51234355654432	51234355654432	MATCH	ts/842	Hymn: 耶穌─愛的名字	Y	
CS843	35135613261	35135613261	MATCH	ts/843	Hymn: 活神的家	Y	
CS844	5123343231	5123343231	MATCH	ts/844	Hymn: 我是個新約福音祭司	Y	https://www.hymnal.net/Hymns/ChineseTS/midi/tunes/ts0844_tune.midi https://www.hymnal.net/Hymns/Hymnal/midi/e6844_i.mid
CS845	36671765567	36671765567	MATCH	ts/845	Hymn: 至於我和我家	Y	
CS846	515513211162165	515513211162165	MATCH	ts/846	Hymn: 黎明的光	Y	https://www.hymnal.net/Hymns/ChineseTS/midi/tunes/ts0846_tune.midi https://www.hymnal.net/Hymns/Hymnal/midi/e1064_i.mid
CS847	336717656	336717656	MATCH	ts/847	Hymn: 真愛	Y	https://www.hymnal.net/Hymns/ChineseTS/midi/tunes/ts0847_tune.midi https://www.hymnal.net/Hymns/NewSongs/midi/ns0033.mid
CS848	561353632312	561353632312	MATCH	ts/848	Hymn: 聽我唱奇妙愛	Y	https://www.hymnal.net/Hymns/ChineseTS/midi/tunes/ts0848_tune.midi https://www.hymnal.net/Hymns/Hymnal/midi/e6848_i.mid
CS849	345511765356543	345511765356543	MATCH	ts/849	Hymn: 禧年的生活	Y	
CS860	51113455556654565	51113455556654565	MATCH	ts/860	Hymn: 去使萬民作主的門徒	Y	
CS861	6333232166165356	6333232166165356	MATCH	ts/861	Hymn: 神今日的行動	Y	https://www.hymnal.net/Hymns/ChineseTS/midi/tunes/ts0861_tune.midi https://www.hymnal.net/Hymns/NewSongs/midi/ns0673.mid
CS862	11357735671765	11357735671765	MATCH	ts/862	Hymn: 有祂無我	Y	
CS863	5534564321	5534564321	MATCH	ts/863	Hymn: 跟上神的行動	Y	https://www.hymnal.net/Hymns/ChineseTS/midi/tunes/ts0863_tune.midi https://www.hymnal.net/Hymns/Hymnal/midi/e0273_i.mid
CS864	345671516715	345671516715	MATCH	ts/864	Hymn: 我要飛翔	Y	https://www.hymnal.net/Hymns/ChineseTS/midi/tunes/ts0864_tune.midi https://www.hymnal.net/Hymns/Hymnal/midi/e6864_i.mid
CS865	15521663432115	15521663432115	MATCH	ts/865	Hymn: 奉獻為神家	Y	
CS866	543512312172165	543512312172165	MATCH	ts/866	Hymn: 一盞燈光	Y	
CS867	314322313456543165	314322313456543165	MATCH	ts/867	Hymn: 寫神今日的歷史	Y	
CS870	5321345667133212	5321345667133212	MATCH	ts/870	Hymn: 興起！同主前進	Y	
CS871	511543123432132	511543123432132	MATCH	ts/871	Hymn: 在今天，更新奉獻	Y	https://www.hymnal.net/Hymns/ChineseTS/midi/tunes/ts0871_tune.midi https://www.hymnal.net/Hymns/Hymnal/midi/e6871_i.mid
CS872	5612112353356765653	5612112353356765653	MATCH	ts/872	Hymn: 屬天的家鄉	Y	
CS873	5111332134556545	5111332134556545	MATCH	ts/873	Hymn: 同祂步武，邁向榮耀	Y	
CS874	3356617753353253262	3356617753353253262	MATCH	ts/874	Hymn: 等候耶和華，重新得力	Y	https://www.hymnal.net/Hymns/ChineseTS/midi/tunes/ts0874_tune.midi https://www.hymnal.net/Hymns/Hymnal/midi/e6874_i.mid
CS875	551512321176671765	551512321176671765	MATCH	ts/875	Hymn: 西布倫，揚帆起行	Y	https://www.hymnal.net/Hymns/ChineseTS/midi/tunes/ts0875_tune.midi https://www.hymnal.net/Hymns/Hymnal/midi/e6875_i.mid
CS878	11711232317653	11711232317653	MATCH	ts/878	Hymn: 祂來過	Y	
CS879	34555434234441765	34555434234441765	MATCH	ts/879	Hymn: 真神是我耶穌	Y	
CS880	53453211122345	53453211122345	MATCH	ts/880	Hymn: 當信靠主耶穌	Y	
CS902	51111123333	51111123333	MATCH	ts/902	Hymn: 主必要快來	Y	https://www.hymnal.net/Hymns/ChineseTS/midi/tunes/ts0902_tune.midi https://www.hymnal.net/Hymns/Hymnal/midi/e0040_i.mid
CS903	11355565321	11355565321	MATCH	ts/903	Hymn: 主隨時隨刻都可能回來	Y	https://www.hymnal.net/Hymns/ChineseTS/midi/tunes/ts0903_tune.midi https://www.hymnal.net/Hymns/Hymnal/midi/e6117_i.mid
CS904	31513122	31513122	MATCH	ts/904	Hymn: 我們的主快再來	Y	
CS906	3445236671232	3445236671232	MATCH	ts/906	Hymn: 我的良人哪！求你快來	Y	
CS907	511132123211356	511132123211356	MATCH	ts/907	Hymn: 別了！世界	Y	https://www.hymnal.net/Hymns/ChineseTS/midi/tunes/ts0907_tune.midi https://www.hymnal.net/Hymns/Hymnal/midi/e1021_i.mid
CS908	112354321	112354321	MATCH	ts/908	Hymn: 把主迎接回來	Y	
CS910	321211354611	321211354611	MATCH	ts/910	Hymn: 改變	Y	https://www.hymnal.net/Hymns/ChineseTS/midi/tunes/ts0910_tune.midi https://www.hymnal.net/Hymns/Hymnal/midi/e6819_i.mid
CS911	53455517665	53455517665	MATCH	ts/911	Hymn: 作初熟的果子	Y	https://www.hymnal.net/Hymns/ChineseTS/midi/tunes/ts0911_tune.midi https://www.hymnal.net/Hymns/Hymnal/midi/e0921_i.mid
CS913	12324327165432315	12324327165432315	MATCH	ts/913	Hymn: 童女與僕人	Y	https://www.hymnal.net/Hymns/ChineseTS/midi/tunes/ts0913_tune.midi https://www.hymnal.net/Hymns/Hymnal/midi/e0020_i.mid
CS926	12314565321666545	12314565321666545	MATCH	ts/926	Hymn: 一道生命的水流	Y	
CS927	12333212344432	12333212344432	MATCH	ts/927	Hymn: 新耶路撒冷的構成	Y	https://www.hymnal.net/Hymns/ChineseTS/midi/tunes/ts0927_tune.midi https://www.hymnal.net/Hymns/NewSongs/midi/ns0018.mid
CS928	155111166	155111166	MATCH	ts/928	Hymn: 新耶路撒冷是神恩典的展示	Y	
E1	5553216153222	5553216153222	MATCH	h/1	Hymn: Glory be to God the Father	Y	https://www.hymnal.net/Hymns/Hymnal/midi/e0001_full.mid https://www.hymnal.net/Hymns/Hymnal/midi/e0001_i.mid https://www.hymnal.net/Hymns/Hymnal/midi/tunes/e0001_tune.midi
E10	33211765321	33211765321	MATCH	h/10	Hymn: O God, th’ eternal Father, Thou	Y	https://www.hymnal.net/Hymns/Hymnal/midi/e0010_full.mid https://www.hymnal.net/Hymns/Hymnal/midi/e0010_i.mid https://www.hymnal.net/Hymns/Hymnal/midi/tunes/e0010_tune.midi
E100	517125671	517125671	MATCH	h/100	Hymn: The Maker of the universe	Y	https://www.hymnal.net/Hymns/Hymnal/midi/e0061_i.mid https://www.hymnal.net/Hymns/Hymnal/midi/tunes/e0100_tune.midi
E1000	5653212221355	5653212221355	MATCH	h/1000	Hymn: Working will not save me	Y	https://www.hymnal.net/Hymns/Hymnal/midi/e1000_i.mid https://www.hymnal.net/Hymns/Hymnal/midi/tunes/e1000_tune.midi
E1001	1365332132	1365332132	MATCH	h/1001	Hymn: Free from the law—oh, happy condition	Y	https://www.hymnal.net/Hymns/Hymnal/midi/e1001_i.mid https://www.hymnal.net/Hymns/Hymnal/midi/tunes/e1001_tune.midi
E1002	1132166521712	1132166521712	MATCH	h/1002	Hymn: Nothing either great or small	Y	https://www.hymnal.net/Hymns/Hymnal/midi/e1002_i.mid https://www.hymnal.net/Hymns/Hymnal/midi/tunes/e1002_tune.midi
E1003	13332555	13332555	MATCH	h/1003	Hymn: Why should I worry, doubt and fear	Y	https://www.hymnal.net/Hymns/Hymnal/midi/e0021_i.mid https://www.hymnal.net/Hymns/Hymnal/midi/tunes/e1003_tune.midi
E1004	3212345333212	3212345333212	MATCH	h/1004	Hymn: Precious, precious blood of Jesus	Y	https://www.hymnal.net/Hymns/Hymnal/midi/e0612_i.mid https://www.hymnal.net/Hymns/Hymnal/midi/tunes/e1004_tune.midi
E1005	556536615	556536615	MATCH	h/1005	Hymn: Christ our Redeemer died on the cross	Y	https://www.hymnal.net/Hymns/Hymnal/midi/e1005_i.mid https://www.hymnal.net/Hymns/Hymnal/midi/tunes/e1005_tune.midi
E1006	135651165135565312	135651165135565312	MATCH	h/1006	Hymn: There is a fountain filled with blood	Y	https://www.hymnal.net/Hymns/Hymnal/midi/e1006_i.mid https://www.hymnal.net/Hymns/Hymnal/midi/tunes/e1006_tune.midi
E1007	35111535111	35111535111	MATCH	h/1007	Hymn: Have you been to Jesus for the cleansing pow’r	Y	https://www.hymnal.net/Hymns/Hymnal/midi/e1007_i.mid https://www.hymnal.net/Hymns/Hymnal/midi/tunes/e1007_tune.midi
E1008	111235311123321	111235311123321	MATCH	h/1008	Hymn: What can wash away my sin	Y	https://www.hymnal.net/Hymns/Hymnal/midi/e1008_i.mid https://www.hymnal.net/Hymns/Hymnal/midi/tunes/e1008_tune.midi
E1009	5555556665	5555556665	MATCH	h/1009	Hymn: Would you be free from your burden of sin	Y	https://www.hymnal.net/Hymns/Hymnal/midi/e1009_i.mid https://www.hymnal.net/Hymns/Hymnal/midi/tunes/e1009_tune.midi
E101	134213565	134213565	MATCH	h/101	Hymn: When we survey the wondrous cross	Y	https://www.hymnal.net/Hymns/Hymnal/midi/e0101_i.mid https://www.hymnal.net/Hymns/Hymnal/midi/tunes/e0101_tune.midi
E1010	13531611665532	13531611665532	MATCH	h/1010	Hymn: O now I see the cleansing wave	Y	https://www.hymnal.net/Hymns/Hymnal/midi/e1010_i.mid https://www.hymnal.net/Hymns/Hymnal/midi/tunes/e1010_tune.midi
E1011	555316536532	555316536532	MATCH	h/1011	Hymn: One there is above all others	Y	https://www.hymnal.net/Hymns/Hymnal/midi/e1011_i.mid https://www.hymnal.net/Hymns/Hymnal/midi/tunes/e1011_tune.midi
E1012	5333234321222217	5333234321222217	MATCH	h/1012	Hymn: There is no love like the love of Jesus	Y	https://www.hymnal.net/Hymns/Hymnal/midi/e1012_i.mid https://www.hymnal.net/Hymns/Hymnal/midi/tunes/e1012_tune.midi
E1013	33321117671651	33321117671651	MATCH	h/1013	Hymn: What can keep the wanderers from going	Y	https://www.hymnal.net/Hymns/Hymnal/midi/e1013_i.mid https://www.hymnal.net/Hymns/Hymnal/midi/tunes/e1013_tune.midi
E1014	1121765123	1121765123	MATCH	h/1014	Hymn: Verily, verily	Y	https://www.hymnal.net/Hymns/Hymnal/midi/e1014_i.mid https://www.hymnal.net/Hymns/Hymnal/midi/tunes/e1014_tune.midi
E1015	17654321566771	17654321566771	MATCH	h/1015	Hymn: O glory, glory, what a life	Y	https://www.hymnal.net/Hymns/Hymnal/midi/e1015_i.mid https://www.hymnal.net/Hymns/Hymnal/midi/tunes/e1015_tune.midi
E1016	33343451533332132	33343451533332132	MATCH	h/1016	Hymn: Under the burdens of guilt and care	Y	https://www.hymnal.net/Hymns/Hymnal/midi/e1016_i.mid https://www.hymnal.net/Hymns/Hymnal/midi/tunes/e1016_tune.midi
E1017	555554351233321	555554351233321	MATCH	h/1017	Hymn: Christ has put on human nature	Y	https://www.hymnal.net/Hymns/Hymnal/midi/e1017_i.mid https://www.hymnal.net/Hymns/Hymnal/midi/tunes/e1017_tune.midi
E1018	51233212123	51233212123	MATCH	h/1018	Hymn: The whole world was lost in the darkness of sin	Y	https://www.hymnal.net/Hymns/Hymnal/midi/e1018_i.mid https://www.hymnal.net/Hymns/Hymnal/midi/tunes/e1018_tune.midi
E1019	13333456545	13333456545	MATCH	h/1019	Hymn: A ruler once came to Jesus by night	Y	https://www.hymnal.net/Hymns/Hymnal/midi/e1019_i.mid https://www.hymnal.net/Hymns/Hymnal/midi/tunes/e1019_tune.midi
E102	517125671	517125671	MATCH	h/102	Hymn: We sing the praise of Him who died	Y	https://www.hymnal.net/Hymns/Hymnal/midi/e0061_i.mid https://www.hymnal.net/Hymns/Hymnal/midi/tunes/e0102_tune.midi
E1020	113353211135653	113353211135653	MATCH	h/1020	Hymn: Who can set us free from sin	Y	https://www.hymnal.net/Hymns/Hymnal/midi/e1020_i.mid https://www.hymnal.net/Hymns/Hymnal/midi/tunes/e1020_tune.midi
E1021	511132123211356	511132123211356	MATCH	h/1021	Hymn: All sinners are the slaves of sin	Y	https://www.hymnal.net/Hymns/Hymnal/midi/e1021_i.mid https://www.hymnal.net/Hymns/Hymnal/midi/tunes/e1021_tune.midi
E1022	1543154356176545	1543154356176545	MATCH	h/1022	Hymn: I’ve tried in vain a thousand ways	Y	https://www.hymnal.net/Hymns/Hymnal/midi/e0844_i.mid https://www.hymnal.net/Hymns/Hymnal/midi/tunes/e1022_tune.midi
E1023	1355653171432	1355653171432	MATCH	h/1023	Hymn: I need Thee, precious Jesus	Y	https://www.hymnal.net/Hymns/Hymnal/midi/e0915_i.mid https://www.hymnal.net/Hymns/Hymnal/midi/tunes/e1023_tune.midi
E1024	3221355565	3221355565	MATCH	h/1024	Hymn: Christ the Savior is just the One you need	Y	https://www.hymnal.net/Hymns/Hymnal/midi/e0353_i.mid https://www.hymnal.net/Hymns/Hymnal/midi/tunes/e1024_tune.midi
E1025	5451176554346523	5451176554346523	MATCH	h/1025	Hymn: Give up the world, Christ to obtain	Y	https://www.hymnal.net/Hymns/Hymnal/midi/e0922_i.mid https://www.hymnal.net/Hymns/Hymnal/midi/tunes/e1025_tune.midi
E1026	55331256455534562321	55331256455534562321	MATCH	h/1026	Hymn: Today the Savior calls	Y	https://www.hymnal.net/Hymns/Hymnal/midi/e1026_i.mid https://www.hymnal.net/Hymns/Hymnal/midi/tunes/e1026_tune.midi
E1027	321171216651113212	321171216651113212	MATCH	h/1027	Hymn: Softly and tenderly Jesus is calling	Y	https://www.hymnal.net/Hymns/Hymnal/midi/e1027_i.mid https://www.hymnal.net/Hymns/Hymnal/midi/tunes/e1027_tune.midi
E1028	555534567117676545	555534567117676545	MATCH	h/1028	Hymn: Jesus is tenderly calling thee home	Y	https://www.hymnal.net/Hymns/Hymnal/midi/e1028_i.mid https://www.hymnal.net/Hymns/Hymnal/midi/tunes/e1028_tune.midi
E1029	512333243	512333243	MATCH	h/1029	Hymn: Christ calling yet! shall I not hear	Y	https://www.hymnal.net/Hymns/Hymnal/midi/e1029_i.mid https://www.hymnal.net/Hymns/Hymnal/midi/tunes/e1029_tune.midi
E103	54333334565	54333334565	MATCH	h/103	Hymn: Behold! behold the Lamb of God	Y	https://www.hymnal.net/Hymns/Hymnal/midi/e0103_i.mid https://www.hymnal.net/Hymns/Hymnal/midi/tunes/e0103_tune.midi
E1030	13232353123342671	13232353123342671	MATCH	h/1030	Hymn: I hear my risen Savior say	Y	https://www.hymnal.net/Hymns/Hymnal/midi/e1030_i.mid https://www.hymnal.net/Hymns/Hymnal/midi/tunes/e1030_tune.midi
E1031	55651332155312	55651332155312	MATCH	h/1031	Hymn: Come, every soul by sin oppressed	Y	https://www.hymnal.net/Hymns/Hymnal/midi/e1031_i.mid https://www.hymnal.net/Hymns/Hymnal/midi/tunes/e1031_tune.midi
E1032	17653615332162171	17653615332162171	MATCH	h/1032	Hymn: Come, ye sinners, poor and wretched	Y	https://www.hymnal.net/Hymns/Hymnal/midi/e1032_i.mid https://www.hymnal.net/Hymns/Hymnal/midi/tunes/e1032_tune.midi
E1033	1111765553771215	1111765553771215	MATCH	h/1033	Hymn: Ye who are troubled and burdened by sin	Y	https://www.hymnal.net/Hymns/Hymnal/midi/e1033_i.mid https://www.hymnal.net/Hymns/Hymnal/midi/tunes/e1033_tune.midi
E1034	5653116165	5653116165	MATCH	h/1034	Hymn: Whosoever heareth! shout, shout the sound	Y	https://www.hymnal.net/Hymns/Hymnal/midi/e1034_i.mid https://www.hymnal.net/Hymns/Hymnal/midi/tunes/e1034_tune.midi
E1035	1233334332123	1233334332123	MATCH	h/1035	Hymn: There is life for a look at the Crucified One	Y	https://www.hymnal.net/Hymns/Hymnal/midi/e1035_i.mid https://www.hymnal.net/Hymns/Hymnal/midi/tunes/e1035_tune.midi
E1036	5332211712123	5332211712123	MATCH	h/1036	Hymn: Look to Jesus, weary one	Y	https://www.hymnal.net/Hymns/Hymnal/midi/e1036_i.mid https://www.hymnal.net/Hymns/Hymnal/midi/tunes/e1036_tune.midi
E1037	555345655171765	555345655171765	MATCH	h/1037	Hymn: Though your sins be as scarlet	Y	https://www.hymnal.net/Hymns/Hymnal/midi/e1037_i.mid https://www.hymnal.net/Hymns/Hymnal/midi/tunes/e1037_tune.midi
E1038	5555351235	5555351235	MATCH	h/1038	Hymn: If you are tired of the load of your sin	Y	https://www.hymnal.net/Hymns/Hymnal/midi/e1038_i.mid https://www.hymnal.net/Hymns/Hymnal/midi/tunes/e1038_tune.midi
E1039	3453165565	3453165565	MATCH	h/1039	Hymn: There’s a Stranger at the door	Y	https://www.hymnal.net/Hymns/Hymnal/midi/e1039_i.mid https://www.hymnal.net/Hymns/Hymnal/midi/tunes/e1039_tune.midi
E104	5165123213532132	5165123213532132	MATCH	h/104	Hymn: Alas! and did my Savior bleed	Y	https://www.hymnal.net/Hymns/Hymnal/midi/e0104_i.mid https://www.hymnal.net/Hymns/Hymnal/midi/tunes/e0104_tune.midi
E1040	3321432611223	3321432611223	MATCH	h/1040	Hymn: Hark, the Savior’s knocking, knocking	Y	https://www.hymnal.net/Hymns/Hymnal/midi/e1040_i.mid https://www.hymnal.net/Hymns/Hymnal/midi/tunes/e1040_tune.midi
E1041	333333433176654433	333333433176654433	MATCH	h/1041	Hymn: Jesus is standing in Pilate’s hall	Y	https://www.hymnal.net/Hymns/Hymnal/midi/e1041_i.mid https://www.hymnal.net/Hymns/Hymnal/midi/tunes/e1041_tune.midi
E1042	517276536542543	517276536542543	MATCH	h/1042	Hymn: While we pray and while we plead	Y	https://www.hymnal.net/Hymns/Hymnal/midi/e1042_i.mid https://www.hymnal.net/Hymns/Hymnal/midi/tunes/e1042_tune.midi
E1043	12333331355555	12333331355555	MATCH	h/1043	Hymn: Life at best is very brief	Y	https://www.hymnal.net/Hymns/Hymnal/midi/e1043_i.mid https://www.hymnal.net/Hymns/Hymnal/midi/tunes/e1043_tune.midi
E1044	51166554653322	51166554653322	MATCH	h/1044	Hymn: Are you ready God to meet	Y	https://www.hymnal.net/Hymns/Hymnal/midi/e1044_i.mid https://www.hymnal.net/Hymns/Hymnal/midi/tunes/e1044_tune.midi
E1045	12333323135554243	12333323135554243	MATCH	h/1045	Hymn: O do not let the Word depart	Y	https://www.hymnal.net/Hymns/Hymnal/midi/e1045_i.mid https://www.hymnal.net/Hymns/Hymnal/midi/tunes/e1045_tune.midi
E1046	344311223	344311223	MATCH	h/1046	Hymn: Almost persuaded	Y	https://www.hymnal.net/Hymns/Hymnal/midi/e1046_i.mid https://www.hymnal.net/Hymns/Hymnal/midi/tunes/e1046_tune.midi
E1047	53451217156165	53451217156165	MATCH	h/1047	Hymn: Eternity! Eternity	Y	https://www.hymnal.net/Hymns/Hymnal/midi/e1047_i.mid https://www.hymnal.net/Hymns/Hymnal/midi/tunes/e1047_tune.midi
E1048	12335432343	12335432343	MATCH	h/1048	Hymn: Just as I am	Y	https://www.hymnal.net/Hymns/Hymnal/midi/e1048_i.mid https://www.hymnal.net/Hymns/Hymnal/midi/tunes/e1048_tune.midi
E1049	56175123	56175123	MATCH	h/1049	Hymn: Drawn to the Cross which Thou hast blest	Y	https://www.hymnal.net/Hymns/Hymnal/midi/e0754_i.mid https://www.hymnal.net/Hymns/Hymnal/midi/tunes/e1049_tune.midi
E105	5123453132171	5123453132171	MATCH	h/105	Hymn: Himself He could not save	Y	https://www.hymnal.net/Hymns/Hymnal/midi/e0105_i.mid https://www.hymnal.net/Hymns/Hymnal/midi/tunes/e0105_tune.midi
E1050	54532176517122123	54532176517122123	MATCH	h/1050	Hymn: Out of my bondage, sorrow, and night	Y	https://www.hymnal.net/Hymns/Hymnal/midi/e1050_i.mid https://www.hymnal.net/Hymns/Hymnal/midi/tunes/e1050_tune.midi
E1051	1353211124653	1353211124653	MATCH	h/1051	Hymn: I hear Thy welcome voice	Y	https://www.hymnal.net/Hymns/Hymnal/midi/e1051_i.mid https://www.hymnal.net/Hymns/Hymnal/midi/tunes/e1051_tune.midi
E1052	53311616511332	53311616511332	MATCH	h/1052	Hymn: I’ve wandered far away from God	Y	https://www.hymnal.net/Hymns/Hymnal/midi/e1052_i.mid https://www.hymnal.net/Hymns/Hymnal/midi/tunes/e1052_tune.midi
E1053	12335432343	12335432343	MATCH	h/1053	Hymn: With broken heart and contrite sigh	Y	https://www.hymnal.net/Hymns/Hymnal/midi/e1048_i.mid https://www.hymnal.net/Hymns/Hymnal/midi/tunes/e1053_tune.midi
E1054	3217165122123	3217165122123	MATCH	h/1054	Hymn: Pass me not, O gentle Savior	Y	https://www.hymnal.net/Hymns/Hymnal/midi/e1054_i.mid https://www.hymnal.net/Hymns/Hymnal/midi/tunes/e1054_tune.midi
E1055	332156123456532	332156123456532	MATCH	h/1055	Hymn: I am sinful, I am helpless	Y	https://www.hymnal.net/Hymns/Hymnal/midi/e0267_i.mid https://www.hymnal.net/Hymns/Hymnal/midi/tunes/e1055_tune.midi
E1056	1333432135556523	1333432135556523	MATCH	h/1056	Hymn: Jesus, my Lord, to Thee I cry	Y	https://www.hymnal.net/Hymns/Hymnal/midi/e0791_i.mid https://www.hymnal.net/Hymns/Hymnal/midi/tunes/e1056_tune.midi
E1057	33312223354321	33312223354321	MATCH	h/1057	Hymn: Jesus, lover of my soul	Y	https://www.hymnal.net/Hymns/Hymnal/midi/e0412_i.mid https://www.hymnal.net/Hymns/Hymnal/midi/tunes/e1057_tune.midi
E1058	56531651232171	56531651232171	MATCH	h/1058	Hymn: Rock of Ages, cleft for me	Y	https://www.hymnal.net/Hymns/Hymnal/midi/e1058_i.mid https://www.hymnal.net/Hymns/Hymnal/midi/tunes/e1058_tune.midi
E1059	3432166511332	3432166511332	MATCH	h/1059	Hymn: Jesus, keep me near the cross	Y	https://www.hymnal.net/Hymns/Hymnal/midi/e1059_i.mid https://www.hymnal.net/Hymns/Hymnal/midi/tunes/e1059_tune.midi
E106	51332125244323	51332125244323	MATCH	h/106	Hymn: No blood, no altar now	Y	https://www.hymnal.net/Hymns/Hymnal/midi/e0106_i.mid https://www.hymnal.net/Hymns/Hymnal/midi/tunes/e0106_tune.midi
E1060	135551332171	135551332171	MATCH	h/1060	Hymn: Thou didst leave Thy throne and Thy kingly crown	Y	https://www.hymnal.net/Hymns/Hymnal/midi/e1060_i.mid https://www.hymnal.net/Hymns/Hymnal/midi/tunes/e1060_tune.midi
E1061	13333211724444323	13333211724444323	MATCH	h/1061	Hymn: Come into my heart, O Lord Jesus	Y	https://www.hymnal.net/Hymns/Hymnal/midi/e1061_i.mid https://www.hymnal.net/Hymns/Hymnal/midi/tunes/e1061_tune.midi
E1062	51312313456532	51312313456532	MATCH	h/1062	Hymn: I am coming to the cross	Y	https://www.hymnal.net/Hymns/Hymnal/midi/e1062_i.mid https://www.hymnal.net/Hymns/Hymnal/midi/tunes/e1062_tune.midi
E1063	3322155566244332611221	3322155566244332611221	MATCH	h/1063	Hymn: Jesus, I will trust Thee	Y	https://www.hymnal.net/Hymns/Hymnal/midi/e1063_i.mid https://www.hymnal.net/Hymns/Hymnal/midi/tunes/e1063_tune.midi
E1064	515513211162165	515513211162165	MATCH	h/1064	Hymn: I love to tell the story	Y	https://www.hymnal.net/Hymns/Hymnal/midi/e1064_i.mid https://www.hymnal.net/Hymns/Hymnal/midi/tunes/e1064_tune.midi
E1065	34565511233221	34565511233221	MATCH	h/1065	Hymn: O how great His salvation	Y	https://www.hymnal.net/Hymns/Hymnal/midi/e1065_i.mid https://www.hymnal.net/Hymns/Hymnal/midi/tunes/e1065_tune.midi
E1066	332117615	332117615	MATCH	h/1066	Hymn: Down at the cross	Y	https://www.hymnal.net/Hymns/Hymnal/midi/e1066_i.mid https://www.hymnal.net/Hymns/Hymnal/midi/tunes/e1066_tune.midi
E1067	333123334123	333123334123	MATCH	h/1067	Hymn: There was One who was willing to die	Y	https://www.hymnal.net/Hymns/Hymnal/midi/e1067_i.mid https://www.hymnal.net/Hymns/Hymnal/midi/tunes/e1067_tune.midi
E1068	5511217121231	5511217121231	MATCH	h/1068	Hymn: In tenderness He sought me	Y	https://www.hymnal.net/Hymns/Hymnal/midi/e1068_i.mid https://www.hymnal.net/Hymns/Hymnal/midi/tunes/e1068_tune.midi
E1069	3455517666	3455517666	MATCH	h/1069	Hymn: We’re feeding on the living Bread	Y	https://www.hymnal.net/Hymns/Hymnal/midi/e1069_i.mid https://www.hymnal.net/Hymns/Hymnal/midi/tunes/e1069_tune.midi
E107	534565117665	534565117665	MATCH	h/107	Hymn: Not all the blood of beasts	Y	https://www.hymnal.net/Hymns/Hymnal/midi/e0107_i.mid https://www.hymnal.net/Hymns/Hymnal/midi/tunes/e0107_tune.midi
E1070	5653565567127	5653565567127	MATCH	h/1070	Hymn: I was sinking deep in sin	Y	https://www.hymnal.net/Hymns/Hymnal/midi/e1070_i.mid https://www.hymnal.net/Hymns/Hymnal/midi/tunes/e1070_tune.midi
E1071	34563655176543	34563655176543	MATCH	h/1071	Hymn: Sinners Jesus will receive	n	https://www.hymnal.net/Hymns/Hymnal/midi/e1071_i.mid https://www.hymnal.net/Hymns/Hymnal/midi/tunes/e1071_tune.midi
E1072	5555554565323543	5555554565323543	MATCH	h/1072	Hymn: She only touched the hem of His garment (gospel)	Y	https://www.hymnal.net/Hymns/Hymnal/midi/e0016_i.mid https://www.hymnal.net/Hymns/Hymnal/midi/tunes/e1072_tune.midi
E1073	333135553222123335	333135553222123335	MATCH	h/1073	Hymn: Hark, here is a hidden myst’ry	Y	https://www.hymnal.net/Hymns/Hymnal/midi/e1073_i.mid https://www.hymnal.net/Hymns/Hymnal/midi/tunes/e1073_tune.midi
E1074	3213211615312	3213211615312	MATCH	h/1074	Hymn: O what a mystery, the Savior	n	https://www.hymnal.net/Hymns/Hymnal/midi/e1074_i.mid https://www.hymnal.net/Hymns/Hymnal/midi/tunes/e1074_tune.midi
E1075	33455655111345	33455655111345	MATCH	h/1075	Hymn: Tell me the old, old story	Y	https://www.hymnal.net/Hymns/Hymnal/midi/e1075_i.mid https://www.hymnal.net/Hymns/Hymnal/midi/tunes/e1075_tune.midi
E1076	135654532123462	135654532123462	MATCH	h/1076	Hymn: O teach me what it meaneth	Y	https://www.hymnal.net/Hymns/Hymnal/midi/e0508_i.mid https://www.hymnal.net/Hymns/Hymnal/midi/tunes/e1076_tune.midi
E1077	55111117711133112	55111117711133112	MATCH	h/1077	Hymn: There were ninety and nine that safely lay	Y	https://www.hymnal.net/Hymns/Hymnal/midi/e1077_i.mid https://www.hymnal.net/Hymns/Hymnal/midi/tunes/e1077_tune.midi
E1078	33212356354	33212356354	MATCH	h/1078	Hymn: One sat alone beside the highway begging	Y	https://www.hymnal.net/Hymns/Hymnal/midi/e1078_i.mid https://www.hymnal.net/Hymns/Hymnal/midi/tunes/e1078_tune.midi
E1079	5565351217	5565351217	MATCH	h/1079	Hymn: If I gained the world, but lost the Savior	Y	https://www.hymnal.net/Hymns/Hymnal/midi/e1079_i.mid https://www.hymnal.net/Hymns/Hymnal/midi/tunes/e1079_tune.midi
E108	55531176651765	55531176651765	MATCH	h/108	Hymn: Man of Sorrows, what a name	Y	https://www.hymnal.net/Hymns/Hymnal/midi/e0108_i.mid https://www.hymnal.net/Hymns/Hymnal/midi/tunes/e0108_tune.midi
E1080	12333323135554243	12333323135554243	MATCH	h/1080	Hymn: What profit all the labor here	Y	https://www.hymnal.net/Hymns/Hymnal/midi/e1045_i.mid https://www.hymnal.net/Hymns/Hymnal/midi/tunes/e1080_tune.midi
E1081	33333352366666665	33333352366666665	MATCH	h/1081	Hymn: Father God, Thou art the source of life	Y	https://www.hymnal.net/Hymns/Hymnal/midi/e0861_i.mid https://www.hymnal.net/Hymns/Hymnal/midi/e1081_full.mid https://www.hymnal.net/Hymns/Hymnal/midi/tunes/e1081_tune.midi
E1082	51123321271	51123321271	MATCH	h/1082	Hymn: The living of Christ when He sojourned on earth	Y	https://www.hymnal.net/Hymns/Hymnal/midi/e0278_i.mid https://www.hymnal.net/Hymns/Hymnal/midi/tunes/e1082_tune.midi
E1083	5555666656565	5555666656565	MATCH	h/1083	Hymn: O how nigh the Lord is unto all who call on Him	Y	https://www.hymnal.net/Hymns/Hymnal/midi/e1083_i.mid https://www.hymnal.net/Hymns/Hymnal/midi/tunes/e1083_tune.midi
E1084	51712165172321	51712165172321	MATCH	h/1084	Hymn: Thy name is as ointment poured forth	Y	https://www.hymnal.net/Hymns/Hymnal/midi/e1084_i.mid https://www.hymnal.net/Hymns/Hymnal/midi/tunes/e1084_tune.midi
E1085	333211443322	333211443322	MATCH	h/1085	Hymn: His Name is Wonderful	Y	https://www.hymnal.net/Hymns/Hymnal/midi/e1085_i.mid https://www.hymnal.net/Hymns/Hymnal/midi/tunes/e1085_tune.midi
E1086	51323213321165	51323213321165	MATCH	h/1086	Hymn: How we love the glorious name	Y	https://www.hymnal.net/Hymns/Hymnal/midi/e1086_i.mid https://www.hymnal.net/Hymns/Hymnal/midi/tunes/e1086_tune.midi
E1087	17654321566771	17654321566771	MATCH	h/1087	Hymn: Oh, hallelujah, what a death	Y	https://www.hymnal.net/Hymns/Hymnal/midi/e1015_i.mid https://www.hymnal.net/Hymns/Hymnal/midi/tunes/e1087_tune.midi
E1088	551513225551321	551513225551321	MATCH	h/1088	Hymn: God was born a human being	Y	https://www.hymnal.net/Hymns/Hymnal/midi/e0889_i.mid https://www.hymnal.net/Hymns/Hymnal/midi/tunes/e1088_tune.midi
E1089	56511712323164321	56511712323164321	MATCH	h/1089	Hymn: Lamb of God so pure and spotless	Y	https://www.hymnal.net/Hymns/Hymnal/midi/e0033_i.mid https://www.hymnal.net/Hymns/Hymnal/midi/tunes/e1089_tune.midi
E109	53347211765456553	53347211765456553	MATCH	h/109	Hymn: The veil is rent! Lo! Jesus stands	Y	https://www.hymnal.net/Hymns/Hymnal/midi/e0109_i.mid https://www.hymnal.net/Hymns/Hymnal/midi/tunes/e0109_tune.midi
E1090	33451721345622	33451721345622	MATCH	h/1090	Hymn: Dear Lord, how precious is Thy blood	Y	https://www.hymnal.net/Hymns/Hymnal/midi/e0745_i.mid https://www.hymnal.net/Hymns/Hymnal/midi/tunes/e1090_tune.midi
E1091	3311233345	3311233345	MATCH	h/1091	Hymn: We praise Thee, O Lord Jesus, Thou didst come	Y	https://www.hymnal.net/Hymns/Hymnal/midi/e0044_i.mid https://www.hymnal.net/Hymns/Hymnal/midi/tunes/e1091_tune.midi
E1092	3441231353121	3441231353121	MATCH	h/1092	Hymn: The saints throughout the centuries	Y	https://www.hymnal.net/Hymns/Hymnal/midi/e0875_i.mid https://www.hymnal.net/Hymns/Hymnal/midi/tunes/e1092_tune.midi
E1093	517125671	517125671	MATCH	h/1093	Hymn: Through countless ages, many men	n	https://www.hymnal.net/Hymns/Hymnal/midi/e0061_i.mid https://www.hymnal.net/Hymns/Hymnal/midi/tunes/e1093_tune.midi
E1094	333211121655113212	333211121655113212	MATCH	h/1094	Hymn: Lo, the nations all assemble	Y	https://www.hymnal.net/Hymns/Hymnal/midi/e0203_i.mid https://www.hymnal.net/Hymns/Hymnal/midi/tunes/e1094_tune.midi
E1095	5565117711432	5565117711432	MATCH	h/1095	Hymn: The Lord shall get the glory	Y	https://www.hymnal.net/Hymns/Hymnal/midi/e0380_i.mid https://www.hymnal.net/Hymns/Hymnal/midi/tunes/e1095_tune.midi
E1096	176121756771	176121756771	MATCH	h/1096	Hymn: Tis the local church proclaiming	Y	https://www.hymnal.net/Hymns/Hymnal/midi/e1096_i.mid https://www.hymnal.net/Hymns/Hymnal/midi/tunes/e1096_tune.midi
E1097	513331355553222123	513331355553222123	MATCH	h/1097	Hymn: O Lord, our Lord, how excellent	Y	https://www.hymnal.net/Hymns/Hymnal/midi/e0522_i.mid https://www.hymnal.net/Hymns/Hymnal/midi/e1097_full.mid https://www.hymnal.net/Hymns/Hymnal/midi/tunes/e1097_tune.midi
E1098	13556531714332	13556531714332	MATCH	h/1098	Hymn: Our hearts are overflowing	Y	https://www.hymnal.net/Hymns/Hymnal/midi/e0015_i.mid https://www.hymnal.net/Hymns/Hymnal/midi/tunes/e1098_tune.midi
E1099	13556531714332	13556531714332	MATCH	h/1099	Hymn: The queen in gold of Ophir	Y	https://www.hymnal.net/Hymns/Hymnal/midi/e0015_i.mid https://www.hymnal.net/Hymns/Hymnal/midi/tunes/e1099_tune.midi
E11	53451177123432	53451177123432	MATCH	h/11	Hymn: Thou, Father, who art Spirit true	Y	https://www.hymnal.net/Hymns/Hymnal/midi/e0011_full.mid https://www.hymnal.net/Hymns/Hymnal/midi/e0011_i.mid https://www.hymnal.net/Hymns/Hymnal/midi/tunes/e0011_tune.midi
E110	55331766653312	55331766653312	MATCH	h/110	Hymn: O solemn hour! O hour alone	Y	https://www.hymnal.net/Hymns/Hymnal/midi/e0110_i.mid https://www.hymnal.net/Hymns/Hymnal/midi/tunes/e0110_tune.midi
E1100	551513225551321	551513225551321	MATCH	h/1100	Hymn: God shall rise, His foes be scattered	Y	https://www.hymnal.net/Hymns/Hymnal/midi/e0889_i.mid https://www.hymnal.net/Hymns/Hymnal/midi/tunes/e1100_tune.midi
E1101	555554351233321	555554351233321	MATCH	h/1101	Hymn: Lo, the kingdom of the world is now	Y	https://www.hymnal.net/Hymns/Hymnal/midi/e1017_i.mid https://www.hymnal.net/Hymns/Hymnal/midi/tunes/e1101_tune.midi
E1102	135654532123462	135654532123462	MATCH	h/1102	Hymn: The Lord said unto my Lord	Y	https://www.hymnal.net/Hymns/Hymnal/midi/e0508_i.mid https://www.hymnal.net/Hymns/Hymnal/midi/tunes/e1102_tune.midi
E1103	165556135656535	165556135656535	MATCH	h/1103	Hymn: What He is: He’s the Father	Y	https://www.hymnal.net/Hymns/Hymnal/midi/e1103_i.mid https://www.hymnal.net/Hymns/Hymnal/midi/tunes/e1103_tune.midi
E1104	5543215511223	5543215511223	MATCH	h/1104	Hymn: Lord, Thou art our peace offering	Y	https://www.hymnal.net/Hymns/Hymnal/midi/e0239_i.mid https://www.hymnal.net/Hymns/Hymnal/midi/tunes/e1104_tune.midi
E1105	11113221122224332	11113221122224332	MATCH	h/1105	Hymn: Lo, the table spread before us	Y	https://www.hymnal.net/Hymns/Hymnal/midi/e0191_i.mid https://www.hymnal.net/Hymns/Hymnal/midi/tunes/e1105_tune.midi
E1106	556534543231	556534543231	MATCH	h/1106	Hymn: We gather together to eat the Lord’s supper	Y	https://www.hymnal.net/Hymns/Hymnal/midi/e1106_i.mid https://www.hymnal.net/Hymns/Hymnal/midi/tunes/e1106_tune.midi
E1107	55535556646	55535556646	MATCH	h/1107	Hymn: We’re gathered here, O Lord, as Thy one Body	Y	https://www.hymnal.net/Hymns/Hymnal/midi/e0017_i.mid https://www.hymnal.net/Hymns/Hymnal/midi/tunes/e1107_tune.midi
E1108	151234531234275123	151234531234275123	MATCH	h/1108	Hymn: Eat the bread, ye people of the Lord	Y	https://www.hymnal.net/Hymns/Hymnal/midi/e1108_full.mid https://www.hymnal.net/Hymns/Hymnal/midi/e1108_i.mid https://www.hymnal.net/Hymns/Hymnal/midi/tunes/e1108_tune.midi
E1109	111565512321	111565512321	MATCH	h/1109	Hymn: Take, drink this cup, His blood	Y	https://www.hymnal.net/Hymns/Hymnal/midi/e1109_i.mid https://www.hymnal.net/Hymns/Hymnal/midi/tunes/e1109_tune.midi
E111	333413543232	333413543232	MATCH	h/111	Hymn: Jesus, the sinner’s Friend	Y	https://www.hymnal.net/Hymns/Hymnal/midi/e0111_i.mid https://www.hymnal.net/Hymns/Hymnal/midi/tunes/e0111_tune.midi
E1110	55535556646	55535556646	MATCH	h/1110	Hymn: O Jesus Lord, when present at Thy table	Y	https://www.hymnal.net/Hymns/Hymnal/midi/e0017_i.mid https://www.hymnal.net/Hymns/Hymnal/midi/tunes/e1110_tune.midi
E1111	324332116165132	324332116165132	MATCH	h/1111	Hymn: Gathered at Thy table, Lord	Y	https://www.hymnal.net/Hymns/Hymnal/midi/e0223_i.mid https://www.hymnal.net/Hymns/Hymnal/midi/tunes/e1111_tune.midi
E1112	33333352366666665	33333352366666665	MATCH	h/1112	Hymn: Oh, how glorious is Thy table, Lord	Y	https://www.hymnal.net/Hymns/Hymnal/midi/e0861_i.mid https://www.hymnal.net/Hymns/Hymnal/midi/tunes/e1112_tune.midi
E1113	33336543432	33336543432	MATCH	h/1113	Hymn: Now the Triune God has come to dwell within	Y	https://www.hymnal.net/Hymns/Hymnal/midi/e0335_i.mid https://www.hymnal.net/Hymns/Hymnal/midi/e1113_full.mid https://www.hymnal.net/Hymns/Hymnal/midi/tunes/e1113_tune.midi
E1114	51123321271	51123321271	MATCH	h/1114	Hymn: The Spirit today is the air that we breathe	Y	https://www.hymnal.net/Hymns/Hymnal/midi/e0278_i.mid https://www.hymnal.net/Hymns/Hymnal/midi/tunes/e1114_tune.midi
E1115	33333331432	33333331432	MATCH	h/1115	Hymn: We have come, we have come to the house of God	Y	https://www.hymnal.net/Hymns/Hymnal/midi/e1115_i.mid https://www.hymnal.net/Hymns/Hymnal/midi/tunes/e1115_tune.midi
E1116	333211443322	333211443322	MATCH	h/1116	Hymn: Pure myrrh and cinnamon	Y	https://www.hymnal.net/Hymns/Hymnal/midi/e1085_i.mid https://www.hymnal.net/Hymns/Hymnal/midi/tunes/e1116_tune.midi
E1117	51111123333	51111123333	MATCH	h/1117	Hymn: We praise Thee, O God (as the Spirit)	Y	https://www.hymnal.net/Hymns/Hymnal/midi/e0040_i.mid https://www.hymnal.net/Hymns/Hymnal/midi/tunes/e1117_tune.midi
E1118	5111565556555	5111565556555	MATCH	h/1118	Hymn: Th’ anointing’s here! The Lord is moving now in us	Y	https://www.hymnal.net/Hymns/Hymnal/midi/e1118_i.mid https://www.hymnal.net/Hymns/Hymnal/midi/tunes/e1118_tune.midi
E1119	33355433235321	33355433235321	MATCH	h/1119	Hymn: In the Word of God I found it	Y	https://www.hymnal.net/Hymns/Hymnal/midi/e1119_i.mid https://www.hymnal.net/Hymns/Hymnal/midi/tunes/e1119_tune.midi
E112	55671512523	55671512523	MATCH	h/112	Hymn: How sweet is the story of Christ’s boundless love	Y	https://www.hymnal.net/Hymns/Hymnal/midi/e0039_i.mid https://www.hymnal.net/Hymns/Hymnal/midi/tunes/e0112_tune.midi
E1120	1323343445176655	1323343445176655	MATCH	h/1120	Hymn: The Holy Spirit is the seal	Y	https://www.hymnal.net/Hymns/Hymnal/midi/e0244_i.mid https://www.hymnal.net/Hymns/Hymnal/midi/tunes/e1120_tune.midi
E1121	54333235443256543	54333235443256543	MATCH	h/1121	Hymn: Praise the Lord, who firmly joined us	Y	https://www.hymnal.net/Hymns/Hymnal/midi/e0073_i.mid https://www.hymnal.net/Hymns/Hymnal/midi/tunes/e1121_tune.midi
E1122	55172133425231	55172133425231	MATCH	h/1122	Hymn: Seven Spirits of our God	Y	https://www.hymnal.net/Hymns/Hymnal/midi/e0262_i.mid https://www.hymnal.net/Hymns/Hymnal/midi/e1122_full.mid https://www.hymnal.net/Hymns/Hymnal/midi/tunes/e1122_tune.midi
E1123	333211121655113212	333211121655113212	MATCH	h/1123	Hymn: Of the Spirit, born of Spirit	Y	https://www.hymnal.net/Hymns/Hymnal/midi/e0203_i.mid https://www.hymnal.net/Hymns/Hymnal/midi/tunes/e1123_tune.midi
E1124	32143212176543	32143212176543	MATCH	h/1124	Hymn: What! Not sing of blood divine	Y	https://www.hymnal.net/Hymns/Hymnal/midi/e0548_i.mid https://www.hymnal.net/Hymns/Hymnal/midi/tunes/e1124_tune.midi
E1125	332117615	332117615	MATCH	h/1125	Hymn: Down at the cross where my Savior died	Y	https://www.hymnal.net/Hymns/Hymnal/midi/e1066_i.mid https://www.hymnal.net/Hymns/Hymnal/midi/tunes/e1125_tune.midi
E1126	55112177442543	55112177442543	MATCH	h/1126	Hymn: O Jesus Lord, we come to Thee	Y	https://www.hymnal.net/Hymns/Hymnal/midi/e0116_i.mid https://www.hymnal.net/Hymns/Hymnal/midi/tunes/e1126_tune.midi
E1127	55332461776545345	55332461776545345	MATCH	h/1127	Hymn: God has saved me from the world	Y	https://www.hymnal.net/Hymns/Hymnal/midi/e1127_i.mid https://www.hymnal.net/Hymns/Hymnal/midi/tunes/e1127_tune.midi
E1128	1233335321665	1233335321665	MATCH	h/1128	Hymn: We were held in bondage, toiling down	Y	https://www.hymnal.net/Hymns/Hymnal/midi/e0041_i.mid https://www.hymnal.net/Hymns/Hymnal/midi/tunes/e1128_tune.midi
E1129	561615113135	561615113135	MATCH	h/1129	Hymn: So great a salvation, ye saints of the Lord	Y	https://www.hymnal.net/Hymns/Hymnal/midi/e1129_i.mid https://www.hymnal.net/Hymns/Hymnal/midi/tunes/e1129_tune.midi
E113	3231323453	3231323453	MATCH	h/113	Hymn: How pleasant is the sound of praise	Y	https://www.hymnal.net/Hymns/Hymnal/midi/e0113_i.mid https://www.hymnal.net/Hymns/Hymnal/midi/tunes/e0113_tune.midi
E1130	13451765654323421	13451765654323421	MATCH	h/1130	Hymn: Sing praise to Christ Who lives in us	Y	https://www.hymnal.net/Hymns/Hymnal/midi/e1130_i.mid https://www.hymnal.net/Hymns/Hymnal/midi/tunes/e1130_tune.midi
E1131	111116666771271165	111116666771271165	MATCH	h/1131	Hymn: In a low dungeon, hope we had none	Y	https://www.hymnal.net/Hymns/Hymnal/midi/e1131_i.mid https://www.hymnal.net/Hymns/Hymnal/midi/tunes/e1131_tune.midi
E1132	11327113455565	11327113455565	MATCH	h/1132	Hymn: Lord, teach us how to pray	Y	https://www.hymnal.net/Hymns/Hymnal/midi/e1132_i.mid https://www.hymnal.net/Hymns/Hymnal/midi/tunes/e1132_tune.midi
E1133	51123321271	51123321271	MATCH	h/1133	Hymn: O Father of glory, now grant unto me	Y	https://www.hymnal.net/Hymns/Hymnal/midi/e0278_i.mid https://www.hymnal.net/Hymns/Hymnal/midi/tunes/e1133_tune.midi
E1134	13333211724444323	13333211724444323	MATCH	h/1134	Hymn: Oh, strengthen my spirit, Lord Jesus	Y	https://www.hymnal.net/Hymns/Hymnal/midi/e1061_i.mid https://www.hymnal.net/Hymns/Hymnal/midi/tunes/e1134_tune.midi
E1135	561333321444	561333321444	MATCH	h/1135	Hymn: Oh, sanctify us, Lord; now add Thyself to us	Y	https://www.hymnal.net/Hymns/Hymnal/midi/e0256_i.mid https://www.hymnal.net/Hymns/Hymnal/midi/tunes/e1135_tune.midi
E1136	565354432613543	565354432613543	MATCH	h/1136	Hymn: Oh, Lord, grant us revelation	Y	https://www.hymnal.net/Hymns/Hymnal/midi/e0589_i.mid https://www.hymnal.net/Hymns/Hymnal/midi/tunes/e1136_tune.midi
E1137	55433216665	55433216665	MATCH	h/1137	Hymn: His countenance angels can often behold	Y	https://www.hymnal.net/Hymns/Hymnal/midi/e0334_i.mid https://www.hymnal.net/Hymns/Hymnal/midi/tunes/e1137_tune.midi
E1138	321135223565321	321135223565321	MATCH	h/1138	Hymn: Lord, Thou art our consecration	Y	https://www.hymnal.net/Hymns/Hymnal/midi/e0215_i.mid https://www.hymnal.net/Hymns/Hymnal/midi/tunes/e1138_tune.midi
E1139	334321444254323	334321444254323	MATCH	h/1139	Hymn: I will get me to the mountain	Y	https://www.hymnal.net/Hymns/Hymnal/midi/e0007_i.mid https://www.hymnal.net/Hymns/Hymnal/midi/tunes/e1139_tune.midi
E114	121234321254332121	121234321254332121	MATCH	h/114	Hymn: Hail, Thou once despised Jesus	Y	https://www.hymnal.net/Hymns/Hymnal/midi/e0114_full.mid https://www.hymnal.net/Hymns/Hymnal/midi/e0114_i.mid https://www.hymnal.net/Hymns/Hymnal/midi/tunes/e0114_tune.midi
E1140	5117665453	5117665453	MATCH	h/1140	Hymn: Our old man has been crucified with Christ	Y	https://www.hymnal.net/Hymns/Hymnal/midi/e0154_i.mid https://www.hymnal.net/Hymns/Hymnal/midi/tunes/e1140_tune.midi
E1141	5133332321	5133332321	MATCH	h/1141	Hymn: We will sing to the Lord with our spirit	Y	https://www.hymnal.net/Hymns/Hymnal/midi/e1141_i.mid https://www.hymnal.net/Hymns/Hymnal/midi/tunes/e1141_tune.midi
E1142	5653121656532	5653121656532	MATCH	h/1142	Hymn: Jesus is the living Spirit	Y	https://www.hymnal.net/Hymns/Hymnal/midi/e0185_i.mid https://www.hymnal.net/Hymns/Hymnal/midi/tunes/e1142_tune.midi
E1143	513132165	513132165	MATCH	h/1143	Hymn: The tree of life, how sweet the fruit	Y	https://www.hymnal.net/Hymns/Hymnal/midi/e0313_i.mid https://www.hymnal.net/Hymns/Hymnal/midi/tunes/e1143_tune.midi
E1144	3332122216		NO_CODE	h/1144	Hymn: In the Word of old, we are clearly told	Y	https://www.hymnal.net/Hymns/Hymnal/midi/e1144_i.mid https://www.hymnal.net/Hymns/Hymnal/midi/tunes/e1144_tune.midi
E1145	1333432135556523	1333432135556523	MATCH	h/1145	Hymn: God gave His Son to man to be	Y	https://www.hymnal.net/Hymns/Hymnal/midi/e0791_i.mid https://www.hymnal.net/Hymns/Hymnal/midi/tunes/e1145_tune.midi
E1146	5555611122224333	5555611122224333	MATCH	h/1146	Hymn: Let us eat Jesus every day	Y	https://www.hymnal.net/Hymns/Hymnal/midi/e0382_i.mid https://www.hymnal.net/Hymns/Hymnal/midi/tunes/e1146_tune.midi
E1147	15132171145651432	15132171145651432	MATCH	h/1147	Hymn: Christ is our manna true	Y	https://www.hymnal.net/Hymns/Hymnal/midi/e0411_i.mid https://www.hymnal.net/Hymns/Hymnal/midi/tunes/e1147_tune.midi
E1148	51777775465	51777775465	MATCH	h/1148	Hymn: Come and dine	Y	https://www.hymnal.net/Hymns/Hymnal/midi/e1148_i.mid https://www.hymnal.net/Hymns/Hymnal/midi/tunes/e1148_tune.midi
E1149	565556553442465	565556553442465	MATCH	h/1149	Hymn: Of Him whence grace and truth did spring	Y	https://www.hymnal.net/Hymns/Hymnal/midi/e1149_i.mid https://www.hymnal.net/Hymns/Hymnal/midi/tunes/e1149_tune.midi
E115	33221711223	33221711223	MATCH	h/115	Hymn: Glory be to Jesus	Y	https://www.hymnal.net/Hymns/Hymnal/midi/e0115_i.mid https://www.hymnal.net/Hymns/Hymnal/midi/tunes/e0115_tune.midi
E1150	3455517666	3455517666	MATCH	h/1150	Hymn: We’re feeding on the living bread	Y	https://www.hymnal.net/Hymns/Hymnal/midi/e1069_i.mid https://www.hymnal.net/Hymns/Hymnal/midi/tunes/e1150_tune.midi
E1151	5556111233321	5556111233321	MATCH	h/1151	Hymn: Drink! A river pure and clear that’s flowing from the 	Y	https://www.hymnal.net/Hymns/Hymnal/midi/e1151_i.mid https://www.hymnal.net/Hymns/Hymnal/midi/tunes/e1151_tune.midi
E1152	53332117121615	53332117121615	MATCH	h/1152	Hymn: To Jesus every day we find our hearts are closer drawn	Y	https://www.hymnal.net/Hymns/Hymnal/midi/e1152_i.mid https://www.hymnal.net/Hymns/Hymnal/midi/tunes/e1152_tune.midi
E1153	5511311655556712	5511311655556712	MATCH	h/1153	Hymn: We have found the Christ who’s all in all	Y	https://www.hymnal.net/Hymns/Hymnal/midi/e1153_i.mid https://www.hymnal.net/Hymns/Hymnal/midi/tunes/e1153_tune.midi
E1154	5332114432	5332114432	MATCH	h/1154	Hymn: I love Thee, Jesus	Y	https://www.hymnal.net/Hymns/Hymnal/midi/e1154_i.mid https://www.hymnal.net/Hymns/Hymnal/midi/tunes/e1154_tune.midi
E1155	513161655171232	513161655171232	MATCH	h/1155	Hymn: How I love Thee, precious Jesus	Y	https://www.hymnal.net/Hymns/Hymnal/midi/e0268_i.mid https://www.hymnal.net/Hymns/Hymnal/midi/tunes/e1155_tune.midi
E1156	334321444254323	334321444254323	MATCH	h/1156	Hymn: To the Lord we’re as a garden	Y	https://www.hymnal.net/Hymns/Hymnal/midi/e0007_i.mid https://www.hymnal.net/Hymns/Hymnal/midi/tunes/e1156_tune.midi
E1157	5543451156611765	5543451156611765	MATCH	h/1157	Hymn: His banner over me is love	Y	https://www.hymnal.net/Hymns/Hymnal/midi/e1157_i.mid https://www.hymnal.net/Hymns/Hymnal/midi/tunes/e1157_tune.midi
E1158	565176535171765	565176535171765	MATCH	h/1158	Hymn: Dear Lord Jesus, precious Jesus	Y	https://www.hymnal.net/Hymns/Hymnal/midi/e1158_i.mid https://www.hymnal.net/Hymns/Hymnal/midi/tunes/e1158_tune.midi
E1159	3211112332	3211112332	MATCH	h/1159	Hymn: Jesus Lord, I’m captured by Thy beauty	Y	https://www.hymnal.net/Hymns/Hymnal/midi/e0713_i.mid https://www.hymnal.net/Hymns/Hymnal/midi/tunes/e1159_tune.midi
E116	55112177442543	55112177442543	MATCH	h/116	Hymn: How wonderful redemption is	Y	https://www.hymnal.net/Hymns/Hymnal/midi/e0116_full.mid https://www.hymnal.net/Hymns/Hymnal/midi/e0116_i.mid https://www.hymnal.net/Hymns/Hymnal/midi/tunes/e0116_tune.midi
E1160	556551177122123	556551177122123	MATCH	h/1160	Hymn: Jesus is our lovely Bridegroom	Y	https://www.hymnal.net/Hymns/Hymnal/midi/e0542_i.mid https://www.hymnal.net/Hymns/Hymnal/midi/tunes/e1160_tune.midi
E1161	513161655171232	513161655171232	MATCH	h/1161	Hymn: Christ will make His seeking lover	Y	https://www.hymnal.net/Hymns/Hymnal/midi/e0268_i.mid https://www.hymnal.net/Hymns/Hymnal/midi/tunes/e1161_tune.midi
E1162	332332353323322	332332353323322	MATCH	h/1162	Hymn: We’ve found the secret of living	Y	https://www.hymnal.net/Hymns/Hymnal/midi/e1162_i.mid https://www.hymnal.net/Hymns/Hymnal/midi/tunes/e1162_tune.midi
E1163	513172151353132	513172151353132	MATCH	h/1163	Hymn: He’s the vine and we’re the branches	Y	https://www.hymnal.net/Hymns/Hymnal/midi/e0013_i.mid https://www.hymnal.net/Hymns/Hymnal/midi/tunes/e1163_tune.midi
E1164	32143321511223	32143321511223	MATCH	h/1164	Hymn: Jesus, the all-inclusive land	Y	https://www.hymnal.net/Hymns/Hymnal/midi/e0530_i.mid https://www.hymnal.net/Hymns/Hymnal/midi/tunes/e1164_tune.midi
E1165	5111233332347211	5111233332347211	MATCH	h/1165	Hymn: We’re in the land, we’re in the land	Y	https://www.hymnal.net/Hymns/Hymnal/midi/e1165_i.mid https://www.hymnal.net/Hymns/Hymnal/midi/tunes/e1165_tune.midi
E1166	551513225551321	551513225551321	MATCH	h/1166	Hymn: God has set the land before us	Y	https://www.hymnal.net/Hymns/Hymnal/midi/e0889_i.mid https://www.hymnal.net/Hymns/Hymnal/midi/tunes/e1166_tune.midi
E1167	555653111216	555653111216	MATCH	h/1167	Hymn: Laboring on the good land, laboring in the morning	Y	https://www.hymnal.net/Hymns/Hymnal/midi/e1167_i.mid https://www.hymnal.net/Hymns/Hymnal/midi/tunes/e1167_tune.midi
E1168	3435234123	3435234123	MATCH	h/1168	Hymn: Laboring on Jesus, the good land so real	Y	https://www.hymnal.net/Hymns/Hymnal/midi/e0456_i.mid https://www.hymnal.net/Hymns/Hymnal/midi/tunes/e1168_tune.midi
E1169	533343212356712765	533343212356712765	MATCH	h/1169	Hymn: Our worship in reality	Y	https://www.hymnal.net/Hymns/Hymnal/midi/e0822_i.mid https://www.hymnal.net/Hymns/Hymnal/midi/tunes/e1169_tune.midi
E117	135146653451434321	135146653451434321	MATCH	h/117	Hymn: Christ the Lord is ris’n indeed	Y	https://www.hymnal.net/Hymns/Hymnal/midi/e0117_i.mid https://www.hymnal.net/Hymns/Hymnal/midi/tunes/e0117_tune.midi
E1170	51113216112222123	51113216112222123	MATCH	h/1170	Hymn: The Lord is my Shepherd forever	Y	https://www.hymnal.net/Hymns/Hymnal/midi/e1170_i.mid https://www.hymnal.net/Hymns/Hymnal/midi/tunes/e1170_tune.midi
E1171	55635442175615	55635442175615	MATCH	h/1171	Hymn: In the Testament of old	Y	https://www.hymnal.net/Hymns/Hymnal/midi/e1171_i.mid https://www.hymnal.net/Hymns/Hymnal/midi/tunes/e1171_tune.midi
E1172	34553455351763	34553455351763	MATCH	h/1172	Hymn: Lo, the conflict of the ages	Y	https://www.hymnal.net/Hymns/Hymnal/midi/e1172_i.mid https://www.hymnal.net/Hymns/Hymnal/midi/tunes/e1172_tune.midi
E1173	1765665527657655	1765665527657655	MATCH	h/1173	Hymn: Grant us the vision clear to see	n	https://www.hymnal.net/Hymns/Hymnal/midi/e0807_i.mid https://www.hymnal.net/Hymns/Hymnal/midi/tunes/e1173_tune.midi
E1174	1231345517653221	1231345517653221	MATCH	h/1174	Hymn: What a victory! What a triumph	Y	https://www.hymnal.net/Hymns/Hymnal/midi/e0140_i.mid https://www.hymnal.net/Hymns/Hymnal/midi/tunes/e1174_tune.midi
E1175	5555556665	5555556665	MATCH	h/1175	Hymn: Power, exceeding great pow’r is to us	Y	https://www.hymnal.net/Hymns/Hymnal/midi/e1009_i.mid https://www.hymnal.net/Hymns/Hymnal/midi/tunes/e1175_tune.midi
E1176	5534564321	5534564321	MATCH	h/1176	Hymn: Pow’r exceeding great God did demonstrate	Y	https://www.hymnal.net/Hymns/Hymnal/midi/e0273_i.mid https://www.hymnal.net/Hymns/Hymnal/midi/tunes/e1176_tune.midi
E1177	5566116355663		NO_CODE	h/1177	Hymn: Oh, Christ in all His glory put on humanity	Y	https://www.hymnal.net/Hymns/Hymnal/midi/e1177_i.mid https://www.hymnal.net/Hymns/Hymnal/midi/tunes/e1177_tune.midi
E1178	333333455	333333455	MATCH	h/1178	Hymn: We have seen Christ is reality	Y	https://www.hymnal.net/Hymns/Hymnal/midi/e1178_full.mid https://www.hymnal.net/Hymns/Hymnal/midi/e1178_i.mid https://www.hymnal.net/Hymns/Hymnal/midi/tunes/e1178_tune.midi
E1179	5117665453	5117665453	MATCH	h/1179	Hymn: My old man has been crucified with Him	Y	https://www.hymnal.net/Hymns/Hymnal/midi/e0154_i.mid https://www.hymnal.net/Hymns/Hymnal/midi/tunes/e1179_tune.midi
E118	111512316651432	111512316651432	MATCH	h/118	Hymn: Christ is risen! Hallelujah	Y	https://www.hymnal.net/Hymns/Hymnal/midi/e0118_i.mid https://www.hymnal.net/Hymns/Hymnal/midi/tunes/e0118_tune.midi
E1180	333333455	333333455	MATCH	h/1180	Hymn: My old person has been nullified	Y	https://www.hymnal.net/Hymns/Hymnal/midi/e1178_i.mid https://www.hymnal.net/Hymns/Hymnal/midi/tunes/e1180_tune.midi
E1181	546553543243321	546553543243321	MATCH	h/1181	Hymn: Lord, to know Thee as our Person	Y	https://www.hymnal.net/Hymns/Hymnal/midi/e0062_i.mid https://www.hymnal.net/Hymns/Hymnal/midi/tunes/e1181_tune.midi
E1182	55335522345675	55335522345675	MATCH	h/1182	Hymn: In spirit and reality	Y	https://www.hymnal.net/Hymns/Hymnal/midi/e0018_i.mid https://www.hymnal.net/Hymns/Hymnal/midi/tunes/e1182_tune.midi
E1183	12324327165432315	12324327165432315	MATCH	h/1183	Hymn: On the Lord’s day, John, in spirit	Y	https://www.hymnal.net/Hymns/Hymnal/midi/e0020_i.mid https://www.hymnal.net/Hymns/Hymnal/midi/tunes/e1183_tune.midi
E1184	1345671765	1345671765	MATCH	h/1184	Hymn: In Revelation chapter one	Y	https://www.hymnal.net/Hymns/Hymnal/midi/e0145_i.mid https://www.hymnal.net/Hymns/Hymnal/midi/tunes/e1184_tune.midi
E1185	556531165131532	556531165131532	MATCH	h/1185	Hymn: In the multitude he lay there	Y	https://www.hymnal.net/Hymns/Hymnal/midi/e0628_i.mid https://www.hymnal.net/Hymns/Hymnal/midi/tunes/e1185_tune.midi
E1186	513331355553222123	513331355553222123	MATCH	h/1186	Hymn: The scribes and Pharisees all thought	Y	https://www.hymnal.net/Hymns/Hymnal/midi/e0522_i.mid https://www.hymnal.net/Hymns/Hymnal/midi/tunes/e1186_tune.midi
E1187	131531765432	131531765432	MATCH	h/1187	Hymn: Your ministry, O Lord	Y	https://www.hymnal.net/Hymns/Hymnal/midi/e0080_i.mid https://www.hymnal.net/Hymns/Hymnal/midi/tunes/e1187_tune.midi
E1188	55651766642171	55651766642171	MATCH	h/1188	Hymn: Upon the throne of Jesus Christ	Y	https://www.hymnal.net/Hymns/Hymnal/midi/e0330_i.mid https://www.hymnal.net/Hymns/Hymnal/midi/tunes/e1188_tune.midi
E1189	33333331432	33333331432	MATCH	h/1189	Hymn: Son of Man, Son of Man on the throne today	Y	https://www.hymnal.net/Hymns/Hymnal/midi/e1115_i.mid https://www.hymnal.net/Hymns/Hymnal/midi/tunes/e1189_tune.midi
E119	555323151124323	555323151124323	MATCH	h/119	Hymn: Hallelujah, He is risen	Y	https://www.hymnal.net/Hymns/Hymnal/midi/e0119_i.mid https://www.hymnal.net/Hymns/Hymnal/midi/tunes/e0119_tune.midi
E1190	561333321444	561333321444	MATCH	h/1190	Hymn: O Lord, You’ve called to us, and Canaan we would win	Y	https://www.hymnal.net/Hymns/Hymnal/midi/e0256_i.mid https://www.hymnal.net/Hymns/Hymnal/midi/tunes/e1190_tune.midi
E1191	345465556576	345465556576	MATCH	h/1191	Hymn: From my spirit within flows a fountain of life	Y	https://www.hymnal.net/Hymns/Hymnal/midi/e0618_i.mid https://www.hymnal.net/Hymns/Hymnal/midi/e1191_full.mid https://www.hymnal.net/Hymns/Hymnal/midi/tunes/e1191_tune.midi
E1192	117544353542132	117544353542132	MATCH	h/1192	Hymn: Chapter one of Genesis	Y	https://www.hymnal.net/Hymns/Hymnal/midi/e0135_i.mid https://www.hymnal.net/Hymns/Hymnal/midi/tunes/e1192_tune.midi
E1193	33345556321	33345556321	MATCH	h/1193	Hymn: Life is God the Father in Christ Jesus	Y	https://www.hymnal.net/Hymns/Hymnal/midi/e1193_i.mid https://www.hymnal.net/Hymns/Hymnal/midi/tunes/e1193_tune.midi
E1194	5533321135535	5533321135535	MATCH	h/1194	Hymn: There are two lines to live by in our living today	Y	https://www.hymnal.net/Hymns/Hymnal/midi/e1194_i.mid https://www.hymnal.net/Hymns/Hymnal/midi/tunes/e1194_tune.midi
E1195	1234321171	1234321171	MATCH	h/1195	Hymn: Life is mysterious, life is God Himself	Y	https://www.hymnal.net/Hymns/Hymnal/midi/e0454_i.mid https://www.hymnal.net/Hymns/Hymnal/midi/tunes/e1195_tune.midi
E1196	1234441233	1234441233	MATCH	h/1196	Hymn: Our God is living—say, Hallelujah	Y	https://www.hymnal.net/Hymns/Hymnal/midi/e1196_i.mid https://www.hymnal.net/Hymns/Hymnal/midi/tunes/e1196_tune.midi
E1197	5435135432572	5435135432572	MATCH	h/1197	Hymn: God is light, and in Him there is no darkness at all	Y	https://www.hymnal.net/Hymns/Hymnal/midi/e1197_i.mid https://www.hymnal.net/Hymns/Hymnal/midi/tunes/e1197_tune.midi
E1198	1115671765	1115671765	MATCH	h/1198	Hymn: A mighty flowing-out is God	Y	https://www.hymnal.net/Hymns/Hymnal/midi/e0886_i.mid https://www.hymnal.net/Hymns/Hymnal/midi/tunes/e1198_tune.midi
E1199	555554351233321	555554351233321	MATCH	h/1199	Hymn: God’s intention in this universe is with humanity	Y	https://www.hymnal.net/Hymns/Hymnal/midi/e1017_i.mid https://www.hymnal.net/Hymns/Hymnal/midi/tunes/e1199_tune.midi
E12	1321231761531322	1321231761531322	MATCH	h/12	Hymn: O God, Thou art the source of life	Y	https://www.hymnal.net/Hymns/Hymnal/midi/e0012_full.mid https://www.hymnal.net/Hymns/Hymnal/midi/e0012_i.mid https://www.hymnal.net/Hymns/Hymnal/midi/tunes/e0012_tune.midi
E120	5153455671	5153455671	MATCH	h/120	Hymn: The Lord is ris’n; and death’s dark judgment flood	Y	https://www.hymnal.net/Hymns/Hymnal/midi/e0120_full.mid https://www.hymnal.net/Hymns/Hymnal/midi/e0120_i.mid https://www.hymnal.net/Hymns/Hymnal/midi/tunes/e0120_tune.midi
E1200	55111512333432321	55111512333432321	MATCH	h/1200	Hymn: There’s a stormy wind a-blowing from the north	Y	https://www.hymnal.net/Hymns/Hymnal/midi/e1200_i.mid https://www.hymnal.net/Hymns/Hymnal/midi/tunes/e1200_tune.midi
E1201	123124313346532	123124313346532	MATCH	h/1201	Hymn: From the north where God is dwelling	Y	https://www.hymnal.net/Hymns/Hymnal/midi/e0325_i.mid https://www.hymnal.net/Hymns/Hymnal/midi/tunes/e1201_tune.midi
E1202	3231123453	3231123453	MATCH	h/1202	Hymn: God in His justifying has a plan	Y	https://www.hymnal.net/Hymns/Hymnal/midi/e0431_i.mid https://www.hymnal.net/Hymns/Hymnal/midi/tunes/e1202_tune.midi
E1203	12324327165432315	12324327165432315	MATCH	h/1203	Hymn: God is righteous in His doings	Y	https://www.hymnal.net/Hymns/Hymnal/midi/e0020_i.mid https://www.hymnal.net/Hymns/Hymnal/midi/tunes/e1203_tune.midi
E1204	5171234512172321	5171234512172321	MATCH	h/1204	Hymn: The cross—we all were there	Y	https://www.hymnal.net/Hymns/Hymnal/midi/e0620_i.mid https://www.hymnal.net/Hymns/Hymnal/midi/tunes/e1204_tune.midi
E1205	55554433333534	55554433333534	MATCH	h/1205	Hymn: Press on, press on toward the goal	Y	https://www.hymnal.net/Hymns/Hymnal/midi/e1205_i.mid https://www.hymnal.net/Hymns/Hymnal/midi/tunes/e1205_tune.midi
E1206	55111176554221111721	55111176554221111721	MATCH	h/1206	Hymn: There’s a race for us to run—Hallelujah	Y	https://www.hymnal.net/Hymns/Hymnal/midi/e1206_i.mid https://www.hymnal.net/Hymns/Hymnal/midi/tunes/e1206_tune.midi
E1207	55111512333432321	55111512333432321	MATCH	h/1207	Hymn: There’s a way before us and a race to run	Y	https://www.hymnal.net/Hymns/Hymnal/midi/e1200_i.mid https://www.hymnal.net/Hymns/Hymnal/midi/tunes/e1207_tune.midi
E1208	555434565777654365	555434565777654365	MATCH	h/1208	Hymn: Years I spent in sorrow ’round the cross	Y	https://www.hymnal.net/Hymns/Hymnal/midi/e0342_i.mid https://www.hymnal.net/Hymns/Hymnal/midi/tunes/e1208_tune.midi
E1209	111565512321	111565512321	MATCH	h/1209	Hymn: Praise God for tidings glad	Y	https://www.hymnal.net/Hymns/Hymnal/midi/e1109_i.mid https://www.hymnal.net/Hymns/Hymnal/midi/tunes/e1209_tune.midi
E121	534512345432	534512345432	MATCH	h/121	Hymn: Thine be the glory, risen, conqu’ring Son	Y	https://www.hymnal.net/Hymns/Hymnal/midi/e0121_i.mid https://www.hymnal.net/Hymns/Hymnal/midi/tunes/e0121_tune.midi
E1210	3211112332	3211112332	MATCH	h/1210	Hymn: Through God’s word, my hope at His returning	Y	https://www.hymnal.net/Hymns/Hymnal/midi/e0713_i.mid https://www.hymnal.net/Hymns/Hymnal/midi/tunes/e1210_tune.midi
E1211	33333331432	33333331432	MATCH	h/1211	Hymn: Given us, given us, God has given us	Y	https://www.hymnal.net/Hymns/Hymnal/midi/e1115_i.mid https://www.hymnal.net/Hymns/Hymnal/midi/tunes/e1211_tune.midi
E1212	51113212311356	51113212311356	MATCH	h/1212	Hymn: The Lord of all has shown His plan	Y	https://www.hymnal.net/Hymns/Hymnal/midi/e1212_i.mid https://www.hymnal.net/Hymns/Hymnal/midi/tunes/e1212_tune.midi
E1213	3343512345553132	3343512345553132	MATCH	h/1213	Hymn: If from your nat’ral man you would be free	Y	https://www.hymnal.net/Hymns/Hymnal/midi/e1213_i.mid https://www.hymnal.net/Hymns/Hymnal/midi/tunes/e1213_tune.midi
E1214	345565123	345565123	MATCH	h/1214	Hymn: Dig away, dig away, dig away	Y	https://www.hymnal.net/Hymns/Hymnal/midi/e1214_i.mid https://www.hymnal.net/Hymns/Hymnal/midi/tunes/e1214_tune.midi
E1215	5555556665	5555556665	MATCH	h/1215	Hymn: God has not giv’n us a spirit of fear	n	https://www.hymnal.net/Hymns/Hymnal/midi/e1009_i.mid https://www.hymnal.net/Hymns/Hymnal/midi/tunes/e1215_tune.midi
E1216	332321443432	332321443432	MATCH	h/1216	Hymn: We have an inner life; that’s for our daily life	Y	https://www.hymnal.net/Hymns/Hymnal/midi/e1216_i.mid https://www.hymnal.net/Hymns/Hymnal/midi/tunes/e1216_tune.midi
E1217	334321222344323	334321222344323	MATCH	h/1217	Hymn: Lord, we’ve heard the call, Come forward	Y	https://www.hymnal.net/Hymns/Hymnal/midi/e0559_i.mid https://www.hymnal.net/Hymns/Hymnal/midi/tunes/e1217_tune.midi
E1218	3343512345553132	3343512345553132	MATCH	h/1218	Hymn: If from the world you’re longing to be free	Y	https://www.hymnal.net/Hymns/Hymnal/midi/e1213_i.mid https://www.hymnal.net/Hymns/Hymnal/midi/tunes/e1218_tune.midi
E1219	345671123343	345671123343	MATCH	h/1219	Hymn: What a wonderful change in my living is wrought	Y	https://www.hymnal.net/Hymns/Hymnal/midi/e0309_i.mid https://www.hymnal.net/Hymns/Hymnal/midi/tunes/e1219_tune.midi
E122	1111725565	1111725565	MATCH	h/122	Hymn: Thou, Lord, to death’s domain	Y	https://www.hymnal.net/Hymns/Hymnal/midi/e0122_i.mid https://www.hymnal.net/Hymns/Hymnal/midi/tunes/e0122_tune.midi
E1220	511123166653	511123166653	MATCH	h/1220	Hymn: Remove the veils, Lord, from my heart	Y	https://www.hymnal.net/Hymns/Hymnal/midi/e0066_i.mid https://www.hymnal.net/Hymns/Hymnal/midi/tunes/e1220_tune.midi
E1221	555567157777121	555567157777121	MATCH	h/1221	Hymn: Jesus, our wonderful Shepherd	Y	https://www.hymnal.net/Hymns/Hymnal/midi/e0260_i.mid https://www.hymnal.net/Hymns/Hymnal/midi/tunes/e1221_tune.midi
E1222	671233343463	671233343463	MATCH	h/1222	Hymn: Sing aloud your praises to the Lord of all	Y	https://www.hymnal.net/Hymns/Hymnal/midi/e1222_i.mid https://www.hymnal.net/Hymns/Hymnal/midi/tunes/e1222_tune.midi
E1223	566617665	566617665	MATCH	h/1223	Hymn: O walk about, walk about Zion	Y	https://www.hymnal.net/Hymns/Hymnal/midi/e1223_i.mid https://www.hymnal.net/Hymns/Hymnal/midi/tunes/e1223_tune.midi
E1224	1333432135556523	1333432135556523	MATCH	h/1224	Hymn: We from the law to Christ have turned	Y	https://www.hymnal.net/Hymns/Hymnal/midi/e0791_i.mid https://www.hymnal.net/Hymns/Hymnal/midi/tunes/e1224_tune.midi
E1225	513333444452343	513333444452343	MATCH	h/1225	Hymn: Lord, to know Thee as the Body	Y	https://www.hymnal.net/Hymns/Hymnal/midi/e0552_i.mid https://www.hymnal.net/Hymns/Hymnal/midi/tunes/e1225_tune.midi
E1226	123333321121165	123333321121165	MATCH	h/1226	Hymn: Oh, the church of Christ is glorious	Y	https://www.hymnal.net/Hymns/Hymnal/midi/e1226_i.mid https://www.hymnal.net/Hymns/Hymnal/midi/tunes/e1226_tune.midi
E1227	5176354472174655	5176354472174655	MATCH	h/1227	Hymn: Our Lord, that One of peerless worth	Y	https://www.hymnal.net/Hymns/Hymnal/midi/e0067_i.mid https://www.hymnal.net/Hymns/Hymnal/midi/tunes/e1227_tune.midi
E1228	55671177121223	55671177121223	MATCH	h/1228	Hymn: The Bible is the Word of God	Y	https://www.hymnal.net/Hymns/Hymnal/midi/e1228_i.mid https://www.hymnal.net/Hymns/Hymnal/midi/tunes/e1228_tune.midi
E1229	3334332116543	3334332116543	MATCH	h/1229	Hymn: The church is Christ’s deep longing	Y	https://www.hymnal.net/Hymns/Hymnal/midi/e0824_i.mid https://www.hymnal.net/Hymns/Hymnal/midi/tunes/e1229_tune.midi
E123	55665554665	55665554665	MATCH	h/123	Hymn: Low in the grave He lay	Y	https://www.hymnal.net/Hymns/Hymnal/midi/e0123_i.mid https://www.hymnal.net/Hymns/Hymnal/midi/tunes/e0123_tune.midi
E1230	15123432234321171	15123432234321171	MATCH	h/1230	Hymn: One new man is the Father’s plan	Y	https://www.hymnal.net/Hymns/Hymnal/midi/e1230_i.mid https://www.hymnal.net/Hymns/Hymnal/midi/tunes/e1230_tune.midi
E1231	17654321566771	17654321566771	MATCH	h/1231	Hymn: O praise the Lord, God has a plan	Y	https://www.hymnal.net/Hymns/Hymnal/midi/e1015_i.mid https://www.hymnal.net/Hymns/Hymnal/midi/tunes/e1231_tune.midi
E1232	11311216511123212	11311216511123212	MATCH	h/1232	Hymn: Once by nature we were dead in sin	Y	https://www.hymnal.net/Hymns/Hymnal/midi/e1232_i.mid https://www.hymnal.net/Hymns/Hymnal/midi/tunes/e1232_tune.midi
E1233	55123176444	55123176444	MATCH	h/1233	Hymn: O home in the church	Y	https://www.hymnal.net/Hymns/Hymnal/midi/e1233_i.mid https://www.hymnal.net/Hymns/Hymnal/midi/tunes/e1233_tune.midi
E1234	551123334322	551123334322	MATCH	h/1234	Hymn: I thirsted in the barren land of Babylon	Y	https://www.hymnal.net/Hymns/Hymnal/midi/e1234_i.mid https://www.hymnal.net/Hymns/Hymnal/midi/tunes/e1234_tune.midi
E1235	55554433333534	55554433333534	MATCH	h/1235	Hymn: Oh, listen to the wanderer	Y	https://www.hymnal.net/Hymns/Hymnal/midi/e1205_i.mid https://www.hymnal.net/Hymns/Hymnal/midi/tunes/e1235_tune.midi
E1236	12165653565435	12165653565435	MATCH	h/1236	Hymn: In the church the sound of life upon our ear is fallin	Y	https://www.hymnal.net/Hymns/Hymnal/midi/e0324_i.mid https://www.hymnal.net/Hymns/Hymnal/midi/tunes/e1236_tune.midi
E1237	551111155566666	551111155566666	MATCH	h/1237	Hymn: Splendid church life! His green garden!	Y	https://www.hymnal.net/Hymns/Hymnal/midi/e1237_i.mid https://www.hymnal.net/Hymns/Hymnal/midi/tunes/e1237_tune.midi
E1238	34563655176543	34563655176543	MATCH	h/1238	Hymn: Never did I dream before	Y	https://www.hymnal.net/Hymns/Hymnal/midi/e1071_i.mid https://www.hymnal.net/Hymns/Hymnal/midi/tunes/e1238_tune.midi
E1239	117544353542132	117544353542132	MATCH	h/1239	Hymn: In this age we’re being turned	Y	https://www.hymnal.net/Hymns/Hymnal/midi/e0135_i.mid https://www.hymnal.net/Hymns/Hymnal/midi/tunes/e1239_tune.midi
E124	531532156651543	531532156651543	MATCH	h/124	Hymn: Praise Him! praise Him! Christ is Victor	Y	https://www.hymnal.net/Hymns/Hymnal/midi/e0009_i.mid https://www.hymnal.net/Hymns/Hymnal/midi/e0124_full.mid https://www.hymnal.net/Hymns/Hymnal/midi/tunes/e0124_tune.midi
E1240	531533321651712	531533321651712	MATCH	h/1240	Hymn: Deeper, deeper, in the cross of Jesus	Y	https://www.hymnal.net/Hymns/Hymnal/midi/e1240_i.mid https://www.hymnal.net/Hymns/Hymnal/midi/tunes/e1240_tune.midi
E1241	51122321566165	51122321566165	MATCH	h/1241	Hymn: God’s life and building can be seen	Y	https://www.hymnal.net/Hymns/Hymnal/midi/e0177_i.mid https://www.hymnal.net/Hymns/Hymnal/midi/tunes/e1241_tune.midi
E1242	53332117121615	53332117121615	MATCH	h/1242	Hymn: The Lord, the seed of life, has sown	Y	https://www.hymnal.net/Hymns/Hymnal/midi/e1152_i.mid https://www.hymnal.net/Hymns/Hymnal/midi/tunes/e1242_tune.midi
E1243	3566561356656	3566561356656	MATCH	h/1243	Hymn: We are one in the spirit, by His life we are one	Y	https://www.hymnal.net/Hymns/Hymnal/midi/e1243_i.mid https://www.hymnal.net/Hymns/Hymnal/midi/tunes/e1243_tune.midi
E1244	111565512321	111565512321	MATCH	h/1244	Hymn: Behold how good a thing	Y	https://www.hymnal.net/Hymns/Hymnal/midi/e1109_i.mid https://www.hymnal.net/Hymns/Hymnal/midi/tunes/e1244_tune.midi
E1245	5671112366	5671112366	MATCH	h/1245	Hymn: When the brothers are in order	Y	https://www.hymnal.net/Hymns/Hymnal/midi/e0703_i.mid https://www.hymnal.net/Hymns/Hymnal/midi/tunes/e1245_tune.midi
E1246	5345116716534512	5345116716534512	MATCH	h/1246	Hymn: We give ourselves to follow the churches	Y	https://www.hymnal.net/Hymns/Hymnal/midi/e1246_i.mid https://www.hymnal.net/Hymns/Hymnal/midi/tunes/e1246_tune.midi
E1247	513161655171232	513161655171232	MATCH	h/1247	Hymn: If our hearts would be established	Y	https://www.hymnal.net/Hymns/Hymnal/midi/e0268_i.mid https://www.hymnal.net/Hymns/Hymnal/midi/tunes/e1247_tune.midi
E1248	53234532171432	53234532171432	MATCH	h/1248	Hymn: Recall how David swore	Y	https://www.hymnal.net/Hymns/Hymnal/midi/e1248_i.mid https://www.hymnal.net/Hymns/Hymnal/midi/tunes/e1248_tune.midi
E1249	553343221765651	553343221765651	MATCH	h/1249	Hymn: How oft believers through the years	Y	https://www.hymnal.net/Hymns/Hymnal/midi/e0288_i.mid https://www.hymnal.net/Hymns/Hymnal/midi/tunes/e1249_tune.midi
E125	55653232176165453	55653232176165453	MATCH	h/125	Hymn: Hallelujah! sing to Jesus	Y	https://www.hymnal.net/Hymns/Hymnal/midi/e0005_i.mid https://www.hymnal.net/Hymns/Hymnal/midi/tunes/e0125_tune.midi
E1250	513331355553222123	513331355553222123	MATCH	h/1250	Hymn: O surely I will not come in	Y	https://www.hymnal.net/Hymns/Hymnal/midi/e0522_i.mid https://www.hymnal.net/Hymns/Hymnal/midi/tunes/e1250_tune.midi
E1251	34555553211765	34555553211765	MATCH	h/1251	Hymn: To Jerusalem we’ve come	Y	https://www.hymnal.net/Hymns/Hymnal/midi/e0551_i.mid https://www.hymnal.net/Hymns/Hymnal/midi/tunes/e1251_tune.midi
E1252	3332122216		NO_CODE	h/1252	Hymn: Down in Babylon, in captivity	Y	https://www.hymnal.net/Hymns/Hymnal/midi/e1144_i.mid https://www.hymnal.net/Hymns/Hymnal/midi/tunes/e1252_tune.midi
E1253	333211121655113212	333211121655113212	MATCH	h/1253	Hymn: Lord, Thy word of old to David	Y	https://www.hymnal.net/Hymns/Hymnal/midi/e0203_i.mid https://www.hymnal.net/Hymns/Hymnal/midi/tunes/e1253_tune.midi
E1254	5566116355663	5566116355663	MATCH	h/1254	Hymn: This is the time for building the temple of the Lord	Y	https://www.hymnal.net/Hymns/Hymnal/midi/e0503_i.mid https://www.hymnal.net/Hymns/Hymnal/midi/tunes/e1254_tune.midi
E1255	1515123144123	1515123144123	MATCH	h/1255	Hymn: We are for the Lord’s recovery	Y	https://www.hymnal.net/Hymns/Hymnal/midi/e1255_i.mid https://www.hymnal.net/Hymns/Hymnal/midi/tunes/e1255_tune.midi
E1256	35543234456112165	35543234456112165	MATCH	h/1256	Hymn: Praise the Lord, we’re in the Lord’s recovery	Y	https://www.hymnal.net/Hymns/Hymnal/midi/e1256_i.mid https://www.hymnal.net/Hymns/Hymnal/midi/tunes/e1256_tune.midi
E1257	556712156712165	556712156712165	MATCH	h/1257	Hymn: Do you see them in the cities	Y	https://www.hymnal.net/Hymns/Hymnal/midi/e1257_i.mid https://www.hymnal.net/Hymns/Hymnal/midi/tunes/e1257_tune.midi
E1258	121234321254332121	121234321254332121	MATCH	h/1258	Hymn: Oh, how lovable, how precious	Y	https://www.hymnal.net/Hymns/Hymnal/midi/e0114_i.mid https://www.hymnal.net/Hymns/Hymnal/midi/e1258_full.mid https://www.hymnal.net/Hymns/Hymnal/midi/tunes/e1258_tune.midi
E1259	555556522123	555556522123	MATCH	h/1259	Hymn: See the local churches	Y	https://www.hymnal.net/Hymns/Hymnal/midi/e0871_i.mid https://www.hymnal.net/Hymns/Hymnal/midi/tunes/e1259_tune.midi
E126	3435123216531232	3435123216531232	MATCH	h/126	Hymn: To Thee, dear Lord, O Christ of God	Y	https://www.hymnal.net/Hymns/Hymnal/midi/e0126_i.mid https://www.hymnal.net/Hymns/Hymnal/midi/tunes/e0126_tune.midi
E1260	1356611251	1356361251	DIFF	h/1260	Hymn: We’re in the local church	Y	https://www.hymnal.net/Hymns/Hymnal/midi/e1260_i.mid https://www.hymnal.net/Hymns/Hymnal/midi/tunes/e1260_tune.midi
E1261	5534564321	5534564321	MATCH	h/1261	Hymn: In Chicago* land we must take our stand	Y	https://www.hymnal.net/Hymns/Hymnal/midi/e0273_i.mid https://www.hymnal.net/Hymns/Hymnal/midi/tunes/e1261_tune.midi
E1262	55112177442543	55112177442543	MATCH	h/1262	Hymn: It’s by our mingled spirit, Lord	Y	https://www.hymnal.net/Hymns/Hymnal/midi/e0116_i.mid https://www.hymnal.net/Hymns/Hymnal/midi/tunes/e1262_tune.midi
E1263	12324327165432315	12324327165432315	MATCH	h/1263	Hymn: There’s a church in New York City*	Y	https://www.hymnal.net/Hymns/Hymnal/midi/e0020_i.mid https://www.hymnal.net/Hymns/Hymnal/midi/tunes/e1263_tune.midi
E1264	1111113511111531	1111113511111531	MATCH	h/1264	Hymn: In the age of Revelation	Y	https://www.hymnal.net/Hymns/Hymnal/midi/e1264_i.mid https://www.hymnal.net/Hymns/Hymnal/midi/tunes/e1264_tune.midi
E1265	5333333331714	5333333331714	MATCH	h/1265	Hymn: The churches are the Body	Y	https://www.hymnal.net/Hymns/Hymnal/midi/e0870_i.mid https://www.hymnal.net/Hymns/Hymnal/midi/tunes/e1265_tune.midi
E1266	1111113511111531	1111113511111531	MATCH	h/1266	Hymn: Burning, burning, we are burning	Y	https://www.hymnal.net/Hymns/Hymnal/midi/e1264_i.mid https://www.hymnal.net/Hymns/Hymnal/midi/tunes/e1266_tune.midi
E1267	5651332125	5651332125	MATCH	h/1267	Hymn: We are for the great migration	Y	https://www.hymnal.net/Hymns/Hymnal/midi/e0127_i.mid https://www.hymnal.net/Hymns/Hymnal/midi/tunes/e1267_tune.midi
E1268	53332117121615	53332117121615	MATCH	h/1268	Hymn: When Noah worked upon the ark as God to	Y	https://www.hymnal.net/Hymns/Hymnal/midi/e1152_i.mid https://www.hymnal.net/Hymns/Hymnal/midi/tunes/e1268_tune.midi
E1269	555556522123	555556522123	MATCH	h/1269	Hymn: There in old Chaldea, product of man’s fall	Y	https://www.hymnal.net/Hymns/Hymnal/midi/e0871_i.mid https://www.hymnal.net/Hymns/Hymnal/midi/tunes/e1269_tune.midi
E127	5651332125	5651332125	MATCH	h/127	Hymn: Hark! ten thousand voices crying	Y	https://www.hymnal.net/Hymns/Hymnal/midi/e0127_i.mid https://www.hymnal.net/Hymns/Hymnal/midi/tunes/e0127_tune.midi
E1270	55554433333534	55554433333534	MATCH	h/1270	Hymn: We are the Hebrews! Praise the Lord	Y	https://www.hymnal.net/Hymns/Hymnal/midi/e1205_i.mid https://www.hymnal.net/Hymns/Hymnal/midi/tunes/e1270_tune.midi
E1271	671233343463	671233343463	MATCH	h/1271	Hymn: We’re the river-crossers, Hebrews is our name	Y	https://www.hymnal.net/Hymns/Hymnal/midi/e1222_i.mid https://www.hymnal.net/Hymns/Hymnal/midi/tunes/e1271_tune.midi
E1272	533343212356712765	533343212356712765	MATCH	h/1272	Hymn: The birthright God has giv’n to us	Y	https://www.hymnal.net/Hymns/Hymnal/midi/e0822_i.mid https://www.hymnal.net/Hymns/Hymnal/midi/tunes/e1272_tune.midi
E1273	12333331355555	12333331355555	MATCH	h/1273	Hymn: Christ has called us once to Him	Y	https://www.hymnal.net/Hymns/Hymnal/midi/e1043_i.mid https://www.hymnal.net/Hymns/Hymnal/midi/tunes/e1273_tune.midi
E1274	533343212356712765	533343212356712765	MATCH	h/1274	Hymn: In Revelation two and three	Y	https://www.hymnal.net/Hymns/Hymnal/midi/e0822_i.mid https://www.hymnal.net/Hymns/Hymnal/midi/tunes/e1274_tune.midi
E1275	12324327165432315	12324327165432315	MATCH	h/1275	Hymn: Glorious things to thee are spoken	Y	https://www.hymnal.net/Hymns/Hymnal/midi/e0020_i.mid https://www.hymnal.net/Hymns/Hymnal/midi/tunes/e1275_tune.midi
E1276	54333235443256543	54333235443256543	MATCH	h/1276	Hymn: Oh, the Lord is quickly coming	Y	https://www.hymnal.net/Hymns/Hymnal/midi/e0073_i.mid https://www.hymnal.net/Hymns/Hymnal/midi/tunes/e1276_tune.midi
E1277	176121756771	176121756771	MATCH	h/1277	Hymn: Now in all the churches flowing	Y	https://www.hymnal.net/Hymns/Hymnal/midi/e1096_i.mid https://www.hymnal.net/Hymns/Hymnal/midi/tunes/e1277_tune.midi
E1278	123354323217	123354323217	MATCH	h/1278	Hymn: In the church of Jesus there is love for you	Y	https://www.hymnal.net/Hymns/Hymnal/midi/e1278_i.mid https://www.hymnal.net/Hymns/Hymnal/midi/tunes/e1278_tune.midi
E1279	165556135656535	165556135656535	MATCH	h/1279	Hymn: What we are, we’re His image	Y	https://www.hymnal.net/Hymns/Hymnal/midi/e1103_i.mid https://www.hymnal.net/Hymns/Hymnal/midi/tunes/e1279_tune.midi
E128	5176543513	5176543513	MATCH	h/128	Hymn: Far above all is our Savior enthroned	Y	https://www.hymnal.net/Hymns/Hymnal/midi/e0128_i.mid https://www.hymnal.net/Hymns/Hymnal/midi/tunes/e0128_tune.midi
E1280	321351765456532	321351765456532	MATCH	h/1280	Hymn: We’ve become the Lord’s dear brothers	Y	https://www.hymnal.net/Hymns/Hymnal/midi/e1280_i.mid https://www.hymnal.net/Hymns/Hymnal/midi/tunes/e1280_tune.midi
E1281	123124313346532	123124313346532	MATCH	h/1281	Hymn: All the meetings Christ appointed	Y	https://www.hymnal.net/Hymns/Hymnal/midi/e0325_i.mid https://www.hymnal.net/Hymns/Hymnal/midi/tunes/e1281_tune.midi
E1282	5355355356535	5355355356535	MATCH	h/1282	Hymn: Marching on, marching on, in the Spirit	Y	https://www.hymnal.net/Hymns/Hymnal/midi/e1282_i.mid https://www.hymnal.net/Hymns/Hymnal/midi/tunes/e1282_tune.midi
E1283	3234434444345545	3234434444345545	MATCH	h/1283	Hymn: Fight, saints, for Jesus our Lord	Y	https://www.hymnal.net/Hymns/Hymnal/midi/e1283_i.mid https://www.hymnal.net/Hymns/Hymnal/midi/tunes/e1283_tune.midi
E1284	5333333331714	5333333331714	MATCH	h/1284	Hymn: Our eyes have seen the vision	Y	https://www.hymnal.net/Hymns/Hymnal/midi/e0870_i.mid https://www.hymnal.net/Hymns/Hymnal/midi/tunes/e1284_tune.midi
E1285	133432165535565432	133432165535565432	MATCH	h/1285	Hymn: The faith which once for all was giv’n	Y	https://www.hymnal.net/Hymns/Hymnal/midi/e0333_i.mid https://www.hymnal.net/Hymns/Hymnal/midi/tunes/e1285_tune.midi
E1286	511111233333	511111233333	MATCH	h/1286	Hymn: The Lord has shown the way	Y	https://www.hymnal.net/Hymns/Hymnal/midi/e1286_i.mid https://www.hymnal.net/Hymns/Hymnal/midi/tunes/e1286_tune.midi
E1287	5111565556555	5111565556555	MATCH	h/1287	Hymn: Let’s take the land! The land that God has given us	Y	https://www.hymnal.net/Hymns/Hymnal/midi/e1118_i.mid https://www.hymnal.net/Hymns/Hymnal/midi/tunes/e1287_tune.midi
E1288	1115671765	1115671765	MATCH	h/1288	Hymn: In Eden’s garden, Satan thought	Y	https://www.hymnal.net/Hymns/Hymnal/midi/e0886_i.mid https://www.hymnal.net/Hymns/Hymnal/midi/tunes/e1288_tune.midi
E1289	5111565556555	5111565556555	MATCH	h/1289	Hymn: The vict’ry’s won! The Lord has triumphed o’er the foe	Y	https://www.hymnal.net/Hymns/Hymnal/midi/e1118_i.mid https://www.hymnal.net/Hymns/Hymnal/midi/tunes/e1289_tune.midi
E129	51275123231345	51275123231345	MATCH	h/129	Hymn: Behold the Lamb with glory crowned	Y	https://www.hymnal.net/Hymns/Hymnal/midi/e0129_i.mid https://www.hymnal.net/Hymns/Hymnal/midi/tunes/e0129_tune.midi
E1290	5534653114562	5534653114562	MATCH	h/1290	Hymn: O Lord, we’ve seen Your purpose to bring the	Y	https://www.hymnal.net/Hymns/Hymnal/midi/e0036_i.mid https://www.hymnal.net/Hymns/Hymnal/midi/tunes/e1290_tune.midi
E1291	5533321135535	5533321135535	MATCH	h/1291	Hymn: At the end of Luke’s gospel, chapter twenty and two	Y	https://www.hymnal.net/Hymns/Hymnal/midi/e1194_i.mid https://www.hymnal.net/Hymns/Hymnal/midi/tunes/e1291_tune.midi
E1292	1151313543532121	1151313543532121	MATCH	h/1292	Hymn: An uplifted gospel have we	Y	https://www.hymnal.net/Hymns/Hymnal/midi/e0292_i.mid https://www.hymnal.net/Hymns/Hymnal/midi/tunes/e1292_tune.midi
E1293	5671651165161	5671651165161	MATCH	h/1293	Hymn: O I’m a man	Y	https://www.hymnal.net/Hymns/Hymnal/midi/e1293_i.mid https://www.hymnal.net/Hymns/Hymnal/midi/tunes/e1293_tune.midi
E1294	5671651165161	5671651165161	MATCH	h/1294	Hymn: Come let us speak till the kingdom	Y	https://www.hymnal.net/Hymns/Hymnal/midi/e1293_i.mid https://www.hymnal.net/Hymns/Hymnal/midi/tunes/e1294_tune.midi
E1295	5345133231611215	5345133231611215	MATCH	h/1295	Hymn: Ours is a fellowship in the gospel	Y	https://www.hymnal.net/Hymns/Hymnal/midi/e1295_i.mid https://www.hymnal.net/Hymns/Hymnal/midi/tunes/e1295_tune.midi
E1296	53451177123432	53451177123432	MATCH	h/1296	Hymn: The universe of God consists	Y	https://www.hymnal.net/Hymns/Hymnal/midi/e1296_i.mid https://www.hymnal.net/Hymns/Hymnal/midi/tunes/e1296_tune.midi
E1297	1355555153455421	1355555153455421	MATCH	h/1297	Hymn: From the beachhead in our spirit	Y	https://www.hymnal.net/Hymns/Hymnal/midi/e1297_i.mid https://www.hymnal.net/Hymns/Hymnal/midi/tunes/e1297_tune.midi
E1298	517125671	517125671	MATCH	h/1298	Hymn: Chosen by God in ages past	Y	https://www.hymnal.net/Hymns/Hymnal/midi/e0061_i.mid https://www.hymnal.net/Hymns/Hymnal/midi/tunes/e1298_tune.midi
E1299	55653232176165453	55653232176165453	MATCH	h/1299	Hymn: Man’s Creator has a purpose	Y	https://www.hymnal.net/Hymns/Hymnal/midi/e0005_i.mid https://www.hymnal.net/Hymns/Hymnal/midi/tunes/e1299_tune.midi
E13	513172151353132	513172151353132	MATCH	h/13	Hymn: Thou art love and Thou art light, Lord	Y	https://www.hymnal.net/Hymns/Hymnal/midi/e0013_full.mid https://www.hymnal.net/Hymns/Hymnal/midi/e0013_i.mid https://www.hymnal.net/Hymns/Hymnal/midi/tunes/e0013_tune.midi
E130	55111767156712352	55111767156712352	MATCH	h/130	Hymn: See the Conqu’ror mount in triumph	Y	https://www.hymnal.net/Hymns/Hymnal/midi/e0130_i.mid https://www.hymnal.net/Hymns/Hymnal/midi/tunes/e0130_tune.midi
E1300	5513321621651312	5513321621651312	MATCH	h/1300	Hymn: The Lord has been revealed in us	Y	https://www.hymnal.net/Hymns/Hymnal/midi/e0396_i.mid https://www.hymnal.net/Hymns/Hymnal/midi/tunes/e1300_tune.midi
E1301	5176543513	5176543513	MATCH	h/1301	Hymn: Jesus the kingdom has come into us	Y	https://www.hymnal.net/Hymns/Hymnal/midi/e0128_i.mid https://www.hymnal.net/Hymns/Hymnal/midi/tunes/e1301_tune.midi
E1302	17654562176567	17654562176567	MATCH	h/1302	Hymn: All the signs point to the end	Y	https://www.hymnal.net/Hymns/Hymnal/midi/e1302_i.mid https://www.hymnal.net/Hymns/Hymnal/midi/tunes/e1302_tune.midi
E1303	1151313543532121	1151313543532121	MATCH	h/1303	Hymn: The kingdom of God is at hand	Y	https://www.hymnal.net/Hymns/Hymnal/midi/e0292_i.mid https://www.hymnal.net/Hymns/Hymnal/midi/tunes/e1303_tune.midi
E1304	12333331355555	12333331355555	MATCH	h/1304	Hymn: Christ comes quickly for His Bride	Y	https://www.hymnal.net/Hymns/Hymnal/midi/e1043_i.mid https://www.hymnal.net/Hymns/Hymnal/midi/tunes/e1304_tune.midi
E1305	555123112165	555123112165	MATCH	h/1305	Hymn: Our faith to God-ward must in these days spread abroad	Y	https://www.hymnal.net/Hymns/Hymnal/midi/e1305_i.mid https://www.hymnal.net/Hymns/Hymnal/midi/tunes/e1305_tune.midi
E1306	511321234543432	511321234543432	MATCH	h/1306	Hymn: We love Thy coming, Lord	Y	https://www.hymnal.net/Hymns/Hymnal/midi/e0853_i.mid https://www.hymnal.net/Hymns/Hymnal/midi/tunes/e1306_tune.midi
E1307	33212356354	33212356354	MATCH	h/1307	Hymn: The day approaches; Jesus soon is coming	Y	https://www.hymnal.net/Hymns/Hymnal/midi/e1078_i.mid https://www.hymnal.net/Hymns/Hymnal/midi/tunes/e1307_tune.midi
E1308	5553212161	5553212161	MATCH	h/1308	Hymn: We have oil in our lamps—we are burning	Y	https://www.hymnal.net/Hymns/Hymnal/midi/e1308_i.mid https://www.hymnal.net/Hymns/Hymnal/midi/tunes/e1308_tune.midi
E1309	33321566115113132	33321566115113132	MATCH	h/1309	Hymn: Who can tell how soon the Bride may hear the cry	Y	https://www.hymnal.net/Hymns/Hymnal/midi/e1309_i.mid https://www.hymnal.net/Hymns/Hymnal/midi/tunes/e1309_tune.midi
E131	1333234536665432	1333234536665432	MATCH	h/131	Hymn: O, Jesus, Lord, ’tis joy to know	Y	https://www.hymnal.net/Hymns/Hymnal/midi/e0131_i.mid https://www.hymnal.net/Hymns/Hymnal/midi/tunes/e0131_tune.midi
E1310	33451721345622	33451721345622	MATCH	h/1310	Hymn: The Lord is longing for His Bride	Y	https://www.hymnal.net/Hymns/Hymnal/midi/e0745_i.mid https://www.hymnal.net/Hymns/Hymnal/midi/tunes/e1310_tune.midi
E1311	53321443255413	53321443255413	MATCH	h/1311	Hymn: The local churches are preparing for	Y	https://www.hymnal.net/Hymns/Hymnal/midi/e1311_i.mid https://www.hymnal.net/Hymns/Hymnal/midi/tunes/e1311_tune.midi
E1312	132156532132	132156532132	MATCH	h/1312	Hymn: It may be at morn as the day we are greeting	Y	https://www.hymnal.net/Hymns/Hymnal/midi/e1312_i.mid https://www.hymnal.net/Hymns/Hymnal/midi/tunes/e1312_tune.midi
E1313	345555532166671	345555532166671	MATCH	h/1313	Hymn: In that bright and golden moment	Y	https://www.hymnal.net/Hymns/Hymnal/midi/e1313_i.mid https://www.hymnal.net/Hymns/Hymnal/midi/tunes/e1313_tune.midi
E1314	1112713333423	1112713333423	MATCH	h/1314	Hymn: Lord, Thou wilt soon appear	Y	https://www.hymnal.net/Hymns/Hymnal/midi/e0175_i.mid https://www.hymnal.net/Hymns/Hymnal/midi/tunes/e1314_tune.midi
E1315	55321766176551712	55321766176551712	MATCH	h/1315	Hymn: Rejoice! Rejoice! Our Bridegroom’s coming	Y	https://www.hymnal.net/Hymns/Hymnal/midi/e1315_i.mid https://www.hymnal.net/Hymns/Hymnal/midi/tunes/e1315_tune.midi
E1316	5511232161165	5511232161165	MATCH	h/1316	Hymn: Our Bridegroom soon is coming	Y	https://www.hymnal.net/Hymns/Hymnal/midi/e0953_i.mid https://www.hymnal.net/Hymns/Hymnal/midi/tunes/e1316_tune.midi
E1317	12333332131165	12333332131165	MATCH	h/1317	Hymn: When our Lord comes in glory and we’re raptured to	Y	https://www.hymnal.net/Hymns/Hymnal/midi/e1317_i.mid https://www.hymnal.net/Hymns/Hymnal/midi/tunes/e1317_tune.midi
E1318	551111155566666	551111155566666	MATCH	h/1318	Hymn: Camel Train	Y	https://www.hymnal.net/Hymns/Hymnal/midi/e1237_i.mid https://www.hymnal.net/Hymns/Hymnal/midi/tunes/e1318_tune.midi
E1319	133432165535565432	133432165535565432	MATCH	h/1319	Hymn: That which for long the prophets sought	Y	https://www.hymnal.net/Hymns/Hymnal/midi/e0333_i.mid https://www.hymnal.net/Hymns/Hymnal/midi/tunes/e1319_tune.midi
E132	5651332125	5651332125	MATCH	h/132	Hymn: Lo! in heaven Jesus sitting	Y	https://www.hymnal.net/Hymns/Hymnal/midi/e0127_i.mid https://www.hymnal.net/Hymns/Hymnal/midi/e0132_full.mid https://www.hymnal.net/Hymns/Hymnal/midi/tunes/e0132_tune.midi
E1320	556712156712165	556712156712165	MATCH	h/1320	Hymn: We have seen the Lord is coming	Y	https://www.hymnal.net/Hymns/Hymnal/midi/e1257_i.mid https://www.hymnal.net/Hymns/Hymnal/midi/tunes/e1320_tune.midi
E1321	53221656556711232	53221656556711232	MATCH	h/1321	Hymn: The grace which God bestows on us	Y	https://www.hymnal.net/Hymns/Hymnal/midi/e0960_i.mid https://www.hymnal.net/Hymns/Hymnal/midi/tunes/e1321_tune.midi
E1322	5543511271	5543511271	MATCH	h/1322	Hymn: In spirit, in the church we see	Y	https://www.hymnal.net/Hymns/Hymnal/midi/e0081_i.mid https://www.hymnal.net/Hymns/Hymnal/midi/tunes/e1322_tune.midi
E1323	3332211144342	3332211144342	MATCH	h/1323	Hymn: The voice of my Beloved	Y	https://www.hymnal.net/Hymns/Hymnal/midi/e0169_i.mid https://www.hymnal.net/Hymns/Hymnal/midi/tunes/e1323_tune.midi
E1324	334554321123322	334554321123322	MATCH	h/1324	Hymn: Our God is a God of purpose	Y	https://www.hymnal.net/Hymns/Hymnal/midi/e1324_i.mid https://www.hymnal.net/Hymns/Hymnal/midi/tunes/e1324_tune.midi
E1325	565354432613543	565354432613543	MATCH	h/1325	Hymn: God eternal has a purpose	Y	https://www.hymnal.net/Hymns/Hymnal/midi/e0589_i.mid https://www.hymnal.net/Hymns/Hymnal/midi/tunes/e1325_tune.midi
E1326	51643123167121	51643123167121	MATCH	h/1326	Hymn: What is living all about	Y	https://www.hymnal.net/Hymns/Hymnal/midi/e1326_i.mid https://www.hymnal.net/Hymns/Hymnal/midi/tunes/e1326_tune.midi
E1327	367123671236432123	367123671236432123	MATCH	h/1327	Hymn: Once I thirsted for a fountain	Y	https://www.hymnal.net/Hymns/Hymnal/midi/e1327_i.mid https://www.hymnal.net/Hymns/Hymnal/midi/tunes/e1327_tune.midi
E1328	555613566535	555613566535	MATCH	h/1328	Hymn: My wandering days grew increasingly empty	Y	https://www.hymnal.net/Hymns/Hymnal/midi/e1328_i.mid https://www.hymnal.net/Hymns/Hymnal/midi/tunes/e1328_tune.midi
E1329	33212356354	33212356354	MATCH	h/1329	Hymn: The wedding feast, the peak of man’s enjoyment	Y	https://www.hymnal.net/Hymns/Hymnal/midi/e1078_i.mid https://www.hymnal.net/Hymns/Hymnal/midi/tunes/e1329_tune.midi
E133	512316713251765	512316713251765	MATCH	h/133	Hymn: Lord Jesus, Thou art Lord of all	Y	https://www.hymnal.net/Hymns/Hymnal/midi/e0133_full.mid https://www.hymnal.net/Hymns/Hymnal/midi/e0133_i.mid https://www.hymnal.net/Hymns/Hymnal/midi/tunes/e0133_tune.midi
E1330	55565322116711765	55565322116711765	MATCH	h/1330	Hymn: All things are ready, come to the feast	Y	https://www.hymnal.net/Hymns/Hymnal/midi/e1330_i.mid https://www.hymnal.net/Hymns/Hymnal/midi/tunes/e1330_tune.midi
E1331	56713216111156665	56713216111156665	MATCH	h/1331	Hymn: Just taste and see that the Lord is good	Y	https://www.hymnal.net/Hymns/Hymnal/midi/e1331_i.mid https://www.hymnal.net/Hymns/Hymnal/midi/tunes/e1331_tune.midi
E1332	556531165131532	556531165131532	MATCH	h/1332	Hymn: Do you know that you were chosen	Y	https://www.hymnal.net/Hymns/Hymnal/midi/e0628_i.mid https://www.hymnal.net/Hymns/Hymnal/midi/tunes/e1332_tune.midi
E1333	5431155435411	5431155435411	MATCH	h/1333	Hymn: What a happy day	Y	https://www.hymnal.net/Hymns/Hymnal/midi/e1333_i.mid https://www.hymnal.net/Hymns/Hymnal/midi/tunes/e1333_tune.midi
E1334	344534451121	344534451121	MATCH	h/1334	Hymn: Thou hast turned my mourning into dancing for me	Y	https://www.hymnal.net/Hymns/Hymnal/midi/e1334_i.mid https://www.hymnal.net/Hymns/Hymnal/midi/tunes/e1334_tune.midi
E1335	3213133432	3213133432	MATCH	h/1335	Hymn: Great is the Lord, and greatly to be praised	Y	https://www.hymnal.net/Hymns/Hymnal/midi/e1335_i.mid https://www.hymnal.net/Hymns/Hymnal/midi/tunes/e1335_tune.midi
E1336	3334454321	3334454321	MATCH	h/1336	Hymn: What shall I give unto the Lord	Y	https://www.hymnal.net/Hymns/Hymnal/midi/e1336_i.mid https://www.hymnal.net/Hymns/Hymnal/midi/tunes/e1336_tune.midi
E1337	12333444555543	12333444555543	MATCH	h/1337	Hymn: When the Lord turned again the captivity of Zion	Y	https://www.hymnal.net/Hymns/Hymnal/midi/e1337_i.mid https://www.hymnal.net/Hymns/Hymnal/midi/tunes/e1337_tune.midi
E1338	555321651232	555321651232	MATCH	h/1338	Hymn: This is My rest forever	Y	https://www.hymnal.net/Hymns/Hymnal/midi/e1338_i.mid https://www.hymnal.net/Hymns/Hymnal/midi/tunes/e1338_tune.midi
E1339	55434543212	55434543212	MATCH	h/1339	Hymn: Behold how good and how pleasant it is	Y	https://www.hymnal.net/Hymns/Hymnal/midi/e1339_i.mid https://www.hymnal.net/Hymns/Hymnal/midi/tunes/e1339_tune.midi
E134	333455511656532	333455511656532	MATCH	h/134	Hymn: Glory, everlasting glory	Y	https://www.hymnal.net/Hymns/Hymnal/midi/e0134_i.mid https://www.hymnal.net/Hymns/Hymnal/midi/tunes/e0134_tune.midi
E1340	55555543511233216	55555543511233216	MATCH	h/1340	Hymn: Therefore with joy shall ye draw water	Y	https://www.hymnal.net/Hymns/Hymnal/midi/e1340_i.mid https://www.hymnal.net/Hymns/Hymnal/midi/tunes/e1340_tune.midi
E1341	55635635635	55635635635	MATCH	h/1341	Hymn: Therefore the redeemed of the Lord shall return	Y	https://www.hymnal.net/Hymns/Hymnal/midi/e1341_i.mid https://www.hymnal.net/Hymns/Hymnal/midi/tunes/e1341_tune.midi
E1342	513543112432175	513543112432175	MATCH	h/1342	Hymn: Therefore, they shall come and sing in the height of Z	Y	https://www.hymnal.net/Hymns/Hymnal/midi/e1342_i.mid https://www.hymnal.net/Hymns/Hymnal/midi/tunes/e1342_tune.midi
E1343	5332114432	5332114432	MATCH	h/1343	Hymn: A new commandment	Y	https://www.hymnal.net/Hymns/Hymnal/midi/e1154_i.mid https://www.hymnal.net/Hymns/Hymnal/midi/tunes/e1343_tune.midi
E1344	1125431556165312	1125431556165312	MATCH	h/1344	Hymn: Oh, the depth of the riches	Y	https://www.hymnal.net/Hymns/Hymnal/midi/e1344_i.mid https://www.hymnal.net/Hymns/Hymnal/midi/tunes/e1344_tune.midi
E1345	51113332123	51113332123	MATCH	h/1345	Hymn: Whenever the heart shall turn to the Lord	Y	https://www.hymnal.net/Hymns/Hymnal/midi/e1345_i.mid https://www.hymnal.net/Hymns/Hymnal/midi/tunes/e1345_tune.midi
E1346	51111232123212321	51111232123212321	MATCH	h/1346	Hymn: Now unto the King eternal, immortal, invisible	Y	https://www.hymnal.net/Hymns/Hymnal/midi/e1346_i.mid https://www.hymnal.net/Hymns/Hymnal/midi/tunes/e1346_tune.midi
E1347	112233344455667	112233344455667	MATCH	h/1347	Hymn: Now is come salvation and strength	Y	https://www.hymnal.net/Hymns/Hymnal/midi/e1347_i.mid https://www.hymnal.net/Hymns/Hymnal/midi/tunes/e1347_tune.midi
E1348	511111111223	511111111223	MATCH	h/1348	Hymn: Behold the New Jerusalem descends from God	Y	https://www.hymnal.net/Hymns/Hymnal/midi/e1348_i.mid https://www.hymnal.net/Hymns/Hymnal/midi/tunes/e1348_tune.midi
E1349	555653111216	555653111216	MATCH	h/1349	Hymn: Sowing in the morning	Y	https://www.hymnal.net/Hymns/Hymnal/midi/e1167_i.mid https://www.hymnal.net/Hymns/Hymnal/midi/tunes/e1349_tune.midi
E135	117544353542132	117544353542132	MATCH	h/135	Hymn: O my Savior, glorified	Y	https://www.hymnal.net/Hymns/Hymnal/midi/e0135_i.mid https://www.hymnal.net/Hymns/Hymnal/midi/tunes/e0135_tune.midi
E1350	51165113455555	51165113455555	MATCH	h/1350	Hymn: I’m in Christ, now rejoicing	Y	https://www.hymnal.net/Hymns/Hymnal/midi/e1350_i.mid https://www.hymnal.net/Hymns/Hymnal/midi/tunes/e1350_tune.midi
E1351	35131215176	35131215176	MATCH	h/1351	Hymn: What mercy that my eyes have seen the true God	Y	https://www.hymnal.net/Hymns/Hymnal/midi/e1351_i.mid https://www.hymnal.net/Hymns/Hymnal/midi/tunes/e1351_tune.midi
E1352	3334365443	3334365443	MATCH	h/1352	Hymn: Abide in Christ—this highest blessing gain	Y	https://www.hymnal.net/Hymns/Hymnal/midi/e0050_i.mid https://www.hymnal.net/Hymns/Hymnal/midi/tunes/e1352_tune.midi
E1353	132123112161	132123112161	MATCH	h/1353	Hymn: Live in the light of life	Y	https://www.hymnal.net/Hymns/Hymnal/midi/e8476_i.mid https://www.hymnal.net/Hymns/Hymnal/midi/tunes/e1353_tune.midi
E1354	123333321121165	123333321121165	MATCH	h/1354	Hymn: When the Lord descends from heaven	Y	https://www.hymnal.net/Hymns/Hymnal/midi/e1226_i.mid https://www.hymnal.net/Hymns/Hymnal/midi/tunes/e1354_tune.midi
E1355	53213517	53213517	MATCH	h/1355	Hymn: God has forgiven all my sins	Y	https://www.hymnal.net/Hymns/Hymnal/midi/e0715_i.mid https://www.hymnal.net/Hymns/Hymnal/midi/tunes/e1355_tune.midi
E1356	335427113662321765	335427113662321765	MATCH	h/1356	Hymn: Glory! Glory! Christ is life indeed!	Y	https://www.hymnal.net/Hymns/Hymnal/midi/e1356_i.mid https://www.hymnal.net/Hymns/Hymnal/midi/tunes/e1356_tune.midi
E1357	55365434323	55365434323	MATCH	h/1357	Hymn: What joy fills my heart	Y	https://www.hymnal.net/Hymns/Hymnal/midi/e1357_i.mid https://www.hymnal.net/Hymns/Hymnal/midi/tunes/e1357_tune.midi
E1358	53455517665	53455517665	MATCH	h/1358	Hymn: Rise! Preach the gospel now	Y	https://www.hymnal.net/Hymns/Hymnal/midi/e0921_i.mid https://www.hymnal.net/Hymns/Hymnal/midi/tunes/e1358_tune.midi
E1359	33365132226523	33365132226523	MATCH	h/1359	Hymn: Take my life, and let it be (with chorus)	Y	https://www.hymnal.net/Hymns/Hymnal/midi/c0339_i.mid
E136	111171322222123	111171322222123	MATCH	h/136	Hymn: Gazing on the Lord in glory	Y	https://www.hymnal.net/Hymns/Hymnal/midi/e0136_i.mid https://www.hymnal.net/Hymns/Hymnal/midi/tunes/e0136_tune.midi
E1360	332156123456532	332156123456532	MATCH	h/1360	Hymn: Oh, how glorious! Oh, how precious!	Y	https://www.hymnal.net/Hymns/Hymnal/midi/e0267_i.mid https://www.hymnal.net/Hymns/Hymnal/midi/tunes/e1360_tune.midi
E137	51133212321321	51133212321321	MATCH	h/137	Hymn: All hail the pow’r of Jesus’ name (Short)	Y	https://www.hymnal.net/Hymns/Hymnal/midi/e0024_i.mid https://www.hymnal.net/Hymns/Hymnal/midi/tunes/e0137_tune.midi
E138	5111232125654321	5111232125654321	MATCH	h/138	Hymn: All hail the pow’r of Jesus’ name (Long)	Y	https://www.hymnal.net/Hymns/Hymnal/midi/e0138_i.mid https://www.hymnal.net/Hymns/Hymnal/midi/tunes/e0138_tune.midi
E139	51234512171	51234512171	MATCH	h/139	Hymn: All hail the pow’r of Jesus’ name (Medium)	Y	https://www.hymnal.net/Hymns/Hymnal/midi/e0139_i.mid https://www.hymnal.net/Hymns/Hymnal/midi/tunes/e0139_tune.midi
E14	531642567765	531642567765	MATCH	h/14	Hymn: Immortal, invisible, God only wise	Y	https://www.hymnal.net/Hymns/Hymnal/midi/e0014_full.mid https://www.hymnal.net/Hymns/Hymnal/midi/e0014_i.mid https://www.hymnal.net/Hymns/Hymnal/midi/tunes/e0014_tune.midi
E140	1231345517653221	1231345517653221	MATCH	h/140	Hymn: Look, ye saints, the sight is glorious	Y	https://www.hymnal.net/Hymns/Hymnal/midi/e0140_i.mid https://www.hymnal.net/Hymns/Hymnal/midi/tunes/e0140_tune.midi
E1403	55345123211121615	55345123211121615	MATCH	h/1403	Hymn: The heavens God’s glory declare	Y	https://www.hymnal.net/Hymns/Hymnal/midi/e0501_i.mid https://www.hymnal.net/Hymns/Hymnal/midi/tunes/e1403_tune.midi
E1404	32143212176543	32143212176543	MATCH	h/1404	Hymn: God made man a vessel he	Y	https://www.hymnal.net/Hymns/Hymnal/midi/e0548_i.mid https://www.hymnal.net/Hymns/Hymnal/midi/tunes/e1404_tune.midi
E141	3455132161655132	3455132161655132	MATCH	h/141	Hymn: Jesus, Thy head, once crown’d with thorns	Y	https://www.hymnal.net/Hymns/Hymnal/midi/e0141_i.mid https://www.hymnal.net/Hymns/Hymnal/midi/tunes/e0141_tune.midi
E142	111336651432	111336651432	MATCH	h/142	Hymn: Crown Him with many crowns	Y	https://www.hymnal.net/Hymns/Hymnal/midi/e0142_i.mid https://www.hymnal.net/Hymns/Hymnal/midi/tunes/e0142_tune.midi
E143	135556535517665	135556535517665	MATCH	h/143	Hymn: On His Father’s throne is seated	Y	https://www.hymnal.net/Hymns/Hymnal/midi/e0143_i.mid https://www.hymnal.net/Hymns/Hymnal/midi/tunes/e0143_tune.midi
E144	123143321432171	123143321432171	MATCH	h/144	Hymn: Lord of glory, we adore Thee	Y	https://www.hymnal.net/Hymns/Hymnal/midi/e0144_i.mid https://www.hymnal.net/Hymns/Hymnal/midi/tunes/e0144_tune.midi
E145	1345671765	1345671765	MATCH	h/145	Hymn: Jesus shall reign where’er the sun	Y	https://www.hymnal.net/Hymns/Hymnal/midi/e0145_i.mid https://www.hymnal.net/Hymns/Hymnal/midi/tunes/e0145_tune.midi
E146	131531765432	131531765432	MATCH	h/146	Hymn: Rejoice, the Lord is King	Y	https://www.hymnal.net/Hymns/Hymnal/midi/e0080_i.mid https://www.hymnal.net/Hymns/Hymnal/midi/tunes/e0146_tune.midi
E147	34534713335564217	34534713335564217	MATCH	h/147	Hymn: Lord, Thou art God’s anointed	Y	https://www.hymnal.net/Hymns/Hymnal/midi/e0147_full.mid https://www.hymnal.net/Hymns/Hymnal/midi/e0147_i.mid https://www.hymnal.net/Hymns/Hymnal/midi/tunes/e0147_tune.midi
E148	51765123243212225	51765123243212225	MATCH	h/148	Hymn: Lord, the King of kings art Thou	Y	https://www.hymnal.net/Hymns/Hymnal/midi/e0148_full.mid https://www.hymnal.net/Hymns/Hymnal/midi/e0148_i.mid https://www.hymnal.net/Hymns/Hymnal/midi/tunes/e0148_tune.midi
E149	551513225551321	551513225551321	MATCH	h/149	Hymn: Hark! Ten thousand heav’nly voices	Y	https://www.hymnal.net/Hymns/Hymnal/midi/e0149_i.mid https://www.hymnal.net/Hymns/Hymnal/midi/tunes/e0149_tune.midi
E15	13556531714332	13556531714332	MATCH	h/15	Hymn: O God, Thou art transcendent	Y	https://www.hymnal.net/Hymns/Hymnal/midi/e0015_full.mid https://www.hymnal.net/Hymns/Hymnal/midi/e0015_i.mid https://www.hymnal.net/Hymns/Hymnal/midi/tunes/e0015_tune.midi
E150	1233234531132	1233234531132	MATCH	h/150	Hymn: Praise, praise ye the name of our Savior and God	Y	https://www.hymnal.net/Hymns/Hymnal/midi/e0150_i.mid https://www.hymnal.net/Hymns/Hymnal/midi/tunes/e0150_tune.midi
E151	5176543513	5176543513	MATCH	h/151	Hymn: Sing we the King who is coming to reign	Y	https://www.hymnal.net/Hymns/Hymnal/midi/e0128_i.mid https://www.hymnal.net/Hymns/Hymnal/midi/tunes/e0151_tune.midi
E152	6671767712176	6671767712176	MATCH	h/152	Hymn: O how deep and how far-reaching	Y	https://www.hymnal.net/Hymns/Hymnal/midi/e0152_full.mid https://www.hymnal.net/Hymns/Hymnal/midi/e0152_i.mid https://www.hymnal.net/Hymns/Hymnal/midi/tunes/e0152_tune.midi
E153	535117143223	535117143223	MATCH	h/153	Hymn: O blessed Savior, is Thy love	Y	https://www.hymnal.net/Hymns/Hymnal/midi/e0153_i.mid https://www.hymnal.net/Hymns/Hymnal/midi/tunes/e0153_tune.midi
E154	5117665453	5117665453	MATCH	h/154	Hymn: It passeth knowledge, that dear love of Thine	Y	https://www.hymnal.net/Hymns/Hymnal/midi/e0154_i.mid https://www.hymnal.net/Hymns/Hymnal/midi/tunes/e0154_tune.midi
E155	11176712235627	11176712235627	MATCH	h/155	Hymn: Christ delivered me when bound	Y	https://www.hymnal.net/Hymns/Hymnal/midi/e0155_i.mid https://www.hymnal.net/Hymns/Hymnal/midi/tunes/e0155_tune.midi
E156	5123343223455432	5123343223455432	MATCH	h/156	Hymn: I have a Friend, whose faithful love	Y	https://www.hymnal.net/Hymns/Hymnal/midi/e0156_i.mid https://www.hymnal.net/Hymns/Hymnal/midi/tunes/e0156_tune.midi
E157	567123321661465	567123321661465	MATCH	h/157	Hymn: Lord Jesus, are we one with Thee	Y	https://www.hymnal.net/Hymns/Hymnal/midi/e0157_i.mid https://www.hymnal.net/Hymns/Hymnal/midi/tunes/e0157_tune.midi
E158	3215656533215671	3215656533215671	MATCH	h/158	Hymn: Lord, Thy love has sought and found us	Y	https://www.hymnal.net/Hymns/Hymnal/midi/e0158_i.mid https://www.hymnal.net/Hymns/Hymnal/midi/tunes/e0158_tune.midi
E159	55616177711432	55616177711432	MATCH	h/159	Hymn: Give me a sight, O Savior	Y	https://www.hymnal.net/Hymns/Hymnal/midi/e0159_i.mid https://www.hymnal.net/Hymns/Hymnal/midi/tunes/e0159_tune.midi
E16	5555554565323543	5555554565323543	MATCH	h/16	Hymn: Our Father, as the evergreen	Y	https://www.hymnal.net/Hymns/Hymnal/midi/e0016_full.mid https://www.hymnal.net/Hymns/Hymnal/midi/e0016_i.mid https://www.hymnal.net/Hymns/Hymnal/midi/tunes/e0016_tune.midi
E160	33211443321532	33211443321532	MATCH	h/160	Hymn: King of my life, I crown Thee now	Y	https://www.hymnal.net/Hymns/Hymnal/midi/e0160_i.mid https://www.hymnal.net/Hymns/Hymnal/midi/tunes/e0160_tune.midi
E161	5511712212332122	5511712212332122	MATCH	h/161	Hymn: Praise the Savior, ye who know Him	Y	https://www.hymnal.net/Hymns/Hymnal/midi/e0078_i.mid https://www.hymnal.net/Hymns/Hymnal/midi/tunes/e0161_tune.midi
E162	34556711712165	34556711712165	MATCH	h/162	Hymn: With praise and thanksgiving there	Y	https://www.hymnal.net/Hymns/Hymnal/midi/e0162_i.mid https://www.hymnal.net/Hymns/Hymnal/midi/tunes/e0162_tune.midi
E163	51122321233432	51122321233432	MATCH	h/163	Hymn: O for a thousand tongues to sing	Y	https://www.hymnal.net/Hymns/Hymnal/midi/e0072_i.mid https://www.hymnal.net/Hymns/Hymnal/midi/tunes/e0163_tune.midi
E164	34545765543	34545765543	MATCH	h/164	Hymn: Let me sing, for the glory of heaven	Y	https://www.hymnal.net/Hymns/Hymnal/midi/e0164_i.mid https://www.hymnal.net/Hymns/Hymnal/midi/tunes/e0164_tune.midi
E165	123654333543221	123654333543221	MATCH	h/165	Hymn: My song shall be of Jesus	Y	https://www.hymnal.net/Hymns/Hymnal/midi/e0165_i.mid https://www.hymnal.net/Hymns/Hymnal/midi/tunes/e0165_tune.midi
E166	11532176567121	11532176567121	MATCH	h/166	Hymn: Praise to the Lord, the Almighty	Y	https://www.hymnal.net/Hymns/Hymnal/midi/e0166_i.mid https://www.hymnal.net/Hymns/Hymnal/midi/tunes/e0166_tune.midi
E167	511112321	511112321	MATCH	h/167	Hymn: How good is the Lord we adore	Y	https://www.hymnal.net/Hymns/Hymnal/midi/e0167_i.mid https://www.hymnal.net/Hymns/Hymnal/midi/tunes/e0167_tune.midi
E168	12334465535442433	12334465535442433	MATCH	h/168	Hymn: Now in a song of grateful praise	Y	https://www.hymnal.net/Hymns/Hymnal/midi/e0168_i.mid https://www.hymnal.net/Hymns/Hymnal/midi/tunes/e0168_tune.midi
E169	3332211144342	3332211144342	MATCH	h/169	Hymn: Thou, Lord, to God art precious	Y	https://www.hymnal.net/Hymns/Hymnal/midi/e0169_full.mid https://www.hymnal.net/Hymns/Hymnal/midi/e0169_i.mid https://www.hymnal.net/Hymns/Hymnal/midi/tunes/e0169_tune.midi
E17	55535556646	55535556646	MATCH	h/17	Hymn: My Father God, when on Thy vast creation	Y	https://www.hymnal.net/Hymns/Hymnal/midi/e0017_full.mid https://www.hymnal.net/Hymns/Hymnal/midi/e0017_i.mid https://www.hymnal.net/Hymns/Hymnal/midi/tunes/e0017_tune.midi
E170	536176531123565	536176531123565	MATCH	h/170	Hymn: Lord, Thou art the lovely Bridegroom	Y	https://www.hymnal.net/Hymns/Hymnal/midi/e0022_i.mid https://www.hymnal.net/Hymns/Hymnal/midi/e0170_full.mid https://www.hymnal.net/Hymns/Hymnal/midi/tunes/e0170_tune.midi
E171	3331321616536532	3331321616536532	MATCH	h/171	Hymn: Lord Jesus Christ, our heart feels sweet	Y	https://www.hymnal.net/Hymns/Hymnal/midi/e0171_full.mid https://www.hymnal.net/Hymns/Hymnal/midi/e0171_i.mid https://www.hymnal.net/Hymns/Hymnal/midi/tunes/e0171_tune.midi
E172	56717127572543	56717127572543	MATCH	h/172	Hymn: I cannot breathe enough of Thee	Y	https://www.hymnal.net/Hymns/Hymnal/midi/e0172_i.mid https://www.hymnal.net/Hymns/Hymnal/midi/tunes/e0172_tune.midi
E173	356116512543223	356116512543223	MATCH	h/173	Hymn: Thou art fairer than the morning	Y	https://www.hymnal.net/Hymns/Hymnal/midi/e0173_i.mid https://www.hymnal.net/Hymns/Hymnal/midi/tunes/e0173_tune.midi
E174	1531566556717665	1531566556717665	MATCH	h/174	Hymn: O Morning Star, how fair and bright	Y	https://www.hymnal.net/Hymns/Hymnal/midi/e0174_i.mid https://www.hymnal.net/Hymns/Hymnal/midi/tunes/e0174_tune.midi
E175	1112713333423	1112713333423	MATCH	h/175	Hymn: Fairest Lord Jesus	Y	https://www.hymnal.net/Hymns/Hymnal/midi/e0175_i.mid https://www.hymnal.net/Hymns/Hymnal/midi/tunes/e0175_tune.midi
E176	55433244323	55433244323	MATCH	h/176	Hymn: Jesus, wondrous Savior	Y	https://www.hymnal.net/Hymns/Hymnal/midi/e0176_i.mid https://www.hymnal.net/Hymns/Hymnal/midi/tunes/e0176_tune.midi
E177	51122321566165	51122321566165	MATCH	h/177	Hymn: Majestic sweetness sits enthroned	Y	https://www.hymnal.net/Hymns/Hymnal/midi/e0177_i.mid https://www.hymnal.net/Hymns/Hymnal/midi/tunes/e0177_tune.midi
E178	5535511765	5535511765	MATCH	h/178	Hymn: Our hearts are full of Christ and long	Y	https://www.hymnal.net/Hymns/Hymnal/midi/e0178_i.mid https://www.hymnal.net/Hymns/Hymnal/midi/tunes/e0178_tune.midi
E179	531217112345432	531217112345432	MATCH	h/179	Hymn: Glory to Christ on high	Y	https://www.hymnal.net/Hymns/Hymnal/midi/e0003_full.mid https://www.hymnal.net/Hymns/Hymnal/midi/e0003_i.mid https://www.hymnal.net/Hymns/Hymnal/midi/tunes/e0179_tune.midi
E18	55335522345675	55335522345675	MATCH	h/18	Hymn: How faithful and trustworthy too	Y	https://www.hymnal.net/Hymns/Hymnal/midi/e0018_full.mid https://www.hymnal.net/Hymns/Hymnal/midi/e0018_i.mid https://www.hymnal.net/Hymns/Hymnal/midi/tunes/e0018_tune.midi
E180	54515354243	54515354243	MATCH	h/180	Hymn: Jesus, our Lord, with what joy we adore Thee	Y	https://www.hymnal.net/Hymns/Hymnal/midi/e0180_i.mid https://www.hymnal.net/Hymns/Hymnal/midi/tunes/e0180_tune.midi
E181	555565617671	555565617671	MATCH	h/181	Hymn: Tis the Church triumphant singing	Y	https://www.hymnal.net/Hymns/Hymnal/midi/e0181_i.mid https://www.hymnal.net/Hymns/Hymnal/midi/tunes/e0181_tune.midi
E182	133217122123423212	133217122123423212	MATCH	h/182	Hymn: Jesus, Thou alone art worthy	Y	https://www.hymnal.net/Hymns/Hymnal/midi/e0182_i.mid https://www.hymnal.net/Hymns/Hymnal/midi/tunes/e0182_tune.midi
E183	512316713251765	512316713251765	MATCH	h/183	Hymn: Come, let us join our cheerful songs	Y	https://www.hymnal.net/Hymns/Hymnal/midi/e0133_i.mid https://www.hymnal.net/Hymns/Hymnal/midi/tunes/e0183_tune.midi
E184	1345671765	1345671765	MATCH	h/184	Hymn: Come, let us sing the song of songs	Y	https://www.hymnal.net/Hymns/Hymnal/midi/e0145_i.mid https://www.hymnal.net/Hymns/Hymnal/midi/tunes/e0184_tune.midi
E185	5653121656532	5653121656532	MATCH	h/185	Hymn: Blessed Lord, our hallelujahs	Y	https://www.hymnal.net/Hymns/Hymnal/midi/e0185_i.mid https://www.hymnal.net/Hymns/Hymnal/midi/tunes/e0185_tune.midi
E186	531532156651543	531532156651543	MATCH	h/186	Hymn: Glory be to Him who loved us	Y	https://www.hymnal.net/Hymns/Hymnal/midi/e0009_i.mid https://www.hymnal.net/Hymns/Hymnal/midi/tunes/e0186_tune.midi
E187	354332215567132	354332215567132	MATCH	h/187	Hymn: O Lord, how rich Thou art to us	Y	https://www.hymnal.net/Hymns/Hymnal/midi/e0187_full.mid https://www.hymnal.net/Hymns/Hymnal/midi/e0187_i.mid https://www.hymnal.net/Hymns/Hymnal/midi/tunes/e0187_tune.midi
E188	354332215567132	354332215567132	MATCH	h/188	Hymn: Dear Lord, Thou art the Son of God	Y	https://www.hymnal.net/Hymns/Hymnal/midi/e0187_i.mid https://www.hymnal.net/Hymns/Hymnal/midi/e0188_full.mid https://www.hymnal.net/Hymns/Hymnal/midi/tunes/e0188_tune.midi
E189	5565354446523	5565354446523	MATCH	h/189	Hymn: Thou art the Son beloved	Y	https://www.hymnal.net/Hymns/Hymnal/midi/e0042_i.mid https://www.hymnal.net/Hymns/Hymnal/midi/e0189_full.mid https://www.hymnal.net/Hymns/Hymnal/midi/tunes/e0189_tune.midi
E19	33332244443	33332244443	MATCH	h/19	Hymn: Great is Thy faithfulness	Y	https://www.hymnal.net/Hymns/Hymnal/midi/e0019_full.mid https://www.hymnal.net/Hymns/Hymnal/midi/e0019_i.mid https://www.hymnal.net/Hymns/Hymnal/midi/tunes/e0019_tune.midi
E190	5517126217121231	5517126217121231	MATCH	h/190	Hymn: O Lord, as we consider Thee	Y	https://www.hymnal.net/Hymns/Hymnal/midi/e0190_full.mid https://www.hymnal.net/Hymns/Hymnal/midi/e0190_i.mid https://www.hymnal.net/Hymns/Hymnal/midi/tunes/e0190_tune.midi
E191	11113221122224332	11113221122224332	MATCH	h/191	Hymn: Lord, Thou art the Seed of woman	Y	https://www.hymnal.net/Hymns/Hymnal/midi/e0191_full.mid https://www.hymnal.net/Hymns/Hymnal/midi/e0191_i.mid https://www.hymnal.net/Hymns/Hymnal/midi/tunes/e0191_tune.midi
E192	131531765432	131531765432	MATCH	h/192	Hymn: We come, O Christ, to Thee	Y	https://www.hymnal.net/Hymns/Hymnal/midi/e0080_i.mid https://www.hymnal.net/Hymns/Hymnal/midi/e0192_full.mid https://www.hymnal.net/Hymns/Hymnal/midi/tunes/e0192_tune.midi
E193	53721656556711232	53721656556711232	MATCH	h/193	Hymn: Dear Lord, Thou art so much to us	Y	https://www.hymnal.net/Hymns/Hymnal/midi/e0193_full.mid https://www.hymnal.net/Hymns/Hymnal/midi/e0193_i.mid https://www.hymnal.net/Hymns/Hymnal/midi/tunes/e0193_tune.midi
E194	55431766653543	55431766653543	MATCH	h/194	Hymn: Thou art God’s testimony, Lord	Y	https://www.hymnal.net/Hymns/Hymnal/midi/e0194_full.mid https://www.hymnal.net/Hymns/Hymnal/midi/e0194_i.mid https://www.hymnal.net/Hymns/Hymnal/midi/tunes/e0194_tune.midi
E195	5565354446523	5565354446523	MATCH	h/195	Hymn: Lord, Thou art all the offerings	Y	https://www.hymnal.net/Hymns/Hymnal/midi/e0042_i.mid https://www.hymnal.net/Hymns/Hymnal/midi/e0195_full.mid https://www.hymnal.net/Hymns/Hymnal/midi/tunes/e0195_tune.midi
E196	11113221122224332	11113221122224332	MATCH	h/196	Hymn: Lord, the ancient types and symbols	Y	https://www.hymnal.net/Hymns/Hymnal/midi/e0191_i.mid https://www.hymnal.net/Hymns/Hymnal/midi/e0196_full.mid https://www.hymnal.net/Hymns/Hymnal/midi/tunes/e0196_tune.midi
E197	532177615	532177615	MATCH	h/197	Hymn: How all-inclusive, Lord, Thou art	Y	https://www.hymnal.net/Hymns/Hymnal/midi/e0197_full.mid https://www.hymnal.net/Hymns/Hymnal/midi/e0197_i.mid https://www.hymnal.net/Hymns/Hymnal/midi/tunes/e0197_tune.midi
E198	5342542171	5342542171	MATCH	h/198	Hymn: Dear Lord, Thou art the Tree of Life	Y	https://www.hymnal.net/Hymns/Hymnal/midi/e0198_full.mid https://www.hymnal.net/Hymns/Hymnal/midi/e0198_i.mid https://www.hymnal.net/Hymns/Hymnal/midi/tunes/e0198_tune.midi
E199	332134535234323	332134535234323	MATCH	h/199	Hymn: Thou art the Rock everlasting	Y	https://www.hymnal.net/Hymns/Hymnal/midi/e0199_full.mid https://www.hymnal.net/Hymns/Hymnal/midi/e0199_i.mid https://www.hymnal.net/Hymns/Hymnal/midi/tunes/e0199_tune.midi
E2	551232123532	551232123532	MATCH	h/2	Hymn: Glory, glory, glory, praise and adoration	Y	https://www.hymnal.net/Hymns/Hymnal/midi/e0002_full.mid https://www.hymnal.net/Hymns/Hymnal/midi/e0002_i.mid https://www.hymnal.net/Hymns/Hymnal/midi/tunes/e0002_tune.midi
E20	12324327165432315	12324327165432315	MATCH	h/20	Hymn: God our Father, we adore Thee	Y	https://www.hymnal.net/Hymns/Hymnal/midi/e0020_full.mid https://www.hymnal.net/Hymns/Hymnal/midi/e0020_i.mid https://www.hymnal.net/Hymns/Hymnal/midi/tunes/e0020_tune.midi
E200	532177615	532177615	MATCH	h/200	Hymn: Thou art the Sun of righteousness	Y	https://www.hymnal.net/Hymns/Hymnal/midi/e0200_full.mid https://www.hymnal.net/Hymns/Hymnal/midi/e0200_i.mid https://www.hymnal.net/Hymns/Hymnal/midi/tunes/e0200_tune.midi
E201	5565565321	5565565321	MATCH	h/201	Hymn: O Lord, Thou art our Paraclete	Y	https://www.hymnal.net/Hymns/Hymnal/midi/e0071_i.mid https://www.hymnal.net/Hymns/Hymnal/midi/e0201_full.mid https://www.hymnal.net/Hymns/Hymnal/midi/tunes/e0201_tune.midi
E202	5565354446523	5565354446523	MATCH	h/202	Hymn: O Lord, Thou art the Alpha	Y	https://www.hymnal.net/Hymns/Hymnal/midi/e0042_i.mid https://www.hymnal.net/Hymns/Hymnal/midi/e0202_full.mid https://www.hymnal.net/Hymns/Hymnal/midi/tunes/e0202_tune.midi
E203	333211121655113212	333211121655113212	MATCH	h/203	Hymn: In the bosom of the Father	Y	https://www.hymnal.net/Hymns/Hymnal/midi/e0203_full.mid https://www.hymnal.net/Hymns/Hymnal/midi/e0203_i.mid https://www.hymnal.net/Hymns/Hymnal/midi/tunes/e0203_tune.midi
E204	566551171655676225	566551171655676225	MATCH	h/204	Hymn: Gathered in Thy name, Lord Jesus	Y	https://www.hymnal.net/Hymns/Hymnal/midi/e0204_i.mid https://www.hymnal.net/Hymns/Hymnal/midi/tunes/e0204_tune.midi
E205	33343222554311765	33343222554311765	MATCH	h/205	Hymn: Jesus, Thou Joy of loving hearts	Y	https://www.hymnal.net/Hymns/Hymnal/midi/e0205_i.mid https://www.hymnal.net/Hymns/Hymnal/midi/tunes/e0205_tune.midi
E206	3332211144342	3332211144342	MATCH	h/206	Hymn: O Christ, He is the fountain	Y	https://www.hymnal.net/Hymns/Hymnal/midi/e0169_i.mid https://www.hymnal.net/Hymns/Hymnal/midi/tunes/e0206_tune.midi
E207	512321356543	512321356543	MATCH	h/207	Hymn: Lord Jesus! when we think of Thee	Y	https://www.hymnal.net/Hymns/Hymnal/midi/e0207_i.mid https://www.hymnal.net/Hymns/Hymnal/midi/tunes/e0207_tune.midi
E208	333335515644565	333335515644565	MATCH	h/208	Hymn: O Jesus, Jesus, dearest Lord	Y	https://www.hymnal.net/Hymns/Hymnal/midi/e0208_full.mid https://www.hymnal.net/Hymns/Hymnal/midi/e0208_i.mid https://www.hymnal.net/Hymns/Hymnal/midi/tunes/e0208_tune.midi
E209	33323471	33323471	MATCH	h/209	Hymn: Jesus, the very thought of Thee	Y	https://www.hymnal.net/Hymns/Hymnal/midi/e0209_i.mid https://www.hymnal.net/Hymns/Hymnal/midi/tunes/e0209_tune.midi
E21	13332555	13332555	MATCH	h/21	Hymn: We praise Thee for Thy righteousness	Y	https://www.hymnal.net/Hymns/Hymnal/midi/e0021_full.mid https://www.hymnal.net/Hymns/Hymnal/midi/e0021_i.mid https://www.hymnal.net/Hymns/Hymnal/midi/tunes/e0021_tune.midi
E210	34556553121165	34556553121165	MATCH	h/210	Hymn: I’ve found a friend in Jesus, He’s everything to me	Y	https://www.hymnal.net/Hymns/Hymnal/midi/e0210_i.mid https://www.hymnal.net/Hymns/Hymnal/midi/tunes/e0210_tune.midi
E211	1345671765	1345671765	MATCH	h/211	Hymn: Jesus, my Savior! Thou art mine	Y	https://www.hymnal.net/Hymns/Hymnal/midi/e0145_i.mid https://www.hymnal.net/Hymns/Hymnal/midi/tunes/e0211_tune.midi
E212	3324321123	3324321123	MATCH	h/212	Hymn: Lord Jesus, gladly do our lips express	Y	https://www.hymnal.net/Hymns/Hymnal/midi/e0212_i.mid https://www.hymnal.net/Hymns/Hymnal/midi/tunes/e0212_tune.midi
E213	12333331122771	12333331122771	MATCH	h/213	Hymn: On that same night, Lord Jesus	Y	https://www.hymnal.net/Hymns/Hymnal/midi/e0213_i.mid https://www.hymnal.net/Hymns/Hymnal/midi/tunes/e0213_tune.midi
E214	12321776623432117	12321776623432117	MATCH	h/214	Hymn: According to Thy gracious word	Y	https://www.hymnal.net/Hymns/Hymnal/midi/e0214_i.mid https://www.hymnal.net/Hymns/Hymnal/midi/tunes/e0214_tune.midi
E215	321135223565321	321135223565321	MATCH	h/215	Hymn: Jesus, Lord, we know Thee present	Y	https://www.hymnal.net/Hymns/Hymnal/midi/e0215_i.mid https://www.hymnal.net/Hymns/Hymnal/midi/tunes/e0215_tune.midi
E216	55132165551312	55132165551312	MATCH	h/216	Hymn: Around Thy table, holy Lord	Y	https://www.hymnal.net/Hymns/Hymnal/midi/e0216_i.mid https://www.hymnal.net/Hymns/Hymnal/midi/tunes/e0216_tune.midi
E217	3343211744523	3343211744523	MATCH	h/217	Hymn: On that night of nights most solemn	Y	https://www.hymnal.net/Hymns/Hymnal/midi/e0217_i.mid https://www.hymnal.net/Hymns/Hymnal/midi/tunes/e0217_tune.midi
E218	33543212671	33543212671	MATCH	h/218	Hymn: As gathered in Thy precious name	Y	https://www.hymnal.net/Hymns/Hymnal/midi/e0038_i.mid https://www.hymnal.net/Hymns/Hymnal/midi/tunes/e0218_tune.midi
E219	5565117123	5565117123	MATCH	h/219	Hymn: Lord Jesus Christ, we would remember Thee	Y	https://www.hymnal.net/Hymns/Hymnal/midi/e0219_i.mid https://www.hymnal.net/Hymns/Hymnal/midi/tunes/e0219_tune.midi
E22	536176531123565	536176531123565	MATCH	h/22	Hymn: Holy Father, we adore Thee	Y	https://www.hymnal.net/Hymns/Hymnal/midi/e0022_full.mid https://www.hymnal.net/Hymns/Hymnal/midi/e0022_i.mid https://www.hymnal.net/Hymns/Hymnal/midi/tunes/e0022_tune.midi
E220	5565565321	5565565321	MATCH	h/220	Hymn: When on Thy table, Lord, we gaze	Y	https://www.hymnal.net/Hymns/Hymnal/midi/e0071_i.mid https://www.hymnal.net/Hymns/Hymnal/midi/e0201_full.mid https://www.hymnal.net/Hymns/Hymnal/midi/tunes/e0220_tune.midi
E221	546553543243321	546553543243321	MATCH	h/221	Hymn: Lord, we thank Thee for the table	Y	https://www.hymnal.net/Hymns/Hymnal/midi/e0062_i.mid https://www.hymnal.net/Hymns/Hymnal/midi/e0221_full.mid https://www.hymnal.net/Hymns/Hymnal/midi/tunes/e0221_tune.midi
E222	54351527543	54351527543	MATCH	h/222	Hymn: Dear Lord, we thank Thee for this bread	Y	https://www.hymnal.net/Hymns/Hymnal/midi/e0056_i.mid https://www.hymnal.net/Hymns/Hymnal/midi/e0222_full.mid https://www.hymnal.net/Hymns/Hymnal/midi/tunes/e0222_tune.midi
E223	324332116165132	324332116165132	MATCH	h/223	Hymn: On the table of Thy love	Y	https://www.hymnal.net/Hymns/Hymnal/midi/e0223_full.mid https://www.hymnal.net/Hymns/Hymnal/midi/e0223_i.mid https://www.hymnal.net/Hymns/Hymnal/midi/tunes/e0223_tune.midi
E224	33531233353123	33531233353123	MATCH	h/224	Hymn: As we’re sharing of the cup	Y	https://www.hymnal.net/Hymns/Hymnal/midi/e0224_full.mid https://www.hymnal.net/Hymns/Hymnal/midi/e0224_i.mid https://www.hymnal.net/Hymns/Hymnal/midi/tunes/e0224_tune.midi
E225	3123543321	3123543321	MATCH	h/225	Hymn: Here, O my Lord, I see Thee face to face	Y	https://www.hymnal.net/Hymns/Hymnal/midi/e0225_i.mid https://www.hymnal.net/Hymns/Hymnal/midi/tunes/e0225_tune.midi
E226	33335432222432	33335432222432	MATCH	h/226	Hymn: For the bread and for the wine	Y	https://www.hymnal.net/Hymns/Hymnal/midi/e0226_i.mid https://www.hymnal.net/Hymns/Hymnal/midi/tunes/e0226_tune.midi
E227	546553543243321	546553543243321	MATCH	h/227	Hymn: Through the bread and cup, Lord Jesus	Y	https://www.hymnal.net/Hymns/Hymnal/midi/e0062_i.mid https://www.hymnal.net/Hymns/Hymnal/midi/e0227_full.mid https://www.hymnal.net/Hymns/Hymnal/midi/tunes/e0227_tune.midi
E228	123343323211253	123343323211253	MATCH	h/228	Hymn: Sweet feast of love divine	Y	https://www.hymnal.net/Hymns/Hymnal/midi/e0228_i.mid https://www.hymnal.net/Hymns/Hymnal/midi/tunes/e0228_tune.midi
E229	5651326765113262	5651326765113262	MATCH	h/229	Hymn: Gathered round Thyself, Lord Jesus	Y	https://www.hymnal.net/Hymns/Hymnal/midi/e0229_i.mid https://www.hymnal.net/Hymns/Hymnal/midi/tunes/e0229_tune.midi
E23	55335522345675	55335522345675	MATCH	h/23	Hymn: In all Thy wisdom, Father God	Y	https://www.hymnal.net/Hymns/Hymnal/midi/e0018_i.mid https://www.hymnal.net/Hymns/Hymnal/midi/e0023_full.mid https://www.hymnal.net/Hymns/Hymnal/midi/tunes/e0023_tune.midi
E230	55132165551312	55132165551312	MATCH	h/230	Hymn: Lord Jesus, in Thy precious name	Y	https://www.hymnal.net/Hymns/Hymnal/midi/e0216_i.mid https://www.hymnal.net/Hymns/Hymnal/midi/tunes/e0230_tune.midi
E231	532156517	532156517	MATCH	h/231	Hymn: Amidst us our Beloved stands	Y	https://www.hymnal.net/Hymns/Hymnal/midi/e0231_i.mid https://www.hymnal.net/Hymns/Hymnal/midi/tunes/e0231_tune.midi
E232	33211443554313212	33211443554313212	MATCH	h/232	Hymn: By Christ redeemed, in Christ restored	Y	https://www.hymnal.net/Hymns/Hymnal/midi/e0232_i.mid https://www.hymnal.net/Hymns/Hymnal/midi/tunes/e0232_tune.midi
E233	13455671	13455671	MATCH	h/233	Hymn: O what a miracle, my Lord	Y	https://www.hymnal.net/Hymns/Hymnal/midi/e0088_i.mid https://www.hymnal.net/Hymns/Hymnal/midi/e0233_full.mid https://www.hymnal.net/Hymns/Hymnal/midi/tunes/e0233_tune.midi
E234	55555566655112	55555566655112	MATCH	h/234	Hymn: Who is He in yonder stall	Y	https://www.hymnal.net/Hymns/Hymnal/midi/e0234_i.mid https://www.hymnal.net/Hymns/Hymnal/midi/tunes/e0234_tune.midi
E235	351323217651	351323217651	MATCH	h/235	Hymn: Praise Him! praise Him! Jesus, our blessed Redeemer	Y	https://www.hymnal.net/Hymns/Hymnal/midi/e0235_i.mid https://www.hymnal.net/Hymns/Hymnal/midi/tunes/e0235_tune.midi
E236	353171234325765	353171234325765	MATCH	h/236	Hymn: Lamb of God! our souls adore Thee	Y	https://www.hymnal.net/Hymns/Hymnal/midi/e0236_i.mid https://www.hymnal.net/Hymns/Hymnal/midi/tunes/e0236_tune.midi
E237	3554431223	3554431223	MATCH	h/237	Hymn: Amazing words!—He ’gave Himself for me	Y	https://www.hymnal.net/Hymns/Hymnal/midi/e0237_i.mid https://www.hymnal.net/Hymns/Hymnal/midi/tunes/e0237_tune.midi
E238	3456176567132	3456176567132	MATCH	h/238	Hymn: When morning gilds the skies	Y	https://www.hymnal.net/Hymns/Hymnal/midi/e0238_i.mid https://www.hymnal.net/Hymns/Hymnal/midi/tunes/e0238_tune.midi
E239	5543215511223	5543215511223	MATCH	h/239	Hymn: Ten thousand thanks to Jesus	Y	https://www.hymnal.net/Hymns/Hymnal/midi/e0239_i.mid https://www.hymnal.net/Hymns/Hymnal/midi/tunes/e0239_tune.midi
E24	51133212321321	51133212321321	MATCH	h/24	Hymn: O God, in Christ all focused is	Y	https://www.hymnal.net/Hymns/Hymnal/midi/e0024_full.mid https://www.hymnal.net/Hymns/Hymnal/midi/e0024_i.mid https://www.hymnal.net/Hymns/Hymnal/midi/tunes/e0024_tune.midi
E240	1231345364534231	1231345364534231	MATCH	h/240	Hymn: Glory, honor, praise and power	Y	https://www.hymnal.net/Hymns/Hymnal/midi/e0240_i.mid https://www.hymnal.net/Hymns/Hymnal/midi/tunes/e0240_tune.midi
E241	5556665531	5556665531	MATCH	h/241	Hymn: Blessing and honor and glory be Thine	Y	https://www.hymnal.net/Hymns/Hymnal/midi/e0241_i.mid https://www.hymnal.net/Hymns/Hymnal/midi/tunes/e0241_tune.midi
E242	511112321	511112321	MATCH	h/242	Hymn: The Spirit of God today	Y	https://www.hymnal.net/Hymns/Hymnal/midi/e0242_full.mid https://www.hymnal.net/Hymns/Hymnal/midi/e0242_i.mid https://www.hymnal.net/Hymns/Hymnal/midi/tunes/e0242_tune.midi
E243	5512312123	5512312123	MATCH	h/243	Hymn: God’s Spirit is of Christ today	Y	https://www.hymnal.net/Hymns/Hymnal/midi/e0243_full.mid https://www.hymnal.net/Hymns/Hymnal/midi/e0243_i.mid https://www.hymnal.net/Hymns/Hymnal/midi/tunes/e0243_tune.midi
E244	1323343445176655	1323343445176655	MATCH	h/244	Hymn: The Holy Spirit is today	Y	https://www.hymnal.net/Hymns/Hymnal/midi/e0244_full.mid https://www.hymnal.net/Hymns/Hymnal/midi/e0244_i.mid https://www.hymnal.net/Hymns/Hymnal/midi/tunes/e0244_tune.midi
E245	556535112161	556535112161	MATCH	h/245	Hymn: Oh, spread the tidings ’round, wherever man is found	Y	https://www.hymnal.net/Hymns/Hymnal/midi/e0245_i.mid https://www.hymnal.net/Hymns/Hymnal/midi/tunes/e0245_tune.midi
E246	34511321617653512	34511321617653512	MATCH	h/246	Hymn: Joys are flowing like a river	Y	https://www.hymnal.net/Hymns/Hymnal/midi/e0246_i.mid https://www.hymnal.net/Hymns/Hymnal/midi/tunes/e0246_tune.midi
E247	11123443513345	11123443513345	MATCH	h/247	Hymn: Our blest Redeemer ere He breathed	Y	https://www.hymnal.net/Hymns/Hymnal/midi/e0247_i.mid https://www.hymnal.net/Hymns/Hymnal/midi/tunes/e0247_tune.midi
E248	53216153652	53216153652	MATCH	h/248	Hymn: Fainting in the desert	Y	https://www.hymnal.net/Hymns/Hymnal/midi/e0248_i.mid https://www.hymnal.net/Hymns/Hymnal/midi/tunes/e0248_tune.midi
E249	321543217132	321543217132	MATCH	h/249	Hymn: Flow through me, Lord, a weak and earthly vessel	Y	https://www.hymnal.net/Hymns/Hymnal/midi/e0249_i.mid https://www.hymnal.net/Hymns/Hymnal/midi/tunes/e0249_tune.midi
E25	512332161651712	512332161651712	MATCH	h/25	Hymn: Father, to us Thy mercy Thou hast shown	Y	https://www.hymnal.net/Hymns/Hymnal/midi/e0025_full.mid https://www.hymnal.net/Hymns/Hymnal/midi/e0025_i.mid https://www.hymnal.net/Hymns/Hymnal/midi/tunes/e0025_tune.midi
E250	323431234543	323431234543	MATCH	h/250	Hymn: Spring up, well, with water	Y	https://www.hymnal.net/Hymns/Hymnal/midi/e0250_full.mid https://www.hymnal.net/Hymns/Hymnal/midi/e0250_i.mid https://www.hymnal.net/Hymns/Hymnal/midi/tunes/e0250_tune.midi
E251	343267151216712	343267151216712	MATCH	h/251	Hymn: Rivers of living water	Y	https://www.hymnal.net/Hymns/Hymnal/midi/e0251_i.mid https://www.hymnal.net/Hymns/Hymnal/midi/tunes/e0251_tune.midi
E252	33155311765	33155311765	MATCH	h/252	Hymn: Thou Breath from still eternity	Y	https://www.hymnal.net/Hymns/Hymnal/midi/e0252_i.mid https://www.hymnal.net/Hymns/Hymnal/midi/tunes/e0252_tune.midi
E253	333413543232	333413543232	MATCH	h/253	Hymn: Breathe on us, Lord of life	Y	https://www.hymnal.net/Hymns/Hymnal/midi/e0111_i.mid https://www.hymnal.net/Hymns/Hymnal/midi/tunes/e0253_tune.midi
E254	33333543117123212	33333543117123212	MATCH	h/254	Hymn: O Lord of life, breathe on us now	Y	https://www.hymnal.net/Hymns/Hymnal/midi/e0254_i.mid https://www.hymnal.net/Hymns/Hymnal/midi/tunes/e0254_tune.midi
E255	555316533342543	555316533342543	MATCH	h/255	Hymn: O Lord, breathe Thy Spirit on me	Y	https://www.hymnal.net/Hymns/Hymnal/midi/e0255_i.mid https://www.hymnal.net/Hymns/Hymnal/midi/tunes/e0255_tune.midi
E256	561333321444	561333321444	MATCH	h/256	Hymn: Oh, blow upon us, Lord, while here we wait on Thee	Y	https://www.hymnal.net/Hymns/Hymnal/midi/e0256_full.mid https://www.hymnal.net/Hymns/Hymnal/midi/e0256_i.mid https://www.hymnal.net/Hymns/Hymnal/midi/tunes/e0256_tune.midi
E257	53455655323453	53455655323453	MATCH	h/257	Hymn: Lord, may Thy Wind of heaven blow	Y	https://www.hymnal.net/Hymns/Hymnal/midi/e0257_full.mid https://www.hymnal.net/Hymns/Hymnal/midi/e0257_i.mid https://www.hymnal.net/Hymns/Hymnal/midi/tunes/e0257_tune.midi
E258	5565117123	5565117123	MATCH	h/258	Hymn: With one accord within an upper room	Y	https://www.hymnal.net/Hymns/Hymnal/midi/e0219_i.mid https://www.hymnal.net/Hymns/Hymnal/midi/tunes/e0258_tune.midi
E259	345143322342171	345143322342171	MATCH	h/259	Hymn: Lord, I hear of show’rs of blessing	Y	https://www.hymnal.net/Hymns/Hymnal/midi/e0259_i.mid https://www.hymnal.net/Hymns/Hymnal/midi/tunes/e0259_tune.midi
E26	323154532124321	323154532124321	MATCH	h/26	Hymn: God, we praise Thee for Thy mercy	Y	https://www.hymnal.net/Hymns/Hymnal/midi/e0026_full.mid https://www.hymnal.net/Hymns/Hymnal/midi/e0026_i.mid https://www.hymnal.net/Hymns/Hymnal/midi/tunes/e0026_tune.midi
E260	555567157777121	555567157777121	MATCH	h/260	Hymn: There shall be showers of blessing	Y	https://www.hymnal.net/Hymns/Hymnal/midi/e0260_i.mid https://www.hymnal.net/Hymns/Hymnal/midi/tunes/e0260_tune.midi
E261	33344543234514321	33344543234514321	MATCH	h/261	Hymn: Praise waiteth Thee in mercy’s court	Y	https://www.hymnal.net/Hymns/Hymnal/midi/e0261_i.mid https://www.hymnal.net/Hymns/Hymnal/midi/tunes/e0261_tune.midi
E262	55172133425231	55172133425231	MATCH	h/262	Hymn: Come, Lord, as the Spirit come	Y	https://www.hymnal.net/Hymns/Hymnal/midi/e0262_i.mid https://www.hymnal.net/Hymns/Hymnal/midi/tunes/e0262_tune.midi
E263	133345561165	133345561165	MATCH	h/263	Hymn: God sent His mighty pow’r	Y	https://www.hymnal.net/Hymns/Hymnal/midi/e0263_i.mid https://www.hymnal.net/Hymns/Hymnal/midi/tunes/e0263_tune.midi
E264	51122321566165	51122321566165	MATCH	h/264	Hymn: Jesus, Thine all-victorious love	Y	https://www.hymnal.net/Hymns/Hymnal/midi/e0177_i.mid https://www.hymnal.net/Hymns/Hymnal/midi/tunes/e0264_tune.midi
E265	31555117136714332	31555117136714332	MATCH	h/265	Hymn: Where the sprinkling of the blood is	Y	https://www.hymnal.net/Hymns/Hymnal/midi/e0265_full.mid https://www.hymnal.net/Hymns/Hymnal/midi/e0265_i.mid https://www.hymnal.net/Hymns/Hymnal/midi/tunes/e0265_tune.midi
E266	3556121332354671	3556121332354671	MATCH	h/266	Hymn: Divine anointing in me dwelleth	Y	https://www.hymnal.net/Hymns/Hymnal/midi/e0266_full.mid https://www.hymnal.net/Hymns/Hymnal/midi/e0266_i.mid https://www.hymnal.net/Hymns/Hymnal/midi/tunes/e0266_tune.midi
E267	332156123456532	332156123456532	MATCH	h/267	Hymn: Fill me with Thy gracious Spirit	Y	https://www.hymnal.net/Hymns/Hymnal/midi/e0267_i.mid https://www.hymnal.net/Hymns/Hymnal/midi/tunes/e0267_tune.midi
E268	513161655171232	513161655171232	MATCH	h/268	Hymn: How I praise Thee, precious Savior	Y	https://www.hymnal.net/Hymns/Hymnal/midi/e0268_i.mid https://www.hymnal.net/Hymns/Hymnal/midi/tunes/e0268_tune.midi
E269	3332344444432555	3332344444432555	MATCH	h/269	Hymn: O Lord, with Thy Holy Ghost	Y	https://www.hymnal.net/Hymns/Hymnal/midi/e0269_i.mid https://www.hymnal.net/Hymns/Hymnal/midi/tunes/e0269_tune.midi
E27	1355517615543432	1355517615543432	MATCH	h/27	Hymn: Come, let us all unite to sing	Y	https://www.hymnal.net/Hymns/Hymnal/midi/e0027_full.mid https://www.hymnal.net/Hymns/Hymnal/midi/e0027_i.mid https://www.hymnal.net/Hymns/Hymnal/midi/tunes/e0027_tune.midi
E270	3334365443	3334365443	MATCH	h/270	Hymn: Lord, in Thy Spirit, take and fill my heart	Y	https://www.hymnal.net/Hymns/Hymnal/midi/e0050_i.mid https://www.hymnal.net/Hymns/Hymnal/midi/tunes/e0270_tune.midi
E271	333211121655113212	333211121655113212	MATCH	h/271	Hymn: Of the Spirit born in spirit	Y	https://www.hymnal.net/Hymns/Hymnal/midi/e0203_i.mid https://www.hymnal.net/Hymns/Hymnal/midi/e0271_full.mid https://www.hymnal.net/Hymns/Hymnal/midi/tunes/e0271_tune.midi
E272	5553231555465443	5553231555465443	MATCH	h/272	Hymn: Christ indeed was born of Spirit	Y	https://www.hymnal.net/Hymns/Hymnal/midi/e0272_full.mid https://www.hymnal.net/Hymns/Hymnal/midi/e0272_i.mid https://www.hymnal.net/Hymns/Hymnal/midi/tunes/e0272_tune.midi
E273	5534564321	5534564321	MATCH	h/273	Hymn: Lord, we come to Thee, and with liberty	Y	https://www.hymnal.net/Hymns/Hymnal/midi/e0273_full.mid https://www.hymnal.net/Hymns/Hymnal/midi/e0273_i.mid https://www.hymnal.net/Hymns/Hymnal/midi/tunes/e0273_tune.midi
E274	565351216771231765	565351216771231765	MATCH	h/274	Hymn: O Lord, we seek the power we need	Y	https://www.hymnal.net/Hymns/Hymnal/midi/e0274_i.mid https://www.hymnal.net/Hymns/Hymnal/midi/tunes/e0274_tune.midi
E275	13332111322543	13332111322543	MATCH	h/275	Hymn: Thy Holy Spirit, Lord, alone	Y	https://www.hymnal.net/Hymns/Hymnal/midi/e0275_i.mid https://www.hymnal.net/Hymns/Hymnal/midi/tunes/e0275_tune.midi
E276	3332122216	3332122216	MATCH	h/276	Hymn: What a blessed fact! What a tiding glad	Y	https://www.hymnal.net/Hymns/Hymnal/midi/e0276_full.mid https://www.hymnal.net/Hymns/Hymnal/midi/e0276_i.mid https://www.hymnal.net/Hymns/Hymnal/midi/tunes/e0276_tune.midi
E277	531532156651543	531532156651543	MATCH	h/277	Hymn: Christ the Savior hath ascended	Y	https://www.hymnal.net/Hymns/Hymnal/midi/e0009_i.mid https://www.hymnal.net/Hymns/Hymnal/midi/e0277_full.mid https://www.hymnal.net/Hymns/Hymnal/midi/tunes/e0277_tune.midi
E278	51123321271	51123321271	MATCH	h/278	Hymn: The Spirit of life is within us today	Y	https://www.hymnal.net/Hymns/Hymnal/midi/e0278_i.mid https://www.hymnal.net/Hymns/Hymnal/midi/tunes/e0278_tune.midi
E279	333232153322543	333232153322543	MATCH	h/279	Hymn: Through the Cross, O Lord, I pray	Y	https://www.hymnal.net/Hymns/Hymnal/midi/e0279_full.mid https://www.hymnal.net/Hymns/Hymnal/midi/e0279_i.mid https://www.hymnal.net/Hymns/Hymnal/midi/tunes/e0279_tune.midi
E28	11235655355324323	11235655355324323	MATCH	h/28	Hymn: The love of God is greater far	Y	https://www.hymnal.net/Hymns/Hymnal/midi/e0028_full.mid https://www.hymnal.net/Hymns/Hymnal/midi/e0028_i.mid https://www.hymnal.net/Hymns/Hymnal/midi/tunes/e0028_tune.midi
E280	5556354444523	5556354444523	MATCH	h/280	Hymn: Oh, from myself deliver	Y	https://www.hymnal.net/Hymns/Hymnal/midi/e0280_full.mid https://www.hymnal.net/Hymns/Hymnal/midi/e0280_i.mid https://www.hymnal.net/Hymns/Hymnal/midi/tunes/e0280_tune.midi
E281	111513543	111513543	MATCH	h/281	Hymn: Lord, the Spirit, Truth divine	Y	https://www.hymnal.net/Hymns/Hymnal/midi/e0281_i.mid https://www.hymnal.net/Hymns/Hymnal/midi/tunes/e0281_tune.midi
E282	56513321111712322	56513321111712322	MATCH	h/282	Hymn: Lord of light, with light divine	Y	https://www.hymnal.net/Hymns/Hymnal/midi/e0282_i.mid https://www.hymnal.net/Hymns/Hymnal/midi/tunes/e0282_tune.midi
E283	345143322342171	345143322342171	MATCH	h/283	Hymn: Lord, Thou knowest all the hunger	Y	https://www.hymnal.net/Hymns/Hymnal/midi/e0283_i.mid https://www.hymnal.net/Hymns/Hymnal/midi/tunes/e0283_tune.midi
E284	12334433455432	12334433455432	MATCH	h/284	Hymn: Loved with everlasting love	Y	https://www.hymnal.net/Hymns/Hymnal/midi/e0284_i.mid https://www.hymnal.net/Hymns/Hymnal/midi/tunes/e0284_tune.midi
E285	333413543232	333413543232	MATCH	h/285	Hymn: Come and rejoice with me	Y	https://www.hymnal.net/Hymns/Hymnal/midi/e0111_i.mid https://www.hymnal.net/Hymns/Hymnal/midi/tunes/e0285_tune.midi
E286	5517653451567	5517653451567	MATCH	h/286	Hymn: Of Jesus’ love that sought me	Y	https://www.hymnal.net/Hymns/Hymnal/midi/e0286_i.mid https://www.hymnal.net/Hymns/Hymnal/midi/tunes/e0286_tune.midi
E287	536353671675	536353671675	MATCH	h/287	Hymn: Jesus, Jesus, Jesus	Y	https://www.hymnal.net/Hymns/Hymnal/midi/e0287_i.mid https://www.hymnal.net/Hymns/Hymnal/midi/tunes/e0287_tune.midi
E288	553343221765651	553343221765651	MATCH	h/288	Hymn: I’ve found a Friend, oh, such a Friend	Y	https://www.hymnal.net/Hymns/Hymnal/midi/e0288_i.mid https://www.hymnal.net/Hymns/Hymnal/midi/tunes/e0288_tune.midi
E289	5516534516765	5516534516765	MATCH	h/289	Hymn: I stand all amazed at the love Jesus offers me	Y	https://www.hymnal.net/Hymns/Hymnal/midi/e0289_i.mid https://www.hymnal.net/Hymns/Hymnal/midi/tunes/e0289_tune.midi
E29	513234316714332	513234316714332	MATCH	h/29	Hymn: What was it, blessed God	Y	https://www.hymnal.net/Hymns/Hymnal/midi/e0029_full.mid https://www.hymnal.net/Hymns/Hymnal/midi/e0029_i.mid https://www.hymnal.net/Hymns/Hymnal/midi/tunes/e0029_tune.midi
E290	553512311777121	553512311777121	MATCH	h/290	Hymn: I stand amazed in the presence	Y	https://www.hymnal.net/Hymns/Hymnal/midi/e0290_i.mid https://www.hymnal.net/Hymns/Hymnal/midi/tunes/e0290_tune.midi
E291	5555555123	5555555123	MATCH	h/291	Hymn: I am so glad that our Father in heav’n	Y	https://www.hymnal.net/Hymns/Hymnal/midi/e0291_i.mid https://www.hymnal.net/Hymns/Hymnal/midi/tunes/e0291_tune.midi
E292	1151313543532121	1151313543532121	MATCH	h/292	Hymn: A debtor to mercy alone	Y	https://www.hymnal.net/Hymns/Hymnal/midi/e0292_i.mid https://www.hymnal.net/Hymns/Hymnal/midi/tunes/e0292_tune.midi
E293	15512345655435432	15512345655435432	MATCH	h/293	Hymn: Cleansed in our Savior’s precious blood	Y	https://www.hymnal.net/Hymns/Hymnal/midi/e0293_i.mid https://www.hymnal.net/Hymns/Hymnal/midi/tunes/e0293_tune.midi
E294	1345561765	1345561765	MATCH	h/294	Hymn: Gone from my heart the world and all its charms	Y	https://www.hymnal.net/Hymns/Hymnal/midi/e0294_i.mid https://www.hymnal.net/Hymns/Hymnal/midi/tunes/e0294_tune.midi
E295	517125671	517125671	MATCH	h/295	Hymn: God’s Christ, who is my righteousness	Y	https://www.hymnal.net/Hymns/Hymnal/midi/e0061_i.mid https://www.hymnal.net/Hymns/Hymnal/midi/tunes/e0295_tune.midi
E296	1123546721	1123546721	MATCH	h/296	Hymn: And can it be that I should gain	Y	https://www.hymnal.net/Hymns/Hymnal/midi/e0296_i.mid https://www.hymnal.net/Hymns/Hymnal/midi/tunes/e0296_tune.midi
E297	135653321651651232	135653321651651232	MATCH	h/297	Hymn: No condemnation! precious word	Y	https://www.hymnal.net/Hymns/Hymnal/midi/e0297_i.mid https://www.hymnal.net/Hymns/Hymnal/midi/tunes/e0297_tune.midi
E298	5135332234442171	5135332234442171	MATCH	h/298	Hymn: My hope is built on nothing less	Y	https://www.hymnal.net/Hymns/Hymnal/midi/e0298_i.mid https://www.hymnal.net/Hymns/Hymnal/midi/tunes/e0298_tune.midi
E299	5165123213532132	5165123213532132	MATCH	h/299	Hymn: A mind at perfect peace with God	Y	https://www.hymnal.net/Hymns/Hymnal/midi/e0104_i.mid https://www.hymnal.net/Hymns/Hymnal/midi/tunes/e0299_tune.midi
E3	531217112345432	531217112345432	MATCH	h/3	Hymn: Come, Thou Almighty King	Y	https://www.hymnal.net/Hymns/Hymnal/midi/e0003_full.mid https://www.hymnal.net/Hymns/Hymnal/midi/e0003_i.mid https://www.hymnal.net/Hymns/Hymnal/midi/tunes/e0003_tune.midi
E30	53451177123432	53451177123432	MATCH	h/30	Hymn: What love Thou hast bestowed on us	Y	https://www.hymnal.net/Hymns/Hymnal/midi/e0011_i.mid https://www.hymnal.net/Hymns/Hymnal/midi/e0030_full.mid https://www.hymnal.net/Hymns/Hymnal/midi/tunes/e0030_tune.midi
E300	51712323443	51712323443	MATCH	h/300	Hymn: Arise, my soul, arise	Y	https://www.hymnal.net/Hymns/Hymnal/midi/e0300_i.mid https://www.hymnal.net/Hymns/Hymnal/midi/tunes/e0300_tune.midi
E301	55555671512222123	55555671512222123	MATCH	h/301	Hymn: Redeemed—how I love to proclaim it	Y	https://www.hymnal.net/Hymns/Hymnal/midi/e0301_i.mid https://www.hymnal.net/Hymns/Hymnal/midi/tunes/e0301_tune.midi
E302	5123456543133215	5123456543133215	MATCH	h/302	Hymn: I have a song I love to sing	Y	https://www.hymnal.net/Hymns/Hymnal/midi/e0302_i.mid https://www.hymnal.net/Hymns/Hymnal/midi/tunes/e0302_tune.midi
E303	553515354542	553515354542	MATCH	h/303	Hymn: Nor silver nor gold hath obtained my redemption	Y	https://www.hymnal.net/Hymns/Hymnal/midi/e0303_i.mid https://www.hymnal.net/Hymns/Hymnal/midi/tunes/e0303_tune.midi
E304	3556561171	3556561171	MATCH	h/304	Hymn: How should the Lord keep back His sword from blood	Y	https://www.hymnal.net/Hymns/Hymnal/midi/e0304_i.mid https://www.hymnal.net/Hymns/Hymnal/midi/tunes/e0304_tune.midi
E305	5123332122572444323	5123332122572444323	MATCH	h/305	Hymn: I will sing of my Redeemer	Y	https://www.hymnal.net/Hymns/Hymnal/midi/e0305_i.mid https://www.hymnal.net/Hymns/Hymnal/midi/tunes/e0305_tune.midi
E306	53216151253	53216171253	DIFF	h/306	Hymn: I belong to Jesus	Y	https://www.hymnal.net/Hymns/Hymnal/midi/e0306_i.mid https://www.hymnal.net/Hymns/Hymnal/midi/tunes/e0306_tune.midi
E307	3215351743267653	3215351743267653	MATCH	h/307	Hymn: On Calvary’s brow my Savior died	Y	https://www.hymnal.net/Hymns/Hymnal/midi/e0307_i.mid https://www.hymnal.net/Hymns/Hymnal/midi/tunes/e0307_tune.midi
E308	321554565	321554565	MATCH	h/308	Hymn: Blessed assurance	Y	https://www.hymnal.net/Hymns/Hymnal/midi/e0308_full.mid https://www.hymnal.net/Hymns/Hymnal/midi/e0308_i.mid https://www.hymnal.net/Hymns/Hymnal/midi/tunes/e0308_tune.midi
E309	345671123343	345671123343	MATCH	h/309	Hymn: What a wonderful change in my life has been wrought	Y	https://www.hymnal.net/Hymns/Hymnal/midi/e0309_full.mid https://www.hymnal.net/Hymns/Hymnal/midi/e0309_i.mid https://www.hymnal.net/Hymns/Hymnal/midi/tunes/e0309_tune.midi
E31	15117654332365545	15117654332365545	MATCH	h/31	Hymn: All that we were—our sin, our guilt	Y	https://www.hymnal.net/Hymns/Hymnal/midi/e0031_full.mid https://www.hymnal.net/Hymns/Hymnal/midi/e0031_i.mid https://www.hymnal.net/Hymns/Hymnal/midi/tunes/e0031_tune.midi
E310	5653121235	5653121235	MATCH	h/310	Hymn: Once I was bound by sin’s galling fetters	Y	https://www.hymnal.net/Hymns/Hymnal/midi/e0310_full.mid https://www.hymnal.net/Hymns/Hymnal/midi/e0310_i.mid https://www.hymnal.net/Hymns/Hymnal/midi/tunes/e0310_tune.midi
E311	5345176165	5345176165	MATCH	h/311	Hymn: Naught have I gotten but what I received	Y	https://www.hymnal.net/Hymns/Hymnal/midi/e0311_i.mid https://www.hymnal.net/Hymns/Hymnal/midi/tunes/e0311_tune.midi
E312	554653123453	554653123453	MATCH	h/312	Hymn: Grace! ’tis a charming sound	Y	https://www.hymnal.net/Hymns/Hymnal/midi/e0312_i.mid https://www.hymnal.net/Hymns/Hymnal/midi/tunes/e0312_tune.midi
E313	513132165	513132165	MATCH	h/313	Hymn: Amazing Grace	Y	https://www.hymnal.net/Hymns/Hymnal/midi/e0313_full.mid https://www.hymnal.net/Hymns/Hymnal/midi/e0313_i.mid https://www.hymnal.net/Hymns/Hymnal/midi/tunes/e0313_tune.midi
E314	33323451532346543	33323451532346543	MATCH	h/314	Hymn: Sov’reign grace o’er sin abounding	Y	https://www.hymnal.net/Hymns/Hymnal/midi/e0314_i.mid https://www.hymnal.net/Hymns/Hymnal/midi/tunes/e0314_tune.midi
E315	3333211712	3333211712	MATCH	h/315	Hymn: Saved to the uttermost, I am the Lord’s	Y	https://www.hymnal.net/Hymns/Hymnal/midi/e0315_i.mid https://www.hymnal.net/Hymns/Hymnal/midi/tunes/e0315_tune.midi
E316	3343252117143262	3343252117143262	MATCH	h/316	Hymn: Some day the silver cord will break	Y	https://www.hymnal.net/Hymns/Hymnal/midi/e0316_i.mid https://www.hymnal.net/Hymns/Hymnal/midi/tunes/e0316_tune.midi
E317	555435111765	555435111765	MATCH	h/317	Hymn: Dear Savior, Thou art mine	Y	https://www.hymnal.net/Hymns/Hymnal/midi/e0317_i.mid https://www.hymnal.net/Hymns/Hymnal/midi/tunes/e0317_tune.midi
E318	5133433113276721	5133433113276721	MATCH	h/318	Hymn: Precious Savior, Thou hast saved me	Y	https://www.hymnal.net/Hymns/Hymnal/midi/e0318_i.mid https://www.hymnal.net/Hymns/Hymnal/midi/tunes/e0318_tune.midi
E319	321135223565321	321135223565321	MATCH	h/319	Hymn: Come, Thou Fount of every blessing	Y	https://www.hymnal.net/Hymns/Hymnal/midi/e0215_i.mid https://www.hymnal.net/Hymns/Hymnal/midi/tunes/e0319_tune.midi
E32	1176512171	1176512171	MATCH	h/32	Hymn: We bow and worship, Father, here	Y	https://www.hymnal.net/Hymns/Hymnal/midi/e0032_full.mid https://www.hymnal.net/Hymns/Hymnal/midi/e0032_i.mid https://www.hymnal.net/Hymns/Hymnal/midi/tunes/e0032_tune.midi
E320	5566533433252211	5566533433252211	MATCH	h/320	Hymn: In loving-kindness Jesus came	Y	https://www.hymnal.net/Hymns/Hymnal/midi/e0320_i.mid https://www.hymnal.net/Hymns/Hymnal/midi/tunes/e0320_tune.midi
E321	56511712323164321	56511712323164321	MATCH	h/321	Hymn: Full salvation! Full salvation	Y	https://www.hymnal.net/Hymns/Hymnal/midi/e0033_i.mid https://www.hymnal.net/Hymns/Hymnal/midi/tunes/e0321_tune.midi
E322	55555434511	55555434511	MATCH	h/322	Hymn: Many weary years I vainly sought a spring	Y	https://www.hymnal.net/Hymns/Hymnal/midi/e0322_i.mid https://www.hymnal.net/Hymns/Hymnal/midi/tunes/e0322_tune.midi
E323	33667117766665	33667117766665	MATCH	h/323	Hymn: I heard the voice of Jesus say	Y	https://www.hymnal.net/Hymns/Hymnal/midi/e0323_i.mid https://www.hymnal.net/Hymns/Hymnal/midi/tunes/e0323_tune.midi
E324	12165653565435	12165653565435	MATCH	h/324	Hymn: Far away the noise of strife upon my ear	Y	https://www.hymnal.net/Hymns/Hymnal/midi/e0324_i.mid https://www.hymnal.net/Hymns/Hymnal/midi/tunes/e0324_tune.midi
E325	123124313346532	123124313346532	MATCH	h/325	Hymn: Satisfied	Y	https://www.hymnal.net/Hymns/Hymnal/midi/e0325_i.mid https://www.hymnal.net/Hymns/Hymnal/midi/tunes/e0325_tune.midi
E326	3231323453	3231323453	MATCH	h/326	Hymn: He lives, the great Redeemer lives	Y	https://www.hymnal.net/Hymns/Hymnal/midi/e0113_i.mid https://www.hymnal.net/Hymns/Hymnal/midi/tunes/e0326_tune.midi
E327	5176562433	5176562433	MATCH	h/327	Hymn: Before the throne of God above	Y	https://www.hymnal.net/Hymns/Hymnal/midi/e0327_i.mid https://www.hymnal.net/Hymns/Hymnal/midi/tunes/e0327_tune.midi
E328	5321176757127543	5321176757127543	MATCH	h/328	Hymn: Complete in Thee! no work of mine	Y	https://www.hymnal.net/Hymns/Hymnal/midi/e0328_i.mid https://www.hymnal.net/Hymns/Hymnal/midi/tunes/e0328_tune.midi
E329	3321235154345665	3321235154345665	MATCH	h/329	Hymn: Blessed be God, our God	Y	https://www.hymnal.net/Hymns/Hymnal/midi/e0329_i.mid https://www.hymnal.net/Hymns/Hymnal/midi/tunes/e0329_tune.midi
E33	56511712323164321	56511712323164321	MATCH	h/33	Hymn: Father, long before creation	Y	https://www.hymnal.net/Hymns/Hymnal/midi/e0033_full.mid https://www.hymnal.net/Hymns/Hymnal/midi/e0033_i.mid https://www.hymnal.net/Hymns/Hymnal/midi/tunes/e0033_tune.midi
E330	55651766642171	55651766642171	MATCH	h/330	Hymn: My faith has found a resting place	Y	https://www.hymnal.net/Hymns/Hymnal/midi/e0330_i.mid https://www.hymnal.net/Hymns/Hymnal/midi/tunes/e0330_tune.midi
E331	1231622171	1231622171	MATCH	h/331	Hymn: Will your anchor hold in the storms of life	Y	https://www.hymnal.net/Hymns/Hymnal/midi/e0331_i.mid https://www.hymnal.net/Hymns/Hymnal/midi/tunes/e0331_tune.midi
E332	513223543221	513223543221	MATCH	h/332	Hymn: I hear the words of love	Y	https://www.hymnal.net/Hymns/Hymnal/midi/e0332_i.mid https://www.hymnal.net/Hymns/Hymnal/midi/tunes/e0332_tune.midi
E333	133432165535565432	133432165535565432	MATCH	h/333	Hymn: I know not why God’s wondrous grace	Y	https://www.hymnal.net/Hymns/Hymnal/midi/e0333_i.mid https://www.hymnal.net/Hymns/Hymnal/midi/tunes/e0333_tune.midi
E334	55433216665	55433216665	MATCH	h/334	Hymn: He Hideth My Soul	Y	https://www.hymnal.net/Hymns/Hymnal/midi/e0334_i.mid https://www.hymnal.net/Hymns/Hymnal/midi/tunes/e0334_tune.midi
E335	33336543432	33336543432	MATCH	h/335	Hymn: I was lost in sin but Jesus rescued me	Y	https://www.hymnal.net/Hymns/Hymnal/midi/e0335_i.mid https://www.hymnal.net/Hymns/Hymnal/midi/tunes/e0335_tune.midi
E336	5123561653	5123561653	MATCH	h/336	Hymn: Jesus has loved me, wonderful Savior	Y	https://www.hymnal.net/Hymns/Hymnal/midi/e0336_i.mid https://www.hymnal.net/Hymns/Hymnal/midi/tunes/e0336_tune.midi
E337	345565155555655	345565155555655	MATCH	h/337	Hymn: I will sing the wondrous story	Y	https://www.hymnal.net/Hymns/Hymnal/midi/e0337_i.mid https://www.hymnal.net/Hymns/Hymnal/midi/tunes/e0337_tune.midi
E338	545654711351717765	545654711351717765	MATCH	h/338	Hymn: Wounded for me, wounded for me	Y	https://www.hymnal.net/Hymns/Hymnal/midi/e0338_i.mid https://www.hymnal.net/Hymns/Hymnal/midi/tunes/e0338_tune.midi
E339	1151255323432	1151255323432	MATCH	h/339	Hymn: How firm a foundation, ye saints of the Lord	Y	https://www.hymnal.net/Hymns/Hymnal/midi/e0339_i.mid https://www.hymnal.net/Hymns/Hymnal/midi/tunes/e0339_tune.midi
E34	323154532124321	323154532124321	MATCH	h/34	Hymn: Father, ’twas Thy love that knew us	Y	https://www.hymnal.net/Hymns/Hymnal/midi/e0026_i.mid https://www.hymnal.net/Hymns/Hymnal/midi/e0034_full.mid https://www.hymnal.net/Hymns/Hymnal/midi/tunes/e0034_tune.midi
E340	55565434511	55565434511	MATCH	h/340	Hymn: Standing on the promises of Christ my King	Y	https://www.hymnal.net/Hymns/Hymnal/midi/e0340_i.mid https://www.hymnal.net/Hymns/Hymnal/midi/tunes/e0340_tune.midi
E341	554332346543	554332346543	MATCH	h/341	Hymn: It is well	Y	https://www.hymnal.net/Hymns/Hymnal/midi/e0341_i.mid https://www.hymnal.net/Hymns/Hymnal/midi/tunes/e0341_tune.midi
E342	555434565777654365	555434565777654365	MATCH	h/342	Hymn: At Calvary	Y	https://www.hymnal.net/Hymns/Hymnal/midi/e0342_i.mid https://www.hymnal.net/Hymns/Hymnal/midi/tunes/e0342_tune.midi
E343	1235671233432521	1235671233432521	MATCH	h/343	Hymn: There is sunshine in my soul today	Y	https://www.hymnal.net/Hymns/Hymnal/midi/e0343_i.mid https://www.hymnal.net/Hymns/Hymnal/midi/tunes/e0343_tune.midi
E344	332343572443454513	332343572443454513	MATCH	h/344	Hymn: Grace there is my every debt to pay	Y	https://www.hymnal.net/Hymns/Hymnal/midi/e0344_i.mid https://www.hymnal.net/Hymns/Hymnal/midi/tunes/e0344_tune.midi
E345	51112333455565	51112333455565	MATCH	h/345	Hymn: I wandered in the shades of night	Y	https://www.hymnal.net/Hymns/Hymnal/midi/e0345_i.mid https://www.hymnal.net/Hymns/Hymnal/midi/tunes/e0345_tune.midi
E346	1333554432226655	1333554432226655	MATCH	h/346	Hymn: I am not skilled to understand	Y	https://www.hymnal.net/Hymns/Hymnal/midi/e0346_i.mid https://www.hymnal.net/Hymns/Hymnal/midi/tunes/e0346_tune.midi
E347	5123512334321321	5123512334321321	MATCH	h/347	Hymn: O happy day that fixed my choice	Y	https://www.hymnal.net/Hymns/Hymnal/midi/e0347_i.mid https://www.hymnal.net/Hymns/Hymnal/midi/tunes/e0347_tune.midi
E348	5123561117653312	5123561117653312	MATCH	h/348	Hymn: Since Christ my soul from sin set free	Y	https://www.hymnal.net/Hymns/Hymnal/midi/e0348_i.mid https://www.hymnal.net/Hymns/Hymnal/midi/tunes/e0348_tune.midi
E349	5165123213532132	5165123213532132	MATCH	h/349	Hymn: As pants the hart for cooling streams	Y	https://www.hymnal.net/Hymns/Hymnal/midi/e0104_i.mid https://www.hymnal.net/Hymns/Hymnal/midi/tunes/e0349_tune.midi
E35	53312123152753132	53312123152753132	MATCH	h/35	Hymn: Blest Father of glory, we worship	Y	https://www.hymnal.net/Hymns/Hymnal/midi/e0035_full.mid https://www.hymnal.net/Hymns/Hymnal/midi/e0035_i.mid https://www.hymnal.net/Hymns/Hymnal/midi/tunes/e0035_tune.midi
E350	3521656443	3521656443	MATCH	h/350	Hymn: My goal is God Himself, not joy, nor peace	Y	https://www.hymnal.net/Hymns/Hymnal/midi/e0350_i.mid https://www.hymnal.net/Hymns/Hymnal/midi/tunes/e0350_tune.midi
E351	53533216165	53533216165	MATCH	h/351	Hymn: God the Almighty, Uncreated Life	Y	https://www.hymnal.net/Hymns/Hymnal/midi/e0053_i.mid https://www.hymnal.net/Hymns/Hymnal/midi/tunes/e0351_tune.midi
E352	117544353542132	117544353542132	MATCH	h/352	Hymn: In the wilderness for God	Y	https://www.hymnal.net/Hymns/Hymnal/midi/e0135_i.mid https://www.hymnal.net/Hymns/Hymnal/midi/tunes/e0352_tune.midi
E353	3221355565	3221355565	MATCH	h/353	Hymn: I need Jesus, my need I now confess	Y	https://www.hymnal.net/Hymns/Hymnal/midi/e0353_i.mid https://www.hymnal.net/Hymns/Hymnal/midi/tunes/e0353_tune.midi
E354	3334365443	3334365443	MATCH	h/354	Hymn: Come in, O come! the door stands open now	Y	https://www.hymnal.net/Hymns/Hymnal/midi/e0050_i.mid https://www.hymnal.net/Hymns/Hymnal/midi/tunes/e0354_tune.midi
E355	53321213453642	53321213453642	MATCH	h/355	Hymn: O blessed, living Lord	Y	https://www.hymnal.net/Hymns/Hymnal/midi/e0355_i.mid https://www.hymnal.net/Hymns/Hymnal/midi/tunes/e0355_tune.midi
E356	333413543232	333413543232	MATCH	h/356	Hymn: Thou Magnet of my soul	Y	https://www.hymnal.net/Hymns/Hymnal/midi/e0111_i.mid https://www.hymnal.net/Hymns/Hymnal/midi/tunes/e0356_tune.midi
E357	1321554323	1321554323	MATCH	h/357	Hymn: Come, Jesus, Lord, with holy fire	Y	https://www.hymnal.net/Hymns/Hymnal/midi/e0357_i.mid https://www.hymnal.net/Hymns/Hymnal/midi/tunes/e0357_tune.midi
E358	55653232176165453	55653232176165453	MATCH	h/358	Hymn: Love Divine, all love excelling	Y	https://www.hymnal.net/Hymns/Hymnal/midi/e0005_i.mid https://www.hymnal.net/Hymns/Hymnal/midi/tunes/e0358_tune.midi
E359	134313356535	134313356535	MATCH	h/359	Hymn: O Light of light, shine in	Y	https://www.hymnal.net/Hymns/Hymnal/midi/e0359_i.mid https://www.hymnal.net/Hymns/Hymnal/midi/tunes/e0359_tune.midi
E36	5534653114562	5534653114562	MATCH	h/36	Hymn: We praise Thee, glorious Father	Y	https://www.hymnal.net/Hymns/Hymnal/midi/e0036_full.mid https://www.hymnal.net/Hymns/Hymnal/midi/e0036_i.mid https://www.hymnal.net/Hymns/Hymnal/midi/tunes/e0036_tune.midi
E360	536571171765	536571171765	MATCH	h/360	Hymn: O Everlasting Light	Y	https://www.hymnal.net/Hymns/Hymnal/midi/e0360_i.mid https://www.hymnal.net/Hymns/Hymnal/midi/tunes/e0360_tune.midi
E361	33543214332	33543214332	MATCH	h/361	Hymn: O Love divine, by Christ revealed	Y	https://www.hymnal.net/Hymns/Hymnal/midi/e0361_i.mid https://www.hymnal.net/Hymns/Hymnal/midi/tunes/e0361_tune.midi
E362	5345567165771253	5345567165771253	MATCH	h/362	Hymn: He died for me that I might live	Y	https://www.hymnal.net/Hymns/Hymnal/midi/e0362_i.mid https://www.hymnal.net/Hymns/Hymnal/midi/tunes/e0362_tune.midi
E363	33333217147	33333217147	MATCH	h/363	Hymn: Lord, I would have Thyself in all Thy beauty	Y	https://www.hymnal.net/Hymns/Hymnal/midi/e0363_i.mid https://www.hymnal.net/Hymns/Hymnal/midi/tunes/e0363_tune.midi
E364	333476711235432	333476711235432	MATCH	h/364	Hymn: Jesus, my life, Thyself apply	Y	https://www.hymnal.net/Hymns/Hymnal/midi/e0364_i.mid https://www.hymnal.net/Hymns/Hymnal/midi/tunes/e0364_tune.midi
E365	51117712333217	51117712333217	MATCH	h/365	Hymn: Jesus, Thy life is mine	Y	https://www.hymnal.net/Hymns/Hymnal/midi/e0365_i.mid https://www.hymnal.net/Hymns/Hymnal/midi/tunes/e0365_tune.midi
E366	171214436716555	171214436716555	MATCH	h/366	Hymn: Christ, whose glory fills the skies	Y	https://www.hymnal.net/Hymns/Hymnal/midi/e0366_i.mid https://www.hymnal.net/Hymns/Hymnal/midi/tunes/e0366_tune.midi
E367	551176555433267125	551176555433267125	MATCH	h/367	Hymn: Be Thou supreme, O Jesus Christ	Y	https://www.hymnal.net/Hymns/Hymnal/midi/e0367_i.mid https://www.hymnal.net/Hymns/Hymnal/midi/tunes/e0367_tune.midi
E368	5651233212	5651233212	MATCH	h/368	Hymn: More love to Thee, O Lord	Y	https://www.hymnal.net/Hymns/Hymnal/midi/e0368_i.mid https://www.hymnal.net/Hymns/Hymnal/midi/tunes/e0368_tune.midi
E369	546553543243321	546553543243321	MATCH	h/369	Hymn: Let me love Thee, Thou art claiming	Y	https://www.hymnal.net/Hymns/Hymnal/midi/e0062_i.mid https://www.hymnal.net/Hymns/Hymnal/midi/tunes/e0369_tune.midi
E37	33211765321	33211765321	MATCH	h/37	Hymn: O God! we see Thee in the Lamb	Y	https://www.hymnal.net/Hymns/Hymnal/midi/e0010_i.mid https://www.hymnal.net/Hymns/Hymnal/midi/e0037_full.mid https://www.hymnal.net/Hymns/Hymnal/midi/tunes/e0037_tune.midi
E370	3321565543	3321565543	MATCH	h/370	Hymn: Abide with me! fast falls the eventide	Y	https://www.hymnal.net/Hymns/Hymnal/midi/e0370_i.mid https://www.hymnal.net/Hymns/Hymnal/midi/tunes/e0370_tune.midi
E371	132171112165	132171112165	MATCH	h/371	Hymn: I need Thee every hour	Y	https://www.hymnal.net/Hymns/Hymnal/midi/e0371_i.mid https://www.hymnal.net/Hymns/Hymnal/midi/tunes/e0371_tune.midi
E372	3333121665	3333121665	MATCH	h/372	Hymn: Nothing between my soul and the Savior	Y	https://www.hymnal.net/Hymns/Hymnal/midi/e0372_i.mid https://www.hymnal.net/Hymns/Hymnal/midi/tunes/e0372_tune.midi
E373	111312321333342	111312321333342	MATCH	h/373	Hymn: Nothing between, Lord, nothing between	Y	https://www.hymnal.net/Hymns/Hymnal/midi/e0373_i.mid https://www.hymnal.net/Hymns/Hymnal/midi/tunes/e0373_tune.midi
E374	1111712321	1111712321	MATCH	h/374	Hymn: Sun of my soul, Thou Savior dear	Y	https://www.hymnal.net/Hymns/Hymnal/midi/e0374_i.mid https://www.hymnal.net/Hymns/Hymnal/midi/tunes/e0374_tune.midi
E375	33233434222543	33233434222543	MATCH	h/375	Hymn: There is a place of quiet rest	Y	https://www.hymnal.net/Hymns/Hymnal/midi/e0375_i.mid https://www.hymnal.net/Hymns/Hymnal/midi/tunes/e0375_tune.midi
E376	51354342132317165	51354342132317165	MATCH	h/376	Hymn: Fill Thou my life, O Lord my God	Y	https://www.hymnal.net/Hymns/Hymnal/midi/e0376_i.mid https://www.hymnal.net/Hymns/Hymnal/midi/tunes/e0376_tune.midi
E377	55433244323	55433244323	MATCH	h/377	Hymn: If the path I travel	Y	https://www.hymnal.net/Hymns/Hymnal/midi/e0176_i.mid https://www.hymnal.net/Hymns/Hymnal/midi/tunes/e0377_tune.midi
E378	565321766621712	565321766621712	MATCH	h/378	Hymn: Savior, lead me up the mountain	Y	https://www.hymnal.net/Hymns/Hymnal/midi/e0378_i.mid https://www.hymnal.net/Hymns/Hymnal/midi/tunes/e0378_tune.midi
E379	333432444543	333432444543	MATCH	h/379	Hymn: I hunger and I thirst	Y	https://www.hymnal.net/Hymns/Hymnal/midi/e0379_i.mid https://www.hymnal.net/Hymns/Hymnal/midi/tunes/e0379_tune.midi
E38	33543212671	33543212671	MATCH	h/38	Hymn: Of all the gifts Thy love bestows	Y	https://www.hymnal.net/Hymns/Hymnal/midi/e0038_full.mid https://www.hymnal.net/Hymns/Hymnal/midi/e0038_i.mid https://www.hymnal.net/Hymns/Hymnal/midi/tunes/e0038_tune.midi
E380	5565117711432	5565117711432	MATCH	h/380	Hymn: O Bread to pilgrims given	Y	https://www.hymnal.net/Hymns/Hymnal/midi/e0380_i.mid https://www.hymnal.net/Hymns/Hymnal/midi/tunes/e0380_tune.midi
E381	333312123555533212	333312123555533212	MATCH	h/381	Hymn: Fill all my vision, Savior, I pray	Y	https://www.hymnal.net/Hymns/Hymnal/midi/e0381_i.mid https://www.hymnal.net/Hymns/Hymnal/midi/tunes/e0381_tune.midi
E382	5555611122224333	5555611122224333	MATCH	h/382	Hymn: More about Jesus would I know	Y	https://www.hymnal.net/Hymns/Hymnal/midi/e0382_i.mid https://www.hymnal.net/Hymns/Hymnal/midi/tunes/e0382_tune.midi
E383	53456515677	53456515677	MATCH	h/383	Hymn: Sweet Will of God	Y	https://www.hymnal.net/Hymns/Hymnal/midi/e0383_i.mid https://www.hymnal.net/Hymns/Hymnal/midi/tunes/e0383_tune.midi
E384	531324323135543	531324323135543	MATCH	h/384	Hymn: My Jesus, as Thou wilt	Y	https://www.hymnal.net/Hymns/Hymnal/midi/e0384_i.mid https://www.hymnal.net/Hymns/Hymnal/midi/tunes/e0384_tune.midi
E385	33343321231271	33343321231271	MATCH	h/385	Hymn: Oh, tame me, Lord! rebellious nature calm	Y	https://www.hymnal.net/Hymns/Hymnal/midi/e0051_i.mid https://www.hymnal.net/Hymns/Hymnal/midi/tunes/e0385_tune.midi
E386	513172151353132	513172151353132	MATCH	h/386	Hymn: Thou my everlasting Portion	Y	https://www.hymnal.net/Hymns/Hymnal/midi/e0013_i.mid https://www.hymnal.net/Hymns/Hymnal/midi/tunes/e0386_tune.midi
E387	343222321117666165	343222321117666165	MATCH	h/387	Hymn: I am Thine, O Lord, I have heard Thy voice	Y	https://www.hymnal.net/Hymns/Hymnal/midi/e0387_i.mid https://www.hymnal.net/Hymns/Hymnal/midi/tunes/e0387_tune.midi
E388	54565532117	54565532117	MATCH	h/388	Hymn: Hold Thou my hand: so weak I am, and helpless	Y	https://www.hymnal.net/Hymns/Hymnal/midi/e0388_i.mid https://www.hymnal.net/Hymns/Hymnal/midi/tunes/e0388_tune.midi
E389	511321156165	511321156165	MATCH	h/389	Hymn: Lord Jesus, I long in Thy presence to live	Y	https://www.hymnal.net/Hymns/Hymnal/midi/e0389_full.mid https://www.hymnal.net/Hymns/Hymnal/midi/e0389_i.mid https://www.hymnal.net/Hymns/Hymnal/midi/tunes/e0389_tune.midi
E39	55671512523	55671512523	MATCH	h/39	Hymn: To God be the glory, great things He hath done	Y	https://www.hymnal.net/Hymns/Hymnal/midi/e0039_full.mid https://www.hymnal.net/Hymns/Hymnal/midi/e0039_i.mid https://www.hymnal.net/Hymns/Hymnal/midi/tunes/e0039_tune.midi
E390	53517654326543	53517654326543	MATCH	h/390	Hymn: Savior, lead me, this I pray	Y	https://www.hymnal.net/Hymns/Hymnal/midi/e0390_full.mid https://www.hymnal.net/Hymns/Hymnal/midi/e0390_i.mid https://www.hymnal.net/Hymns/Hymnal/midi/tunes/e0390_tune.midi
E391	555315651122171	555315651122171	MATCH	h/391	Hymn: Guide me, O Thou gracious Savior	Y	https://www.hymnal.net/Hymns/Hymnal/midi/e0391_i.mid https://www.hymnal.net/Hymns/Hymnal/midi/tunes/e0391_tune.midi
E392	321721654332171	321721654332171	MATCH	h/392	Hymn: Jesus, Savior, pilot me	Y	https://www.hymnal.net/Hymns/Hymnal/midi/e0392_i.mid https://www.hymnal.net/Hymns/Hymnal/midi/tunes/e0392_tune.midi
E393	333432444543	333432444543	MATCH	h/393	Hymn: Thy way, not mine, O Lord	Y	https://www.hymnal.net/Hymns/Hymnal/midi/e0379_i.mid https://www.hymnal.net/Hymns/Hymnal/midi/tunes/e0393_tune.midi
E394	3211432117	3211432117	MATCH	h/394	Hymn: Unto him that hath Thou givest	Y	https://www.hymnal.net/Hymns/Hymnal/midi/e0394_i.mid https://www.hymnal.net/Hymns/Hymnal/midi/tunes/e0394_tune.midi
E395	33344543234514321	33344543234514321	MATCH	h/395	Hymn: O Jesus Christ, grow Thou in me	Y	https://www.hymnal.net/Hymns/Hymnal/midi/e0261_i.mid https://www.hymnal.net/Hymns/Hymnal/midi/tunes/e0395_tune.midi
E396	5513321621651312	5513321621651312	MATCH	h/396	Hymn: I’m pressing on the upward way	Y	https://www.hymnal.net/Hymns/Hymnal/midi/e0396_i.mid https://www.hymnal.net/Hymns/Hymnal/midi/tunes/e0396_tune.midi
E397	33432211217	33432211217	MATCH	h/397	Hymn: More holiness give me	Y	https://www.hymnal.net/Hymns/Hymnal/midi/e0397_i.mid https://www.hymnal.net/Hymns/Hymnal/midi/tunes/e0397_tune.midi
E398	1355567153	1355567153	MATCH	h/398	Hymn: O to be like Thee	Y	https://www.hymnal.net/Hymns/Hymnal/midi/e0398_i.mid https://www.hymnal.net/Hymns/Hymnal/midi/tunes/e0398_tune.midi
E399	11265333445	11265333445	MATCH	h/399	Hymn: Changed into His likeness	Y	https://www.hymnal.net/Hymns/Hymnal/midi/e0399_full.mid https://www.hymnal.net/Hymns/Hymnal/midi/e0399_i.mid https://www.hymnal.net/Hymns/Hymnal/midi/tunes/e0399_tune.midi
E4	5555566511623443	5555566511623443	MATCH	h/4	Hymn: Father of heav’n, whose love profound	Y	https://www.hymnal.net/Hymns/Hymnal/midi/e0004_full.mid https://www.hymnal.net/Hymns/Hymnal/midi/e0004_i.mid https://www.hymnal.net/Hymns/Hymnal/midi/tunes/e0004_tune.midi
E40	51111123333	51111123333	MATCH	h/40	Hymn: We praise Thee, O God	Y	https://www.hymnal.net/Hymns/Hymnal/midi/e0040_full.mid https://www.hymnal.net/Hymns/Hymnal/midi/e0040_i.mid https://www.hymnal.net/Hymns/Hymnal/midi/tunes/e0040_tune.midi
E400	33223321512117	33223321512117	MATCH	h/400	Hymn: Earthly pleasures vainly call me	Y	https://www.hymnal.net/Hymns/Hymnal/midi/e0400_i.mid https://www.hymnal.net/Hymns/Hymnal/midi/tunes/e0400_tune.midi
E401	354321171123345	354321171123345	MATCH	h/401	Hymn: May the mind of Christ my Savior	Y	https://www.hymnal.net/Hymns/Hymnal/midi/e0401_i.mid https://www.hymnal.net/Hymns/Hymnal/midi/tunes/e0401_tune.midi
E402	5121321234421123	5121321234421123	MATCH	h/402	Hymn: I want that adorning divine	Y	https://www.hymnal.net/Hymns/Hymnal/midi/e0402_i.mid https://www.hymnal.net/Hymns/Hymnal/midi/tunes/e0402_tune.midi
E403	345565533352123	345565533352123	MATCH	h/403	Hymn: Live Thyself, Lord Jesus, through me	Y	https://www.hymnal.net/Hymns/Hymnal/midi/e0403_full.mid https://www.hymnal.net/Hymns/Hymnal/midi/e0403_i.mid https://www.hymnal.net/Hymns/Hymnal/midi/tunes/e0403_tune.midi
E404	3335323443653232	3335323443653232	MATCH	h/404	Hymn: Let me come closer to Thee, Lord Jesus	Y	https://www.hymnal.net/Hymns/Hymnal/midi/e0404_i.mid https://www.hymnal.net/Hymns/Hymnal/midi/tunes/e0404_tune.midi
E405	333323532255423	333323532255423	MATCH	h/405	Hymn: Having seen the world’s fair beauty	Y	https://www.hymnal.net/Hymns/Hymnal/midi/e0405_full.mid https://www.hymnal.net/Hymns/Hymnal/midi/e0405_i.mid https://www.hymnal.net/Hymns/Hymnal/midi/tunes/e0405_tune.midi
E406	3333222343	3333222343	MATCH	h/406	Hymn: Teach me Thy way, O Lord	Y	https://www.hymnal.net/Hymns/Hymnal/midi/e0406_i.mid https://www.hymnal.net/Hymns/Hymnal/midi/tunes/e0406_tune.midi
E407	55132165551312	55132165551312	MATCH	h/407	Hymn: Search me, O God, my actions try	Y	https://www.hymnal.net/Hymns/Hymnal/midi/e0216_i.mid https://www.hymnal.net/Hymns/Hymnal/midi/tunes/e0407_tune.midi
E408	55123212321	55123212321	MATCH	h/408	Hymn: Lord Jesus, I long to be perfectly whole	Y	https://www.hymnal.net/Hymns/Hymnal/midi/e0408_i.mid https://www.hymnal.net/Hymns/Hymnal/midi/tunes/e0408_tune.midi
E409	34453321535772665	34453321535772665	MATCH	h/409	Hymn: One thing I of the Lord desire	Y	https://www.hymnal.net/Hymns/Hymnal/midi/e0409_i.mid https://www.hymnal.net/Hymns/Hymnal/midi/tunes/e0409_tune.midi
E41	1233335321665	1233335321665	MATCH	h/41	Hymn: We are never weary singing our eternal song	Y	https://www.hymnal.net/Hymns/Hymnal/midi/e0041_full.mid https://www.hymnal.net/Hymns/Hymnal/midi/e0041_i.mid https://www.hymnal.net/Hymns/Hymnal/midi/tunes/e0041_tune.midi
E410	15117654332365545	15117654332365545	MATCH	h/410	Hymn: Oh, for a heart to praise my God	Y	https://www.hymnal.net/Hymns/Hymnal/midi/e0031_i.mid https://www.hymnal.net/Hymns/Hymnal/midi/tunes/e0410_tune.midi
E411	15132171145651432	15132171145651432	MATCH	h/411	Hymn: Bless’d are the pure in heart	Y	https://www.hymnal.net/Hymns/Hymnal/midi/e0411_i.mid https://www.hymnal.net/Hymns/Hymnal/midi/tunes/e0411_tune.midi
E412	33312223354321	33312223354321	MATCH	h/412	Hymn: Lord, reveal Thyself to me	Y	https://www.hymnal.net/Hymns/Hymnal/midi/e0412_full.mid https://www.hymnal.net/Hymns/Hymnal/midi/e0412_i.mid https://www.hymnal.net/Hymns/Hymnal/midi/tunes/e0412_tune.midi
E413	117544353542132	117544353542132	MATCH	h/413	Hymn: Jesus, cast a look on me	Y	https://www.hymnal.net/Hymns/Hymnal/midi/e0135_i.mid https://www.hymnal.net/Hymns/Hymnal/midi/tunes/e0413_tune.midi
E414	55554443511127	55554443511127	MATCH	h/414	Hymn: My Savior, Thou hast offered rest	Y	https://www.hymnal.net/Hymns/Hymnal/midi/e0414_i.mid https://www.hymnal.net/Hymns/Hymnal/midi/tunes/e0414_tune.midi
E415	33323433566532	33323433566532	MATCH	h/415	Hymn: There is a foe whose hidden pow’r	Y	https://www.hymnal.net/Hymns/Hymnal/midi/e0415_i.mid https://www.hymnal.net/Hymns/Hymnal/midi/tunes/e0415_tune.midi
E416	5365317521	5365317521	MATCH	h/416	Hymn: Lower and lower, dear Lord, at Thy feet	Y	https://www.hymnal.net/Hymns/Hymnal/midi/e0416_i.mid https://www.hymnal.net/Hymns/Hymnal/midi/tunes/e0416_tune.midi
E417	5653432671	5653432671	MATCH	h/417	Hymn: Deep in me, Lord, mark Thou Thy holy Cross	Y	https://www.hymnal.net/Hymns/Hymnal/midi/e0417_i.mid https://www.hymnal.net/Hymns/Hymnal/midi/tunes/e0417_tune.midi
E418	321716543332343567	321716543332343567	MATCH	h/418	Hymn: From pray’r that asks that I may be	Y	https://www.hymnal.net/Hymns/Hymnal/midi/e0418_i.mid https://www.hymnal.net/Hymns/Hymnal/midi/tunes/e0418_tune.midi
E419	33155311765	33155311765	MATCH	h/419	Hymn: O God, unblessing and unblest	Y	https://www.hymnal.net/Hymns/Hymnal/midi/e0419_i.mid https://www.hymnal.net/Hymns/Hymnal/midi/tunes/e0419_tune.midi
E42	5565354446523	5565354446523	MATCH	h/42	Hymn: By Thee, O God, invited	Y	https://www.hymnal.net/Hymns/Hymnal/midi/e0042_full.mid https://www.hymnal.net/Hymns/Hymnal/midi/e0042_i.mid https://www.hymnal.net/Hymns/Hymnal/midi/tunes/e0042_tune.midi
E420	53465712715	53465712715	MATCH	h/420	Hymn: Jesus, Redeemer and my one Inspirer	Y	https://www.hymnal.net/Hymns/Hymnal/midi/e0420_i.mid https://www.hymnal.net/Hymns/Hymnal/midi/tunes/e0420_tune.midi
E421	55661177165	55661177165	MATCH	h/421	Hymn: Jesus, meek and gentle	Y	https://www.hymnal.net/Hymns/Hymnal/midi/e0421_i.mid https://www.hymnal.net/Hymns/Hymnal/midi/tunes/e0421_tune.midi
E422	111336651432	111336651432	MATCH	h/422	Hymn: Make me a captive, Lord	Y	https://www.hymnal.net/Hymns/Hymnal/midi/e0142_i.mid https://www.hymnal.net/Hymns/Hymnal/midi/tunes/e0422_tune.midi
E423	3211712671	3211712671	MATCH	h/423	Hymn: Thou hidden love of God, whose height	Y	https://www.hymnal.net/Hymns/Hymnal/midi/e0423_i.mid https://www.hymnal.net/Hymns/Hymnal/midi/tunes/e0423_tune.midi
E424	55132165551312	55132165551312	MATCH	h/424	Hymn: Lord, I believe a rest remains	Y	https://www.hymnal.net/Hymns/Hymnal/midi/e0216_i.mid https://www.hymnal.net/Hymns/Hymnal/midi/tunes/e0424_tune.midi
E425	117544353542132	117544353542132	MATCH	h/425	Hymn: Prince of peace, control my will	Y	https://www.hymnal.net/Hymns/Hymnal/midi/e0135_i.mid https://www.hymnal.net/Hymns/Hymnal/midi/tunes/e0425_tune.midi
E426	134313356535	134313356535	MATCH	h/426	Hymn: Remove my covering, Lord	Y	https://www.hymnal.net/Hymns/Hymnal/midi/e0359_i.mid https://www.hymnal.net/Hymns/Hymnal/midi/e0426_full.mid https://www.hymnal.net/Hymns/Hymnal/midi/tunes/e0426_tune.midi
E427	1333234536665432	1333234536665432	MATCH	h/427	Hymn: O Love divine, how sweet Thou art	Y	https://www.hymnal.net/Hymns/Hymnal/midi/e0131_i.mid https://www.hymnal.net/Hymns/Hymnal/midi/tunes/e0427_tune.midi
E428	5535511765	5535511765	MATCH	h/428	Hymn: O Lord, Thy boundless love to me	Y	https://www.hymnal.net/Hymns/Hymnal/midi/e0178_i.mid https://www.hymnal.net/Hymns/Hymnal/midi/tunes/e0428_tune.midi
E429	135543224432	135543224432	MATCH	h/429	Hymn: My faith looks up to Thee	Y	https://www.hymnal.net/Hymns/Hymnal/midi/e0429_i.mid https://www.hymnal.net/Hymns/Hymnal/midi/tunes/e0429_tune.midi
E43	12324327165432315	12324327165432315	MATCH	h/43	Hymn: Abba, Father, we approach Thee	Y	https://www.hymnal.net/Hymns/Hymnal/midi/e0020_i.mid https://www.hymnal.net/Hymns/Hymnal/midi/e0043_full.mid https://www.hymnal.net/Hymns/Hymnal/midi/tunes/e0043_tune.midi
E430	6671176771233323	6671176771233323	MATCH	h/430	Hymn: When I am in the natural man	Y	https://www.hymnal.net/Hymns/Hymnal/midi/e0430_full.mid https://www.hymnal.net/Hymns/Hymnal/midi/e0430_i.mid https://www.hymnal.net/Hymns/Hymnal/midi/tunes/e0430_tune.midi
E431	3231123453	3231123453	MATCH	h/431	Hymn: Thy mighty love, O God, constraineth me	Y	https://www.hymnal.net/Hymns/Hymnal/midi/e0431_i.mid https://www.hymnal.net/Hymns/Hymnal/midi/tunes/e0431_tune.midi
E432	555567117777712354	555567117777712354	MATCH	h/432	Hymn: O Love, that wilt not let me go	Y	https://www.hymnal.net/Hymns/Hymnal/midi/e0432_i.mid https://www.hymnal.net/Hymns/Hymnal/midi/tunes/e0432_tune.midi
E433	13555551776	13555551776	MATCH	h/433	Hymn: I am the Lord’s! O joy beyond expression	Y	https://www.hymnal.net/Hymns/Hymnal/midi/e0433_i.mid https://www.hymnal.net/Hymns/Hymnal/midi/tunes/e0433_tune.midi
E434	15171231	15171231	MATCH	h/434	Hymn: Lord, Thou hast won, at length I yield	Y	https://www.hymnal.net/Hymns/Hymnal/midi/e0434_i.mid https://www.hymnal.net/Hymns/Hymnal/midi/tunes/e0434_tune.midi
E435	111171221	111171221	MATCH	h/435	Hymn: Oh, the bitter shame and sorrow	Y	https://www.hymnal.net/Hymns/Hymnal/midi/e0435_i.mid https://www.hymnal.net/Hymns/Hymnal/midi/tunes/e0435_tune.midi
E436	55535617655453	55535617655453	MATCH	h/436	Hymn: Thy Life was giv’n for me	Y	https://www.hymnal.net/Hymns/Hymnal/midi/e0436_i.mid https://www.hymnal.net/Hymns/Hymnal/midi/tunes/e0436_tune.midi
E437	321761651353212	321761651353212	MATCH	h/437	Hymn: Hast thou heard Him, seen Him, known Him	Y	https://www.hymnal.net/Hymns/Hymnal/midi/e0437_i.mid https://www.hymnal.net/Hymns/Hymnal/midi/tunes/e0437_tune.midi
E438	551766535627221	551766535627221	MATCH	h/438	Hymn: I’ve turned my back upon the world	Y	https://www.hymnal.net/Hymns/Hymnal/midi/e0438_full.mid https://www.hymnal.net/Hymns/Hymnal/midi/e0438_i.mid https://www.hymnal.net/Hymns/Hymnal/midi/tunes/e0438_tune.midi
E439	3332164321752343121765	3332164321752343121765	MATCH	h/439	Hymn: Utterly abandoned	Y	https://www.hymnal.net/Hymns/Hymnal/midi/e0439_i.mid https://www.hymnal.net/Hymns/Hymnal/midi/tunes/e0439_tune.midi
E44	3311233345	3311233345	MATCH	h/44	Hymn: O Holy Father, who in tender love	Y	https://www.hymnal.net/Hymns/Hymnal/midi/e0044_full.mid https://www.hymnal.net/Hymns/Hymnal/midi/e0044_i.mid https://www.hymnal.net/Hymns/Hymnal/midi/tunes/e0044_tune.midi
E440	111171221	111171221	MATCH	h/440	Hymn: Holy, happy separation	Y	https://www.hymnal.net/Hymns/Hymnal/midi/e0435_i.mid https://www.hymnal.net/Hymns/Hymnal/midi/tunes/e0440_tune.midi
E441	334322321143231	334322321143231	MATCH	h/441	Hymn: All to Jesus I surrender	Y	https://www.hymnal.net/Hymns/Hymnal/midi/e0441_i.mid https://www.hymnal.net/Hymns/Hymnal/midi/tunes/e0441_tune.midi
E442	55456511765	55456511765	MATCH	h/442	Hymn: Fully surrendered—Lord, I would be	Y	https://www.hymnal.net/Hymns/Hymnal/midi/e0442_i.mid https://www.hymnal.net/Hymns/Hymnal/midi/tunes/e0442_tune.midi
E443	543333544322543	543333544322543	MATCH	h/443	Hymn: In full and glad surrender	Y	https://www.hymnal.net/Hymns/Hymnal/midi/e0443_i.mid https://www.hymnal.net/Hymns/Hymnal/midi/tunes/e0443_tune.midi
E444	333323532255423	333323532255423	MATCH	h/444	Hymn: All for Jesus! All for Jesus	Y	https://www.hymnal.net/Hymns/Hymnal/midi/e0405_i.mid https://www.hymnal.net/Hymns/Hymnal/midi/tunes/e0444_tune.midi
E445	111513543	111513543	MATCH	h/445	Hymn: Take my life, and let it be	Y	https://www.hymnal.net/Hymns/Hymnal/midi/e0281_i.mid https://www.hymnal.net/Hymns/Hymnal/midi/tunes/e0445_tune.midi
E446	5556667176535	5556667176535	MATCH	h/446	Hymn: What shall I give Thee, Master	Y	https://www.hymnal.net/Hymns/Hymnal/midi/e0446_i.mid https://www.hymnal.net/Hymns/Hymnal/midi/tunes/e0446_tune.midi
E447	5556623311432	5556623311432	MATCH	h/447	Hymn: My spirit, soul, and body	Y	https://www.hymnal.net/Hymns/Hymnal/midi/e0447_i.mid https://www.hymnal.net/Hymns/Hymnal/midi/tunes/e0447_tune.midi
E448	123331345553	123331345553	MATCH	h/448	Hymn: You have longed for sweet peace, and for faith to incr	Y	https://www.hymnal.net/Hymns/Hymnal/midi/e0448_i.mid https://www.hymnal.net/Hymns/Hymnal/midi/tunes/e0448_tune.midi
E449	323431712	323431712	MATCH	h/449	Hymn: Have Thine own way, Lord	Y	https://www.hymnal.net/Hymns/Hymnal/midi/e0449_i.mid https://www.hymnal.net/Hymns/Hymnal/midi/tunes/e0449_tune.midi
E45	1231235436543221	1231235436543221	MATCH	h/45	Hymn: Abba, Father! we adore Thee	Y	https://www.hymnal.net/Hymns/Hymnal/midi/e0045_full.mid https://www.hymnal.net/Hymns/Hymnal/midi/e0045_i.mid https://www.hymnal.net/Hymns/Hymnal/midi/tunes/e0045_tune.midi
E450	3332354353212	3332354353212	MATCH	h/450	Hymn: Lie still, and let Him mould thee	Y	https://www.hymnal.net/Hymns/Hymnal/midi/e0450_i.mid https://www.hymnal.net/Hymns/Hymnal/midi/tunes/e0450_tune.midi
E451	323432321545652	323432321545652	MATCH	h/451	Hymn: Not by wrestling, but by clinging	Y	https://www.hymnal.net/Hymns/Hymnal/midi/e0451_i.mid https://www.hymnal.net/Hymns/Hymnal/midi/tunes/e0451_tune.midi
E452	323451172123453	323451172123453	MATCH	h/452	Hymn: Tell me not of earthly pleasures	Y	https://www.hymnal.net/Hymns/Hymnal/midi/e0452_i.mid https://www.hymnal.net/Hymns/Hymnal/midi/tunes/e0452_tune.midi
E453	33355653335565	33355653335565	MATCH	h/453	Hymn: Under an eastern sky	Y	https://www.hymnal.net/Hymns/Hymnal/midi/e0453_i.mid https://www.hymnal.net/Hymns/Hymnal/midi/tunes/e0453_tune.midi
E454	1234321171	1234321171	MATCH	h/454	Hymn: I lift my heart to Thee	Y	https://www.hymnal.net/Hymns/Hymnal/midi/e0454_i.mid https://www.hymnal.net/Hymns/Hymnal/midi/tunes/e0454_tune.midi
E455	5515654355653212	5515654355653212	MATCH	h/455	Hymn: Every thread I wind this day	Y	https://www.hymnal.net/Hymns/Hymnal/midi/e0455_i.mid https://www.hymnal.net/Hymns/Hymnal/midi/tunes/e0455_tune.midi
E456	3435234123	3435234123	MATCH	h/456	Hymn: Living for Jesus a life that is true	Y	https://www.hymnal.net/Hymns/Hymnal/midi/e0456_i.mid https://www.hymnal.net/Hymns/Hymnal/midi/tunes/e0456_tune.midi
E457	53335333	53335333	MATCH	h/457	Hymn: My life, my love, I give to Thee	Y	https://www.hymnal.net/Hymns/Hymnal/midi/e0457_i.mid https://www.hymnal.net/Hymns/Hymnal/midi/tunes/e0457_tune.midi
E458	3333344422222333	3333344422222333	MATCH	h/458	Hymn: Living for Jesus, oh, what peace	Y	https://www.hymnal.net/Hymns/Hymnal/midi/e0458_i.mid https://www.hymnal.net/Hymns/Hymnal/midi/tunes/e0458_tune.midi
E459	513223543221	513223543221	MATCH	h/459	Hymn: Not to ourselves again	Y	https://www.hymnal.net/Hymns/Hymnal/midi/e0332_i.mid https://www.hymnal.net/Hymns/Hymnal/midi/tunes/e0459_tune.midi
E46	5534653114562	5534653114562	MATCH	h/46	Hymn: O gracious God, Thy pleasure	Y	https://www.hymnal.net/Hymns/Hymnal/midi/e0036_i.mid https://www.hymnal.net/Hymns/Hymnal/midi/e0046_full.mid https://www.hymnal.net/Hymns/Hymnal/midi/tunes/e0046_tune.midi
E460	11113221122224332	11113221122224332	MATCH	h/460	Hymn: Jesus, I my cross have taken	Y	https://www.hymnal.net/Hymns/Hymnal/midi/e0191_i.mid https://www.hymnal.net/Hymns/Hymnal/midi/tunes/e0460_tune.midi
E461	512332111765	512332111765	MATCH	h/461	Hymn: Down in the valley with my Savior I would go	Y	https://www.hymnal.net/Hymns/Hymnal/midi/e0461_i.mid https://www.hymnal.net/Hymns/Hymnal/midi/tunes/e0461_tune.midi
E462	517125671	517125671	MATCH	h/462	Hymn: How shall I follow Him I serve	Y	https://www.hymnal.net/Hymns/Hymnal/midi/e0061_i.mid https://www.hymnal.net/Hymns/Hymnal/midi/tunes/e0462_tune.midi
E463	1214321351756	1214321351756	MATCH	h/463	Hymn: I love, I love my Master	Y	https://www.hymnal.net/Hymns/Hymnal/midi/e0048_i.mid https://www.hymnal.net/Hymns/Hymnal/midi/tunes/e0463_tune.midi
E464	332343321	332343321	MATCH	h/464	Hymn: My glorious Victor, Prince Divine	Y	https://www.hymnal.net/Hymns/Hymnal/midi/e0464_i.mid https://www.hymnal.net/Hymns/Hymnal/midi/tunes/e0464_tune.midi
E465	3332117544323	3332117544323	MATCH	h/465	Hymn: O Jesus, I have promised	Y	https://www.hymnal.net/Hymns/Hymnal/midi/e0465_i.mid https://www.hymnal.net/Hymns/Hymnal/midi/tunes/e0465_tune.midi
E466	352225111116123	352225111116123	MATCH	h/466	Hymn: He has entered! He has entered!	Y	https://www.hymnal.net/Hymns/Hymnal/midi/e0466_i.mid https://www.hymnal.net/Hymns/Hymnal/midi/tunes/e0466_tune.midi
E467	5333221544332	5333221544332	MATCH	h/467	Hymn: This day the Lord has spoken	Y	https://www.hymnal.net/Hymns/Hymnal/midi/e0467_i.mid https://www.hymnal.net/Hymns/Hymnal/midi/tunes/e0467_tune.midi
E468	13343465351765	13343465351765	MATCH	h/468	Hymn: Am I a soldier of the Cross	Y	https://www.hymnal.net/Hymns/Hymnal/midi/e0468_i.mid https://www.hymnal.net/Hymns/Hymnal/midi/tunes/e0468_tune.midi
E469	55321566115	55321566115	MATCH	h/469	Hymn: Who is on the Lord’s side	Y	https://www.hymnal.net/Hymns/Hymnal/midi/e0469_i.mid https://www.hymnal.net/Hymns/Hymnal/midi/tunes/e0469_tune.midi
E47	33543212671	33543212671	MATCH	h/47	Hymn: Father, Thy name our souls would bless	Y	https://www.hymnal.net/Hymns/Hymnal/midi/e0038_i.mid https://www.hymnal.net/Hymns/Hymnal/midi/e0047_full.mid https://www.hymnal.net/Hymns/Hymnal/midi/tunes/e0047_tune.midi
E470	171214436716555	171214436716555	MATCH	h/470	Hymn: Father, Son and Holy Ghost	Y	https://www.hymnal.net/Hymns/Hymnal/midi/e0366_i.mid https://www.hymnal.net/Hymns/Hymnal/midi/tunes/e0470_tune.midi
E471	13332555	13332555	MATCH	h/471	Hymn: How can I ever stay away	Y	https://www.hymnal.net/Hymns/Hymnal/midi/e0021_i.mid https://www.hymnal.net/Hymns/Hymnal/midi/e0471_full.mid https://www.hymnal.net/Hymns/Hymnal/midi/tunes/e0471_tune.midi
E472	55535123161765	55535123161765	MATCH	h/472	Hymn: Many crowd the Savior’s kingdom	Y	https://www.hymnal.net/Hymns/Hymnal/midi/e0472_i.mid https://www.hymnal.net/Hymns/Hymnal/midi/tunes/e0472_tune.midi
E473	5533212666511232	5533212666511232	MATCH	h/473	Hymn: No mortal tongue can e’er describe	Y	https://www.hymnal.net/Hymns/Hymnal/midi/e0473_i.mid https://www.hymnal.net/Hymns/Hymnal/midi/tunes/e0473_tune.midi
E474	513172151353132	513172151353132	MATCH	h/474	Hymn: I am one with Thee, Lord Jesus	Y	https://www.hymnal.net/Hymns/Hymnal/midi/e0013_i.mid https://www.hymnal.net/Hymns/Hymnal/midi/tunes/e0474_tune.midi
E475	11113221122224332	11113221122224332	MATCH	h/475	Hymn: One with Thee, Thou Son eternal	Y	https://www.hymnal.net/Hymns/Hymnal/midi/e0191_i.mid https://www.hymnal.net/Hymns/Hymnal/midi/e0475_full.mid https://www.hymnal.net/Hymns/Hymnal/midi/tunes/e0475_tune.midi
E476	3235432123	3235432123	MATCH	h/476	Hymn: Oh, sacred union with the Perfect Mind	Y	https://www.hymnal.net/Hymns/Hymnal/midi/e0476_i.mid https://www.hymnal.net/Hymns/Hymnal/midi/tunes/e0476_tune.midi
E477	32131174325221	32131174325221	MATCH	h/477	Hymn: Though Christ a thousand times	Y	https://www.hymnal.net/Hymns/Hymnal/midi/e0477_i.mid https://www.hymnal.net/Hymns/Hymnal/midi/tunes/e0477_tune.midi
E478	333321511327123	333321511327123	MATCH	h/478	Hymn: Once I stood in condemnation	Y	https://www.hymnal.net/Hymns/Hymnal/midi/e0478_i.mid https://www.hymnal.net/Hymns/Hymnal/midi/tunes/e0478_tune.midi
E479	531212356533212	531212356533212	MATCH	h/479	Hymn: Oh, What a Wonderful Place	Y	https://www.hymnal.net/Hymns/Hymnal/midi/e0479_i.mid https://www.hymnal.net/Hymns/Hymnal/midi/tunes/e0479_tune.midi
E48	1214321351756	1214321351756	MATCH	h/48	Hymn: We bless Thee, God and Father	Y	https://www.hymnal.net/Hymns/Hymnal/midi/e0048_full.mid https://www.hymnal.net/Hymns/Hymnal/midi/e0048_i.mid https://www.hymnal.net/Hymns/Hymnal/midi/tunes/e0048_tune.midi
E480	5342542171	5342542171	MATCH	h/480	Hymn: Joined unto Christ the Conqueror	Y	https://www.hymnal.net/Hymns/Hymnal/midi/e0198_i.mid https://www.hymnal.net/Hymns/Hymnal/midi/tunes/e0480_tune.midi
E481	333232153322543	333232153322543	MATCH	h/481	Hymn: Crucified with Christ my Savior	Y	https://www.hymnal.net/Hymns/Hymnal/midi/e0481_i.mid https://www.hymnal.net/Hymns/Hymnal/midi/tunes/e0481_tune.midi
E482	55324712316515312	55324712316515312	MATCH	h/482	Hymn: I am crucified with Christ	Y	https://www.hymnal.net/Hymns/Hymnal/midi/e0482_i.mid https://www.hymnal.net/Hymns/Hymnal/midi/tunes/e0482_tune.midi
E483	545351716671266717	545351716671266717	MATCH	h/483	Hymn: Buried with Christ, and raised with Him too	Y	https://www.hymnal.net/Hymns/Hymnal/midi/e0483_i.mid https://www.hymnal.net/Hymns/Hymnal/midi/tunes/e0483_tune.midi
E484	517123233212	517123233212	MATCH	h/484	Hymn: When Christ once died on Calvary	Y	https://www.hymnal.net/Hymns/Hymnal/midi/e0484_i.mid https://www.hymnal.net/Hymns/Hymnal/midi/tunes/e0484_tune.midi
E485	33333543117123212	33333543117123212	MATCH	h/485	Hymn: What great provision God has made	Y	https://www.hymnal.net/Hymns/Hymnal/midi/e0254_i.mid https://www.hymnal.net/Hymns/Hymnal/midi/tunes/e0485_tune.midi
E486	5123334123	5123334123	MATCH	h/486	Hymn: Moment By Moment	Y	https://www.hymnal.net/Hymns/Hymnal/midi/e0486_i.mid https://www.hymnal.net/Hymns/Hymnal/midi/tunes/e0486_tune.midi
E487	55123112165	55123112165	MATCH	h/487	Hymn: What a wondrous fact, I’m crucified with Christ	Y	https://www.hymnal.net/Hymns/Hymnal/midi/e0487_full.mid https://www.hymnal.net/Hymns/Hymnal/midi/e0487_i.mid https://www.hymnal.net/Hymns/Hymnal/midi/tunes/e0487_tune.midi
E488	1123234323	1123234323	MATCH	h/488	Hymn: Lord, Thou hast shown the mystery	Y	https://www.hymnal.net/Hymns/Hymnal/midi/e0488_full.mid https://www.hymnal.net/Hymns/Hymnal/midi/e0488_i.mid https://www.hymnal.net/Hymns/Hymnal/midi/tunes/e0488_tune.midi
E489	135154321131671545	135154321131671545	MATCH	h/489	Hymn: Oh, Jesus, Lord, when Thou on earth	Y	https://www.hymnal.net/Hymns/Hymnal/midi/e0489_full.mid https://www.hymnal.net/Hymns/Hymnal/midi/e0489_i.mid https://www.hymnal.net/Hymns/Hymnal/midi/tunes/e0489_tune.midi
E49	55532175554323	55532175554323	MATCH	h/49	Hymn: Gracious God, we worship Thee	Y	https://www.hymnal.net/Hymns/Hymnal/midi/e0049_full.mid https://www.hymnal.net/Hymns/Hymnal/midi/e0049_i.mid https://www.hymnal.net/Hymns/Hymnal/midi/tunes/e0049_tune.midi
E490	5555566511623443	5555566511623443	MATCH	h/490	Hymn: Lord, when the Father ne’er was known	Y	https://www.hymnal.net/Hymns/Hymnal/midi/e0004_i.mid https://www.hymnal.net/Hymns/Hymnal/midi/e0490_full.mid https://www.hymnal.net/Hymns/Hymnal/midi/tunes/e0490_tune.midi
E491	33543214332	33543214332	MATCH	h/491	Hymn: Lord, Thou didst know when in the flesh	Y	https://www.hymnal.net/Hymns/Hymnal/midi/e0361_i.mid https://www.hymnal.net/Hymns/Hymnal/midi/e0491_full.mid https://www.hymnal.net/Hymns/Hymnal/midi/tunes/e0491_tune.midi
E492	1345671765	1345671765	MATCH	h/492	Hymn: In all thy work, O Lord, Thou didst	Y	https://www.hymnal.net/Hymns/Hymnal/midi/e0145_i.mid https://www.hymnal.net/Hymns/Hymnal/midi/e0492_full.mid https://www.hymnal.net/Hymns/Hymnal/midi/tunes/e0492_tune.midi
E493	5333267121	5333267121	MATCH	h/493	Hymn: O Lord, Thou art the Spirit now	Y	https://www.hymnal.net/Hymns/Hymnal/midi/e0493_full.mid https://www.hymnal.net/Hymns/Hymnal/midi/e0493_i.mid https://www.hymnal.net/Hymns/Hymnal/midi/tunes/e0493_tune.midi
E494	1345671765	1345671765	MATCH	h/494	Hymn: Christ is the testimony true	Y	https://www.hymnal.net/Hymns/Hymnal/midi/e0145_i.mid https://www.hymnal.net/Hymns/Hymnal/midi/e0494_full.mid https://www.hymnal.net/Hymns/Hymnal/midi/tunes/e0494_tune.midi
E495	117544353542132	117544353542132	MATCH	h/495	Hymn: Christ is God’s centrality	n	https://www.hymnal.net/Hymns/Hymnal/midi/e0135_i.mid https://www.hymnal.net/Hymns/Hymnal/midi/tunes/e0495_tune.midi
E496	1461111765	1461111765	MATCH	h/496	Hymn: Christ is the one reality of all	n	https://www.hymnal.net/Hymns/Hymnal/midi/e0496_i.mid https://www.hymnal.net/Hymns/Hymnal/midi/tunes/e0496_tune.midi
E497	3521656443	3521656443	MATCH	h/497	Hymn: Grace in its highest definition is	Y	https://www.hymnal.net/Hymns/Hymnal/midi/e0350_i.mid https://www.hymnal.net/Hymns/Hymnal/midi/tunes/e0497_tune.midi
E498	53332165653532	53332165653532	MATCH	h/498	Hymn: This is my wonderful story	Y	https://www.hymnal.net/Hymns/Hymnal/midi/e0498_i.mid https://www.hymnal.net/Hymns/Hymnal/midi/tunes/e0498_tune.midi
E499	1123546721	1123546721	MATCH	h/499	Hymn: Oh, what a life! Oh, what a peace	Y	https://www.hymnal.net/Hymns/Hymnal/midi/e0296_i.mid https://www.hymnal.net/Hymns/Hymnal/midi/tunes/e0499_tune.midi
E5	55653232176165453	55653232176165453	MATCH	h/5	Hymn: God, our Father, we adore Thee	Y	https://www.hymnal.net/Hymns/Hymnal/midi/e0005_full.mid https://www.hymnal.net/Hymns/Hymnal/midi/e0005_i.mid https://www.hymnal.net/Hymns/Hymnal/midi/tunes/e0005_tune.midi
E50	3334365443	3334365443	MATCH	h/50	Hymn: Father, Thy Son beloved leads our praise	Y	https://www.hymnal.net/Hymns/Hymnal/midi/e0050_full.mid https://www.hymnal.net/Hymns/Hymnal/midi/e0050_i.mid https://www.hymnal.net/Hymns/Hymnal/midi/tunes/e0050_tune.midi
E500	1123546721	1123546721	MATCH	h/500	Hymn: Oh, what a might! Oh, what a strength	Y	https://www.hymnal.net/Hymns/Hymnal/midi/e0296_i.mid https://www.hymnal.net/Hymns/Hymnal/midi/tunes/e0500_tune.midi
E501	55345123211121615	55345123211121615	MATCH	h/501	Hymn: O glorious Christ, Savior mine	Y	https://www.hymnal.net/Hymns/Hymnal/midi/e0501_full.mid https://www.hymnal.net/Hymns/Hymnal/midi/e0501_i.mid https://www.hymnal.net/Hymns/Hymnal/midi/tunes/e0501_tune.midi
E502	55535617655453	55535617655453	MATCH	h/502	Hymn: Once I was dead in sin	Y	https://www.hymnal.net/Hymns/Hymnal/midi/e0436_i.mid https://www.hymnal.net/Hymns/Hymnal/midi/tunes/e0502_tune.midi
E503	5566116355663	5566116355663	MATCH	h/503	Hymn: I serve a risen Savior	Y	https://www.hymnal.net/Hymns/Hymnal/midi/e0503_i.mid https://www.hymnal.net/Hymns/Hymnal/midi/tunes/e0503_tune.midi
E504	333413543232	333413543232	MATCH	h/504	Hymn: Jesus, I live to Thee	Y	https://www.hymnal.net/Hymns/Hymnal/midi/e0111_i.mid https://www.hymnal.net/Hymns/Hymnal/midi/tunes/e0504_tune.midi
E505	11151255323432	11151255323432	MATCH	h/505	Hymn: There’s a Man in the glory	Y	https://www.hymnal.net/Hymns/Hymnal/midi/e0505_full.mid https://www.hymnal.net/Hymns/Hymnal/midi/e0505_i.mid https://www.hymnal.net/Hymns/Hymnal/midi/tunes/e0505_tune.midi
E506	551565665432132	551565665432132	MATCH	h/506	Hymn: Jesus lives! thy terrors now	Y	https://www.hymnal.net/Hymns/Hymnal/midi/e0506_i.mid https://www.hymnal.net/Hymns/Hymnal/midi/tunes/e0506_tune.midi
E507	532111765561465	532111765561465	MATCH	h/507	Hymn: Christ liveth in me	Y	https://www.hymnal.net/Hymns/Hymnal/midi/e0507_i.mid https://www.hymnal.net/Hymns/Hymnal/midi/tunes/e0507_tune.midi
E508	135654532123462	135654532123462	MATCH	h/508	Hymn: Made free! Made free! O captive	Y	https://www.hymnal.net/Hymns/Hymnal/midi/e0508_i.mid https://www.hymnal.net/Hymns/Hymnal/midi/tunes/e0508_tune.midi
E509	3445565132112165	3445565132112165	MATCH	h/509	Hymn: A flowing river and a tree	Y	https://www.hymnal.net/Hymns/Hymnal/midi/e0509_i.mid https://www.hymnal.net/Hymns/Hymnal/midi/tunes/e0509_tune.midi
E51	33343321231271	33343321231271	MATCH	h/51	Hymn: Our God and Father, we respond to Thee	Y	https://www.hymnal.net/Hymns/Hymnal/midi/e0051_full.mid https://www.hymnal.net/Hymns/Hymnal/midi/e0051_i.mid https://www.hymnal.net/Hymns/Hymnal/midi/tunes/e0051_tune.midi
E510	1233321222	1233321222	MATCH	h/510	Hymn: I’ve found the One of peerless worth	Y	https://www.hymnal.net/Hymns/Hymnal/midi/e0510_i.mid https://www.hymnal.net/Hymns/Hymnal/midi/tunes/e0510_tune.midi
E511	5451117126	5451117126	MATCH	h/511	Hymn: Jesus only is our message	Y	https://www.hymnal.net/Hymns/Hymnal/midi/e0511_i.mid https://www.hymnal.net/Hymns/Hymnal/midi/tunes/e0511_tune.midi
E512	3321176533452	3321176533452	MATCH	h/512	Hymn: Jesus, Sun and Shield art Thou	Y	https://www.hymnal.net/Hymns/Hymnal/midi/e0512_i.mid https://www.hymnal.net/Hymns/Hymnal/midi/tunes/e0512_tune.midi
E513	15123132165	15123132165	MATCH	h/513	Hymn: Once it was the blessing	Y	https://www.hymnal.net/Hymns/Hymnal/midi/e0513_i.mid https://www.hymnal.net/Hymns/Hymnal/midi/tunes/e0513_tune.midi
E514	34555565112165	34555565112165	MATCH	h/514	Hymn: There is One amid all changes	Y	https://www.hymnal.net/Hymns/Hymnal/midi/e0514_i.mid https://www.hymnal.net/Hymns/Hymnal/midi/tunes/e0514_tune.midi
E515	13455456567671	13455456567671	MATCH	h/515	Hymn: All is in Christ	Y	https://www.hymnal.net/Hymns/Hymnal/midi/e0515_i.mid https://www.hymnal.net/Hymns/Hymnal/midi/tunes/e0515_tune.midi
E516	1345671765	1345671765	MATCH	h/516	Hymn: Lord of all being, throned afar	Y	https://www.hymnal.net/Hymns/Hymnal/midi/e0145_i.mid https://www.hymnal.net/Hymns/Hymnal/midi/tunes/e0516_tune.midi
E517	3135351715	3135351715	MATCH	h/517	Hymn: Jesus, my Savior, is all things to me	Y	https://www.hymnal.net/Hymns/Hymnal/midi/e0517_i.mid https://www.hymnal.net/Hymns/Hymnal/midi/tunes/e0517_tune.midi
E518	17656123556771	17656123556771	MATCH	h/518	Hymn: Whom have I, Lord, in heav’n but Thee	Y	https://www.hymnal.net/Hymns/Hymnal/midi/e0518_i.mid https://www.hymnal.net/Hymns/Hymnal/midi/tunes/e0518_tune.midi
E519	54333334565	54333334565	MATCH	h/519	Hymn: My heart is fixed, eternal God	Y	https://www.hymnal.net/Hymns/Hymnal/midi/e0103_i.mid https://www.hymnal.net/Hymns/Hymnal/midi/tunes/e0519_tune.midi
E52	512332161651712	512332161651712	MATCH	h/52	Hymn: Father, to Thee a joyful song we raise	Y	https://www.hymnal.net/Hymns/Hymnal/midi/e0025_i.mid https://www.hymnal.net/Hymns/Hymnal/midi/tunes/e0052_tune.midi
E520	175665344123567162	175665344123567162	MATCH	h/520	Hymn: None other Lamb, none other Name	Y	https://www.hymnal.net/Hymns/Hymnal/midi/e0520_i.mid https://www.hymnal.net/Hymns/Hymnal/midi/tunes/e0520_tune.midi
E521	12354321567117	12354321567117	MATCH	h/521	Hymn: I thank Thee, Lord, that Thou hast shown	Y	https://www.hymnal.net/Hymns/Hymnal/midi/e0521_i.mid https://www.hymnal.net/Hymns/Hymnal/midi/tunes/e0521_tune.midi
E522	513331355553222123	513331355553222123	MATCH	h/522	Hymn: O Christ, in Thee my soul hath found	Y	https://www.hymnal.net/Hymns/Hymnal/midi/e0522_i.mid https://www.hymnal.net/Hymns/Hymnal/midi/tunes/e0522_tune.midi
E523	12343232156551345	12343232156551345	MATCH	h/523	Hymn: I have come to the Fountain of Life	Y	https://www.hymnal.net/Hymns/Hymnal/midi/e0523_i.mid https://www.hymnal.net/Hymns/Hymnal/midi/tunes/e0523_tune.midi
E524	513212711122225	513212711122225	MATCH	h/524	Hymn: I have found, I have found the way	Y	https://www.hymnal.net/Hymns/Hymnal/midi/e0524_i.mid https://www.hymnal.net/Hymns/Hymnal/midi/tunes/e0524_tune.midi
E525	3332344444432555	3332344444432555	MATCH	h/525	Hymn: Jesus, Fountain of my days	Y	https://www.hymnal.net/Hymns/Hymnal/midi/e0269_i.mid https://www.hymnal.net/Hymns/Hymnal/midi/tunes/e0525_tune.midi
E526	3211712671	3211712671	MATCH	h/526	Hymn: Lord, Thou hast made Thyself to me	Y	https://www.hymnal.net/Hymns/Hymnal/midi/e0423_i.mid https://www.hymnal.net/Hymns/Hymnal/midi/tunes/e0526_tune.midi
E527	5342542171	5342542171	MATCH	h/527	Hymn: The Lord’s my Shepherd, I’ll not want	Y	https://www.hymnal.net/Hymns/Hymnal/midi/e0198_i.mid https://www.hymnal.net/Hymns/Hymnal/midi/tunes/e0527_tune.midi
E528	354332215567132	354332215567132	MATCH	h/528	Hymn: The King of love my Shepherd is	Y	https://www.hymnal.net/Hymns/Hymnal/midi/e0187_i.mid https://www.hymnal.net/Hymns/Hymnal/midi/tunes/e0528_tune.midi
E529	1151313543455432	1151313543455432	MATCH	h/529	Hymn: How tedious and tasteless the hours	Y	https://www.hymnal.net/Hymns/Hymnal/midi/e0529_i.mid https://www.hymnal.net/Hymns/Hymnal/midi/tunes/e0529_tune.midi
E53	53533216165	53533216165	MATCH	h/53	Hymn: Our God and Father, we respond anew	Y	https://www.hymnal.net/Hymns/Hymnal/midi/e0053_full.mid https://www.hymnal.net/Hymns/Hymnal/midi/e0053_i.mid https://www.hymnal.net/Hymns/Hymnal/midi/tunes/e0053_tune.midi
E530	32143321511223	32143321511223	MATCH	h/530	Hymn: Jesus is all the world to me	Y	https://www.hymnal.net/Hymns/Hymnal/midi/e0530_i.mid https://www.hymnal.net/Hymns/Hymnal/midi/tunes/e0530_tune.midi
E531	56532121235	56532121235	MATCH	h/531	Hymn: Fade, fade each earthly joy	Y	https://www.hymnal.net/Hymns/Hymnal/midi/e0531_i.mid https://www.hymnal.net/Hymns/Hymnal/midi/tunes/e0531_tune.midi
E532	123542123436511712	123542123436511712	MATCH	h/532	Hymn: Thou hidden source of calm repose	Y	https://www.hymnal.net/Hymns/Hymnal/midi/e0532_i.mid https://www.hymnal.net/Hymns/Hymnal/midi/tunes/e0532_tune.midi
E533	5123355444433262	5123355444433262	MATCH	h/533	Hymn: For every sin however deep	Y	https://www.hymnal.net/Hymns/Hymnal/midi/e0533_i.mid https://www.hymnal.net/Hymns/Hymnal/midi/tunes/e0533_tune.midi
E534	55465123353333334	55365123353333334	DIFF	h/534	Hymn: The Savior can lift every burden	Y	https://www.hymnal.net/Hymns/Hymnal/midi/e0534_i.mid https://www.hymnal.net/Hymns/Hymnal/midi/tunes/e0534_tune.midi
E535	3211712671	3211712671	MATCH	h/535	Hymn: All things are possible to him	Y	https://www.hymnal.net/Hymns/Hymnal/midi/e0423_i.mid https://www.hymnal.net/Hymns/Hymnal/midi/tunes/e0535_tune.midi
E536	51123321271	51123321271	MATCH	h/536	Hymn: Objective and subjective Christ is to us	Y	https://www.hymnal.net/Hymns/Hymnal/midi/e0278_i.mid https://www.hymnal.net/Hymns/Hymnal/midi/e0536_full.mid https://www.hymnal.net/Hymns/Hymnal/midi/tunes/e0536_tune.midi
E537	55324712316515312	55324712316515312	MATCH	h/537	Hymn: Christ to me is so subjective	Y	https://www.hymnal.net/Hymns/Hymnal/midi/e0482_i.mid https://www.hymnal.net/Hymns/Hymnal/midi/tunes/e0537_tune.midi
E538	123123211651712	123123211651712	MATCH	h/538	Hymn: It is God’s intent and pleasure	Y	https://www.hymnal.net/Hymns/Hymnal/midi/e0538_full.mid https://www.hymnal.net/Hymns/Hymnal/midi/e0538_i.mid https://www.hymnal.net/Hymns/Hymnal/midi/tunes/e0538_tune.midi
E539	5555554565323543	5555554565323543	MATCH	h/539	Hymn: O Lord, Thou art in me as life	Y	https://www.hymnal.net/Hymns/Hymnal/midi/e0016_i.mid https://www.hymnal.net/Hymns/Hymnal/midi/tunes/e0539_tune.midi
E54	3345122343	3345122343	MATCH	h/54	Hymn: O God and Father, we our praises bring	Y	https://www.hymnal.net/Hymns/Hymnal/midi/e0054_full.mid https://www.hymnal.net/Hymns/Hymnal/midi/e0054_i.mid https://www.hymnal.net/Hymns/Hymnal/midi/tunes/e0054_tune.midi
E540	565321766621712	565321766621712	MATCH	h/540	Hymn: What release the Savior gave me	Y	https://www.hymnal.net/Hymns/Hymnal/midi/e0378_i.mid https://www.hymnal.net/Hymns/Hymnal/midi/tunes/e0540_tune.midi
E541	11765353212	11765353212	MATCH	h/541	Hymn: Not the law of letters	Y	https://www.hymnal.net/Hymns/Hymnal/midi/e0541_i.mid https://www.hymnal.net/Hymns/Hymnal/midi/tunes/e0541_tune.midi
E542	556551177122123	556551177122123	MATCH	h/542	Hymn: O the riches of my Savior	Y	https://www.hymnal.net/Hymns/Hymnal/midi/e0542_i.mid https://www.hymnal.net/Hymns/Hymnal/midi/tunes/e0542_tune.midi
E543	333413543232	333413543232	MATCH	h/543	Hymn: I give my heart to Thee	Y	https://www.hymnal.net/Hymns/Hymnal/midi/e0111_i.mid https://www.hymnal.net/Hymns/Hymnal/midi/tunes/e0543_tune.midi
E544	134432132771	134432132771	MATCH	h/544	Hymn: Lord Jesus, I love Thee, I know Thou art mine	Y	https://www.hymnal.net/Hymns/Hymnal/midi/e0544_i.mid https://www.hymnal.net/Hymns/Hymnal/midi/tunes/e0544_tune.midi
E545	11234431123221	11234431123221	MATCH	h/545	Hymn: When this passing world is done	Y	https://www.hymnal.net/Hymns/Hymnal/midi/e0545_i.mid https://www.hymnal.net/Hymns/Hymnal/midi/tunes/e0545_tune.midi
E546	5543531615355443	5543531615355443	MATCH	h/546	Hymn: I love my Lord, but with no love of mine	Y	https://www.hymnal.net/Hymns/Hymnal/midi/e0546_i.mid https://www.hymnal.net/Hymns/Hymnal/midi/tunes/e0546_tune.midi
E547	31555117136714332	31555117136714332	MATCH	h/547	Hymn: Something every heart is loving	Y	https://www.hymnal.net/Hymns/Hymnal/midi/e0265_i.mid https://www.hymnal.net/Hymns/Hymnal/midi/tunes/e0547_tune.midi
E548	32143212176543	32143212176543	MATCH	h/548	Hymn: Earthen vessel I was made	Y	https://www.hymnal.net/Hymns/Hymnal/midi/e0548_i.mid https://www.hymnal.net/Hymns/Hymnal/midi/tunes/e0548_tune.midi
E549	1234321171	1234321171	MATCH	h/549	Hymn: Enter the veil and go without the camp	Y	https://www.hymnal.net/Hymns/Hymnal/midi/e0454_i.mid https://www.hymnal.net/Hymns/Hymnal/midi/tunes/e0549_tune.midi
E55	53533216165	53533216165	MATCH	h/55	Hymn: O God our Father, we would come to Thee	Y	https://www.hymnal.net/Hymns/Hymnal/midi/e0053_i.mid https://www.hymnal.net/Hymns/Hymnal/midi/tunes/e0055_tune.midi
E550	123565533321	123565533321	MATCH	h/550	Hymn: Through Thy precious body broken	Y	https://www.hymnal.net/Hymns/Hymnal/midi/e0550_i.mid https://www.hymnal.net/Hymns/Hymnal/midi/tunes/e0550_tune.midi
E551	34555553211765	34555553211765	MATCH	h/551	Hymn: I’ve believed the true report	Y	https://www.hymnal.net/Hymns/Hymnal/midi/e0551_i.mid https://www.hymnal.net/Hymns/Hymnal/midi/tunes/e0551_tune.midi
E552	513333444452343	513333444452343	MATCH	h/552	Hymn: Marvel not that Christ in glory	Y	https://www.hymnal.net/Hymns/Hymnal/midi/e0552_i.mid https://www.hymnal.net/Hymns/Hymnal/midi/tunes/e0552_tune.midi
E553	555333326117655	555333326117655	MATCH	h/553	Hymn: In the secret of His presence	Y	https://www.hymnal.net/Hymns/Hymnal/midi/e0553_i.mid https://www.hymnal.net/Hymns/Hymnal/midi/tunes/e0553_tune.midi
E554	553217655523476765	553217655523476765	MATCH	h/554	Hymn: I come to His presence afresh	Y	https://www.hymnal.net/Hymns/Hymnal/midi/e0501b_i.mid https://www.hymnal.net/Hymns/Hymnal/midi/e0554_full.mid https://www.hymnal.net/Hymns/Hymnal/midi/tunes/e0554_tune.midi
E555	321543217132	321543217132	MATCH	h/555	Hymn: Still, still with Thee, when purple morning breaketh	Y	https://www.hymnal.net/Hymns/Hymnal/midi/e0249_i.mid https://www.hymnal.net/Hymns/Hymnal/midi/tunes/e0555_tune.midi
E556	3445653453	3445653453	MATCH	h/556	Hymn: Thy name is sweet as ointment poured forth	Y	https://www.hymnal.net/Hymns/Hymnal/midi/e0556_full.mid https://www.hymnal.net/Hymns/Hymnal/midi/e0556_i.mid https://www.hymnal.net/Hymns/Hymnal/midi/tunes/e0556_tune.midi
E557	321167432271	321167432271	MATCH	h/557	Hymn: Jesus Himself drew near	Y	https://www.hymnal.net/Hymns/Hymnal/midi/e0557_i.mid https://www.hymnal.net/Hymns/Hymnal/midi/tunes/e0557_tune.midi
E558	3332122216	3332122216	MATCH	h/558	Hymn: Leaning on the Everlasting Arms	Y	https://www.hymnal.net/Hymns/Hymnal/midi/e0276_i.mid https://www.hymnal.net/Hymns/Hymnal/midi/tunes/e0558_tune.midi
E559	334321222344323	334321222344323	MATCH	h/559	Hymn: Savior, I by faith am touching Thee	Y	https://www.hymnal.net/Hymns/Hymnal/midi/e0559_i.mid https://www.hymnal.net/Hymns/Hymnal/midi/tunes/e0559_tune.midi
E56	54351527543	54351527543	MATCH	h/56	Hymn: Dear Lord, Thou art the Word of God	Y	https://www.hymnal.net/Hymns/Hymnal/midi/e0056_full.mid https://www.hymnal.net/Hymns/Hymnal/midi/e0056_i.mid https://www.hymnal.net/Hymns/Hymnal/midi/tunes/e0056_tune.midi
E560	1335566551275545	1335566551275545	MATCH	h/560	Hymn: Come, O Thou Traveler unknown	Y	https://www.hymnal.net/Hymns/Hymnal/midi/e0560_i.mid https://www.hymnal.net/Hymns/Hymnal/midi/tunes/e0560_tune.midi
E561	6321767652143323	6321767652143323	MATCH	h/561	Hymn: Thou hast said Thou art the Vine, Lord	Y	https://www.hymnal.net/Hymns/Hymnal/midi/e0561_i.mid https://www.hymnal.net/Hymns/Hymnal/midi/tunes/e0561_tune.midi
E562	5321712165	5321712165	MATCH	h/562	Hymn: Abiding, oh, so wondrous sweet	Y	https://www.hymnal.net/Hymns/Hymnal/midi/e0562_i.mid https://www.hymnal.net/Hymns/Hymnal/midi/tunes/e0562_tune.midi
E563	3214323127	3214323127	MATCH	h/563	Hymn: Abide in Thee! in that deep love of Thine	Y	https://www.hymnal.net/Hymns/Hymnal/midi/e0563_i.mid https://www.hymnal.net/Hymns/Hymnal/midi/tunes/e0563_tune.midi
E564	543321554366665	543321554366665	MATCH	h/564	Hymn: I have learned the wondrous secret	Y	https://www.hymnal.net/Hymns/Hymnal/midi/e0564_i.mid https://www.hymnal.net/Hymns/Hymnal/midi/tunes/e0564_tune.midi
E565	34455556354	34455556354	MATCH	h/565	Hymn: Under His wings I am safely abiding	Y	https://www.hymnal.net/Hymns/Hymnal/midi/e0565_i.mid https://www.hymnal.net/Hymns/Hymnal/midi/tunes/e0565_tune.midi
E566	5554332117671	554332117671	DIFF	h/566	Hymn: Oh, safe to the Rock that is higher than I	Y	https://www.hymnal.net/Hymns/Hymnal/midi/e0566_i.mid https://www.hymnal.net/Hymns/Hymnal/midi/tunes/e0566_tune.midi
E567	5334721544342	5334721544342	MATCH	h/567	Hymn: O Lamb of God, still keep me	Y	https://www.hymnal.net/Hymns/Hymnal/midi/e0567_i.mid https://www.hymnal.net/Hymns/Hymnal/midi/tunes/e0567_tune.midi
E568	321761651353212	321761651353212	MATCH	h/568	Hymn: Tis so sweet to trust in Jesus	Y	https://www.hymnal.net/Hymns/Hymnal/midi/e0437_i.mid https://www.hymnal.net/Hymns/Hymnal/midi/tunes/e0568_tune.midi
E569	324332116165132	324332116165132	MATCH	h/569	Hymn: Simply trusting every day	Y	https://www.hymnal.net/Hymns/Hymnal/midi/e0223_i.mid https://www.hymnal.net/Hymns/Hymnal/midi/tunes/e0569_tune.midi
E57	3455132161655132	3455132161655132	MATCH	h/57	Hymn: The image of the Father God	Y	https://www.hymnal.net/Hymns/Hymnal/midi/e0057_full.mid https://www.hymnal.net/Hymns/Hymnal/midi/e0057_i.mid https://www.hymnal.net/Hymns/Hymnal/midi/tunes/e0057_tune.midi
E570	565334317123453	565334317123453	MATCH	h/570	Hymn: All my doubts I give to Jesus	Y	https://www.hymnal.net/Hymns/Hymnal/midi/e0570_i.mid https://www.hymnal.net/Hymns/Hymnal/midi/tunes/e0570_tune.midi
E571	1556543156717665	1556543156717665	MATCH	h/571	Hymn: Thou whose name is called Jesus	Y	https://www.hymnal.net/Hymns/Hymnal/midi/e0571_i.mid https://www.hymnal.net/Hymns/Hymnal/midi/tunes/e0571_tune.midi
E572	55132117657777671	55132117657777671	MATCH	h/572	Hymn: Jesus hath died and hath risen again	Y	https://www.hymnal.net/Hymns/Hymnal/midi/e0572_i.mid https://www.hymnal.net/Hymns/Hymnal/midi/tunes/e0572_tune.midi
E573	555565534323453	555565534323453	MATCH	h/573	Hymn: Once I thought I walked with Jesus	Y	https://www.hymnal.net/Hymns/Hymnal/midi/e0573_i.mid https://www.hymnal.net/Hymns/Hymnal/midi/tunes/e0573_tune.midi
E574	1333234536665432	1333234536665432	MATCH	h/574	Hymn: Lord Jesus, Thou dost keep Thy child	Y	https://www.hymnal.net/Hymns/Hymnal/midi/e0131_i.mid https://www.hymnal.net/Hymns/Hymnal/midi/tunes/e0574_tune.midi
E575	1234321171	1234321171	MATCH	h/575	Hymn: I take Thy promise, Lord, in all its length	Y	https://www.hymnal.net/Hymns/Hymnal/midi/e0454_i.mid https://www.hymnal.net/Hymns/Hymnal/midi/tunes/e0575_tune.midi
E576	3511217746223211	3511217746223211	MATCH	h/576	Hymn: I clasp the hand of Love divine	Y	https://www.hymnal.net/Hymns/Hymnal/midi/e0576_i.mid https://www.hymnal.net/Hymns/Hymnal/midi/tunes/e0576_tune.midi
E577	3532253213176	3532253213176	MATCH	h/577	Hymn: When I fear my faith will fail	Y	https://www.hymnal.net/Hymns/Hymnal/midi/e0577_i.mid https://www.hymnal.net/Hymns/Hymnal/midi/tunes/e0577_tune.midi
E578	33343222554311765	33343222554311765	MATCH	h/578	Hymn: My will is weak, my strength is frail	Y	https://www.hymnal.net/Hymns/Hymnal/midi/e0205_i.mid https://www.hymnal.net/Hymns/Hymnal/midi/tunes/e0578_tune.midi
E579	556567715565712	556567715565712	MATCH	h/579	Hymn: Jesus! I am resting, resting	Y	https://www.hymnal.net/Hymns/Hymnal/midi/e0579_i.mid https://www.hymnal.net/Hymns/Hymnal/midi/tunes/e0579_tune.midi
E58	55545155355423	55545155355423	MATCH	h/58	Hymn: Thou art the living Word, O Lord	Y	https://www.hymnal.net/Hymns/Hymnal/midi/e0058_full.mid https://www.hymnal.net/Hymns/Hymnal/midi/e0058_i.mid https://www.hymnal.net/Hymns/Hymnal/midi/tunes/e0058_tune.midi
E580	5556543451166671176655	5556543451166671176655	MATCH	h/580	Hymn: Resting on the faithfulness of Christ our Lord	Y	https://www.hymnal.net/Hymns/Hymnal/midi/e0580_i.mid https://www.hymnal.net/Hymns/Hymnal/midi/tunes/e0580_tune.midi
E581	53332353111223	53332353111223	MATCH	h/581	Hymn: On Thee my heart is resting	Y	https://www.hymnal.net/Hymns/Hymnal/midi/e0581_i.mid https://www.hymnal.net/Hymns/Hymnal/midi/tunes/e0581_tune.midi
E582	123321135543	123321135543	MATCH	h/582	Hymn: Trust and obey	Y	https://www.hymnal.net/Hymns/Hymnal/midi/e0582_i.mid https://www.hymnal.net/Hymns/Hymnal/midi/tunes/e0582_tune.midi
E583	35234233523421	35234233523421	MATCH	h/583	Hymn: Go to Him without the camp	Y	https://www.hymnal.net/Hymns/Hymnal/midi/e0583_i.mid https://www.hymnal.net/Hymns/Hymnal/midi/tunes/e0583_tune.midi
E584	55565312345	55565312345	MATCH	h/584	Hymn: Anywhere with Jesus I can safely go	Y	https://www.hymnal.net/Hymns/Hymnal/midi/e0584_i.mid https://www.hymnal.net/Hymns/Hymnal/midi/tunes/e0584_tune.midi
E585	53215644653321332	53215644653321332	MATCH	h/585	Hymn: He leadeth me! O blessed thought	Y	https://www.hymnal.net/Hymns/Hymnal/midi/e0585_i.mid https://www.hymnal.net/Hymns/Hymnal/midi/tunes/e0585_tune.midi
E586	5133433257213221	5133433257213221	MATCH	h/586	Hymn: I can hear my Savior calling	Y	https://www.hymnal.net/Hymns/Hymnal/midi/e0586_i.mid https://www.hymnal.net/Hymns/Hymnal/midi/tunes/e0586_tune.midi
E587	5671321611353232	5671321611353232	MATCH	h/587	Hymn: Tis so sweet to walk with Jesus	Y	https://www.hymnal.net/Hymns/Hymnal/midi/e0587_i.mid https://www.hymnal.net/Hymns/Hymnal/midi/tunes/e0587_tune.midi
E588	33543214332	33543214332	MATCH	h/588	Hymn: O blessed life—the heart at rest	Y	https://www.hymnal.net/Hymns/Hymnal/midi/e0361_i.mid https://www.hymnal.net/Hymns/Hymnal/midi/tunes/e0588_tune.midi
E589	565354432613543	565354432613543	MATCH	h/589	Hymn: God in heaven hath a treasure	Y	https://www.hymnal.net/Hymns/Hymnal/midi/e0589_i.mid https://www.hymnal.net/Hymns/Hymnal/midi/tunes/e0589_tune.midi
E59	11234326711432617	11234326711432617	MATCH	h/59	Hymn: Thou art the everlasting Word	Y	https://www.hymnal.net/Hymns/Hymnal/midi/e0059_full.mid https://www.hymnal.net/Hymns/Hymnal/midi/e0059_i.mid https://www.hymnal.net/Hymns/Hymnal/midi/tunes/e0059_tune.midi
E590	53531765311235432	53531765311235432	MATCH	h/590	Hymn: Lo, from vessels, earthen only	Y	https://www.hymnal.net/Hymns/Hymnal/midi/e0590_i.mid https://www.hymnal.net/Hymns/Hymnal/midi/tunes/e0590_tune.midi
E591	17123324352	17123324352	MATCH	h/591	Hymn: Not I, but Christ be honored, loved, exalted	Y	https://www.hymnal.net/Hymns/Hymnal/midi/e0591_i.mid https://www.hymnal.net/Hymns/Hymnal/midi/tunes/e0591_tune.midi
E592	5551345766	5551345766	MATCH	h/592	Hymn: The earth absorbs the soft, refreshing rain	Y	https://www.hymnal.net/Hymns/Hymnal/midi/e0592_i.mid https://www.hymnal.net/Hymns/Hymnal/midi/tunes/e0592_tune.midi
E593	15543511765	15543511765	MATCH	h/593	Hymn: All I have in Adam is but sin and death	Y	https://www.hymnal.net/Hymns/Hymnal/midi/e0593_i.mid https://www.hymnal.net/Hymns/Hymnal/midi/tunes/e0593_tune.midi
E594	33221555662	33221555662	MATCH	h/594	Hymn: Christ my very peace is	Y	https://www.hymnal.net/Hymns/Hymnal/midi/e0594_i.mid https://www.hymnal.net/Hymns/Hymnal/midi/tunes/e0594_tune.midi
E595	333321511327123	333321511327123	MATCH	h/595	Hymn: There is always something over	Y	https://www.hymnal.net/Hymns/Hymnal/midi/e0478_i.mid https://www.hymnal.net/Hymns/Hymnal/midi/tunes/e0595_tune.midi
E596	53465712715	53465712715	MATCH	h/596	Hymn: Mine is the earth, the worlds in all their fulness	Y	https://www.hymnal.net/Hymns/Hymnal/midi/e0420_i.mid https://www.hymnal.net/Hymns/Hymnal/midi/tunes/e0596_tune.midi
E597	5132164343	5132164343	MATCH	h/597	Hymn: I know that my Redeemer lives	Y	https://www.hymnal.net/Hymns/Hymnal/midi/e0597_i.mid https://www.hymnal.net/Hymns/Hymnal/midi/tunes/e0597_tune.midi
E598	55651171231	5565117123	DIFF	h/598	Hymn: All fair within those children of the light	Y	https://www.hymnal.net/Hymns/Hymnal/midi/e0598_i.mid https://www.hymnal.net/Hymns/Hymnal/midi/tunes/e0598_tune.midi
E599	3321362171	3321362171	MATCH	h/599	Hymn: Lord, I was blind; I could not see	Y	https://www.hymnal.net/Hymns/Hymnal/midi/e0599_i.mid https://www.hymnal.net/Hymns/Hymnal/midi/tunes/e0599_tune.midi
E6	113355666653	113355666653	MATCH	h/6	Hymn: Holy, Holy, Holy, Lord God Almighty	Y	https://www.hymnal.net/Hymns/Hymnal/midi/e0006_full.mid https://www.hymnal.net/Hymns/Hymnal/midi/e0006_i.mid https://www.hymnal.net/Hymns/Hymnal/midi/tunes/e0006_tune.midi
E60	56511712323164321	56511712323164321	MATCH	h/60	Hymn: Of the Father’s love begotten	Y	https://www.hymnal.net/Hymns/Hymnal/midi/e0033_full.mid https://www.hymnal.net/Hymns/Hymnal/midi/e0033_i.mid https://www.hymnal.net/Hymns/Hymnal/midi/tunes/e0060_tune.midi
E600	51122321566165	51122321566165	MATCH	h/600	Hymn: My God, my Portion, and my Love	Y	https://www.hymnal.net/Hymns/Hymnal/midi/e0177_i.mid https://www.hymnal.net/Hymns/Hymnal/midi/tunes/e0600_tune.midi
E601	55655655153335432	55655655153335432	MATCH	h/601	Hymn: My heart is resting, O my God	Y	https://www.hymnal.net/Hymns/Hymnal/midi/e0601_i.mid https://www.hymnal.net/Hymns/Hymnal/midi/tunes/e0601_tune.midi
E602	1231345517653221	1231345517653221	MATCH	h/602	Hymn: O how glorious! O how holy	Y	https://www.hymnal.net/Hymns/Hymnal/midi/e0140_i.mid https://www.hymnal.net/Hymns/Hymnal/midi/tunes/e0602_tune.midi
E603	11772211354123	11772211354123	MATCH	h/603	Hymn: Eternal Light! Eternal Light	Y	https://www.hymnal.net/Hymns/Hymnal/midi/e0603_i.mid https://www.hymnal.net/Hymns/Hymnal/midi/tunes/e0603_tune.midi
E604	33343321231271	33343321231271	MATCH	h/604	Hymn: Unto the hills around do I lift up	Y	https://www.hymnal.net/Hymns/Hymnal/midi/e0051_i.mid https://www.hymnal.net/Hymns/Hymnal/midi/tunes/e0604_tune.midi
E605	35432123432	35432123432	MATCH	h/605	Hymn: My home is God Himself; Christ brought me there	Y	https://www.hymnal.net/Hymns/Hymnal/midi/e0605_i.mid https://www.hymnal.net/Hymns/Hymnal/midi/tunes/e0605_tune.midi
E606	567123321661465	567123321661465	MATCH	h/606	Hymn: Oh, how the thought of God attracts	Y	https://www.hymnal.net/Hymns/Hymnal/midi/e0157_i.mid https://www.hymnal.net/Hymns/Hymnal/midi/tunes/e0606_tune.midi
E607	53651171515645	53651171515645	MATCH	h/607	Hymn: O God, our help in ages past	Y	https://www.hymnal.net/Hymns/Hymnal/midi/e0607_i.mid https://www.hymnal.net/Hymns/Hymnal/midi/tunes/e0607_tune.midi
E608	55535556646	55535556646	MATCH	h/608	Hymn: What mystery, the Father, Son, and Spirit	Y	https://www.hymnal.net/Hymns/Hymnal/midi/e0017_i.mid https://www.hymnal.net/Hymns/Hymnal/midi/tunes/e0608_tune.midi
E609	5543511271	5543511271	MATCH	h/609	Hymn: I praise Thee for Thy mystery	Y	https://www.hymnal.net/Hymns/Hymnal/midi/e0081_i.mid https://www.hymnal.net/Hymns/Hymnal/midi/tunes/e0609_tune.midi
E61	517125671	517125671	MATCH	h/61	Hymn: O Lord, Thou art the Son of man	Y	https://www.hymnal.net/Hymns/Hymnal/midi/e0061_full.mid https://www.hymnal.net/Hymns/Hymnal/midi/e0061_i.mid https://www.hymnal.net/Hymns/Hymnal/midi/tunes/e0061_tune.midi
E610	1111712321	1111712321	MATCH	h/610	Hymn: God’s Spirit His transmission is	Y	https://www.hymnal.net/Hymns/Hymnal/midi/e0374_i.mid https://www.hymnal.net/Hymns/Hymnal/midi/tunes/e0610_tune.midi
E611	33333543117123212	33333543117123212	MATCH	h/611	Hymn: God’s glorious substance Spirit is	Y	https://www.hymnal.net/Hymns/Hymnal/midi/e0254_i.mid https://www.hymnal.net/Hymns/Hymnal/midi/tunes/e0611_tune.midi
E612	3212345333212	3212345333212	MATCH	h/612	Hymn: God intends that all His being	Y	https://www.hymnal.net/Hymns/Hymnal/midi/e0612_i.mid https://www.hymnal.net/Hymns/Hymnal/midi/tunes/e0612_tune.midi
E613	553451776	553451776	MATCH	h/613	Hymn: I would commune with Thee, my God	Y	https://www.hymnal.net/Hymns/Hymnal/midi/e0613_i.mid https://www.hymnal.net/Hymns/Hymnal/midi/tunes/e0613_tune.midi
E614	3211665132	3211665132	MATCH	h/614	Hymn: Nearer, my God, to Thee	Y	
E615	3313272111611517	3313272111611517	MATCH	h/615	Hymn: Begin the day with God	Y	https://www.hymnal.net/Hymns/Hymnal/midi/e0615_i.mid https://www.hymnal.net/Hymns/Hymnal/midi/tunes/e0615_tune.midi
E616	11165451116545	11165451116545	MATCH	h/616	Hymn: Day is dying in the west	Y	https://www.hymnal.net/Hymns/Hymnal/midi/e0616_i.mid https://www.hymnal.net/Hymns/Hymnal/midi/tunes/e0616_tune.midi
E617	3231323453	3231323453	MATCH	h/617	Hymn: Thou sweet, beloved will of God	Y	https://www.hymnal.net/Hymns/Hymnal/midi/e0113_i.mid https://www.hymnal.net/Hymns/Hymnal/midi/tunes/e0617_tune.midi
E618	345465556576	345465556576	MATCH	h/618	Hymn: The old rugged cross	Y	https://www.hymnal.net/Hymns/Hymnal/midi/e0618_i.mid https://www.hymnal.net/Hymns/Hymnal/midi/tunes/e0618_tune.midi
E619	5131765155632345	5131765155632345	MATCH	h/619	Hymn: In the cross of Christ I glory	Y	https://www.hymnal.net/Hymns/Hymnal/midi/e0619_i.mid https://www.hymnal.net/Hymns/Hymnal/midi/tunes/e0619_tune.midi
E62	546553543243321	546553543243321	MATCH	h/62	Hymn: Dear Lord Jesus, we adore Thee	Y	https://www.hymnal.net/Hymns/Hymnal/midi/e0062_full.mid https://www.hymnal.net/Hymns/Hymnal/midi/e0062_i.mid https://www.hymnal.net/Hymns/Hymnal/midi/tunes/e0062_tune.midi
E620	5171234512172321	5171234512172321	MATCH	h/620	Hymn: The cross it standeth fast	Y	https://www.hymnal.net/Hymns/Hymnal/midi/e0620_i.mid https://www.hymnal.net/Hymns/Hymnal/midi/tunes/e0620_tune.midi
E621	5554653123443	5554653123443	MATCH	h/621	Hymn: Beneath the cross of Jesus	Y	https://www.hymnal.net/Hymns/Hymnal/midi/e0621_i.mid https://www.hymnal.net/Hymns/Hymnal/midi/tunes/e0621_tune.midi
E622	333322344323	333322344323	MATCH	h/622	Hymn: If we take up the cross, will we but suffer pain	n	https://www.hymnal.net/Hymns/Hymnal/midi/e0622_i.mid https://www.hymnal.net/Hymns/Hymnal/midi/tunes/e0622_tune.midi
E623	15436544	15436544	MATCH	h/623	Hymn: There is no gain but by a loss	Y	https://www.hymnal.net/Hymns/Hymnal/midi/e0623_i.mid https://www.hymnal.net/Hymns/Hymnal/midi/tunes/e0623_tune.midi
E624	5535511765	5535511765	MATCH	h/624	Hymn: The heavier the cross, the nearer God	Y	https://www.hymnal.net/Hymns/Hymnal/midi/e0178_i.mid https://www.hymnal.net/Hymns/Hymnal/midi/tunes/e0624_tune.midi
E625	117544353542132	117544353542132	MATCH	h/625	Hymn: Tis my happiness below	Y	https://www.hymnal.net/Hymns/Hymnal/midi/e0135_i.mid https://www.hymnal.net/Hymns/Hymnal/midi/tunes/e0625_tune.midi
E626	5653211653312	5653211653312	MATCH	h/626	Hymn: Olives that have known no pressure	Y	https://www.hymnal.net/Hymns/Hymnal/midi/e0626_i.mid https://www.hymnal.net/Hymns/Hymnal/midi/tunes/e0626_tune.midi
E627	55435316153543	55435316153543	MATCH	h/627	Hymn: Lord, day by day I view Thy wondrous Cross	Y	https://www.hymnal.net/Hymns/Hymnal/midi/e0627_i.mid https://www.hymnal.net/Hymns/Hymnal/midi/tunes/e0627_tune.midi
E628	556531165131532	556531165131532	MATCH	h/628	Hymn: Via Bethlehem we journey	Y	https://www.hymnal.net/Hymns/Hymnal/midi/e0628_i.mid https://www.hymnal.net/Hymns/Hymnal/midi/tunes/e0628_tune.midi
E629	33323554431122	33323554431122	MATCH	h/629	Hymn: Hast thou no scar	Y	https://www.hymnal.net/Hymns/Hymnal/midi/e0629_i.mid https://www.hymnal.net/Hymns/Hymnal/midi/tunes/e0629_tune.midi
E63	33215135325555	33215135325555	MATCH	h/63	Hymn: Praise to the Holiest in the height	Y	https://www.hymnal.net/Hymns/Hymnal/midi/e0063_i.mid https://www.hymnal.net/Hymns/Hymnal/midi/tunes/e0063_tune.midi
E630	3333433211144123	3333433211144123	MATCH	h/630	Hymn: The way of the Cross means sacrifice	Y	https://www.hymnal.net/Hymns/Hymnal/midi/e0630_i.mid https://www.hymnal.net/Hymns/Hymnal/midi/tunes/e0630_tune.midi
E631	334322321143231	334322321143231	MATCH	h/631	Hymn: If I’d know Christ’s risen power	Y	https://www.hymnal.net/Hymns/Hymnal/midi/e0441_i.mid https://www.hymnal.net/Hymns/Hymnal/midi/tunes/e0631_tune.midi
E632	3453212353254345	3453212353254345	MATCH	h/632	Hymn: Never further than Thy Cross	Y	https://www.hymnal.net/Hymns/Hymnal/midi/e0632_i.mid https://www.hymnal.net/Hymns/Hymnal/midi/tunes/e0632_tune.midi
E633	53533216165	53533216165	MATCH	h/633	Hymn: And wouldst thou live on earth as more than conqu’ror	Y	https://www.hymnal.net/Hymns/Hymnal/midi/e0053_i.mid https://www.hymnal.net/Hymns/Hymnal/midi/tunes/e0633_tune.midi
E634	516217731432	516217731432	MATCH	h/634	Hymn: Cross of Christ! lead onward	Y	https://www.hymnal.net/Hymns/Hymnal/midi/e0634_i.mid https://www.hymnal.net/Hymns/Hymnal/midi/tunes/e0634_tune.midi
E635	345565533352123	345565533352123	MATCH	h/635	Hymn: Let us contemplate the grape vine	Y	https://www.hymnal.net/Hymns/Hymnal/midi/e0403_i.mid https://www.hymnal.net/Hymns/Hymnal/midi/tunes/e0635_tune.midi
E636	3721413217555	3721413217555	MATCH	h/636	Hymn: If it die, oh, hear the message	Y	https://www.hymnal.net/Hymns/Hymnal/midi/e0636_i.mid https://www.hymnal.net/Hymns/Hymnal/midi/tunes/e0636_tune.midi
E637	534512171616535432	534512171616535432	MATCH	h/637	Hymn: Wrecked outright on Jesus’ breast	Y	https://www.hymnal.net/Hymns/Hymnal/midi/e0637_i.mid https://www.hymnal.net/Hymns/Hymnal/midi/tunes/e0637_tune.midi
E638	33333543117123212	33333543117123212	MATCH	h/638	Hymn: To Calv’ry let our eyes be turned	Y	https://www.hymnal.net/Hymns/Hymnal/midi/e0254_i.mid https://www.hymnal.net/Hymns/Hymnal/midi/tunes/e0638_tune.midi
E639	3315344123	3315344123	MATCH	h/639	Hymn: Death cannot hold the resurrection life	Y	https://www.hymnal.net/Hymns/Hymnal/midi/e0639_i.mid https://www.hymnal.net/Hymns/Hymnal/midi/tunes/e0639_tune.midi
E64	554565153476543	554565153476543	MATCH	h/64	Hymn: O soul-inspiring story	Y	https://www.hymnal.net/Hymns/Hymnal/midi/e0064_i.mid https://www.hymnal.net/Hymns/Hymnal/midi/tunes/e0064_tune.midi
E640	13555551776	13555551776	MATCH	h/640	Hymn: Life out of death—dear Master, is it spoken	Y	https://www.hymnal.net/Hymns/Hymnal/midi/e0433_i.mid https://www.hymnal.net/Hymns/Hymnal/midi/tunes/e0640_tune.midi
E641	332112231	332112231	MATCH	h/641	Hymn: Art thou hung’ring for the fulness	Y	https://www.hymnal.net/Hymns/Hymnal/midi/e0641_i.mid https://www.hymnal.net/Hymns/Hymnal/midi/tunes/e0641_tune.midi
E642	13211234443	13211234443	MATCH	h/642	Hymn: Within the veil: be this, belov’d, thy portion	Y	https://www.hymnal.net/Hymns/Hymnal/midi/e0642_i.mid https://www.hymnal.net/Hymns/Hymnal/midi/tunes/e0642_tune.midi
E643	33234312171	33234312171	MATCH	h/643	Hymn: Take time to behold Him	Y	https://www.hymnal.net/Hymns/Hymnal/midi/e0643_i.mid https://www.hymnal.net/Hymns/Hymnal/midi/tunes/e0643_tune.midi
E644	3332164321752343121765	3332164321752343121765	MATCH	h/644	Hymn: Looking unto Jesus	Y	https://www.hymnal.net/Hymns/Hymnal/midi/e0644_i.mid https://www.hymnal.net/Hymns/Hymnal/midi/tunes/e0644_tune.midi
E645	33235433261713253	33235433261713253	MATCH	h/645	Hymn: Turn your eyes upon Jesus	Y	https://www.hymnal.net/Hymns/Hymnal/midi/e0645_i.mid https://www.hymnal.net/Hymns/Hymnal/midi/tunes/e0645_tune.midi
E646	1214321351756	1214321351756	MATCH	h/646	Hymn: Oh, trust thyself to Jesus	Y	https://www.hymnal.net/Hymns/Hymnal/midi/e0048_i.mid https://www.hymnal.net/Hymns/Hymnal/midi/tunes/e0646_tune.midi
E647	553172211776165	553172211776165	MATCH	h/647	Hymn: Trust Him when thy wants are many	Y	https://www.hymnal.net/Hymns/Hymnal/midi/e0647_i.mid https://www.hymnal.net/Hymns/Hymnal/midi/tunes/e0647_tune.midi
E648	33333333523	33333333523	MATCH	h/648	Hymn: Soldier, soldier, fighting in the world’s great strife	Y	https://www.hymnal.net/Hymns/Hymnal/midi/e0648_i.mid https://www.hymnal.net/Hymns/Hymnal/midi/tunes/e0648_tune.midi
E649	55453333235	55453333235	MATCH	h/649	Hymn: Fear not, little flock, from the cross to the throne	Y	https://www.hymnal.net/Hymns/Hymnal/midi/e0649_i.mid https://www.hymnal.net/Hymns/Hymnal/midi/tunes/e0649_tune.midi
E65	3211665132	3211665132	MATCH	h/65	Hymn: Jesus! that name we love	Y	https://www.hymnal.net/Hymns/Hymnal/midi/e0065_i.mid https://www.hymnal.net/Hymns/Hymnal/midi/tunes/e0065_tune.midi
E650	512345321	512345321	MATCH	h/650	Hymn: O doubting, struggling Christian	Y	https://www.hymnal.net/Hymns/Hymnal/midi/e0650_i.mid https://www.hymnal.net/Hymns/Hymnal/midi/tunes/e0650_tune.midi
E651	333322344323	333322344323	MATCH	h/651	Hymn: When is the time to trust	Y	https://www.hymnal.net/Hymns/Hymnal/midi/e0622_i.mid https://www.hymnal.net/Hymns/Hymnal/midi/tunes/e0651_tune.midi
E652	55311765351321712	55311765351321712	MATCH	h/652	Hymn: O troubled soul, beneath the rod	Y	https://www.hymnal.net/Hymns/Hymnal/midi/e0652_i.mid https://www.hymnal.net/Hymns/Hymnal/midi/tunes/e0652_tune.midi
E653	531324323135543	531324323135543	MATCH	h/653	Hymn: Rest, rest thee, weary heart	Y	https://www.hymnal.net/Hymns/Hymnal/midi/e8392_i.mid https://www.hymnal.net/Hymns/Hymnal/midi/tunes/e0653_tune.midi
E654	32143217132	32143217132	MATCH	h/654	Hymn: Be all at rest, my soul! Oh! blessed secret	Y	https://www.hymnal.net/Hymns/Hymnal/midi/e0654_i.mid https://www.hymnal.net/Hymns/Hymnal/midi/tunes/e0654_tune.midi
E655	333235462171253	333235462171253	MATCH	h/655	Hymn: Feed on His faithfulness, my soul	Y	https://www.hymnal.net/Hymns/Hymnal/midi/e0655_i.mid https://www.hymnal.net/Hymns/Hymnal/midi/tunes/e0655_tune.midi
E656	1461111765	1461111765	MATCH	h/656	Hymn: Consider Him, let Christ thy pattern be	Y	https://www.hymnal.net/Hymns/Hymnal/midi/e0496_i.mid https://www.hymnal.net/Hymns/Hymnal/midi/tunes/e0656_tune.midi
E657	35651543211	35651543211	MATCH	h/657	Hymn: Can you be obedient	Y	https://www.hymnal.net/Hymns/Hymnal/midi/e0076_i.mid https://www.hymnal.net/Hymns/Hymnal/midi/tunes/e0657_tune.midi
E658	55554443511127	55554443511127	MATCH	h/658	Hymn: Walk in the light	Y	https://www.hymnal.net/Hymns/Hymnal/midi/e0414_i.mid https://www.hymnal.net/Hymns/Hymnal/midi/tunes/e0658_tune.midi
E659	53321121765	53321121765	MATCH	h/659	Hymn: Rejoice in the Lord! Oh, let His mercy cheer	Y	https://www.hymnal.net/Hymns/Hymnal/midi/e0659_i.mid https://www.hymnal.net/Hymns/Hymnal/midi/tunes/e0659_tune.midi
E66	511123166653	511123166653	MATCH	h/66	Hymn: How sweet the Name of Jesus sounds	Y	https://www.hymnal.net/Hymns/Hymnal/midi/e0066_full.mid https://www.hymnal.net/Hymns/Hymnal/midi/e0066_i.mid https://www.hymnal.net/Hymns/Hymnal/midi/tunes/e0066_tune.midi
E660	56711755655	56711755655	MATCH	h/660	Hymn: In nothing be anxious; the Lord is at hand	Y	https://www.hymnal.net/Hymns/Hymnal/midi/e0660_i.mid https://www.hymnal.net/Hymns/Hymnal/midi/tunes/e0660_tune.midi
E661	5333234275111712	5333234275111712	MATCH	h/661	Hymn: Master, how shall I bless Thy name	Y	https://www.hymnal.net/Hymns/Hymnal/midi/e0661_i.mid https://www.hymnal.net/Hymns/Hymnal/midi/tunes/e0661_tune.midi
E662	53721655665653	53721655665653	MATCH	h/662	Hymn: On toward the goal! Press on	Y	https://www.hymnal.net/Hymns/Hymnal/midi/e0662_i.mid https://www.hymnal.net/Hymns/Hymnal/midi/tunes/e0662_tune.midi
E663	33221555662	33221555662443326	DIFF	h/663	Hymn: Forward! be our watchword	Y	https://www.hymnal.net/Hymns/Hymnal/midi/e0663_i.mid https://www.hymnal.net/Hymns/Hymnal/midi/tunes/e0663_tune.midi
E664	355117665	355117665	MATCH	h/664	Hymn: Rise, my soul, thy God directs thee	Y	https://www.hymnal.net/Hymns/Hymnal/midi/e0664_i.mid https://www.hymnal.net/Hymns/Hymnal/midi/tunes/e0664_tune.midi
E665	135653321651651232	135653321651651232	MATCH	h/665	Hymn: Come, let us to the Lord our God	Y	https://www.hymnal.net/Hymns/Hymnal/midi/e0297_i.mid https://www.hymnal.net/Hymns/Hymnal/midi/tunes/e0665_tune.midi
E666	5345565111123	5345565111123	MATCH	h/666	Hymn: Watch, for the night is ending	Y	https://www.hymnal.net/Hymns/Hymnal/midi/e0666_i.mid https://www.hymnal.net/Hymns/Hymnal/midi/tunes/e0666_tune.midi
E667	33334443	33334443	MATCH	h/667	Hymn: Seek ye first, not earthly pleasure	Y	https://www.hymnal.net/Hymns/Hymnal/midi/e0667_i.mid https://www.hymnal.net/Hymns/Hymnal/midi/tunes/e0667_tune.midi
E668	1234565535332	1234565535332	MATCH	h/668	Hymn: Have you felt the Father’s love	Y	https://www.hymnal.net/Hymns/Hymnal/midi/e0668_i.mid https://www.hymnal.net/Hymns/Hymnal/midi/tunes/e0668_tune.midi
E669	33261711765	33261711765	MATCH	h/669	Hymn: In the heart of Jesus	Y	https://www.hymnal.net/Hymns/Hymnal/midi/e0669_i.mid https://www.hymnal.net/Hymns/Hymnal/midi/tunes/e0669_tune.midi
E67	5176354472174655	5176354472174655	MATCH	h/67	Hymn: The name of Jesus is so sweet	Y	https://www.hymnal.net/Hymns/Hymnal/midi/e0067_i.mid https://www.hymnal.net/Hymns/Hymnal/midi/tunes/e0067_tune.midi
E670	513212156176165	513212156176165	MATCH	h/670	Hymn: Take the name of Jesus with you	Y	https://www.hymnal.net/Hymns/Hymnal/midi/e0670_i.mid https://www.hymnal.net/Hymns/Hymnal/midi/tunes/e0670_tune.midi
E671	3123543321	3123543321	MATCH	h/671	Hymn: Deep down into the depths of this Thy Name	Y	https://www.hymnal.net/Hymns/Hymnal/midi/e0225_i.mid https://www.hymnal.net/Hymns/Hymnal/midi/tunes/e0671_tune.midi
E672	3243511721	3243511721	MATCH	h/672	Hymn: Not what I am, O Lord, but what Thou art	Y	https://www.hymnal.net/Hymns/Hymnal/midi/e0672_i.mid https://www.hymnal.net/Hymns/Hymnal/midi/tunes/e0672_tune.midi
E673	5123343257122321	5123343257122321	MATCH	h/673	Hymn: I take my portion from Thy hand	Y	https://www.hymnal.net/Hymns/Hymnal/midi/e0673_i.mid https://www.hymnal.net/Hymns/Hymnal/midi/tunes/e0673_tune.midi
E674	5333267121	5333267121	MATCH	h/674	Hymn: The Lord will silently plan for thee	Y	https://www.hymnal.net/Hymns/Hymnal/midi/e0493_i.mid https://www.hymnal.net/Hymns/Hymnal/midi/tunes/e0674_tune.midi
E675	15312171234512321	15312171234512321	MATCH	h/675	Hymn: God moves in a mysterious way	Y	https://www.hymnal.net/Hymns/Hymnal/midi/e0675_i.mid https://www.hymnal.net/Hymns/Hymnal/midi/tunes/e0675_tune.midi
E676	565321766621712	565321766621712	MATCH	h/676	Hymn: All thy griefs by Him are ordered	Y	https://www.hymnal.net/Hymns/Hymnal/midi/e0378_i.mid https://www.hymnal.net/Hymns/Hymnal/midi/tunes/e0676_tune.midi
E677	345143323565132	345143323565132	MATCH	h/677	Hymn: Art thou sunk in depths of sorrow	Y	https://www.hymnal.net/Hymns/Hymnal/midi/e0677_i.mid https://www.hymnal.net/Hymns/Hymnal/midi/tunes/e0677_tune.midi
E678	556543	556543	MATCH	h/678	Hymn: I will not be afraid	Y	https://www.hymnal.net/Hymns/Hymnal/midi/e0678_i.mid https://www.hymnal.net/Hymns/Hymnal/midi/tunes/e0678_tune.midi
E679	32151343565312	32151343565312	MATCH	h/679	Hymn: Safe in the arms of Jesus	Y	https://www.hymnal.net/Hymns/Hymnal/midi/e0679_i.mid https://www.hymnal.net/Hymns/Hymnal/midi/tunes/e0679_tune.midi
E68	3331433112346543	3331433112346543	MATCH	h/68	Hymn: Lord, Thy Name is called Jesus	Y	https://www.hymnal.net/Hymns/Hymnal/midi/e0068_full.mid https://www.hymnal.net/Hymns/Hymnal/midi/e0068_i.mid https://www.hymnal.net/Hymns/Hymnal/midi/tunes/e0068_tune.midi
E680	3311233345	3311233345	MATCH	h/680	Hymn: All in His hands—what confidence it brings	Y	https://www.hymnal.net/Hymns/Hymnal/midi/e0044_i.mid https://www.hymnal.net/Hymns/Hymnal/midi/tunes/e0680_tune.midi
E681	553456556176543	553456556176543	MATCH	h/681	Hymn: Our times are in Thy hand	Y	https://www.hymnal.net/Hymns/Hymnal/midi/e0681_i.mid https://www.hymnal.net/Hymns/Hymnal/midi/tunes/e0681_tune.midi
E682	512321432536445	512321432536445	MATCH	h/682	Hymn: When I survey life’s varied scene	Y	https://www.hymnal.net/Hymns/Hymnal/midi/e0682_i.mid https://www.hymnal.net/Hymns/Hymnal/midi/tunes/e0682_tune.midi
E683	3332165451172	3332165451172	MATCH	h/683	Hymn: God holds the key of all unknown	Y	https://www.hymnal.net/Hymns/Hymnal/midi/e0683_i.mid https://www.hymnal.net/Hymns/Hymnal/midi/tunes/e0683_tune.midi
E684	5316554567155	5316554567155	MATCH	h/684	Hymn: Come, ye disconsolate, where’er ye languish	Y	https://www.hymnal.net/Hymns/Hymnal/midi/e0684_i.mid https://www.hymnal.net/Hymns/Hymnal/midi/tunes/e0684_tune.midi
E685	123432343	123432343	MATCH	h/685	Hymn: Lord, Thou art with me	Y	https://www.hymnal.net/Hymns/Hymnal/midi/e0685_i.mid https://www.hymnal.net/Hymns/Hymnal/midi/tunes/e0685_tune.midi
E686	5535133112165	5535133112165	MATCH	h/686	Hymn: Fear not, I am with thee	Y	https://www.hymnal.net/Hymns/Hymnal/midi/e0686_i.mid https://www.hymnal.net/Hymns/Hymnal/midi/tunes/e0686_tune.midi
E687	1123456543221	1123456543221	MATCH	h/687	Hymn: O Thou, in whose presence my soul takes delight	Y	https://www.hymnal.net/Hymns/Hymnal/midi/e0687_i.mid https://www.hymnal.net/Hymns/Hymnal/midi/tunes/e0687_tune.midi
E688	5553513232112165	5553513232112165	MATCH	h/688	Hymn: I’ve seen the lightning flashing	Y	https://www.hymnal.net/Hymns/Hymnal/midi/e0688_i.mid https://www.hymnal.net/Hymns/Hymnal/midi/tunes/e0688_tune.midi
E689	55322156165	55322156165	MATCH	h/689	Hymn: O child of the Kingdom in doubt and distress	Y	https://www.hymnal.net/Hymns/Hymnal/midi/e0689_i.mid https://www.hymnal.net/Hymns/Hymnal/midi/tunes/e0689_tune.midi
E69	554354324316217	554354324316217	MATCH	h/69	Hymn: Thy name we love, Lord Jesus	Y	https://www.hymnal.net/Hymns/Hymnal/midi/e0069_i.mid https://www.hymnal.net/Hymns/Hymnal/midi/tunes/e0069_tune.midi
E690	33321616535611	33321616535611	MATCH	h/690	Hymn: Hark! a voice from heav’n proclaiming	Y	https://www.hymnal.net/Hymns/Hymnal/midi/e0690_i.mid https://www.hymnal.net/Hymns/Hymnal/midi/tunes/e0690_tune.midi
E691	531532156651543	531532156651543	MATCH	h/691	Hymn: Hark! the voice of love and mercy	Y	https://www.hymnal.net/Hymns/Hymnal/midi/e0009_i.mid https://www.hymnal.net/Hymns/Hymnal/midi/tunes/e0691_tune.midi
E692	1216131615	1216131615	MATCH	h/692	Hymn: There’s a little word that the Lord has giv’n	Y	https://www.hymnal.net/Hymns/Hymnal/midi/e0692_i.mid https://www.hymnal.net/Hymns/Hymnal/midi/tunes/e0692_tune.midi
E693	5345117671	5345117671	MATCH	h/693	Hymn: He faileth not, for He is God	Y	https://www.hymnal.net/Hymns/Hymnal/midi/e0693_i.mid https://www.hymnal.net/Hymns/Hymnal/midi/tunes/e0693_tune.midi
E694	3445123215764653	3445123215764653	MATCH	h/694	Hymn: Be not dismayed whate’er betide	Y	https://www.hymnal.net/Hymns/Hymnal/midi/e0694_i.mid https://www.hymnal.net/Hymns/Hymnal/midi/tunes/e0694_tune.midi
E695	5321665433212543	5321665433212543	MATCH	h/695	Hymn: Does Jesus care when my heart is pained	Y	https://www.hymnal.net/Hymns/Hymnal/midi/e0695_i.mid https://www.hymnal.net/Hymns/Hymnal/midi/tunes/e0695_tune.midi
E696	51765543321432	51765543321432	MATCH	h/696	Hymn: Cast thou thy care upon the Lord	Y	https://www.hymnal.net/Hymns/Hymnal/midi/e0696_i.mid https://www.hymnal.net/Hymns/Hymnal/midi/tunes/e0696_tune.midi
E697	333143327124323	333143327124323	MATCH	h/697	Hymn: Weary pilgrim on life’s pathway	Y	https://www.hymnal.net/Hymns/Hymnal/midi/e0697_i.mid https://www.hymnal.net/Hymns/Hymnal/midi/tunes/e0697_tune.midi
E698	553312177554423211	553312177554423211	MATCH	h/698	Hymn: Amid the trials that I meet	Y	https://www.hymnal.net/Hymns/Hymnal/midi/e0698_i.mid https://www.hymnal.net/Hymns/Hymnal/midi/tunes/e0698_tune.midi
E699	33436513523	33436513523	MATCH	h/699	Hymn: In the hour of trial	Y	https://www.hymnal.net/Hymns/Hymnal/midi/e0699_i.mid https://www.hymnal.net/Hymns/Hymnal/midi/tunes/e0699_tune.midi
E7	334321444254323	334321444254323	MATCH	h/7	Hymn: Glory, glory to the Father	Y	https://www.hymnal.net/Hymns/Hymnal/midi/e0007_full.mid https://www.hymnal.net/Hymns/Hymnal/midi/e0007_i.mid https://www.hymnal.net/Hymns/Hymnal/midi/tunes/e0007_tune.midi
E70	13332311112221235	13332311112221235	MATCH	h/70	Hymn: There is a name I love to hear	Y	https://www.hymnal.net/Hymns/Hymnal/midi/e0070_i.mid https://www.hymnal.net/Hymns/Hymnal/midi/tunes/e0070_tune.midi
E700	333432125123	333432125123	MATCH	h/700	Hymn: Be not anxious for the morrow	Y	https://www.hymnal.net/Hymns/Hymnal/midi/e0700_i.mid https://www.hymnal.net/Hymns/Hymnal/midi/tunes/e0700_tune.midi
E701	333321511327123	333321511327123	MATCH	h/701	Hymn: All the way my Savior leads me	Y	https://www.hymnal.net/Hymns/Hymnal/midi/e0478_i.mid https://www.hymnal.net/Hymns/Hymnal/midi/tunes/e0701_tune.midi
E702	5655343317124323	5655343317124323	MATCH	h/702	Hymn: Tis now in part I know His grace	Y	https://www.hymnal.net/Hymns/Hymnal/midi/e0702_i.mid https://www.hymnal.net/Hymns/Hymnal/midi/tunes/e0702_tune.midi
E703	5671112366	5671112366	MATCH	h/703	Hymn: Precious promise God doth give thee	Y	https://www.hymnal.net/Hymns/Hymnal/midi/e0703_i.mid https://www.hymnal.net/Hymns/Hymnal/midi/tunes/e0703_tune.midi
E704	5112351271	5112351271	MATCH	h/704	Hymn: Though troubles assail	Y	https://www.hymnal.net/Hymns/Hymnal/midi/e0704_i.mid https://www.hymnal.net/Hymns/Hymnal/midi/tunes/e0704_tune.midi
E705	51123323345	51123323345	MATCH	h/705	Hymn: In some way or other the Lord will provide	Y	https://www.hymnal.net/Hymns/Hymnal/midi/e0705_i.mid https://www.hymnal.net/Hymns/Hymnal/midi/tunes/e0705_tune.midi
E706	5565117711432	5565117711432	MATCH	h/706	Hymn: Sometimes a light surprises	Y	https://www.hymnal.net/Hymns/Hymnal/midi/e0380_i.mid https://www.hymnal.net/Hymns/Hymnal/midi/tunes/e0706_tune.midi
E707	33345553434	33345553434	MATCH	h/707	Hymn: Count Your Blessings	Y	https://www.hymnal.net/Hymns/Hymnal/midi/e0707_i.mid https://www.hymnal.net/Hymns/Hymnal/midi/tunes/e0707_tune.midi
E708	555176534446543	555176534446543	MATCH	h/708	Hymn: Fresh as the dew of the morning	Y	https://www.hymnal.net/Hymns/Hymnal/midi/e0708_i.mid https://www.hymnal.net/Hymns/Hymnal/midi/tunes/e0708_tune.midi
E709	517654335432	517654335432	MATCH	h/709	Hymn: Jesus triumphant when the storm-clouds break	Y	https://www.hymnal.net/Hymns/Hymnal/midi/e0709_i.mid https://www.hymnal.net/Hymns/Hymnal/midi/tunes/e0709_tune.midi
E71	5565565321	5565565321	MATCH	h/71	Hymn: Jesus! how much Thy name unfolds	Y	https://www.hymnal.net/Hymns/Hymnal/midi/e0071_i.mid https://www.hymnal.net/Hymns/Hymnal/midi/tunes/e0071_tune.midi
E710	1214321351756	1214321351756	MATCH	h/710	Hymn: The days may yet grow darker	n	https://www.hymnal.net/Hymns/Hymnal/midi/e0048_i.mid https://www.hymnal.net/Hymns/Hymnal/midi/tunes/e0710_tune.midi
E711	1333221355543	1333221355543	MATCH	h/711	Hymn: I know not what awaits me	Y	https://www.hymnal.net/Hymns/Hymnal/midi/e0711_i.mid https://www.hymnal.net/Hymns/Hymnal/midi/tunes/e0711_tune.midi
E712	33333543117123212	33333543117123212	MATCH	h/712	Hymn: Be still, my heart! these anxious cares	Y	https://www.hymnal.net/Hymns/Hymnal/midi/e0254_i.mid https://www.hymnal.net/Hymns/Hymnal/midi/tunes/e0712_tune.midi
E713	3211112332	3211112332	MATCH	h/713	Hymn: Day by day, and with each passing moment	Y	https://www.hymnal.net/Hymns/Hymnal/midi/e0713_i.mid https://www.hymnal.net/Hymns/Hymnal/midi/tunes/e0713_tune.midi
E714	55117143223	55117143223	MATCH	h/714	Hymn: Through all the changing scenes of life	Y	https://www.hymnal.net/Hymns/Hymnal/midi/e0714_i.mid https://www.hymnal.net/Hymns/Hymnal/midi/tunes/e0714_tune.midi
E715	53213517	53213517	MATCH	h/715	Hymn: Not now, but in the coming years	Y	https://www.hymnal.net/Hymns/Hymnal/midi/e0715_i.mid https://www.hymnal.net/Hymns/Hymnal/midi/tunes/e0715_tune.midi
E716	5112314432	5112314432	MATCH	h/716	Hymn: Begone, unbelief	Y	https://www.hymnal.net/Hymns/Hymnal/midi/e0716_i.mid https://www.hymnal.net/Hymns/Hymnal/midi/tunes/e0716_tune.midi
E717	51123212321	51123212321	MATCH	h/717	Hymn: O let us rejoice in the Lord evermore	Y	https://www.hymnal.net/Hymns/Hymnal/midi/e0717_i.mid https://www.hymnal.net/Hymns/Hymnal/midi/tunes/e0717_tune.midi
E718	5555566655	5555566655	MATCH	h/718	Hymn: Peace, perfect peace, in this dark world of sin	Y	https://www.hymnal.net/Hymns/Hymnal/midi/e0718_i.mid https://www.hymnal.net/Hymns/Hymnal/midi/tunes/e0718_tune.midi
E719	11223544223	11223544223	MATCH	h/719	Hymn: Like a river, glorious	Y	https://www.hymnal.net/Hymns/Hymnal/midi/e0719_i.mid https://www.hymnal.net/Hymns/Hymnal/midi/tunes/e0719_tune.midi
E72	51122321233432	51122321233432	MATCH	h/72	Hymn: Jesus, the name high over all	Y	https://www.hymnal.net/Hymns/Hymnal/midi/e0072_i.mid https://www.hymnal.net/Hymns/Hymnal/midi/tunes/e0072_tune.midi
E720	512333212571244323	512333212571244323	MATCH	h/720	Hymn: God Hath Not Promised	Y	https://www.hymnal.net/Hymns/Hymnal/midi/e0720_i.mid https://www.hymnal.net/Hymns/Hymnal/midi/tunes/e0720_tune.midi
E721	135313212111713212	135313212111713212	MATCH	h/721	Hymn: I’ll sing of the wonderful promise	Y	https://www.hymnal.net/Hymns/Hymnal/midi/e0721_i.mid https://www.hymnal.net/Hymns/Hymnal/midi/tunes/e0721_tune.midi
E722	554563542	554563542	MATCH	h/722	Hymn: The cross that He gave may be heavy	Y	https://www.hymnal.net/Hymns/Hymnal/midi/e0722_i.mid https://www.hymnal.net/Hymns/Hymnal/midi/tunes/e0722_tune.midi
E723	335432346721	335432346721	MATCH	h/723	Hymn: He giveth more grace when the burdens grow greater	Y	https://www.hymnal.net/Hymns/Hymnal/midi/e0723_i.mid https://www.hymnal.net/Hymns/Hymnal/midi/tunes/e0723_tune.midi
E724	51567117654332	51567117654332	MATCH	h/724	Hymn: A little bird I am	Y	https://www.hymnal.net/Hymns/Hymnal/midi/e0724_i.mid https://www.hymnal.net/Hymns/Hymnal/midi/tunes/e0724_tune.midi
E725	133335433326123	133335433326123	MATCH	h/725	Hymn: Strong are the walls around me	Y	https://www.hymnal.net/Hymns/Hymnal/midi/e0725_i.mid https://www.hymnal.net/Hymns/Hymnal/midi/tunes/e0725_tune.midi
E726	1321554323	1321554323	MATCH	h/726	Hymn: Long plunged in sorrow, I resign	Y	https://www.hymnal.net/Hymns/Hymnal/midi/e0357_i.mid https://www.hymnal.net/Hymns/Hymnal/midi/tunes/e0726_tune.midi
E727	5345456354	5345456354	MATCH	h/727	Hymn: Light after darkness	Y	https://www.hymnal.net/Hymns/Hymnal/midi/e0727_i.mid https://www.hymnal.net/Hymns/Hymnal/midi/tunes/e0727_tune.midi
E728	553435321261765	553435321261765	MATCH	h/728	Hymn: I have been through the valley of sorrow and weeping	Y	https://www.hymnal.net/Hymns/Hymnal/midi/e0728_i.mid https://www.hymnal.net/Hymns/Hymnal/midi/tunes/e0728_tune.midi
E729	111766765116714	111766765116714	MATCH	h/729	Hymn: Is it raining, little flower	n	https://www.hymnal.net/Hymns/Hymnal/midi/e0729_i.mid https://www.hymnal.net/Hymns/Hymnal/midi/tunes/e0729_tune.midi
E73	54333235443256543	54333235443256543	MATCH	h/73	Hymn: Glorious, mighty Name of Jesus	Y	https://www.hymnal.net/Hymns/Hymnal/midi/e0073_i.mid https://www.hymnal.net/Hymns/Hymnal/midi/tunes/e0073_tune.midi
E730	35432123432	35432123432	MATCH	h/730	Hymn: Pressed out of measure, pressed beyond all length	Y	https://www.hymnal.net/Hymns/Hymnal/midi/e0605_i.mid https://www.hymnal.net/Hymns/Hymnal/midi/tunes/e0730_tune.midi
E731	33344721	33344721	MATCH	h/731	Hymn: Why should I fear the darkest hour	Y	https://www.hymnal.net/Hymns/Hymnal/midi/e0731_i.mid https://www.hymnal.net/Hymns/Hymnal/midi/tunes/e0731_tune.midi
E732	3545333231	3545333231	MATCH	h/732	Hymn: My Father is rich in houses and lands	Y	https://www.hymnal.net/Hymns/Hymnal/midi/e0732_i.mid https://www.hymnal.net/Hymns/Hymnal/midi/tunes/e0732_tune.midi
E733	5555566511623443	5555566511623443	MATCH	h/733	Hymn: In Eden’s garden fair we see	Y	https://www.hymnal.net/Hymns/Hymnal/midi/e0004_i.mid https://www.hymnal.net/Hymns/Hymnal/midi/tunes/e0733_tune.midi
E734	532156517	532156517	MATCH	h/734	Hymn: The law of God is holy, good	Y	https://www.hymnal.net/Hymns/Hymnal/midi/e0231_i.mid https://www.hymnal.net/Hymns/Hymnal/midi/tunes/e0734_tune.midi
E735	1176512171	1176512171	MATCH	h/735	Hymn: The law of letters God defines	Y	https://www.hymnal.net/Hymns/Hymnal/midi/e0032_i.mid https://www.hymnal.net/Hymns/Hymnal/midi/tunes/e0735_tune.midi
E736	5543511271	5543511271	MATCH	h/736	Hymn: In ancient times the law of God	Y	https://www.hymnal.net/Hymns/Hymnal/midi/e0081_i.mid https://www.hymnal.net/Hymns/Hymnal/midi/tunes/e0736_tune.midi
E737	11265333445	11265333445	MATCH	h/737	Hymn: Life eternal brings us	Y	https://www.hymnal.net/Hymns/Hymnal/midi/e0399_i.mid https://www.hymnal.net/Hymns/Hymnal/midi/e0737_full.mid https://www.hymnal.net/Hymns/Hymnal/midi/tunes/e0737_tune.midi
E738	33543212671	33543212671	MATCH	h/738	Hymn: There is a certain sense of life	Y	https://www.hymnal.net/Hymns/Hymnal/midi/e0038_i.mid https://www.hymnal.net/Hymns/Hymnal/midi/tunes/e0738_tune.midi
E739	5565117123	5565117123	MATCH	h/739	Hymn: In those regenerated by the Lord	Y	https://www.hymnal.net/Hymns/Hymnal/midi/e0219_i.mid https://www.hymnal.net/Hymns/Hymnal/midi/tunes/e0739_tune.midi
E74	53451217617126765	53451217617126765	MATCH	h/74	Hymn: There is a name to Jesus given	Y	https://www.hymnal.net/Hymns/Hymnal/midi/e0074_i.mid https://www.hymnal.net/Hymns/Hymnal/midi/tunes/e0074_tune.midi
E740	53435321261765	53435321261765	MATCH	h/740	Hymn: The principle of incarnation	Y	https://www.hymnal.net/Hymns/Hymnal/midi/e0740_i.mid https://www.hymnal.net/Hymns/Hymnal/midi/tunes/e0740_tune.midi
E741	55665133217655765	55665133217655765	MATCH	h/741	Hymn: God ordained us unto sonship	Y	https://www.hymnal.net/Hymns/Hymnal/midi/e0741_i.mid https://www.hymnal.net/Hymns/Hymnal/midi/tunes/e0741_tune.midi
E742	1111712321	1111712321	MATCH	h/742	Hymn: Man is a being of three parts	Y	https://www.hymnal.net/Hymns/Hymnal/midi/e0374_i.mid https://www.hymnal.net/Hymns/Hymnal/midi/tunes/e0742_tune.midi
E743	31555117136714332	31555117136714332	MATCH	h/743	Hymn: God created us His vessels	Y	https://www.hymnal.net/Hymns/Hymnal/midi/e0265_i.mid https://www.hymnal.net/Hymns/Hymnal/midi/tunes/e0743_tune.midi
E744	33323471	33323471	MATCH	h/744	Hymn: In dealings with the Lord as life	Y	https://www.hymnal.net/Hymns/Hymnal/midi/e0209_i.mid https://www.hymnal.net/Hymns/Hymnal/midi/tunes/e0744_tune.midi
E745	33451721345622	33451721345622	MATCH	h/745	Hymn: O Lord, Thou art the Spirit now (mingling)	Y	https://www.hymnal.net/Hymns/Hymnal/midi/e0745_i.mid https://www.hymnal.net/Hymns/Hymnal/midi/tunes/e0745_tune.midi
E746	53435321261765	53435321261765	MATCH	h/746	Hymn: Lord, teach us to discern the spirit	Y	https://www.hymnal.net/Hymns/Hymnal/midi/e0740_i.mid https://www.hymnal.net/Hymns/Hymnal/midi/tunes/e0746_tune.midi
E747	332343321	332343321	MATCH	h/747	Hymn: The holiest of God’s temple is	Y	https://www.hymnal.net/Hymns/Hymnal/midi/e0464_i.mid https://www.hymnal.net/Hymns/Hymnal/midi/tunes/e0747_tune.midi
E748	352225111116123	352225111116123	MATCH	h/748	Hymn: By the cross discern the spirit	Y	https://www.hymnal.net/Hymns/Hymnal/midi/e0466_i.mid https://www.hymnal.net/Hymns/Hymnal/midi/tunes/e0748_tune.midi
E749	5512312123	5512312123	MATCH	h/749	Hymn: The Spirit of the triune God	Y	https://www.hymnal.net/Hymns/Hymnal/midi/e0243_i.mid https://www.hymnal.net/Hymns/Hymnal/midi/tunes/e0749_tune.midi
E75	171321176251665	171321176251665	MATCH	h/75	Hymn: Jesus, Name of matchless splendor	Y	https://www.hymnal.net/Hymns/Hymnal/midi/e0075_i.mid https://www.hymnal.net/Hymns/Hymnal/midi/tunes/e0075_tune.midi
E750	33323451532346543	33323451532346543	MATCH	h/750	Hymn: God’s intention is to have us	Y	https://www.hymnal.net/Hymns/Hymnal/midi/e0314_i.mid https://www.hymnal.net/Hymns/Hymnal/midi/e0750_full.mid https://www.hymnal.net/Hymns/Hymnal/midi/tunes/e0750_tune.midi
E751	11765353212	11765353212	MATCH	h/751	Hymn: It is not by struggling	Y	https://www.hymnal.net/Hymns/Hymnal/midi/e0541_i.mid https://www.hymnal.net/Hymns/Hymnal/midi/tunes/e0751_tune.midi
E752	565134565	565134565	MATCH	h/752	Hymn: I am the Lord that healeth thee	Y	https://www.hymnal.net/Hymns/Hymnal/midi/e0752_i.mid https://www.hymnal.net/Hymns/Hymnal/midi/tunes/e0752_tune.midi
E753	3455543665	3455543665	MATCH	h/753	Hymn: There is a healing branch that grows	Y	https://www.hymnal.net/Hymns/Hymnal/midi/e0753_i.mid https://www.hymnal.net/Hymns/Hymnal/midi/tunes/e0753_tune.midi
E754	56175123	56175123	MATCH	h/754	Hymn: To those who fear Jehovah’s name	Y	https://www.hymnal.net/Hymns/Hymnal/midi/e0754_i.mid https://www.hymnal.net/Hymns/Hymnal/midi/tunes/e0754_tune.midi
E755	53215644653321332	53215644653321332	MATCH	h/755	Hymn: He healeth me, oh, bless His name	Y	https://www.hymnal.net/Hymns/Hymnal/midi/e0585_i.mid https://www.hymnal.net/Hymns/Hymnal/midi/tunes/e0755_tune.midi
E756	3345176555565432	3345176555565432	MATCH	h/756	Hymn: When Christ of old with healing pow’r	Y	https://www.hymnal.net/Hymns/Hymnal/midi/e0756_i.mid https://www.hymnal.net/Hymns/Hymnal/midi/tunes/e0756_tune.midi
E757	33211765321	33211765321	MATCH	h/757	Hymn: At even when the sun was set	Y	https://www.hymnal.net/Hymns/Hymnal/midi/e0010_i.mid https://www.hymnal.net/Hymns/Hymnal/midi/tunes/e0757_tune.midi
E758	135555331355553	135555331355553	MATCH	h/758	Hymn: Have you found the great Physician	Y	https://www.hymnal.net/Hymns/Hymnal/midi/e0758_i.mid https://www.hymnal.net/Hymns/Hymnal/midi/tunes/e0758_tune.midi
E759	55535665	55535665	MATCH	h/759	Hymn: Just one touch as He moves along	Y	https://www.hymnal.net/Hymns/Hymnal/midi/e0759_i.mid https://www.hymnal.net/Hymns/Hymnal/midi/tunes/e0759_tune.midi
E76	35651543211	35651543211	MATCH	h/76	Hymn: In the Name of Jesus	Y	https://www.hymnal.net/Hymns/Hymnal/midi/e0076_i.mid https://www.hymnal.net/Hymns/Hymnal/midi/tunes/e0076_tune.midi
E760	5555554565323543	5555554565323543	MATCH	h/760	Hymn: She only touched the hem of His garment (healing)	Y	https://www.hymnal.net/Hymns/Hymnal/midi/e0016_i.mid https://www.hymnal.net/Hymns/Hymnal/midi/tunes/e0760_tune.midi
E761	567123321661465	567123321661465	MATCH	h/761	Hymn: Prayer is the soul’s sincere desire	Y	https://www.hymnal.net/Hymns/Hymnal/midi/e0157_i.mid https://www.hymnal.net/Hymns/Hymnal/midi/tunes/e0761_tune.midi
E762	1234321171	1234321171	MATCH	h/762	Hymn: Prayer is the incense of a holy heart	Y	https://www.hymnal.net/Hymns/Hymnal/midi/e0454_i.mid https://www.hymnal.net/Hymns/Hymnal/midi/tunes/e0762_tune.midi
E763	567123321661465	567123321661465	MATCH	h/763	Hymn: Christ is the Alpha of our prayers	Y	https://www.hymnal.net/Hymns/Hymnal/midi/e0157_i.mid https://www.hymnal.net/Hymns/Hymnal/midi/tunes/e0763_tune.midi
E764	3231123453	3231123453	MATCH	h/764	Hymn: Lord, in Thy presence	Y	https://www.hymnal.net/Hymns/Hymnal/midi/e0431_i.mid https://www.hymnal.net/Hymns/Hymnal/midi/tunes/e0764_tune.midi
E765	33436653333342	33436653333342	MATCH	h/765	Hymn: Christian, seek not yet repose	Y	https://www.hymnal.net/Hymns/Hymnal/midi/e0765_i.mid https://www.hymnal.net/Hymns/Hymnal/midi/tunes/e0765_tune.midi
E766	344651754	344651754	MATCH	h/766	Hymn: Teach me to pray, Lord, teach me to pray	Y	https://www.hymnal.net/Hymns/Hymnal/midi/e0766_i.mid https://www.hymnal.net/Hymns/Hymnal/midi/tunes/e0766_tune.midi
E767	133321112354332	133321112354332	MATCH	h/767	Hymn: Teach us to pray	Y	https://www.hymnal.net/Hymns/Hymnal/midi/e0767_i.mid https://www.hymnal.net/Hymns/Hymnal/midi/tunes/e0767_tune.midi
E768	543321327765	543321327765	MATCH	h/768	Hymn: Lord, teach us to use	Y	https://www.hymnal.net/Hymns/Hymnal/midi/e0768_i.mid https://www.hymnal.net/Hymns/Hymnal/midi/tunes/e0768_tune.midi
E769	321761566432117	321761566432117	MATCH	h/769	Hymn: To the holiest place I’d come	Y	https://www.hymnal.net/Hymns/Hymnal/midi/e0769_i.mid https://www.hymnal.net/Hymns/Hymnal/midi/tunes/e0769_tune.midi
E77	3335122355545342	3335122355545342	MATCH	h/77	Hymn: Lift that Name high! That glorious Name	Y	https://www.hymnal.net/Hymns/Hymnal/midi/e0077_i.mid https://www.hymnal.net/Hymns/Hymnal/midi/tunes/e0077_tune.midi
E770	5512312165	5512312165	MATCH	h/770	Hymn: In the holiest place	Y	https://www.hymnal.net/Hymns/Hymnal/midi/e0770_i.mid https://www.hymnal.net/Hymns/Hymnal/midi/tunes/e0770_tune.midi
E771	12353143671322	12353143671322	MATCH	h/771	Hymn: The veil is rent and opened is	Y	https://www.hymnal.net/Hymns/Hymnal/midi/e0771_i.mid https://www.hymnal.net/Hymns/Hymnal/midi/tunes/e0771_tune.midi
E772	35655431765312	35655431765312	MATCH	h/772	Hymn: Lord, we meet to seek Thy face	Y	https://www.hymnal.net/Hymns/Hymnal/midi/e0772_i.mid https://www.hymnal.net/Hymns/Hymnal/midi/tunes/e0772_tune.midi
E773	1123234323	1123234323	MATCH	h/773	Hymn: Lord Jesus Christ, we seek Thy face	Y	https://www.hymnal.net/Hymns/Hymnal/midi/e0488_i.mid https://www.hymnal.net/Hymns/Hymnal/midi/tunes/e0773_tune.midi
E774	3455543665	3455543665	MATCH	h/774	Hymn: From every stormy wind that blows	Y	https://www.hymnal.net/Hymns/Hymnal/midi/e0753_i.mid https://www.hymnal.net/Hymns/Hymnal/midi/tunes/e0774_tune.midi
E775	513212156176165	513212156176165	MATCH	h/775	Hymn: In the mighty Name of Jesus	Y	https://www.hymnal.net/Hymns/Hymnal/midi/e0670_i.mid https://www.hymnal.net/Hymns/Hymnal/midi/tunes/e0775_tune.midi
E776	355117665	355117665	MATCH	h/776	Hymn: Ask in faith, the Name of Jesus	Y	https://www.hymnal.net/Hymns/Hymnal/midi/e0664_i.mid https://www.hymnal.net/Hymns/Hymnal/midi/tunes/e0776_tune.midi
E777	53511175514332	53511175514332	MATCH	h/777	Hymn: Say to this mountain, Go	Y	https://www.hymnal.net/Hymns/Hymnal/midi/e0777_i.mid https://www.hymnal.net/Hymns/Hymnal/midi/tunes/e0777_tune.midi
E778	55654321321432	55654321321432	MATCH	h/778	Hymn: Keep up the song of faith	Y	https://www.hymnal.net/Hymns/Hymnal/midi/e0778_i.mid https://www.hymnal.net/Hymns/Hymnal/midi/tunes/e0778_tune.midi
E779	513161655171232	513161655171232	MATCH	h/779	Hymn: Pray with one accord in spirit	Y	https://www.hymnal.net/Hymns/Hymnal/midi/e0268_i.mid https://www.hymnal.net/Hymns/Hymnal/midi/tunes/e0779_tune.midi
E78	5511712212332122	5511712212332122	MATCH	h/78	Hymn: Gracious Lord, Thy name I AM is	Y	https://www.hymnal.net/Hymns/Hymnal/midi/e0078_full.mid https://www.hymnal.net/Hymns/Hymnal/midi/e0078_i.mid https://www.hymnal.net/Hymns/Hymnal/midi/tunes/e0078_tune.midi
E780	333211121655113212	333211121655113212	MATCH	h/780	Hymn: Praying always in the spirit	Y	https://www.hymnal.net/Hymns/Hymnal/midi/e0203_i.mid https://www.hymnal.net/Hymns/Hymnal/midi/tunes/e0780_tune.midi
E781	34271545312	34271545312	MATCH	h/781	Hymn: Exercise the spirit (Prayer)	Y	https://www.hymnal.net/Hymns/Hymnal/midi/e0781_i.mid https://www.hymnal.net/Hymns/Hymnal/midi/tunes/e0781_tune.midi
E782	551122311432132	551122311432132	MATCH	h/782	Hymn: How mysterious, O Lord	Y	https://www.hymnal.net/Hymns/Hymnal/midi/e0782_i.mid https://www.hymnal.net/Hymns/Hymnal/midi/tunes/e0782_tune.midi
E783	3342671	3342671	MATCH	h/783	Hymn: Pray to touch the throne of God	Y	https://www.hymnal.net/Hymns/Hymnal/midi/e0783_i.mid https://www.hymnal.net/Hymns/Hymnal/midi/tunes/e0783_tune.midi
E784	556531165131532	556531165131532	MATCH	h/784	Hymn: Pray to fellowship with Jesus	Y	https://www.hymnal.net/Hymns/Hymnal/midi/e0628_i.mid https://www.hymnal.net/Hymns/Hymnal/midi/e0784_full.mid https://www.hymnal.net/Hymns/Hymnal/midi/tunes/e0784_tune.midi
E785	35234233523421	35234233523421	MATCH	h/785	Hymn: Praying to express the Lord	Y	https://www.hymnal.net/Hymns/Hymnal/midi/e0583_i.mid https://www.hymnal.net/Hymns/Hymnal/midi/tunes/e0785_tune.midi
E786	11321651143212	11321651143212	MATCH	h/786	Hymn: Pray to labor with the Lord	Y	https://www.hymnal.net/Hymns/Hymnal/midi/e0786_i.mid https://www.hymnal.net/Hymns/Hymnal/midi/tunes/e0786_tune.midi
E787	1235512321	1235512321	MATCH	h/787	Hymn: I must tell Jesus all of my trials	Y	https://www.hymnal.net/Hymns/Hymnal/midi/e0787_i.mid https://www.hymnal.net/Hymns/Hymnal/midi/tunes/e0787_tune.midi
E788	123134556656532	123134556656532	MATCH	h/788	Hymn: When thou wakest in the morning	Y	https://www.hymnal.net/Hymns/Hymnal/midi/e0788_i.mid https://www.hymnal.net/Hymns/Hymnal/midi/tunes/e0788_tune.midi
E789	556531165131532	556531165131532	MATCH	h/789	Hymn: What a Friend we have in Jesus	Y	https://www.hymnal.net/Hymns/Hymnal/midi/e0628_i.mid https://www.hymnal.net/Hymns/Hymnal/midi/tunes/e0789_tune.midi
E79	55131165551312	55131165551312	MATCH	h/79	Hymn: All praise to Him who reigns on high	Y	https://www.hymnal.net/Hymns/Hymnal/midi/e0079_i.mid https://www.hymnal.net/Hymns/Hymnal/midi/tunes/e0079_tune.midi
E790	33234332123	33234332123	MATCH	h/790	Hymn: Keep the incense burning	Y	https://www.hymnal.net/Hymns/Hymnal/midi/e0790_i.mid https://www.hymnal.net/Hymns/Hymnal/midi/tunes/e0790_tune.midi
E791	1333432135556523	1333432135556523	MATCH	h/791	Hymn: The priest’s position holy is	Y	https://www.hymnal.net/Hymns/Hymnal/midi/e0791_i.mid https://www.hymnal.net/Hymns/Hymnal/midi/tunes/e0791_tune.midi
E792	111312321333342	111312321333342	MATCH	h/792	Hymn: Waiting on Thee, Lord, waiting on Thee	Y	https://www.hymnal.net/Hymns/Hymnal/midi/e0373_i.mid https://www.hymnal.net/Hymns/Hymnal/midi/tunes/e0792_tune.midi
E793	3213554123	3213554123	MATCH	h/793	Hymn: My soul, be silent, wait upon the Lord	Y	https://www.hymnal.net/Hymns/Hymnal/midi/e0793_i.mid https://www.hymnal.net/Hymns/Hymnal/midi/tunes/e0793_tune.midi
E794	3311233345	3311233345	MATCH	h/794	Hymn: Stir me, oh, stir me, Lord, I care not how	Y	https://www.hymnal.net/Hymns/Hymnal/midi/e0044_i.mid https://www.hymnal.net/Hymns/Hymnal/midi/tunes/e0794_tune.midi
E795	12312710	12312710	MATCH	h/795	Hymn: Father, let Thy kingdom come	Y	https://www.hymnal.net/Hymns/Hymnal/midi/e0795_i.mid https://www.hymnal.net/Hymns/Hymnal/midi/tunes/e0795_tune.midi
E796	32135436712765	32135436712765	MATCH	h/796	Hymn: Christ, from whom all blessings flow	Y	https://www.hymnal.net/Hymns/Hymnal/midi/e0796_i.mid https://www.hymnal.net/Hymns/Hymnal/midi/tunes/e0796_tune.midi
E797	12321651122232	12321651122232	MATCH	h/797	Hymn: Revive Thy work, O Lord	Y	https://www.hymnal.net/Hymns/Hymnal/midi/e0797_i.mid https://www.hymnal.net/Hymns/Hymnal/midi/tunes/e0797_tune.midi
E798	12321651122232	12321651122232	MATCH	h/798	Hymn: Revive Thy work, dear Lord	Y	https://www.hymnal.net/Hymns/Hymnal/midi/e0797_i.mid https://www.hymnal.net/Hymns/Hymnal/midi/tunes/e0798_tune.midi
E799	5345117671	5345117671	MATCH	h/799	Hymn: All Scripture is the very breath of God	Y	https://www.hymnal.net/Hymns/Hymnal/midi/e0693_i.mid https://www.hymnal.net/Hymns/Hymnal/midi/tunes/e0799_tune.midi
E8	1176512333321432	1176512333321432	MATCH	h/8	Hymn: Praise God, from whom all blessings flow	Y	https://www.hymnal.net/Hymns/Hymnal/midi/e0008_full.mid https://www.hymnal.net/Hymns/Hymnal/midi/e0008_i.mid https://www.hymnal.net/Hymns/Hymnal/midi/tunes/e0008_tune.midi
E80	131531765432	131531765432	MATCH	h/80	Hymn: Join all the glorious names	Y	https://www.hymnal.net/Hymns/Hymnal/midi/e0080_i.mid https://www.hymnal.net/Hymns/Hymnal/midi/tunes/e0080_tune.midi
E800	33235323123	33235323123	MATCH	h/800	Hymn: God the Lord has spoken, God has been unveiled	Y	https://www.hymnal.net/Hymns/Hymnal/midi/e0800_i.mid https://www.hymnal.net/Hymns/Hymnal/midi/tunes/e0800_tune.midi
E801	3135653132	3135653132	MATCH	h/801	Hymn: O living Word of God, God’s image true	Y	https://www.hymnal.net/Hymns/Hymnal/midi/e0801_i.mid https://www.hymnal.net/Hymns/Hymnal/midi/tunes/e0801_tune.midi
E802	5156654334325545	5156654334325545	MATCH	h/802	Hymn: Thou art the Word and Spirit, Lord	Y	https://www.hymnal.net/Hymns/Hymnal/midi/e0802_i.mid https://www.hymnal.net/Hymns/Hymnal/midi/tunes/e0802_tune.midi
E803	123654333543221	123654333543221	MATCH	h/803	Hymn: O Word of God incarnate	Y	https://www.hymnal.net/Hymns/Hymnal/midi/e0165_i.mid https://www.hymnal.net/Hymns/Hymnal/midi/tunes/e0803_tune.midi
E804	51176565562171	51176565562171	MATCH	h/804	Hymn: Thy Word is like a storehouse, Lord	n	https://www.hymnal.net/Hymns/Hymnal/midi/e0804_i.mid https://www.hymnal.net/Hymns/Hymnal/midi/tunes/e0804_tune.midi
E805	33211765321	33211765321	MATCH	h/805	Hymn: Oh, how I love this blessed Book	Y	https://www.hymnal.net/Hymns/Hymnal/midi/e0010_i.mid https://www.hymnal.net/Hymns/Hymnal/midi/tunes/e0805_tune.midi
E806	3135653132	3135653132	MATCH	h/806	Hymn: Break Thou the Bread of Life	Y	https://www.hymnal.net/Hymns/Hymnal/midi/e0801_i.mid https://www.hymnal.net/Hymns/Hymnal/midi/e0806_full.mid https://www.hymnal.net/Hymns/Hymnal/midi/tunes/e0806_tune.midi
E807	1765665527657655	1765665527657655	MATCH	h/807	Hymn: Open my eyes that I may see	Y	https://www.hymnal.net/Hymns/Hymnal/midi/e0807_i.mid https://www.hymnal.net/Hymns/Hymnal/midi/tunes/e0807_tune.midi
E808	123143321432171	123143321432171	MATCH	h/808	Hymn: Master, speak! Thy servant heareth	Y	https://www.hymnal.net/Hymns/Hymnal/midi/e0144_i.mid https://www.hymnal.net/Hymns/Hymnal/midi/tunes/e0808_tune.midi
E809	11265333445	11265333445	MATCH	h/809	Hymn: Speak, Lord, in the stillness	Y	https://www.hymnal.net/Hymns/Hymnal/midi/e0399_i.mid https://www.hymnal.net/Hymns/Hymnal/midi/tunes/e0809_tune.midi
E81	5543511271	5543511271	MATCH	h/81	Hymn: O Lord, Thy being is of old	Y	https://www.hymnal.net/Hymns/Hymnal/midi/e0081_full.mid https://www.hymnal.net/Hymns/Hymnal/midi/e0081_i.mid https://www.hymnal.net/Hymns/Hymnal/midi/tunes/e0081_tune.midi
E810	33343222554311765	33343222554311765	MATCH	h/810	Hymn: Lord, hast Thou not one word for me	Y	https://www.hymnal.net/Hymns/Hymnal/midi/e0205_i.mid https://www.hymnal.net/Hymns/Hymnal/midi/tunes/e0810_tune.midi
E811	53653175211111712232	53653175211111712232	MATCH	h/811	Hymn: My heart is hungry, my spirit doth thirst	Y	https://www.hymnal.net/Hymns/Hymnal/midi/e0811_full.mid https://www.hymnal.net/Hymns/Hymnal/midi/e0811_i.mid https://www.hymnal.net/Hymns/Hymnal/midi/tunes/e0811_tune.midi
E812	333413543232	333413543232	MATCH	h/812	Hymn: I come to Thee, dear Lord	Y	https://www.hymnal.net/Hymns/Hymnal/midi/e0111_i.mid https://www.hymnal.net/Hymns/Hymnal/midi/e0812_full.mid https://www.hymnal.net/Hymns/Hymnal/midi/tunes/e0812_tune.midi
E813	332343321	332343321	MATCH	h/813	Hymn: I come before Thy throne of grace	Y	https://www.hymnal.net/Hymns/Hymnal/midi/e0464_i.mid https://www.hymnal.net/Hymns/Hymnal/midi/tunes/e0813_tune.midi
E814	1111712321	1111712321	MATCH	h/814	Hymn: Man shall not live by bread alone	Y	https://www.hymnal.net/Hymns/Hymnal/midi/e0374_i.mid https://www.hymnal.net/Hymns/Hymnal/midi/tunes/e0814_tune.midi
E815	33543214332	33543214332	MATCH	h/815	Hymn: Christ is the Word and Spirit too	Y	https://www.hymnal.net/Hymns/Hymnal/midi/e0361_i.mid https://www.hymnal.net/Hymns/Hymnal/midi/e0815_full.mid https://www.hymnal.net/Hymns/Hymnal/midi/tunes/e0815_tune.midi
E816	3545352235542171	3545352235542171	MATCH	h/816	Hymn: God’s own Word must not be taken	Y	https://www.hymnal.net/Hymns/Hymnal/midi/e0816_i.mid https://www.hymnal.net/Hymns/Hymnal/midi/tunes/e0816_tune.midi
E817	13516543325665	13516543325665	MATCH	h/817	Hymn: We limit not the truth of God	Y	https://www.hymnal.net/Hymns/Hymnal/midi/e0817_i.mid https://www.hymnal.net/Hymns/Hymnal/midi/tunes/e0817_tune.midi
E818	3321552343	3321552343	MATCH	h/818	Hymn: Christ is the mystery of God	Y	https://www.hymnal.net/Hymns/Hymnal/midi/e0818_i.mid https://www.hymnal.net/Hymns/Hymnal/midi/tunes/e0818_tune.midi
E819	323432321545652	323432321545652	MATCH	h/819	Hymn: As the body is the fulness	Y	https://www.hymnal.net/Hymns/Hymnal/midi/e0451_i.mid https://www.hymnal.net/Hymns/Hymnal/midi/e0819_full.mid https://www.hymnal.net/Hymns/Hymnal/midi/tunes/e0819_tune.midi
E82	54321123176	54321123176	MATCH	h/82	Hymn: Down from His glory	Y	https://www.hymnal.net/Hymns/Hymnal/midi/e0082_i.mid https://www.hymnal.net/Hymns/Hymnal/midi/tunes/e0082_tune.midi
E820	13455671	13455671	MATCH	h/820	Hymn: Riches of Christ we should enjoy	Y	https://www.hymnal.net/Hymns/Hymnal/midi/e0088_i.mid https://www.hymnal.net/Hymns/Hymnal/midi/e0820_full.mid https://www.hymnal.net/Hymns/Hymnal/midi/tunes/e0820_tune.midi
E821	34651321	34651321	MATCH	h/821	Hymn: The Church the vessel is to Christ	Y	https://www.hymnal.net/Hymns/Hymnal/midi/e0821_i.mid https://www.hymnal.net/Hymns/Hymnal/midi/tunes/e0821_tune.midi
E822	533343212356712765	533343212356712765	MATCH	h/822	Hymn: The Church the lampstand is to Christ	Y	https://www.hymnal.net/Hymns/Hymnal/midi/e0822_i.mid https://www.hymnal.net/Hymns/Hymnal/midi/tunes/e0822_tune.midi
E823	5133433113276721	5133433113276721	MATCH	h/823	Hymn: God before the world’s foundation	Y	https://www.hymnal.net/Hymns/Hymnal/midi/e0318_i.mid https://www.hymnal.net/Hymns/Hymnal/midi/tunes/e0823_tune.midi
E824	3334332116543	3334332116543	MATCH	h/824	Hymn: The Church is Christ’s own Body	Y	https://www.hymnal.net/Hymns/Hymnal/midi/e0824_full.mid https://www.hymnal.net/Hymns/Hymnal/midi/e0824_i.mid https://www.hymnal.net/Hymns/Hymnal/midi/tunes/e0824_tune.midi
E825	333455511656532	333455511656532	MATCH	h/825	Hymn: Church of God, beloved and chosen	Y	https://www.hymnal.net/Hymns/Hymnal/midi/e0134_i.mid https://www.hymnal.net/Hymns/Hymnal/midi/tunes/e0825_tune.midi
E826	3243511721	3243511721	MATCH	h/826	Hymn: I saw great throngs—each was a brother dear	Y	https://www.hymnal.net/Hymns/Hymnal/midi/e0672_i.mid https://www.hymnal.net/Hymns/Hymnal/midi/tunes/e0826_tune.midi
E827	33235323123	33235323123	MATCH	h/827	Hymn: I have found life’s Giver, and the Prince of Life	Y	https://www.hymnal.net/Hymns/Hymnal/midi/e0800_i.mid https://www.hymnal.net/Hymns/Hymnal/midi/tunes/e0827_tune.midi
E828	3556561171	3556561171	MATCH	h/828	Hymn: The churches here below, so narrow bound	Y	https://www.hymnal.net/Hymns/Hymnal/midi/e0304_i.mid https://www.hymnal.net/Hymns/Hymnal/midi/tunes/e0828_tune.midi
E829	3423355645	3423355645	MATCH	h/829	Hymn: The Church’s seed is nought but Christ Himself	Y	https://www.hymnal.net/Hymns/Hymnal/midi/e0829_i.mid https://www.hymnal.net/Hymns/Hymnal/midi/tunes/e0829_tune.midi
E83	551122315564253	551122315564253	MATCH	h/83	Hymn: Hark! what mean those holy voices	Y	https://www.hymnal.net/Hymns/Hymnal/midi/e0083_i.mid https://www.hymnal.net/Hymns/Hymnal/midi/tunes/e0083_tune.midi
E830	3211712671	3211712671	MATCH	h/830	Hymn: Faith of our fathers, living still	Y	https://www.hymnal.net/Hymns/Hymnal/midi/e0423_i.mid https://www.hymnal.net/Hymns/Hymnal/midi/tunes/e0830_tune.midi
E831	5333343225632121	5333343225632121	MATCH	h/831	Hymn: The unity of Church is but	n	https://www.hymnal.net/Hymns/Hymnal/midi/e0831_i.mid https://www.hymnal.net/Hymns/Hymnal/midi/tunes/e0831_tune.midi
E832	33234332123	33234332123	MATCH	h/832	Hymn: Christ the Son of God and His redemptive deed	Y	https://www.hymnal.net/Hymns/Hymnal/midi/e0790_i.mid https://www.hymnal.net/Hymns/Hymnal/midi/e0832_full.mid https://www.hymnal.net/Hymns/Hymnal/midi/tunes/e0832_tune.midi
E833	3334332116543	3334332116543	MATCH	h/833	Hymn: The Church’s one foundation	Y	https://www.hymnal.net/Hymns/Hymnal/midi/e0824_i.mid https://www.hymnal.net/Hymns/Hymnal/midi/tunes/e0833_tune.midi
E834	11335432254343221	11335432254343221	MATCH	h/834	Hymn: The chief Cornerstone Thou art, Lord	Y	https://www.hymnal.net/Hymns/Hymnal/midi/e0834_i.mid https://www.hymnal.net/Hymns/Hymnal/midi/tunes/e0834_tune.midi
E835	1345671765	1345671765	MATCH	h/835	Hymn: On Christ, salvation rests secure	Y	https://www.hymnal.net/Hymns/Hymnal/midi/e0145_i.mid https://www.hymnal.net/Hymns/Hymnal/midi/tunes/e0835_tune.midi
E836	531532156651543	531532156651543	MATCH	h/836	Hymn: Christ is made the sure foundation	Y	https://www.hymnal.net/Hymns/Hymnal/midi/e0009_i.mid https://www.hymnal.net/Hymns/Hymnal/midi/tunes/e0836_tune.midi
E837	1123234323	1123234323	MATCH	h/837	Hymn: We praise Thee, Lord, for Thy great plan	Y	https://www.hymnal.net/Hymns/Hymnal/midi/e0488_i.mid https://www.hymnal.net/Hymns/Hymnal/midi/tunes/e0837_tune.midi
E838	5512312123	5512312123	MATCH	h/838	Hymn: Thy blueprint, Lord, I treasure dear	Y	https://www.hymnal.net/Hymns/Hymnal/midi/e0243_i.mid https://www.hymnal.net/Hymns/Hymnal/midi/tunes/e0838_tune.midi
E839	12334433455432	12334433455432	MATCH	h/839	Hymn: Lord, Thou art a potter skilled	Y	https://www.hymnal.net/Hymns/Hymnal/midi/e0839_i.mid https://www.hymnal.net/Hymns/Hymnal/midi/tunes/e0839_tune.midi
E84	511713325554323	511713325554323	MATCH	h/84	Hymn: Hark! the herald angels sing	Y	https://www.hymnal.net/Hymns/Hymnal/midi/e0084_i.mid https://www.hymnal.net/Hymns/Hymnal/midi/tunes/e0084_tune.midi
E840	345565533352123	345565533352123	MATCH	h/840	Hymn: Freed from self and Adam’s nature	Y	https://www.hymnal.net/Hymns/Hymnal/midi/e0403_i.mid https://www.hymnal.net/Hymns/Hymnal/midi/e0840_full.mid https://www.hymnal.net/Hymns/Hymnal/midi/tunes/e0840_tune.midi
E841	33321643217	33321643217	MATCH	h/841	Hymn: Thou art all my life, Lord	Y	https://www.hymnal.net/Hymns/Hymnal/midi/e0841_full.mid https://www.hymnal.net/Hymns/Hymnal/midi/e0841_i.mid https://www.hymnal.net/Hymns/Hymnal/midi/tunes/e0841_tune.midi
E842	323432212321	323432212321	MATCH	h/842	Hymn: Breathe Thou, O Lord, on me	Y	https://www.hymnal.net/Hymns/Hymnal/midi/e0842_i.mid https://www.hymnal.net/Hymns/Hymnal/midi/tunes/e0842_tune.midi
E843	53435321261765	53435321261765	MATCH	h/843	Hymn: Lord, breathe Thy breath of life upon me	Y	https://www.hymnal.net/Hymns/Hymnal/midi/e0740_i.mid https://www.hymnal.net/Hymns/Hymnal/midi/tunes/e0843_tune.midi
E844	1543154356176545	1543154356176545	MATCH	h/844	Hymn: Lord, speak Thy Word, upon us breathe	Y	https://www.hymnal.net/Hymns/Hymnal/midi/e0844_i.mid https://www.hymnal.net/Hymns/Hymnal/midi/tunes/e0844_tune.midi
E845	5153455671	5153455671	MATCH	h/845	Hymn: Release my spirit! This is what I need	Y	https://www.hymnal.net/Hymns/Hymnal/midi/e0120_i.mid https://www.hymnal.net/Hymns/Hymnal/midi/tunes/e0845_tune.midi
E846	3543221143	3543221143	MATCH	h/846	Hymn: Oh, may my spirit flow	Y	https://www.hymnal.net/Hymns/Hymnal/midi/e0846_i.mid https://www.hymnal.net/Hymns/Hymnal/midi/tunes/e0846_tune.midi
E847	17564325511235322	17564325511235322	MATCH	h/847	Hymn: I long for fellowship in spirit	Y	https://www.hymnal.net/Hymns/Hymnal/midi/e0847_i.mid https://www.hymnal.net/Hymns/Hymnal/midi/tunes/e0847_tune.midi
E848	556551177122123	556551177122123	MATCH	h/848	Hymn: What a blessing, what a priv’lege	Y	https://www.hymnal.net/Hymns/Hymnal/midi/e0542_i.mid https://www.hymnal.net/Hymns/Hymnal/midi/tunes/e0848_tune.midi
E849	11113212222432	11113212222432	MATCH	h/849	Hymn: Holy priests are living stones	Y	https://www.hymnal.net/Hymns/Hymnal/midi/e0849_i.mid https://www.hymnal.net/Hymns/Hymnal/midi/tunes/e0849_tune.midi
E85	115125323432	115125323432	MATCH	h/85	Hymn: O Come All Ye Faithful	Y	https://www.hymnal.net/Hymns/Hymnal/midi/e0085_i.mid https://www.hymnal.net/Hymns/Hymnal/midi/tunes/e0085_tune.midi
E850	55321712617122123	55321712617122123	MATCH	h/850	Hymn: O Lord, we have loved her fair beauty	Y	https://www.hymnal.net/Hymns/Hymnal/midi/e0850_i.mid https://www.hymnal.net/Hymns/Hymnal/midi/tunes/e0850_tune.midi
E851	3215322133653142	3215322133653142	MATCH	h/851	Hymn: How lovely is Thy dwelling place	Y	https://www.hymnal.net/Hymns/Hymnal/midi/e0851_i.mid https://www.hymnal.net/Hymns/Hymnal/midi/tunes/e0851_tune.midi
E852	33451721345622	33451721345622	MATCH	h/852	Hymn: Thy dwelling place, O Lord, I love	Y	https://www.hymnal.net/Hymns/Hymnal/midi/e0745_i.mid https://www.hymnal.net/Hymns/Hymnal/midi/e0852_full.mid https://www.hymnal.net/Hymns/Hymnal/midi/tunes/e0852_tune.midi
E853	511321234543432	511321234543432	MATCH	h/853	Hymn: I love Thy kingdom, Lord	Y	https://www.hymnal.net/Hymns/Hymnal/midi/e0853_i.mid https://www.hymnal.net/Hymns/Hymnal/midi/tunes/e0853_tune.midi
E854	33221711223	33221711223	MATCH	h/854	Hymn: All the saints of Christ are	Y	https://www.hymnal.net/Hymns/Hymnal/midi/e0115_i.mid https://www.hymnal.net/Hymns/Hymnal/midi/tunes/e0854_tune.midi
E855	55655655153335432	55655655153335432	MATCH	h/855	Hymn: Behold, how good, how pleasant ’tis	Y	https://www.hymnal.net/Hymns/Hymnal/midi/e0601_i.mid https://www.hymnal.net/Hymns/Hymnal/midi/tunes/e0855_tune.midi
E856	33343322252343	33343322252343	MATCH	h/856	Hymn: How pleasant and how good it is	Y	https://www.hymnal.net/Hymns/Hymnal/midi/e0856_i.mid https://www.hymnal.net/Hymns/Hymnal/midi/tunes/e0856_tune.midi
E857	33323543555634	33323543555634	MATCH	h/857	Hymn: How sweet, how heav’nly is the sight	Y	https://www.hymnal.net/Hymns/Hymnal/midi/e0857_i.mid https://www.hymnal.net/Hymns/Hymnal/midi/tunes/e0857_tune.midi
E858	51122321566165	51122321566165	MATCH	h/858	Hymn: All praise to our redeeming Lord	Y	https://www.hymnal.net/Hymns/Hymnal/midi/e0177_i.mid https://www.hymnal.net/Hymns/Hymnal/midi/tunes/e0858_tune.midi
E859	53216715671432	53216715671432	MATCH	h/859	Hymn: Let party names no more	Y	https://www.hymnal.net/Hymns/Hymnal/midi/e0859_i.mid https://www.hymnal.net/Hymns/Hymnal/midi/tunes/e0859_tune.midi
E86	5345111765	5345111765	MATCH	h/86	Hymn: Though Thou art God, most glorious, high	Y	https://www.hymnal.net/Hymns/Hymnal/midi/e0086_full.mid https://www.hymnal.net/Hymns/Hymnal/midi/e0086_i.mid https://www.hymnal.net/Hymns/Hymnal/midi/tunes/e0086_tune.midi
E860	3313272111611517	3313272111611517	MATCH	h/860	Hymn: Blest be the tie that binds	Y	https://www.hymnal.net/Hymns/Hymnal/midi/e0615_i.mid https://www.hymnal.net/Hymns/Hymnal/midi/tunes/e0860_tune.midi
E861	33333352366666665	33333352366666665	MATCH	h/861	Hymn: God be with you till we meet again	Y	https://www.hymnal.net/Hymns/Hymnal/midi/e0861_i.mid https://www.hymnal.net/Hymns/Hymnal/midi/tunes/e0861_tune.midi
E862	34651321	34651321	MATCH	h/862	Hymn: Jesus, where’er Thy people meet	Y	https://www.hymnal.net/Hymns/Hymnal/midi/e0821_i.mid https://www.hymnal.net/Hymns/Hymnal/midi/tunes/e0862_tune.midi
E863	3445653453	3445653453	MATCH	h/863	Hymn: In daily walk and in our meetings too	Y	https://www.hymnal.net/Hymns/Hymnal/midi/e0556_i.mid https://www.hymnal.net/Hymns/Hymnal/midi/tunes/e0863_tune.midi
E864	1333432135556523	1333432135556523	MATCH	h/864	Hymn: Whene’er we meet with Christ endued	Y	https://www.hymnal.net/Hymns/Hymnal/midi/e0791_i.mid https://www.hymnal.net/Hymns/Hymnal/midi/e0864_full.mid https://www.hymnal.net/Hymns/Hymnal/midi/tunes/e0864_tune.midi
E865	53451177123432	53451177123432	MATCH	h/865	Hymn: In spirit and in truth, O Lord	Y	https://www.hymnal.net/Hymns/Hymnal/midi/e0011_i.mid https://www.hymnal.net/Hymns/Hymnal/midi/tunes/e0865_tune.midi
E866	11265333445	11265333445	MATCH	h/866	Hymn: Exercise the spirit (Meetings)	Y	https://www.hymnal.net/Hymns/Hymnal/midi/e0399_i.mid https://www.hymnal.net/Hymns/Hymnal/midi/tunes/e0866_tune.midi
E867	3334332116543	3334332116543	MATCH	h/867	Hymn: As members of the Body	Y	https://www.hymnal.net/Hymns/Hymnal/midi/e0824_i.mid https://www.hymnal.net/Hymns/Hymnal/midi/tunes/e0867_tune.midi
E868	3123543321	3123543321	MATCH	h/868	Hymn: Ere from our gathering we’re dismissed, dear Lord	Y	https://www.hymnal.net/Hymns/Hymnal/midi/e0225_i.mid https://www.hymnal.net/Hymns/Hymnal/midi/tunes/e0868_tune.midi
E869	3345122343	3345122343	MATCH	h/869	Hymn: Ere we depart, we praise Thee, Lord, again	Y	https://www.hymnal.net/Hymns/Hymnal/midi/e0054_i.mid https://www.hymnal.net/Hymns/Hymnal/midi/tunes/e0869_tune.midi
E87	54351527543	54351527543	MATCH	h/87	Hymn: O Lord! When we the path retrace	Y	https://www.hymnal.net/Hymns/Hymnal/midi/e0056_i.mid https://www.hymnal.net/Hymns/Hymnal/midi/tunes/e0087_tune.midi
E870	5333333331714	5333333331714	MATCH	h/870	Hymn: Stand up! stand up for Jesus	Y	https://www.hymnal.net/Hymns/Hymnal/midi/e0870_i.mid https://www.hymnal.net/Hymns/Hymnal/midi/tunes/e0870_tune.midi
E871	555556522123	555556522123	MATCH	h/871	Hymn: Onward Christian soldiers	Y	https://www.hymnal.net/Hymns/Hymnal/midi/e0871_i.mid https://www.hymnal.net/Hymns/Hymnal/midi/tunes/e0871_tune.midi
E872	3333321433332212	3333321433332212	MATCH	h/872	Hymn: Fight the good fight with all thy might	Y	https://www.hymnal.net/Hymns/Hymnal/midi/e0872_i.mid https://www.hymnal.net/Hymns/Hymnal/midi/tunes/e0872_tune.midi
E873	135654532123462	135654532123462	MATCH	h/873	Hymn: Charge, soldiers, charge in battle	Y	https://www.hymnal.net/Hymns/Hymnal/midi/e0508_i.mid https://www.hymnal.net/Hymns/Hymnal/midi/tunes/e0873_tune.midi
E874	55651172234712	55651172234712	MATCH	h/874	Hymn: Standing in the evil day	Y	https://www.hymnal.net/Hymns/Hymnal/midi/e0874_i.mid https://www.hymnal.net/Hymns/Hymnal/midi/tunes/e0874_tune.midi
E875	3441231353121	3441231353121	MATCH	h/875	Hymn: Tis easy when the morning	Y	https://www.hymnal.net/Hymns/Hymnal/midi/e0875_i.mid https://www.hymnal.net/Hymns/Hymnal/midi/tunes/e0875_tune.midi
E876	5533125645	5533125645	MATCH	h/876	Hymn: When war is hot and fierce	Y	https://www.hymnal.net/Hymns/Hymnal/midi/e0876_i.mid https://www.hymnal.net/Hymns/Hymnal/midi/tunes/e0876_tune.midi
E877	5333333331714	5333333331714	MATCH	h/877	Hymn: I dare not be defeated	Y	https://www.hymnal.net/Hymns/Hymnal/midi/e0870_i.mid https://www.hymnal.net/Hymns/Hymnal/midi/tunes/e0877_tune.midi
E878	1351535131	1351535131	MATCH	h/878	Hymn: Conquering now and still to conquer	Y	https://www.hymnal.net/Hymns/Hymnal/midi/e0878_i.mid https://www.hymnal.net/Hymns/Hymnal/midi/tunes/e0878_tune.midi
E879	666617666543	666617666543	MATCH	h/879	Hymn: Christian, dost thou see them	Y	https://www.hymnal.net/Hymns/Hymnal/midi/e0879_i.mid https://www.hymnal.net/Hymns/Hymnal/midi/tunes/e0879_tune.midi
E88	13455671	13455671	MATCH	h/88	Hymn: How beauteous were the marks divine	Y	https://www.hymnal.net/Hymns/Hymnal/midi/e0088_i.mid https://www.hymnal.net/Hymns/Hymnal/midi/tunes/e0088_tune.midi
E880	33323451532346543	33323451532346543	MATCH	h/880	Hymn: To the foe my word is always, No	Y	https://www.hymnal.net/Hymns/Hymnal/midi/e0314_i.mid https://www.hymnal.net/Hymns/Hymnal/midi/tunes/e0880_tune.midi
E881	32343231223	32343231223	MATCH	h/881	Hymn: We rest on Thee, our Shield and our Defender	Y	https://www.hymnal.net/Hymns/Hymnal/midi/e0881_i.mid https://www.hymnal.net/Hymns/Hymnal/midi/tunes/e0881_tune.midi
E882	55112177442543	55112177442543	MATCH	h/882	Hymn: Faith is the Victory	Y	https://www.hymnal.net/Hymns/Hymnal/midi/e0882_i.mid https://www.hymnal.net/Hymns/Hymnal/midi/tunes/e0882_tune.midi
E883	35565316556713265	35565316556713265	MATCH	h/883	Hymn: In the Overcomer’s Name	Y	https://www.hymnal.net/Hymns/Hymnal/midi/e0883_i.mid https://www.hymnal.net/Hymns/Hymnal/midi/tunes/e0883_tune.midi
E884	5345117712343223217766	5345117712343223217766	MATCH	h/884	Hymn: The Son of God goes forth to war	Y	https://www.hymnal.net/Hymns/Hymnal/midi/e0884_i.mid https://www.hymnal.net/Hymns/Hymnal/midi/tunes/e0884_tune.midi
E885	565321766621712	565321766621712	MATCH	h/885	Hymn: Fight the battle in the Body	Y	https://www.hymnal.net/Hymns/Hymnal/midi/e0378_i.mid https://www.hymnal.net/Hymns/Hymnal/midi/tunes/e0885_tune.midi
E886	1115671765	1115671765	MATCH	h/886	Hymn: A mighty Fortress is our God	Y	https://www.hymnal.net/Hymns/Hymnal/midi/e0886_i.mid https://www.hymnal.net/Hymns/Hymnal/midi/tunes/e0886_tune.midi
E887	513331355553222123	513331355553222123	MATCH	h/887	Hymn: The name of Jesus is our stand	Y	https://www.hymnal.net/Hymns/Hymnal/midi/e0522_i.mid https://www.hymnal.net/Hymns/Hymnal/midi/tunes/e0887_tune.midi
E888	155123214321	155123214321	MATCH	h/888	Hymn: Soldiers of Christ, arise	Y	https://www.hymnal.net/Hymns/Hymnal/midi/e0888_i.mid https://www.hymnal.net/Hymns/Hymnal/midi/tunes/e0888_tune.midi
E889	551513225551321	551513225551321	MATCH	h/889	Hymn: By the blood of Christ the Victor	Y	https://www.hymnal.net/Hymns/Hymnal/midi/e0889_i.mid https://www.hymnal.net/Hymns/Hymnal/midi/tunes/e0889_tune.midi
E89	55354243432	55354243432	MATCH	h/89	Hymn: What grace, O Lord, and beauty shone	Y	https://www.hymnal.net/Hymns/Hymnal/midi/e0089_i.mid https://www.hymnal.net/Hymns/Hymnal/midi/tunes/e0089_tune.midi
E890	5653121656532	5653121656532	MATCH	h/890	Hymn: Hallelujah! Christ is Victor	Y	https://www.hymnal.net/Hymns/Hymnal/midi/e0185_i.mid https://www.hymnal.net/Hymns/Hymnal/midi/tunes/e0890_tune.midi
E891	5111231433212	5111231433212	MATCH	h/891	Hymn: O Lord, to conflict new	Y	https://www.hymnal.net/Hymns/Hymnal/midi/e0891_i.mid https://www.hymnal.net/Hymns/Hymnal/midi/tunes/e0891_tune.midi
E892	533343212356712765	533343212356712765	MATCH	h/892	Hymn: With all the pow’r in heav’n and earth	Y	https://www.hymnal.net/Hymns/Hymnal/midi/e0822_i.mid https://www.hymnal.net/Hymns/Hymnal/midi/tunes/e0892_tune.midi
E893	111336651432	111336651432	MATCH	h/893	Hymn: Conflict today is fierce	Y	https://www.hymnal.net/Hymns/Hymnal/midi/e0142_i.mid https://www.hymnal.net/Hymns/Hymnal/midi/tunes/e0893_tune.midi
E894	5653121656532	5653121656532	MATCH	h/894	Hymn: Will you be an overcomer	Y	https://www.hymnal.net/Hymns/Hymnal/midi/e0185_i.mid https://www.hymnal.net/Hymns/Hymnal/midi/e0894_full.mid https://www.hymnal.net/Hymns/Hymnal/midi/tunes/e0894_tune.midi
E895	345555123333	345555123333	MATCH	h/895	Hymn: To the work! to the work! we are servants of God	Y	https://www.hymnal.net/Hymns/Hymnal/midi/e0895_i.mid https://www.hymnal.net/Hymns/Hymnal/midi/tunes/e0895_tune.midi
E896	3335122355545342	3335122355545342	MATCH	h/896	Hymn: Go, labor on; spend, and be spent	Y	https://www.hymnal.net/Hymns/Hymnal/midi/e0077_i.mid https://www.hymnal.net/Hymns/Hymnal/midi/tunes/e0896_tune.midi
E897	53455651111235345565	53455651111235345565	MATCH	h/897	Hymn: Work, for the Day is coming	Y	https://www.hymnal.net/Hymns/Hymnal/midi/e0897_i.mid https://www.hymnal.net/Hymns/Hymnal/midi/tunes/e0897_tune.midi
E898	3555513322443	3555513322443	MATCH	h/898	Hymn: The love of Christ constraineth	Y	https://www.hymnal.net/Hymns/Hymnal/midi/e0898_i.mid https://www.hymnal.net/Hymns/Hymnal/midi/tunes/e0898_tune.midi
E899	511133224342171	511133224342171	MATCH	h/899	Hymn: The work is Thine, O Christ our Lord	Y	https://www.hymnal.net/Hymns/Hymnal/midi/e0899_i.mid https://www.hymnal.net/Hymns/Hymnal/midi/tunes/e0899_tune.midi
E9	531532156651543	531532156651543	MATCH	h/9	Hymn: Glory be to God	Y	https://www.hymnal.net/Hymns/Hymnal/midi/e0009_i.mid https://www.hymnal.net/Hymns/Hymnal/midi/tunes/e0009_tune.midi
E90	536176531123565	536176531123565	MATCH	h/90	Hymn: Lord, accept our feeble song	Y	https://www.hymnal.net/Hymns/Hymnal/midi/e0022_i.mid https://www.hymnal.net/Hymns/Hymnal/midi/tunes/e0090_tune.midi
E900	54317765656532	54317765656532	MATCH	h/900	Hymn: Oh, to be nothing, nothing	Y	https://www.hymnal.net/Hymns/Hymnal/midi/e0900_i.mid https://www.hymnal.net/Hymns/Hymnal/midi/tunes/e0900_tune.midi
E901	55435432345	55435432345	MATCH	h/901	Hymn: Lord, how can man e’er preach Thy Word	Y	https://www.hymnal.net/Hymns/Hymnal/midi/e0901_i.mid https://www.hymnal.net/Hymns/Hymnal/midi/tunes/e0901_tune.midi
E902	1716153142171	1716153142171	MATCH	h/902	Hymn: Shine Thou upon us, Lord	Y	https://www.hymnal.net/Hymns/Hymnal/midi/e0902_i.mid https://www.hymnal.net/Hymns/Hymnal/midi/tunes/e0902_tune.midi
E903	533343212356712765	533343212356712765	MATCH	h/903	Hymn: Lord, speak to me, that I may speak	Y	https://www.hymnal.net/Hymns/Hymnal/midi/e0822_i.mid https://www.hymnal.net/Hymns/Hymnal/midi/tunes/e0903_tune.midi
E904	1151313543532121	1151313543532121	MATCH	h/904	Hymn: We have a most glorious King	Y	https://www.hymnal.net/Hymns/Hymnal/midi/e0292_i.mid https://www.hymnal.net/Hymns/Hymnal/midi/tunes/e0904_tune.midi
E905	33343222554311765	33343222554311765	MATCH	h/905	Hymn: O Master, let me walk with Thee	Y	https://www.hymnal.net/Hymns/Hymnal/midi/e0205_i.mid https://www.hymnal.net/Hymns/Hymnal/midi/tunes/e0905_tune.midi
E906	534326721	534326721	MATCH	h/906	Hymn: How much can we do for our Savior	Y	https://www.hymnal.net/Hymns/Hymnal/midi/e0906_i.mid https://www.hymnal.net/Hymns/Hymnal/midi/tunes/e0906_tune.midi
E907	511765623243215	511765623243215	MATCH	h/907	Hymn: Not where we elect to go	Y	https://www.hymnal.net/Hymns/Hymnal/midi/e0907_i.mid https://www.hymnal.net/Hymns/Hymnal/midi/tunes/e0907_tune.midi
E908	3653121765135432	3653121765135432	MATCH	h/908	Hymn: Not of letters, but of spirit	Y	https://www.hymnal.net/Hymns/Hymnal/midi/e0908_i.mid https://www.hymnal.net/Hymns/Hymnal/midi/tunes/e0908_tune.midi
E909	345555123333	345555123333	MATCH	h/909	Hymn: In the stream! in the stream! let us work	Y	https://www.hymnal.net/Hymns/Hymnal/midi/e0909_i.mid https://www.hymnal.net/Hymns/Hymnal/midi/tunes/e0909_tune.midi
E91	11231413354223	11231413354223	MATCH	h/91	Hymn: It was alone the Savior prayed	Y	https://www.hymnal.net/Hymns/Hymnal/midi/e0091_i.mid https://www.hymnal.net/Hymns/Hymnal/midi/tunes/e0091_tune.midi
E910	553343221765651	553343221765651	MATCH	h/910	Hymn: The overflow of life is work	Y	https://www.hymnal.net/Hymns/Hymnal/midi/e0288_i.mid https://www.hymnal.net/Hymns/Hymnal/midi/tunes/e0910_tune.midi
E911	123123211651712	123123211651712	MATCH	h/911	Hymn: O how blessed is the priest’s life	Y	https://www.hymnal.net/Hymns/Hymnal/midi/e0538_i.mid https://www.hymnal.net/Hymns/Hymnal/midi/tunes/e0911_tune.midi
E912	5133433113276721	5133433113276721	MATCH	h/912	Hymn: Christ to minister is service	Y	https://www.hymnal.net/Hymns/Hymnal/midi/e0318_i.mid https://www.hymnal.net/Hymns/Hymnal/midi/tunes/e0912_tune.midi
E913	3453465333432132	3453465333432132	MATCH	h/913	Hymn: Serve and work within the Body	Y	https://www.hymnal.net/Hymns/Hymnal/midi/e0913_full.mid https://www.hymnal.net/Hymns/Hymnal/midi/e0913_i.mid https://www.hymnal.net/Hymns/Hymnal/midi/tunes/e0913_tune.midi
E914	555565531235432	555565531235432	MATCH	h/914	Hymn: For the Church should be our service	Y	https://www.hymnal.net/Hymns/Hymnal/midi/e0914_i.mid https://www.hymnal.net/Hymns/Hymnal/midi/tunes/e0914_tune.midi
E915	1355653171432	1355653171432	MATCH	h/915	Hymn: From Greenland’s icy mountains	Y	https://www.hymnal.net/Hymns/Hymnal/midi/e0915_i.mid https://www.hymnal.net/Hymns/Hymnal/midi/tunes/e0915_tune.midi
E916	321776512343212	321776512343212	MATCH	h/916	Hymn: Now the Lord our souls has fed	Y	https://www.hymnal.net/Hymns/Hymnal/midi/e0916_i.mid https://www.hymnal.net/Hymns/Hymnal/midi/tunes/e0916_tune.midi
E917	31653567132	31653567132	MATCH	h/917	Hymn: Far, far away, in heathen darkness dwelling	Y	https://www.hymnal.net/Hymns/Hymnal/midi/e0917_i.mid https://www.hymnal.net/Hymns/Hymnal/midi/tunes/e0917_tune.midi
E918	13455513221	13455513221	MATCH	h/918	Hymn: Christians, make haste, your mission high fulfilling	Y	https://www.hymnal.net/Hymns/Hymnal/midi/e0918_i.mid https://www.hymnal.net/Hymns/Hymnal/midi/tunes/e0918_tune.midi
E919	51765123243212225	51765123243212225	MATCH	h/919	Hymn: He shall reign o’er all the earth	Y	https://www.hymnal.net/Hymns/Hymnal/midi/e0148_i.mid https://www.hymnal.net/Hymns/Hymnal/midi/tunes/e0919_tune.midi
E92	33333543223	33333543223	MATCH	h/92	Hymn: O dearest Lord, what law hast Thou e’er broken	Y	https://www.hymnal.net/Hymns/Hymnal/midi/e0092_i.mid https://www.hymnal.net/Hymns/Hymnal/midi/tunes/e0092_tune.midi
E920	1111512343	1111512343	MATCH	h/920	Hymn: Sound ye the trumpet-call	Y	https://www.hymnal.net/Hymns/Hymnal/midi/e0920_i.mid https://www.hymnal.net/Hymns/Hymnal/midi/tunes/e0920_tune.midi
E921	53455517665	53455517665	MATCH	h/921	Hymn: Rescue the perishing	Y	https://www.hymnal.net/Hymns/Hymnal/midi/e0921_i.mid https://www.hymnal.net/Hymns/Hymnal/midi/tunes/e0921_tune.midi
E922	5451176554346523	5451176554346523	MATCH	h/922	Hymn: To the lost world minister Christ	Y	https://www.hymnal.net/Hymns/Hymnal/midi/e0922_i.mid https://www.hymnal.net/Hymns/Hymnal/midi/tunes/e0922_tune.midi
E923	1461111765	1461111765	MATCH	h/923	Hymn: Go to collect materials for the House	Y	https://www.hymnal.net/Hymns/Hymnal/midi/e0496_i.mid https://www.hymnal.net/Hymns/Hymnal/midi/tunes/e0923_tune.midi
E924	3666712173671234	3666712173671234	MATCH	h/924	Hymn: Along the shores of Galilee	Y	https://www.hymnal.net/Hymns/Hymnal/midi/e0924_i.mid https://www.hymnal.net/Hymns/Hymnal/midi/tunes/e0924_tune.midi
E925	513161655171232	513161655171232	MATCH	h/925	Hymn: Outreach of the glorious gospel	Y	https://www.hymnal.net/Hymns/Hymnal/midi/e0268_i.mid https://www.hymnal.net/Hymns/Hymnal/midi/tunes/e0925_tune.midi
E926	3334352316543322	3334352316543322	MATCH	h/926	Hymn: Send Thou, O Lord, to every place	Y	https://www.hymnal.net/Hymns/Hymnal/midi/e0926_i.mid https://www.hymnal.net/Hymns/Hymnal/midi/tunes/e0926_tune.midi
E927	533343212356712765	533343212356712765	MATCH	h/927	Hymn: O God of burning altar fire	Y	https://www.hymnal.net/Hymns/Hymnal/midi/e0822_i.mid https://www.hymnal.net/Hymns/Hymnal/midi/tunes/e0927_tune.midi
E928	551117126667777651	551117126667777651	MATCH	h/928	Hymn: Is your life a channel of blessing	Y	https://www.hymnal.net/Hymns/Hymnal/midi/e0928_i.mid https://www.hymnal.net/Hymns/Hymnal/midi/tunes/e0928_tune.midi
E929	32354323214561765	32354323214561765	MATCH	h/929	Hymn: Out in the highways and byways of life	Y	https://www.hymnal.net/Hymns/Hymnal/midi/e0929_i.mid https://www.hymnal.net/Hymns/Hymnal/midi/tunes/e0929_tune.midi
E93	334321444254323	334321444254323	MATCH	h/93	Hymn: Lord, we treasure with affection	Y	https://www.hymnal.net/Hymns/Hymnal/midi/e0007_i.mid https://www.hymnal.net/Hymns/Hymnal/midi/e0093_full.mid https://www.hymnal.net/Hymns/Hymnal/midi/tunes/e0093_tune.midi
E930	55543165344432543	55543165344432543	MATCH	h/930	Hymn: Must I go, and empty-handed	Y	https://www.hymnal.net/Hymns/Hymnal/midi/e0930_i.mid https://www.hymnal.net/Hymns/Hymnal/midi/tunes/e0930_tune.midi
E931	333313334	333313334	MATCH	h/931	Hymn: Out in the darkness	n	https://www.hymnal.net/Hymns/Hymnal/midi/e0931_i.mid https://www.hymnal.net/Hymns/Hymnal/midi/tunes/e0931_tune.midi
E932	55431231144123	55431231144123	MATCH	h/932	Hymn: Lord, lay some soul upon my heart	Y	https://www.hymnal.net/Hymns/Hymnal/midi/e0932_i.mid https://www.hymnal.net/Hymns/Hymnal/midi/tunes/e0932_tune.midi
E933	551313326715	551313326715	MATCH	h/933	Hymn: I have a Savior, He’s pleading in glory	Y	https://www.hymnal.net/Hymns/Hymnal/midi/e0933_i.mid https://www.hymnal.net/Hymns/Hymnal/midi/tunes/e0933_tune.midi
E934	712323653216	712323653216	MATCH	h/934	Hymn: I cannot tell why He, whom angels worship	Y	https://www.hymnal.net/Hymns/Hymnal/midi/e0934_i.mid https://www.hymnal.net/Hymns/Hymnal/midi/tunes/e0934_tune.midi
E935	5565354446523	5565354446523	MATCH	h/935	Hymn: Around Thy grave, Lord Jesus	Y	https://www.hymnal.net/Hymns/Hymnal/midi/e0042_i.mid https://www.hymnal.net/Hymns/Hymnal/midi/tunes/e0935_tune.midi
E936	135146653451434321	135146653451434321	MATCH	h/936	Hymn: In death’s waters I am buried	Y	https://www.hymnal.net/Hymns/Hymnal/midi/e0117_i.mid https://www.hymnal.net/Hymns/Hymnal/midi/tunes/e0936_tune.midi
E937	133321112354332	133321112354332	MATCH	h/937	Hymn: Lord, when by baptism we confess	Y	https://www.hymnal.net/Hymns/Hymnal/midi/e0767_i.mid https://www.hymnal.net/Hymns/Hymnal/midi/tunes/e0937_tune.midi
E938	53513165561216522	53513165561216522	MATCH	h/938	Hymn: Already dead! And buried too	Y	https://www.hymnal.net/Hymns/Hymnal/midi/e0938_i.mid https://www.hymnal.net/Hymns/Hymnal/midi/tunes/e0938_tune.midi
E939	1233321215	1233321215	MATCH	h/939	Hymn: O day of resurrection	Y	https://www.hymnal.net/Hymns/Hymnal/midi/e0939_i.mid https://www.hymnal.net/Hymns/Hymnal/midi/tunes/e0939_tune.midi
E94	135553321565423	135553321565423	MATCH	h/94	Hymn: O Christ, what burdens bow’d Thy head	Y	https://www.hymnal.net/Hymns/Hymnal/midi/e0094_i.mid https://www.hymnal.net/Hymns/Hymnal/midi/tunes/e0094_tune.midi
E940	12334327124321	12334327124321	MATCH	h/940	Hymn: Passing through another week	Y	https://www.hymnal.net/Hymns/Hymnal/midi/e0940_i.mid https://www.hymnal.net/Hymns/Hymnal/midi/tunes/e0940_tune.midi
E941	1355653171432	1355653171432	MATCH	h/941	Hymn: God’s kingdom is God’s reigning	Y	https://www.hymnal.net/Hymns/Hymnal/midi/e0915_i.mid https://www.hymnal.net/Hymns/Hymnal/midi/tunes/e0941_tune.midi
E942	5543511271	5543511271	MATCH	h/942	Hymn: God’s Kingdom on the earth is now	Y	https://www.hymnal.net/Hymns/Hymnal/midi/e0081_i.mid https://www.hymnal.net/Hymns/Hymnal/midi/tunes/e0942_tune.midi
E943	533343212356712765	533343212356712765	MATCH	h/943	Hymn: Requirements of the Kingdom are	Y	https://www.hymnal.net/Hymns/Hymnal/midi/e0822_i.mid https://www.hymnal.net/Hymns/Hymnal/midi/tunes/e0943_tune.midi
E944	332343321	332343321	MATCH	h/944	Hymn: The essence of the Kingdom is	Y	https://www.hymnal.net/Hymns/Hymnal/midi/e0464_i.mid https://www.hymnal.net/Hymns/Hymnal/midi/tunes/e0944_tune.midi
E945	5333267121	5333267121	MATCH	h/945	Hymn: The Son of God has come to sow	Y	https://www.hymnal.net/Hymns/Hymnal/midi/e0493_i.mid https://www.hymnal.net/Hymns/Hymnal/midi/tunes/e0945_tune.midi
E946	55665133217655765	55665133217655765	MATCH	h/946	Hymn: Lo, the glory! Lo, the splendor	Y	https://www.hymnal.net/Hymns/Hymnal/midi/e0741_i.mid https://www.hymnal.net/Hymns/Hymnal/midi/tunes/e0946_tune.midi
E947	34556711712165	34556711712165	MATCH	h/947	Hymn: God’s Kingdom today is a real exercise	Y	https://www.hymnal.net/Hymns/Hymnal/midi/e0162_i.mid https://www.hymnal.net/Hymns/Hymnal/midi/tunes/e0947_tune.midi
E948	55653121671	55653121671	MATCH	h/948	Hymn: Myst’ry hid from ages now revealed to me	Y	https://www.hymnal.net/Hymns/Hymnal/midi/e0948_i.mid https://www.hymnal.net/Hymns/Hymnal/midi/tunes/e0948_tune.midi
E949	5566116355663	5566116355663	MATCH	h/949	Hymn: Christ is the hope of glory, my very life is He	Y	https://www.hymnal.net/Hymns/Hymnal/midi/e0503_i.mid https://www.hymnal.net/Hymns/Hymnal/midi/tunes/e0949_tune.midi
E95	5117122522123	5117122522123	MATCH	h/95	Hymn: O Head once full of bruises	Y	https://www.hymnal.net/Hymns/Hymnal/midi/e0095_i.mid https://www.hymnal.net/Hymns/Hymnal/midi/tunes/e0095_tune.midi
E950	1123431171	1123431171	MATCH	h/950	Hymn: And is it so! I shall be like Thy Son	n	https://www.hymnal.net/Hymns/Hymnal/midi/e0950_i.mid https://www.hymnal.net/Hymns/Hymnal/midi/tunes/e0950_tune.midi
E951	123123436543221	123123436543221	MATCH	h/951	Hymn: Christ is coming! let creation	Y	https://www.hymnal.net/Hymns/Hymnal/midi/e0951_i.mid https://www.hymnal.net/Hymns/Hymnal/midi/tunes/e0951_tune.midi
E952	55671171333	55671171333	MATCH	h/952	Hymn: A lamp in the night, a song in time of sorrow	Y	https://www.hymnal.net/Hymns/Hymnal/midi/e0952_i.mid https://www.hymnal.net/Hymns/Hymnal/midi/tunes/e0952_tune.midi
E953	5511232161165	5511232161165	MATCH	h/953	Hymn: Our Lord is now rejected	Y	https://www.hymnal.net/Hymns/Hymnal/midi/e0953_i.mid https://www.hymnal.net/Hymns/Hymnal/midi/tunes/e0953_tune.midi
E954	553323155533231	553323155533231	MATCH	h/954	Hymn: There’s a light upon the mountains	Y	https://www.hymnal.net/Hymns/Hymnal/midi/e0954_i.mid https://www.hymnal.net/Hymns/Hymnal/midi/tunes/e0954_tune.midi
E955	1712354323336545	1712354323336545	MATCH	h/955	Hymn: In the advent light, O Savior	Y	https://www.hymnal.net/Hymns/Hymnal/midi/e0955_i.mid https://www.hymnal.net/Hymns/Hymnal/midi/tunes/e0955_tune.midi
E956	55653121671	55653121671	MATCH	h/956	Hymn: Soon our Lord will come, the day is drawing nigh	Y	https://www.hymnal.net/Hymns/Hymnal/midi/e0948_i.mid https://www.hymnal.net/Hymns/Hymnal/midi/tunes/e0956_tune.midi
E957	5311235443213121	5311235443213121	MATCH	h/957	Hymn: Watch! for the morning is breaking	Y	https://www.hymnal.net/Hymns/Hymnal/midi/e0957_i.mid https://www.hymnal.net/Hymns/Hymnal/midi/tunes/e0957_tune.midi
E958	712323653216	712323653216	MATCH	h/958	Hymn: Since long ago at Bethany we parted	Y	https://www.hymnal.net/Hymns/Hymnal/midi/e0934_i.mid https://www.hymnal.net/Hymns/Hymnal/midi/tunes/e0958_tune.midi
E959	321171216651113211712	321171216651113211712	MATCH	h/959	Hymn: Since Thy departure from Olivet’s Mountain	Y	https://www.hymnal.net/Hymns/Hymnal/midi/e0959_i.mid https://www.hymnal.net/Hymns/Hymnal/midi/tunes/e0959_tune.midi
E96	332123354345	332123354345	MATCH	h/96	Hymn: My song is love unknown	Y	https://www.hymnal.net/Hymns/Hymnal/midi/e0096_i.mid https://www.hymnal.net/Hymns/Hymnal/midi/tunes/e0096_tune.midi
E960	53221656556711232	53221656556711232	MATCH	h/960	Hymn: My King will soon come back again	Y	https://www.hymnal.net/Hymns/Hymnal/midi/e0960_full.mid https://www.hymnal.net/Hymns/Hymnal/midi/e0960_i.mid https://www.hymnal.net/Hymns/Hymnal/midi/tunes/e0960_tune.midi
E961	12321651122232	12321651122232	MATCH	h/961	Hymn: The Church has waited long	Y	https://www.hymnal.net/Hymns/Hymnal/midi/e0797_i.mid https://www.hymnal.net/Hymns/Hymnal/midi/tunes/e0961_tune.midi
E962	51321716532122432	51321716532122432	MATCH	h/962	Hymn: Oh, how long before my Lord comes back	Y	https://www.hymnal.net/Hymns/Hymnal/midi/e0962_i.mid https://www.hymnal.net/Hymns/Hymnal/midi/tunes/e0962_tune.midi
E963	556531172176565	556531172176565	MATCH	h/963	Hymn: Face to face with Christ, my Savior	Y	https://www.hymnal.net/Hymns/Hymnal/midi/e0963_i.mid https://www.hymnal.net/Hymns/Hymnal/midi/tunes/e0963_tune.midi
E964	5553655423453	5553655423453	MATCH	h/964	Hymn: Midst the darkness, storm, and sorrow	Y	https://www.hymnal.net/Hymns/Hymnal/midi/e0964_i.mid https://www.hymnal.net/Hymns/Hymnal/midi/tunes/e0964_tune.midi
E965	5333234322	5333234322	MATCH	h/965	Hymn: When my blest Lord will come again	Y	https://www.hymnal.net/Hymns/Hymnal/midi/e0965_i.mid https://www.hymnal.net/Hymns/Hymnal/midi/tunes/e0965_tune.midi
E966	51765435133213272165	51765435133213272165	MATCH	h/966	Hymn: O hope of glory, our Christ will return	Y	https://www.hymnal.net/Hymns/Hymnal/midi/e0966_i.mid https://www.hymnal.net/Hymns/Hymnal/midi/tunes/e0966_tune.midi
E967	551543215433215	551543215433215	MATCH	h/967	Hymn: Thou art coming, O my Savior	Y	https://www.hymnal.net/Hymns/Hymnal/midi/e0967_i.mid https://www.hymnal.net/Hymns/Hymnal/midi/tunes/e0967_tune.midi
E968	5654323311253	5654323311253	MATCH	h/968	Hymn: Hail to the Lord’s Anointed	Y	https://www.hymnal.net/Hymns/Hymnal/midi/e0968_i.mid https://www.hymnal.net/Hymns/Hymnal/midi/tunes/e0968_tune.midi
E969	334565314323	334565314323	MATCH	h/969	Hymn: Hark what a sound, and too divine for hearing	Y	https://www.hymnal.net/Hymns/Hymnal/midi/e0969_i.mid https://www.hymnal.net/Hymns/Hymnal/midi/tunes/e0969_tune.midi
E97	35651761556342543	35651761556342543	MATCH	h/97	Hymn: Thy sorrows, Savior, we retrace	Y	https://www.hymnal.net/Hymns/Hymnal/midi/e0097_i.mid https://www.hymnal.net/Hymns/Hymnal/midi/tunes/e0097_tune.midi
E970	56543456543	56543456543	MATCH	h/970	Hymn: For the glorious revelation	Y	https://www.hymnal.net/Hymns/Hymnal/midi/e0970_i.mid https://www.hymnal.net/Hymns/Hymnal/midi/tunes/e0970_tune.midi
E971	34271545312	34271545312	MATCH	h/971	Hymn: God’s eternal purpose	Y	https://www.hymnal.net/Hymns/Hymnal/midi/e0781_i.mid https://www.hymnal.net/Hymns/Hymnal/midi/e0971_full.mid https://www.hymnal.net/Hymns/Hymnal/midi/tunes/e0971_tune.midi
E972	32143212176543	32143212176543	MATCH	h/972	Hymn: Lo, the central thought of God	Y	https://www.hymnal.net/Hymns/Hymnal/midi/e0548_i.mid https://www.hymnal.net/Hymns/Hymnal/midi/tunes/e0972_tune.midi
E973	546536721665	546536721665	MATCH	h/973	Hymn: Our goal—the holy city with the Lord	Y	https://www.hymnal.net/Hymns/Hymnal/midi/e0973_i.mid https://www.hymnal.net/Hymns/Hymnal/midi/tunes/e0973_tune.midi
E974	1234553543423	1234553543423	MATCH	h/974	Hymn: He looked for a city and lived in a tent	Y	https://www.hymnal.net/Hymns/Hymnal/midi/e0974_i.mid https://www.hymnal.net/Hymns/Hymnal/midi/tunes/e0974_tune.midi
E975	1234321171	1234321171	MATCH	h/975	Hymn: It was a garden in the primal age	Y	https://www.hymnal.net/Hymns/Hymnal/midi/e0454_i.mid https://www.hymnal.net/Hymns/Hymnal/midi/tunes/e0975_tune.midi
E976	546553543243321	546553543243321	MATCH	h/976	Hymn: O Lord Jesus, Thy redeemed ones	Y	https://www.hymnal.net/Hymns/Hymnal/midi/e0062_i.mid https://www.hymnal.net/Hymns/Hymnal/midi/e0976_full.mid https://www.hymnal.net/Hymns/Hymnal/midi/tunes/e0976_tune.midi
E977	12324327165432315	12324327165432315	MATCH	h/977	Hymn: Glorious things of thee are spoken	Y	https://www.hymnal.net/Hymns/Hymnal/midi/e0020_i.mid https://www.hymnal.net/Hymns/Hymnal/midi/tunes/e0977_tune.midi
E978	1233425123121	1233425123121	MATCH	h/978	Hymn: In new heaven and new earth	Y	https://www.hymnal.net/Hymns/Hymnal/midi/e0978_i.mid https://www.hymnal.net/Hymns/Hymnal/midi/tunes/e0978_tune.midi
E979	1111712321	1111712321	MATCH	h/979	Hymn: How glorious, how bright it shines	Y	https://www.hymnal.net/Hymns/Hymnal/midi/e0374_i.mid https://www.hymnal.net/Hymns/Hymnal/midi/tunes/e0979_tune.midi
E98	511746655175671	511746655175671	MATCH	h/98	Hymn: Jesus! Source of life eternal	Y	https://www.hymnal.net/Hymns/Hymnal/midi/e0098_i.mid https://www.hymnal.net/Hymns/Hymnal/midi/tunes/e0098_tune.midi
E980	3215322133653142	3215322133653142	MATCH	h/980	Hymn: Throughout the whole of Holy Writ	Y	https://www.hymnal.net/Hymns/Hymnal/midi/e0851_i.mid https://www.hymnal.net/Hymns/Hymnal/midi/tunes/e0980_tune.midi
E981	553172211776165	553172211776165	MATCH	h/981	Hymn: In His Christ to head up all things	Y	https://www.hymnal.net/Hymns/Hymnal/midi/e0647_i.mid https://www.hymnal.net/Hymns/Hymnal/midi/tunes/e0981_tune.midi
E982	3311233345	3311233345	MATCH	h/982	Hymn: How true it is no heart may comprehend	Y	https://www.hymnal.net/Hymns/Hymnal/midi/e0044_i.mid https://www.hymnal.net/Hymns/Hymnal/midi/tunes/e0982_tune.midi
E983	513331355553222123	513331355553222123	MATCH	h/983	Hymn: There is a stream which issues forth	Y	https://www.hymnal.net/Hymns/Hymnal/midi/e0522_i.mid https://www.hymnal.net/Hymns/Hymnal/midi/tunes/e0983_tune.midi
E984	343267151216712	343267151216712	MATCH	h/984	Hymn: River of living water	Y	https://www.hymnal.net/Hymns/Hymnal/midi/e0251_i.mid https://www.hymnal.net/Hymns/Hymnal/midi/tunes/e0984_tune.midi
E985	5333221544332	5333221544332	MATCH	h/985	Hymn: No more in earthen vessels	Y	https://www.hymnal.net/Hymns/Hymnal/midi/e0467_i.mid https://www.hymnal.net/Hymns/Hymnal/midi/tunes/e0985_tune.midi
E986	511557654432155	511557654432155	MATCH	h/986	Hymn: Christ has a full redemption made	Y	https://www.hymnal.net/Hymns/Hymnal/midi/e0986_i.mid https://www.hymnal.net/Hymns/Hymnal/midi/tunes/e0986_tune.midi
E987	53456717653	53456717653	MATCH	h/987	Hymn: One day when heaven was filled with His praises	Y	https://www.hymnal.net/Hymns/Hymnal/midi/e0987_i.mid https://www.hymnal.net/Hymns/Hymnal/midi/tunes/e0987_tune.midi
E988	32321554653	32321554653	MATCH	h/988	Hymn: Merciful and loving	Y	https://www.hymnal.net/Hymns/Hymnal/midi/e0988_i.mid https://www.hymnal.net/Hymns/Hymnal/midi/tunes/e0988_tune.midi
E989	5433212166	5433212166	MATCH	h/989	Hymn: Jesus, my Savior, to Bethlehem came	Y	https://www.hymnal.net/Hymns/Hymnal/midi/e0989_i.mid https://www.hymnal.net/Hymns/Hymnal/midi/tunes/e0989_tune.midi
E99	5556655511123221	5556655511123221	MATCH	h/99	Hymn: Tis midnight, and on Olive’s brow	Y	https://www.hymnal.net/Hymns/Hymnal/midi/e0099_i.mid https://www.hymnal.net/Hymns/Hymnal/midi/tunes/e0099_tune.midi
E990	553123455513121	553123455513121	MATCH	h/990	Hymn: The Great Physician now is near	Y	https://www.hymnal.net/Hymns/Hymnal/midi/e0990_i.mid https://www.hymnal.net/Hymns/Hymnal/midi/tunes/e0990_tune.midi
E991	5515123555312	5515123555312	MATCH	h/991	Hymn: We have heard the joyful sound	Y	https://www.hymnal.net/Hymns/Hymnal/midi/e0991_i.mid https://www.hymnal.net/Hymns/Hymnal/midi/tunes/e0991_tune.midi
E992	3321176165332321	3321176165332321	MATCH	h/992	Hymn: There’s not a Friend like the lowly Jesus	Y	https://www.hymnal.net/Hymns/Hymnal/midi/e0992_i.mid https://www.hymnal.net/Hymns/Hymnal/midi/tunes/e0992_tune.midi
E993	55535123161765	55535123161765	MATCH	h/993	Hymn: O how sweet the glorious message	Y	https://www.hymnal.net/Hymns/Hymnal/midi/e0993_i.mid https://www.hymnal.net/Hymns/Hymnal/midi/tunes/e0993_tune.midi
E994	55123112165	55123112165	MATCH	h/994	Hymn: Oh, how dark the night that wrapt my spirit round	Y	https://www.hymnal.net/Hymns/Hymnal/midi/e0487_i.mid https://www.hymnal.net/Hymns/Hymnal/midi/tunes/e0994_tune.midi
E995	33343321355543	33343321355543	MATCH	h/995	Hymn: There is a green hill far away	Y	https://www.hymnal.net/Hymns/Hymnal/midi/e0995_i.mid https://www.hymnal.net/Hymns/Hymnal/midi/tunes/e0995_tune.midi
E996	551122311432132	551122311432132	MATCH	h/996	Hymn: Jesus, Savior, Son of God	Y	https://www.hymnal.net/Hymns/Hymnal/midi/e0782_i.mid https://www.hymnal.net/Hymns/Hymnal/midi/tunes/e0996_tune.midi
E997	1356531122123	1356531122123	MATCH	h/997	Hymn: I hear the Savior say	Y	https://www.hymnal.net/Hymns/Hymnal/midi/e0997_i.mid https://www.hymnal.net/Hymns/Hymnal/midi/tunes/e0997_tune.midi
E998	5653513132267651	5653513132267651	MATCH	h/998	Hymn: Christ has become one with sinners	Y	https://www.hymnal.net/Hymns/Hymnal/midi/e0998_i.mid https://www.hymnal.net/Hymns/Hymnal/midi/tunes/e0998_tune.midi
E999	13213543565432	13213543565432	MATCH	h/999	Hymn: Alas, and did my Savior bleed	Y	https://www.hymnal.net/Hymns/Hymnal/midi/e0999_i.mid https://www.hymnal.net/Hymns/Hymnal/midi/tunes/e0999_tune.midi
NS1	51123321271	51123321271	MATCH	ns/1	Hymn: The working of the Triune God	Y	https://www.hymnal.net/Hymns/Hymnal/midi/e0278_i.mid https://www.hymnal.net/Hymns/NewSongs/midi/tunes/ns0001_tune.midi
NS10	511123566653	511123566653	MATCH	ns/10	Hymn: Cast all your anxiety on Him	Y	https://www.hymnal.net/Hymns/NewSongs/midi/ns0010.mid https://www.hymnal.net/Hymns/NewSongs/midi/tunes/ns0010_tune.midi
NS100	3312723342	3312723342	MATCH	ns/100	Hymn: God the Creator became a God-man	Y	https://www.hymnal.net/Hymns/NewSongs/midi/ns0100.mid https://www.hymnal.net/Hymns/NewSongs/midi/tunes/ns0100_tune.midi
NS1000	5111111233166656715	5111111233166656715	MATCH	ns/1000	Hymn: To Gain His Pearl	Y	https://www.hymnal.net/Hymns/NewSongs/midi/ns1000.mid https://www.hymnal.net/Hymns/NewSongs/midi/tunes/ns1000_tune.midi
NS10001	1233432334556545	1233432334556545	MATCH	lb/1	Hymn: Let me stand behind You, Lord	Y	https://www.hymnal.net/Hymns/LongBeach/midi/lb01.mid https://www.hymnal.net/Hymns/LongBeach/midi/tunes/lb01_tune.midi
NS10002	12312342	12312342	MATCH	lb/2	Hymn: Lord, I love You. Lord, I need You	Y	https://www.hymnal.net/Hymns/LongBeach/midi/lb02.mid https://www.hymnal.net/Hymns/LongBeach/midi/tunes/lb02_tune.midi
NS10003	56123566531235	56123566531235	MATCH	lb/3	Hymn: Lord, You’re irresistible	Y	https://www.hymnal.net/Hymns/LongBeach/midi/lb03.mid https://www.hymnal.net/Hymns/LongBeach/midi/tunes/lb03_tune.midi
NS10004	17532443532	17532443532	MATCH	lb/4	Hymn: Jesus, dear Jesus, You’re so glorious	Y	https://www.hymnal.net/Hymns/LongBeach/midi/lb04.mid https://www.hymnal.net/Hymns/LongBeach/midi/tunes/lb04_tune.midi
NS10005	5511231132165	5511231132165	MATCH	lb/5	Hymn: The Bible is a romance	Y	https://www.hymnal.net/Hymns/LongBeach/midi/lb05.mid https://www.hymnal.net/Hymns/LongBeach/midi/tunes/lb05_tune.midi
NS10006	5511131123217	5511131123217	MATCH	lb/6	Hymn: And He showed me a river	Y	https://www.hymnal.net/Hymns/LongBeach/midi/lb06.mid https://www.hymnal.net/Hymns/LongBeach/midi/tunes/lb06_tune.midi
NS10007	16116545421	16116545421	MATCH	lb/7	Hymn: Jesus, Lord Jesus	Y	https://www.hymnal.net/Hymns/LongBeach/midi/lb07.mid https://www.hymnal.net/Hymns/LongBeach/midi/tunes/lb07_tune.midi
NS10008	5533553563367	5533553563367	MATCH	lb/8	Hymn: Christ in Colossians	Y	https://www.hymnal.net/Hymns/LongBeach/midi/lb08.mid https://www.hymnal.net/Hymns/LongBeach/midi/tunes/lb08_tune.midi
NS10009	5333432117	5333432117	MATCH	lb/9	Hymn: Oh! Jesus, Jesus	Y	https://www.hymnal.net/Hymns/LongBeach/midi/lb09.mid https://www.hymnal.net/Hymns/LongBeach/midi/tunes/lb09_tune.midi
NS1001	554355535555431	554355535555431	MATCH	ns/1001	Hymn: Lord, Grant Me a Willing Heart	Y	https://www.hymnal.net/Hymns/NewSongs/midi/ns1001.mid https://www.hymnal.net/Hymns/NewSongs/midi/tunes/ns1001_tune.midi
NS10010	51431665135	51431665135	MATCH	lb/10	Hymn: In His shadow	Y	https://www.hymnal.net/Hymns/LongBeach/midi/lb10.mid https://www.hymnal.net/Hymns/LongBeach/midi/tunes/lb10_tune.midi
NS10011	117534444565	117534444565	MATCH	lb/11	Hymn: God is love	Y	https://www.hymnal.net/Hymns/LongBeach/midi/lb11.mid https://www.hymnal.net/Hymns/LongBeach/midi/tunes/lb11_tune.midi
NS10012	556133343132	556133343132	MATCH	lb/12	Hymn: Lord, I just love You	Y	https://www.hymnal.net/Hymns/LongBeach/midi/lb12.mid https://www.hymnal.net/Hymns/LongBeach/midi/tunes/lb12_tune.midi
NS10013	1365244615	1365244615	MATCH	lb/13	Hymn: I need You, Jesus	Y	https://www.hymnal.net/Hymns/LongBeach/midi/lb13.mid https://www.hymnal.net/Hymns/LongBeach/midi/tunes/lb13_tune.midi
NS10014	12432131243212	12432131243212	MATCH	lb/14	Hymn: Just one touch	Y	https://www.hymnal.net/Hymns/LongBeach/midi/lb14.mid https://www.hymnal.net/Hymns/LongBeach/midi/tunes/lb14_tune.midi
NS10015	5335633533562	5335633533562	MATCH	lb/15	Hymn: I need You, dear Lord Jesus	Y	https://www.hymnal.net/Hymns/LongBeach/midi/lb15.mid https://www.hymnal.net/Hymns/LongBeach/midi/tunes/lb15_tune.midi
NS10016	33556543355654	33556543355654	MATCH	lb/16	Hymn: Nothing compares to You	Y	https://www.hymnal.net/Hymns/LongBeach/midi/lb16.mid https://www.hymnal.net/Hymns/LongBeach/midi/tunes/lb16_tune.midi
NS10017	5111153212121355	5111153212121355	MATCH	lb/17	Hymn: The story of the gospel	Y	https://www.hymnal.net/Hymns/LongBeach/midi/lb17.mid https://www.hymnal.net/Hymns/LongBeach/midi/tunes/lb17_tune.midi
NS10018	51243116512	51243116512	MATCH	lb/18	Hymn: Lord, I’ve set my heart	Y	https://www.hymnal.net/Hymns/LongBeach/midi/lb18.mid https://www.hymnal.net/Hymns/LongBeach/midi/tunes/lb18_tune.midi
NS10019	55655612135	55655612135	MATCH	lb/19	Hymn: Where’s the answer?	Y	https://www.hymnal.net/Hymns/LongBeach/midi/lb19.mid https://www.hymnal.net/Hymns/LongBeach/midi/tunes/lb19_tune.midi
NS1002	366667176716132	366667176716132	MATCH	ns/1002	Hymn: For Demas has abandoned me	Y	https://www.hymnal.net/Hymns/NewSongs/midi/ns1002.mid https://www.hymnal.net/Hymns/NewSongs/midi/tunes/ns1002_tune.midi
NS10020	5655671275	5655671275	MATCH	lb/20	Hymn: What’s the use? There is no hope for me	Y	https://www.hymnal.net/Hymns/LongBeach/midi/lb20.mid https://www.hymnal.net/Hymns/LongBeach/midi/tunes/lb20_tune.midi
NS10021	516543515432	516543515432	MATCH	lb/21	Hymn: O God of glory	Y	https://www.hymnal.net/Hymns/LongBeach/midi/lb21.mid https://www.hymnal.net/Hymns/LongBeach/midi/tunes/lb21_tune.midi
NS10022	15325544312	15325544312	MATCH	lb/22	Hymn: Shepherd, receive man	Y	https://www.hymnal.net/Hymns/LongBeach/midi/lb22.mid https://www.hymnal.net/Hymns/LongBeach/midi/tunes/lb22_tune.midi
NS10023	1354332123	1354332123	MATCH	lb/23	Hymn: Just to be in You	Y	https://www.hymnal.net/Hymns/LongBeach/midi/lb23.mid https://www.hymnal.net/Hymns/LongBeach/midi/tunes/lb23_tune.midi
NS10024	35213671512617	35213671512617	MATCH	lb/24	Hymn: God is man’s treasure	Y	https://www.hymnal.net/Hymns/LongBeach/midi/lb24.mid https://www.hymnal.net/Hymns/LongBeach/midi/tunes/lb24_tune.midi
NS10025			MATCH	lb/25	Hymn: Whom have I in heaven but Thee	Y	https://www.hymnal.net/Hymns/LongBeach/midi/tunes/lb25_tune.midi
NS10026	1233332133321452	1233332133321452	MATCH	lb/26	Hymn: In eternity, in the beginning	Y	https://www.hymnal.net/Hymns/LongBeach/midi/lb26.mid https://www.hymnal.net/Hymns/LongBeach/midi/tunes/lb26_tune.midi
NS10027	43243251132166555234	43243251132166555234	MATCH	lb/27	Hymn: Let’s go on	Y	https://www.hymnal.net/Hymns/LongBeach/midi/lb27.mid https://www.hymnal.net/Hymns/LongBeach/midi/tunes/lb27_tune.midi
NS10028	515565563343	515565563343	MATCH	lb/28	Hymn: In Revelation see	Y	https://www.hymnal.net/Hymns/LongBeach/midi/lb28.mid https://www.hymnal.net/Hymns/LongBeach/midi/tunes/lb28_tune.midi
NS10029	53516443516	53516443516	MATCH	lb/29	Hymn: As virgins we must be wise and pure	Y	https://www.hymnal.net/Hymns/LongBeach/midi/lb29.mid https://www.hymnal.net/Hymns/LongBeach/midi/tunes/lb29_tune.midi
NS1003	123166176535	123166176535	MATCH	ns/1003	Hymn: To the church of God	Y	https://www.hymnal.net/Hymns/NewSongs/midi/ns1003.mid https://www.hymnal.net/Hymns/NewSongs/midi/tunes/ns1003_tune.midi
NS10030	123432236532	123432236532	MATCH	lb/30	Hymn: Deep in God’s heart	Y	https://www.hymnal.net/Hymns/LongBeach/midi/lb30.mid https://www.hymnal.net/Hymns/LongBeach/midi/tunes/lb30_tune.midi
NS10031	3456512313532	3456512313532	MATCH	lb/31	Hymn: Lord, Your return	Y	https://www.hymnal.net/Hymns/LongBeach/midi/lb31.mid https://www.hymnal.net/Hymns/LongBeach/midi/tunes/lb31_tune.midi
NS10032	543167345565	543167345565	MATCH	lb/32	Hymn: Lord, we want to live You	Y	https://www.hymnal.net/Hymns/LongBeach/midi/lb32.mid https://www.hymnal.net/Hymns/LongBeach/midi/tunes/lb32_tune.midi
NS10033	5112165552343	5112165552343	MATCH	lb/33	Hymn: My heart was far from You	Y	https://www.hymnal.net/Hymns/LongBeach/midi/lb33.mid https://www.hymnal.net/Hymns/LongBeach/midi/tunes/lb33_tune.midi
NS10034	1135654342	1135654342	MATCH	lb/34	Hymn: The Lord is my Shepherd	Y	https://www.hymnal.net/Hymns/LongBeach/midi/tunes/lb34_tune.midi
NS10035	32171223	32171223	MATCH	lb/35	Hymn: The glory of the Lord	Y	https://www.hymnal.net/Hymns/LongBeach/midi/lb35.mid https://www.hymnal.net/Hymns/LongBeach/midi/tunes/lb35_tune.midi
NS10036	551121235	551121235	MATCH	lb/36	Hymn: For the Lord has chosen Zion	Y	https://www.hymnal.net/Hymns/LongBeach/midi/lb36.mid https://www.hymnal.net/Hymns/LongBeach/midi/tunes/lb36_tune.midi
NS10037	13556545	13556545	MATCH	lb/37	Hymn: Awake, awake Deborah	Y	https://www.hymnal.net/Hymns/LongBeach/midi/lb37.mid https://www.hymnal.net/Hymns/LongBeach/midi/tunes/lb37_tune.midi
NS10038	613564613564	613564613564	MATCH	lb/38	Hymn: My words cannot express	Y	https://www.hymnal.net/Hymns/LongBeach/midi/lb38.mid https://www.hymnal.net/Hymns/LongBeach/midi/tunes/lb38_tune.midi
NS10039	5365361232123	5365361232123	MATCH	lb/39	Hymn: Jesus, there’s no one like You	Y	https://www.hymnal.net/Hymns/LongBeach/midi/lb39.mid https://www.hymnal.net/Hymns/LongBeach/midi/tunes/lb39_tune.midi
NS1004	5555653512322223275671	5555653512322223275671	MATCH	ns/1004	Hymn: Much Much More	Y	https://www.hymnal.net/Hymns/NewSongs/midi/ns1004.mid https://www.hymnal.net/Hymns/NewSongs/midi/tunes/ns1004_tune.midi
NS10040	123712671377	123712671377	MATCH	lb/40	Hymn: Lord, how long	Y	https://www.hymnal.net/Hymns/LongBeach/midi/lb40.mid https://www.hymnal.net/Hymns/LongBeach/midi/tunes/lb40_tune.midi
NS10041	5355353216	5355353216	MATCH	lb/41	Hymn: Pursue Him and know Him	Y	https://www.hymnal.net/Hymns/LongBeach/midi/lb41.mid https://www.hymnal.net/Hymns/LongBeach/midi/tunes/lb41_tune.midi
NS10042	3355544321	3355544321	MATCH	lb/42	Hymn: The love of God and the grace of Christ	Y	https://www.hymnal.net/Hymns/LongBeach/midi/lb42.mid https://www.hymnal.net/Hymns/LongBeach/midi/tunes/lb42_tune.midi
NS10043	33513267776735	33513267776735	MATCH	lb/43	Hymn: The Triune God, a mystery	Y	https://www.hymnal.net/Hymns/LongBeach/midi/lb43.mid https://www.hymnal.net/Hymns/LongBeach/midi/tunes/lb43_tune.midi
NS10044	53225211	53225211	MATCH	lb/44	Hymn: Lord Jesus, I love You	Y	https://www.hymnal.net/Hymns/LongBeach/midi/lb44.mid https://www.hymnal.net/Hymns/LongBeach/midi/tunes/lb44_tune.midi
NS10045	11112173333432	11112173333432	MATCH	lb/45	Hymn: Abba Father	Y	https://www.hymnal.net/Hymns/LongBeach/midi/lb45.mid https://www.hymnal.net/Hymns/LongBeach/midi/tunes/lb45_tune.midi
NS10046	533334552	533334552	MATCH	lb/46	Hymn: I bow my knees unto the Father	Y	https://www.hymnal.net/Hymns/LongBeach/midi/lb46.mid https://www.hymnal.net/Hymns/LongBeach/midi/tunes/lb46_tune.midi
NS10047	1345543422344323	1345543422344323	MATCH	lb/47	Hymn: Lord, I have been running so long	Y	https://www.hymnal.net/Hymns/LongBeach/midi/lb47.mid https://www.hymnal.net/Hymns/LongBeach/midi/tunes/lb47_tune.midi
NS10048	515131353453132	515131353453132	MATCH	lb/48	Hymn: The Lord is my strength and my song	Y	https://www.hymnal.net/Hymns/LongBeach/midi/lb48.mid https://www.hymnal.net/Hymns/LongBeach/midi/tunes/lb48_tune.midi
NS10049	311232127	311232127	MATCH	lb/49	Hymn: Jesus is Jehovah the Savior	Y	https://www.hymnal.net/Hymns/LongBeach/midi/lb49.mid https://www.hymnal.net/Hymns/LongBeach/midi/tunes/lb49_tune.midi
NS1005	511243115222321	511243115222321	MATCH	ns/1005	Hymn: The World will Make War with the Lamb	Y	https://www.hymnal.net/Hymns/NewSongs/midi/ns1005.mid https://www.hymnal.net/Hymns/NewSongs/midi/tunes/ns1005_tune.midi
NS10050	53117653	53117653	MATCH	lb/50	Hymn: Zion	Y	https://www.hymnal.net/Hymns/LongBeach/midi/lb50.mid https://www.hymnal.net/Hymns/LongBeach/midi/tunes/lb50_tune.midi
NS10051	5124321233	5124321233	MATCH	lb/51	Hymn: I do not know where they have laid Him	Y	https://www.hymnal.net/Hymns/LongBeach/midi/lb51.mid https://www.hymnal.net/Hymns/LongBeach/midi/tunes/lb51_tune.midi
NS10052	123321235	123321235	MATCH	lb/52	Hymn: Lord, keep my heart always true to You	Y	https://www.hymnal.net/Hymns/LongBeach/midi/lb52.mid https://www.hymnal.net/Hymns/LongBeach/midi/tunes/lb52_tune.midi
NS10053	176543212555	176543212555	MATCH	lb/53	Hymn: Worthy is the Lamb	Y	https://www.hymnal.net/Hymns/LongBeach/midi/lb53.mid https://www.hymnal.net/Hymns/LongBeach/midi/tunes/lb53_tune.midi
NS10054	12354321232	12354321232	MATCH	lb/54	Hymn: I believe, so I speak	Y	https://www.hymnal.net/Hymns/LongBeach/midi/lb54.mid https://www.hymnal.net/Hymns/LongBeach/midi/tunes/lb54_tune.midi
NS10055	543432232344411	543432232344411	MATCH	lb/55	Hymn: Thank You, Lord, You died for me	Y	https://www.hymnal.net/Hymns/LongBeach/midi/lb55.mid https://www.hymnal.net/Hymns/LongBeach/midi/tunes/lb55_tune.midi
NS10056	33356177665	33356177665	MATCH	lb/56	Hymn: The divine dispensing	Y	https://www.hymnal.net/Hymns/LongBeach/midi/lb56.mid https://www.hymnal.net/Hymns/LongBeach/midi/tunes/lb56_tune.midi
NS10057	22123223	22123223	MATCH	lb/57	Hymn: Where have you laid Him, my Jesus?	Y	https://www.hymnal.net/Hymns/LongBeach/midi/lb57.mid https://www.hymnal.net/Hymns/LongBeach/midi/tunes/lb57_tune.midi
NS10058	113231122	113231122	MATCH	lb/58	Hymn: Living in mutuality	Y	https://www.hymnal.net/Hymns/LongBeach/midi/lb58.mid https://www.hymnal.net/Hymns/LongBeach/midi/tunes/lb58_tune.midi
NS10059	3344321321721	3344321321721	MATCH	lb/59	Hymn: I love You, Lord Jesus (only You)	Y	https://www.hymnal.net/Hymns/LongBeach/midi/lb59.mid https://www.hymnal.net/Hymns/LongBeach/midi/tunes/lb59_tune.midi
NS1006	11123121112312	11123121112312	MATCH	ns/1006	Hymn: Christ is Life and in My Spirit	Y	https://www.hymnal.net/Hymns/NewSongs/midi/ns1006.mid https://www.hymnal.net/Hymns/NewSongs/midi/tunes/ns1006_tune.midi
NS10060	51111235556522543	51111235556522543	MATCH	lb/60	Hymn: The Son with the Father by the Spirit	Y	https://www.hymnal.net/Hymns/LongBeach/midi/lb60.mid https://www.hymnal.net/Hymns/LongBeach/midi/tunes/lb60_tune.midi
NS10062	35556354332	35556354332	MATCH	lb/62	Hymn: He who is joined to the Lord is one spirit	Y	https://www.hymnal.net/Hymns/LongBeach/midi/lb62.mid https://www.hymnal.net/Hymns/LongBeach/midi/tunes/lb62_tune.midi
NS10063	13161316	13161316	MATCH	lb/63	Hymn: Oh Lord, break through	Y	https://www.hymnal.net/Hymns/LongBeach/midi/lb63.mid https://www.hymnal.net/Hymns/LongBeach/midi/tunes/lb63_tune.midi
NS10065	533221236	533221236	MATCH	lb/65	Hymn: Lord, I love You more and more each day	Y	https://www.hymnal.net/Hymns/LongBeach/midi/lb65.mid https://www.hymnal.net/Hymns/LongBeach/midi/tunes/lb65_tune.midi
NS10066	33336543	33336543	MATCH	lb/66	Hymn: What made You die for me	Y	https://www.hymnal.net/Hymns/LongBeach/midi/lb66.mid https://www.hymnal.net/Hymns/LongBeach/midi/tunes/lb66_tune.midi
NS10067	3345123232	3345123232	MATCH	lb/67	Hymn: The love of Christ is now constraining me	Y	https://www.hymnal.net/Hymns/LongBeach/midi/lb67.mid https://www.hymnal.net/Hymns/LongBeach/midi/tunes/lb67_tune.midi
NS10069	5533333123432	5533333123432	MATCH	lb/69	Hymn: Someone	Y	https://www.hymnal.net/Hymns/LongBeach/midi/lb69.mid https://www.hymnal.net/Hymns/LongBeach/midi/tunes/lb69_tune.midi
NS1007	112333421223444432	112333421223444432	MATCH	ns/1007	Hymn: Because I live, you also shall live (John 14:19b-20)	Y	https://www.hymnal.net/Hymns/NewSongs/midi/ns1007.mid https://www.hymnal.net/Hymns/NewSongs/midi/tunes/ns1007_tune.midi
NS10070	3332333323	3332333323	MATCH	lb/70	Hymn: Now from my heart comes	Y	https://www.hymnal.net/Hymns/LongBeach/midi/lb70.mid https://www.hymnal.net/Hymns/LongBeach/midi/tunes/lb70_tune.midi
NS10071	771753122232	771753122232	MATCH	lb/71	Hymn: I never thought that God would be enjoyable	Y	https://www.hymnal.net/Hymns/LongBeach/midi/lb71.mid https://www.hymnal.net/Hymns/LongBeach/midi/tunes/lb71_tune.midi
NS10074	5611123332165	5611123332165	MATCH	lb/74	Hymn: As a lily growing out of a bramble bush	Y	https://www.hymnal.net/Hymns/LongBeach/midi/lb74.mid https://www.hymnal.net/Hymns/LongBeach/midi/tunes/lb74_tune.midi
NS10075	33456432	33456432	MATCH	lb/75	Hymn: Wherever you go, I will go	Y	https://www.hymnal.net/Hymns/LongBeach/midi/lb75.mid https://www.hymnal.net/Hymns/LongBeach/midi/tunes/lb75_tune.midi
NS10076	51352165135216	51352165135216	MATCH	lb/76	Hymn: That’s Why I Love Him	Y	https://www.hymnal.net/Hymns/LongBeach/midi/lb76.mid https://www.hymnal.net/Hymns/LongBeach/midi/tunes/lb76_tune.midi
NS10077	555432166177123	555432166177123	MATCH	lb/77	Hymn: A lover of Christ	Y	https://www.hymnal.net/Hymns/LongBeach/midi/lb77.mid https://www.hymnal.net/Hymns/LongBeach/midi/tunes/lb77_tune.midi
NS10078	11224432	11224432	MATCH	lb/78	Hymn: I am young and I’m in love	Y	https://www.hymnal.net/Hymns/LongBeach/midi/lb78.mid https://www.hymnal.net/Hymns/LongBeach/midi/tunes/lb78_tune.midi
NS10079	33333123444442123333532	33333123444442123333532	MATCH	lb/79	Hymn: Life is God the Father	Y	https://www.hymnal.net/Hymns/LongBeach/midi/lb79.mid https://www.hymnal.net/Hymns/LongBeach/midi/tunes/lb79_tune.midi
NS1008	55111232161112222123321	55111232161112222123321	MATCH	ns/1008	Hymn: For the mind set on the flesh is death (Rom. 8:6, 2)	Y	https://www.hymnal.net/Hymns/NewSongs/midi/ns1008.mid https://www.hymnal.net/Hymns/NewSongs/midi/tunes/ns1008_tune.midi
NS10080	33351324445743	33351324445743	MATCH	lb/80	Hymn: God made me to be a man	Y	https://www.hymnal.net/Hymns/LongBeach/midi/lb80.mid https://www.hymnal.net/Hymns/LongBeach/midi/tunes/lb80_tune.midi
NS10081	533333556165	533333556165	MATCH	lb/81	Hymn: The greatest king on earth	Y	https://www.hymnal.net/Hymns/LongBeach/midi/lb81.mid https://www.hymnal.net/Hymns/LongBeach/midi/tunes/lb81_tune.midi
NS10082	3345343211231217	3345343211231217	MATCH	lb/82	Hymn: Divine romance	Y	https://www.hymnal.net/Hymns/LongBeach/midi/lb82.mid https://www.hymnal.net/Hymns/LongBeach/midi/tunes/lb82_tune.midi
NS10086	51233334443231	51233334443231	MATCH	lb/86	Hymn: If we would love the Lord	Y	https://www.hymnal.net/Hymns/LongBeach/midi/lb86.mid https://www.hymnal.net/Hymns/LongBeach/midi/tunes/lb86_tune.midi
NS1009	51232155123216	51232155123216	MATCH	ns/1009	Hymn: Our God is joy!	Y	https://www.hymnal.net/Hymns/NewSongs/midi/ns1009.mid https://www.hymnal.net/Hymns/NewSongs/midi/tunes/ns1009_tune.midi
NS101	345555555432	345555555432	MATCH	ns/101	Hymn: All Things Work Together for Good	Y	https://www.hymnal.net/Hymns/NewSongs/midi/ns0101.mid https://www.hymnal.net/Hymns/NewSongs/midi/tunes/ns0101_tune.midi
NS1010	1113311133444432	1113311133444432	MATCH	ns/1010	Hymn: I Want to Fully Follow Jehovah	Y	https://www.hymnal.net/Hymns/NewSongs/midi/ns1010.mid https://www.hymnal.net/Hymns/NewSongs/midi/tunes/ns1010_tune.midi
NS1011	176711651767116	176711651767116	MATCH	ns/1011	Hymn: The Greatest of These is Love	Y	https://www.hymnal.net/Hymns/NewSongs/midi/ns1011.mid https://www.hymnal.net/Hymns/NewSongs/midi/tunes/ns1011_tune.midi
NS1012	12352321114431235	12352321114431235	MATCH	ns/1012	Hymn: We are the children of God	Y	https://www.hymnal.net/Hymns/NewSongs/midi/ns1012.mid https://www.hymnal.net/Hymns/NewSongs/midi/tunes/ns1012_tune.midi
NS1013	171512343517611771232321	171512343517611771232321	MATCH	ns/1013	Hymn: And he rose up	Y	https://www.hymnal.net/Hymns/NewSongs/midi/ns1013.mid https://www.hymnal.net/Hymns/NewSongs/midi/tunes/ns1013_tune.midi
NS1014	34515431667771	34515431667771	MATCH	ns/1014	Hymn: Lord, You made a spirit in us	Y	https://www.hymnal.net/Hymns/NewSongs/midi/ns1014.mid https://www.hymnal.net/Hymns/NewSongs/midi/tunes/ns1014_tune.midi
NS1015	34556553121165	34556553121165	MATCH	ns/1015	Hymn: Christ is the life-giving Spirit, He lives inside of m	Y	https://www.hymnal.net/Hymns/Hymnal/midi/e0210_i.mid https://www.hymnal.net/Hymns/NewSongs/midi/tunes/ns1015_tune.midi
NS1016	12343211221234321127	12343211221234321127	MATCH	ns/1016	Hymn: In, In, In	Y	https://www.hymnal.net/Hymns/NewSongs/midi/ns1016.mid https://www.hymnal.net/Hymns/NewSongs/midi/tunes/ns1016_tune.midi
NS1017	3455555434445432	3455555434445432	MATCH	ns/1017	Hymn: Just the Christ	Y	https://www.hymnal.net/Hymns/NewSongs/midi/ns1017.mid https://www.hymnal.net/Hymns/NewSongs/midi/tunes/ns1017_tune.midi
NS1018	554332346543	554332346543	MATCH	ns/1018	Hymn: For as many promises of God as there are	Y	https://www.hymnal.net/Hymns/NewSongs/midi/ns1018.mid https://www.hymnal.net/Hymns/NewSongs/midi/tunes/ns1018_tune.midi
NS1019	1231432212316555	1231432212316555	MATCH	ns/1019	Hymn: And I Answered	Y	https://www.hymnal.net/Hymns/NewSongs/midi/ns1019.mid https://www.hymnal.net/Hymns/NewSongs/midi/tunes/ns1019_tune.midi
NS102	5666177776565	5666177776565	MATCH	ns/102	Hymn: The gift of righteousness	Y	https://www.hymnal.net/Hymns/NewSongs/midi/ns0102.mid https://www.hymnal.net/Hymns/NewSongs/midi/tunes/ns0102_tune.midi
NS1020	717151711716	717151711716	MATCH	ns/1020	Hymn: Unless Jehovah builds the house	Y	https://www.hymnal.net/Hymns/NewSongs/midi/ns1020.mid https://www.hymnal.net/Hymns/NewSongs/midi/tunes/ns1020_tune.midi
NS1021	5123145665321232	5123145665321232	MATCH	ns/1021	Hymn: We’re in the age of jubilee	Y	https://www.hymnal.net/Hymns/NewSongs/midi/ns1021.mid https://www.hymnal.net/Hymns/NewSongs/midi/tunes/ns1021_tune.midi
NS1022	123321135543	123321135543	MATCH	ns/1022	Hymn: Treasure Up His Words (Psa. 119:11, 14-16)	Y	https://www.hymnal.net/Hymns/Hymnal/midi/e0582_i.mid https://www.hymnal.net/Hymns/NewSongs/midi/tunes/ns1022_tune.midi
NS1023	515111544311154431	515111544311154431	MATCH	ns/1023	Hymn: His Kisses	Y	https://www.hymnal.net/Hymns/NewSongs/midi/ns1023.mid https://www.hymnal.net/Hymns/NewSongs/midi/tunes/ns1023_tune.midi
NS1024	12323443451655554332	12323443451655554332	MATCH	ns/1024	Hymn: Be With You All (Romans 15)	Y	https://www.hymnal.net/Hymns/NewSongs/midi/ns1024.mid https://www.hymnal.net/Hymns/NewSongs/midi/tunes/ns1024_tune.midi
NS1025	555555617767166656	555555617767166656	MATCH	ns/1025	Hymn: A Spirit of Love Fanned into Flame	Y	https://www.hymnal.net/Hymns/NewSongs/midi/ns1025.mid https://www.hymnal.net/Hymns/NewSongs/midi/tunes/ns1025_tune.midi
NS1026	123215255341	123215255341	MATCH	ns/1026	Hymn: For He Grew Up Like A Tender Plant (Isaiah 53)	Y	https://www.hymnal.net/Hymns/NewSongs/midi/ns1026.mid https://www.hymnal.net/Hymns/NewSongs/midi/tunes/ns1026_tune.midi
NS1027	3343232123343232123	3343232123343232123	MATCH	ns/1027	Hymn: Philemon	Y	https://www.hymnal.net/Hymns/NewSongs/midi/ns1027.mid https://www.hymnal.net/Hymns/NewSongs/midi/tunes/ns1027_tune.midi
NS1028	12131114321213111655	12131114321213111655	MATCH	ns/1028	Hymn: A Letter of Christ	Y	https://www.hymnal.net/Hymns/NewSongs/midi/ns1028.mid https://www.hymnal.net/Hymns/NewSongs/midi/tunes/ns1028_tune.midi
NS1029	555556522123	555556522123	MATCH	ns/1029	Hymn: But thanks be to God (2 Cor. 2:14-16a)	Y	https://www.hymnal.net/Hymns/Hymnal/midi/e0871_i.mid https://www.hymnal.net/Hymns/NewSongs/midi/tunes/ns1029_tune.midi
NS103	532121653	532121653	MATCH	ns/103	Hymn: Now Christ is the life-giving Spirit	Y	https://www.hymnal.net/Hymns/NewSongs/midi/ns0103.mid https://www.hymnal.net/Hymns/NewSongs/midi/tunes/ns0103_tune.midi
NS1030	53335554321561111	53335554321561111	MATCH	ns/1030	Hymn: For whatever promises of God there are (2 Cor. 1:20)	Y	https://www.hymnal.net/Hymns/NewSongs/midi/ns1030.mid https://www.hymnal.net/Hymns/NewSongs/midi/tunes/ns1030_tune.midi
NS1032	513517567125	513517567125	MATCH	ns/1032	Hymn: God’s Only Goal in Time	Y	https://www.hymnal.net/Hymns/NewSongs/midi/ns1032.mid https://www.hymnal.net/Hymns/NewSongs/midi/tunes/ns1032_tune.midi
NS1033	12321232111653	12321232111653	MATCH	ns/1033	Hymn: For a day in Your courts (Psa. 84:10)	Y	https://www.hymnal.net/Hymns/NewSongs/midi/ns1033.mid https://www.hymnal.net/Hymns/NewSongs/midi/tunes/ns1033_tune.midi
NS1034	3511613235116432	3511613235116432	MATCH	ns/1034	Hymn: We Do Not Lose Heart (2 Cor. 4)	Y	https://www.hymnal.net/Hymns/NewSongs/midi/ns1034.mid https://www.hymnal.net/Hymns/NewSongs/midi/tunes/ns1034_tune.midi
NS1035	1214321351756	1214321351756	MATCH	ns/1035	Hymn: Lovingkindness, Compassion, Faithfulness	Y	https://www.hymnal.net/Hymns/Hymnal/midi/e0048_i.mid https://www.hymnal.net/Hymns/NewSongs/midi/tunes/ns1035_tune.midi
NS1036	123212165123335532	123212165123335532	MATCH	ns/1036	Hymn: Chosen by God	Y	https://www.hymnal.net/Hymns/NewSongs/midi/ns1036.mid https://www.hymnal.net/Hymns/NewSongs/midi/tunes/ns1036_tune.midi
NS1037	5515123555312	5515123555312	MATCH	ns/1037	Hymn: Giving thanks unto the Father (Col. 1:12-13)	Y	https://www.hymnal.net/Hymns/NewSongs/midi/ns1037.mid https://www.hymnal.net/Hymns/NewSongs/midi/tunes/ns1037_tune.midi
NS1038	171712211717122	171712211717122	MATCH	ns/1038	Hymn: Let the Amen Sound Again	Y	https://www.hymnal.net/Hymns/NewSongs/midi/ns1038.mid https://www.hymnal.net/Hymns/NewSongs/midi/tunes/ns1038_tune.midi
NS1039	53527675352342	53527675352342	MATCH	ns/1039	Hymn: Because the very God	Y	https://www.hymnal.net/Hymns/NewSongs/midi/ns1039.mid https://www.hymnal.net/Hymns/NewSongs/midi/tunes/ns1039_tune.midi
NS104	5517566545	5517566545	MATCH	ns/104	Hymn: O that Christ may make His home	Y	https://www.hymnal.net/Hymns/NewSongs/midi/ns0104.mid https://www.hymnal.net/Hymns/NewSongs/midi/tunes/ns0104_tune.midi
NS1040	123521235116715	123521235116715	MATCH	ns/1040	Hymn: Whither Shall I Go (Psa. 139:7-10)	Y	https://www.hymnal.net/Hymns/NewSongs/midi/ns1040.mid https://www.hymnal.net/Hymns/NewSongs/midi/tunes/ns1040_tune.midi
NS1041	345512333212165	345512333212165	MATCH	ns/1041	Hymn: There’s a Secret	Y	https://www.hymnal.net/Hymns/NewSongs/midi/ns1041.mid https://www.hymnal.net/Hymns/NewSongs/midi/tunes/ns1041_tune.midi
NS1042	5322331532231	5322331532231	MATCH	ns/1042	Hymn: The Statuses of the Church	Y	https://www.hymnal.net/Hymns/NewSongs/midi/ns1042.mid https://www.hymnal.net/Hymns/NewSongs/midi/tunes/ns1042_tune.midi
NS1043	5653121235	5653121235	MATCH	ns/1043	Hymn: Christ is the off’ring making God happy	Y	https://www.hymnal.net/Hymns/Hymnal/midi/e0310_i.mid https://www.hymnal.net/Hymns/NewSongs/midi/tunes/ns1043_tune.midi
NS1044	512517121564165325	512517121564165325	MATCH	ns/1044	Hymn: And When You Pray (Matt. 6:9-13)	Y	https://www.hymnal.net/Hymns/NewSongs/midi/ns1044.mid https://www.hymnal.net/Hymns/NewSongs/midi/tunes/ns1044_tune.midi
NS1045	5543511271	5543511271	MATCH	ns/1045	Hymn: The Spirit is the sphere and element	Y	https://www.hymnal.net/Hymns/Hymnal/midi/e0081_i.mid https://www.hymnal.net/Hymns/NewSongs/midi/tunes/ns1045_tune.midi
NS1046	54333333343222345	54333333343222345	MATCH	ns/1046	Hymn: For whatever promises of God there are (2 Cor. 1:20, n	Y	https://www.hymnal.net/Hymns/NewSongs/midi/ns1046.mid https://www.hymnal.net/Hymns/NewSongs/midi/tunes/ns1046_tune.midi
NS1047	12321512321232345432	12321512321232345432	MATCH	ns/1047	Hymn: I’m Your Vessel	Y	https://www.hymnal.net/Hymns/NewSongs/midi/ns1047.mid https://www.hymnal.net/Hymns/NewSongs/midi/tunes/ns1047_tune.midi
NS1048	151765636543	151765636543	MATCH	ns/1048	Hymn: Meet Me in the Word	Y	https://www.hymnal.net/Hymns/NewSongs/midi/ns1048.mid https://www.hymnal.net/Hymns/NewSongs/midi/tunes/ns1048_tune.midi
NS1049	5543321611235322	5543321611235322	MATCH	ns/1049	Hymn: The Christian Life	Y	https://www.hymnal.net/Hymns/NewSongs/midi/ns1049.mid https://www.hymnal.net/Hymns/NewSongs/midi/tunes/ns1049_tune.midi
NS105	234321231	234321231	MATCH	ns/105	Hymn: Fallen, that’s the way we all begin	Y	https://www.hymnal.net/Hymns/NewSongs/midi/ns0105.mid https://www.hymnal.net/Hymns/NewSongs/midi/tunes/ns0105_tune.midi
NS1050	3211665132	3211665132	MATCH	ns/1050	Hymn: Appear to me, dear Lord	Y	https://www.hymnal.net/Hymns/Hymnal/midi/e0065_i.mid https://www.hymnal.net/Hymns/NewSongs/midi/tunes/ns1050_tune.midi
NS1051	12353212356713176713	12353212356713176713	MATCH	ns/1051	Hymn: God of the universe, God of my heart	Y	https://www.hymnal.net/Hymns/NewSongs/midi/ns1051.mid https://www.hymnal.net/Hymns/NewSongs/midi/tunes/ns1051_tune.midi
NS1052	5651655531233	5651655531233	MATCH	ns/1052	Hymn: All Scripture	Y	https://www.hymnal.net/Hymns/NewSongs/midi/ns1052.mid https://www.hymnal.net/Hymns/NewSongs/midi/tunes/ns1052_tune.midi
NS1053	111127522211145	111127522211145	MATCH	ns/1053	Hymn: Make Us Like Daniel	Y	https://www.hymnal.net/Hymns/NewSongs/midi/ns1053.mid https://www.hymnal.net/Hymns/NewSongs/midi/tunes/ns1053_tune.midi
NS1054	3523211234432122	3523211234432122	MATCH	ns/1054	Hymn: Lord, Much More	Y	https://www.hymnal.net/Hymns/NewSongs/midi/ns1054.mid https://www.hymnal.net/Hymns/NewSongs/midi/tunes/ns1054_tune.midi
NS1055	551512375712646713212	551512375712646713212	MATCH	ns/1055	Hymn: A Chosen Race (1 Pet. 2:9)	Y	https://www.hymnal.net/Hymns/NewSongs/midi/ns1055.mid https://www.hymnal.net/Hymns/NewSongs/midi/tunes/ns1055_tune.midi
NS1056	12352312346432	12352312346432	MATCH	ns/1056	Hymn: The Battle is the Lord’s	Y	https://www.hymnal.net/Hymns/NewSongs/midi/ns1056.mid https://www.hymnal.net/Hymns/NewSongs/midi/tunes/ns1056_tune.midi
NS1057	5112123323211121721	5112123323211121721	MATCH	ns/1057	Hymn: A Wise Man Fears	Y	https://www.hymnal.net/Hymns/NewSongs/midi/ns1057.mid https://www.hymnal.net/Hymns/NewSongs/midi/tunes/ns1057_tune.midi
NS1058	315222231531	315222231531	MATCH	ns/1058	Hymn: Fill Me Up, Up, Up	Y	https://www.hymnal.net/Hymns/NewSongs/midi/ns1058.mid https://www.hymnal.net/Hymns/NewSongs/midi/tunes/ns1058_tune.midi
NS1059	3332171117657776545	3332171117657776545	MATCH	ns/1059	Hymn: Lord Jesus, In Your Presence	Y	https://www.hymnal.net/Hymns/NewSongs/midi/ns1059.mid https://www.hymnal.net/Hymns/NewSongs/midi/tunes/ns1059_tune.midi
NS106	111254323	111254323	MATCH	ns/106	Hymn: Until He comes again	Y	https://www.hymnal.net/Hymns/NewSongs/midi/ns0106.mid https://www.hymnal.net/Hymns/NewSongs/midi/tunes/ns0106_tune.midi
NS1060	533314233312	533314233312	MATCH	ns/1060	Hymn: O Word of God	Y	https://www.hymnal.net/Hymns/NewSongs/midi/ns1060.mid https://www.hymnal.net/Hymns/NewSongs/midi/tunes/ns1060_tune.midi
NS1061	5123321345567156123452	5123321345567156123452	MATCH	ns/1061	Hymn: The Economy of the Mystery	Y	https://www.hymnal.net/Hymns/NewSongs/midi/ns1061.mid https://www.hymnal.net/Hymns/NewSongs/midi/tunes/ns1061_tune.midi
NS1062	3451766753345135	3451766753345135	MATCH	ns/1062	Hymn: Grace Multiplied	Y	https://www.hymnal.net/Hymns/NewSongs/midi/ns1062.mid https://www.hymnal.net/Hymns/NewSongs/midi/tunes/ns1062_tune.midi
NS1063	3334332222321	3334332222321	MATCH	ns/1063	Hymn: Thou, Lord, my Christ, hast found me	Y	https://www.hymnal.net/Hymns/NewSongs/midi/ns1063.mid https://www.hymnal.net/Hymns/NewSongs/midi/tunes/ns1063_tune.midi
NS1064	12121712121217	12121712121217	MATCH	ns/1064	Hymn: Peace I leave with you (John 14:27)	Y	https://www.hymnal.net/Hymns/NewSongs/midi/ns1064.mid https://www.hymnal.net/Hymns/NewSongs/midi/tunes/ns1064_tune.midi
NS1065	1345365513453432	1345365513453432	MATCH	ns/1065	Hymn: One Day All Knees Will Bow	Y	https://www.hymnal.net/Hymns/NewSongs/midi/ns1065.mid https://www.hymnal.net/Hymns/NewSongs/midi/tunes/ns1065_tune.midi
NS1066	1335653565323565	1335653565323565	MATCH	ns/1066	Hymn: A Normal Christian Life	Y	https://www.hymnal.net/Hymns/NewSongs/midi/ns1066.mid https://www.hymnal.net/Hymns/NewSongs/midi/tunes/ns1066_tune.midi
NS1067	321533212234443235	321533212234443235	MATCH	ns/1067	Hymn: I am the light of the world	Y	https://www.hymnal.net/Hymns/NewSongs/midi/ns1067.mid https://www.hymnal.net/Hymns/NewSongs/midi/tunes/ns1067_tune.midi
NS1068	153434535556565	153434535556565	MATCH	ns/1068	Hymn: O Lord!	Y	https://www.hymnal.net/Hymns/NewSongs/midi/ns1068.mid https://www.hymnal.net/Hymns/NewSongs/midi/tunes/ns1068_tune.midi
NS1069	531532156651543	531532156651543	MATCH	ns/1069	Hymn: Serve Him!	Y	https://www.hymnal.net/Hymns/Hymnal/midi/e0009_i.mid https://www.hymnal.net/Hymns/NewSongs/midi/tunes/ns1069_tune.midi
NS107	345176543	345176543	MATCH	ns/107	Hymn: The best love for the Lord	Y	https://www.hymnal.net/Hymns/NewSongs/midi/ns0107.mid https://www.hymnal.net/Hymns/NewSongs/midi/tunes/ns0107_tune.midi
NS1070	33531233353123	33531233353123	MATCH	ns/1070	Hymn: For the love of Christ constrains	Y	https://www.hymnal.net/Hymns/Hymnal/midi/e0224_i.mid https://www.hymnal.net/Hymns/NewSongs/midi/tunes/ns1070_tune.midi
NS1071	433335555666545	433335555666545	MATCH	ns/1071	Hymn: And Peter	Y	https://www.hymnal.net/Hymns/NewSongs/midi/ns1071.mid https://www.hymnal.net/Hymns/NewSongs/midi/tunes/ns1071_tune.midi
NS1072	134554323431	134554323431	MATCH	ns/1072	Hymn: Staying On the Pathway of Life	Y	https://www.hymnal.net/Hymns/NewSongs/midi/ns1072.mid https://www.hymnal.net/Hymns/NewSongs/midi/tunes/ns1072_tune.midi
NS1073	5543321666665b	5543321666665	DIFF	ns/1073	Hymn: This Wonderful Faith	Y	https://www.hymnal.net/Hymns/NewSongs/midi/ns1073.mid https://www.hymnal.net/Hymns/NewSongs/midi/tunes/ns1073_tune.midi
NS1074	122111332245321	122111332245321	MATCH	ns/1074	Hymn: Lord, Make Your Home in My Heart	Y	https://www.hymnal.net/Hymns/NewSongs/midi/ns1074.mid https://www.hymnal.net/Hymns/NewSongs/midi/tunes/ns1074_tune.midi
NS1075	5651121332232171	5651121332232171	MATCH	ns/1075	Hymn: The life of God is flowing from	Y	https://www.hymnal.net/Hymns/NewSongs/midi/ns1075.mid https://www.hymnal.net/Hymns/NewSongs/midi/tunes/ns1075_tune.midi
NS1076	5543321666665	5543321666665	MATCH	ns/1076	Hymn: All who are with me greet you	Y	https://www.hymnal.net/Hymns/NewSongs/midi/ns1076.mid https://www.hymnal.net/Hymns/NewSongs/midi/tunes/ns1076_tune.midi
NS1077	5132165151132345	5132165151132345	MATCH	ns/1077	Hymn: I look away to Thee, my Lord	Y	https://www.hymnal.net/Hymns/NewSongs/midi/ns1077.mid https://www.hymnal.net/Hymns/NewSongs/midi/tunes/ns1077_tune.midi
NS1078	565445475443	565445475443	MATCH	ns/1078	Hymn: Draw me with cords of a man	Y	https://www.hymnal.net/Hymns/NewSongs/midi/ns1078.mid https://www.hymnal.net/Hymns/NewSongs/midi/tunes/ns1078_tune.midi
NS1079	5113116151232	5113116151232	MATCH	ns/1079	Hymn: Speak Lord, Thy servant’s listening	Y	https://www.hymnal.net/Hymns/Hymnal/midi/e0870b_i.mid https://www.hymnal.net/Hymns/NewSongs/midi/tunes/ns1079_tune.midi
NS108	51312354326	51312354326	MATCH	ns/108	Hymn: Crazy lovers of Jesus	Y	https://www.hymnal.net/Hymns/NewSongs/midi/ns0108.mid https://www.hymnal.net/Hymns/NewSongs/midi/tunes/ns0108_tune.midi
NS1080	133553112331135512171	133553112331135512171	MATCH	ns/1080	Hymn: This is the Covenant (Jer. 31:33)	Y	https://www.hymnal.net/Hymns/NewSongs/midi/ns1080.mid https://www.hymnal.net/Hymns/NewSongs/midi/tunes/ns1080_tune.midi
NS1081	1233355211632165	1233355211632165	MATCH	ns/1081	Hymn: O Light of Life	Y	https://www.hymnal.net/Hymns/NewSongs/midi/ns1081.mid https://www.hymnal.net/Hymns/NewSongs/midi/tunes/ns1081_tune.midi
NS1082	31454314543213216717125	31454314543213216717125	MATCH	ns/1082	Hymn: Faith and Love footnote for Titus 3:15 (Section 1A)	Y	https://www.hymnal.net/Hymns/NewSongs/midi/ns1082.mid https://www.hymnal.net/Hymns/NewSongs/midi/tunes/ns1082_tune.midi
NS1083	3315344123	3315344123	MATCH	ns/1083	Hymn: The ministers of the new covenant (2 Cor. 3-4)	Y	https://www.hymnal.net/Hymns/Hymnal/midi/e0639_i.mid https://www.hymnal.net/Hymns/NewSongs/midi/tunes/ns1083_tune.midi
NS1084	5553232171116664343212	5553232171116664343212	MATCH	ns/1084	Hymn: Lord, You know my heart is seeking for You	Y	https://www.hymnal.net/Hymns/NewSongs/midi/ns1084.mid https://www.hymnal.net/Hymns/NewSongs/midi/tunes/ns1084_tune.midi
NS1085	333214432253	333214432253	MATCH	ns/1085	Hymn: Give me a drink!	Y	https://www.hymnal.net/Hymns/NewSongs/midi/ns1085.mid https://www.hymnal.net/Hymns/NewSongs/midi/tunes/ns1085_tune.midi
NS1086	171534564565	171534564565	MATCH	ns/1086	Hymn: The Mystery of the Universe, the Meaning of Life	Y	https://www.hymnal.net/Hymns/NewSongs/midi/ns1086.mid https://www.hymnal.net/Hymns/NewSongs/midi/tunes/ns1086_tune.midi
NS1087	1123771261617	1123771261617	MATCH	ns/1087	Hymn: Faith is for appreciating	Y	https://www.hymnal.net/Hymns/NewSongs/midi/ns1087.mid https://www.hymnal.net/Hymns/NewSongs/midi/tunes/ns1087_tune.midi
NS1088	11175523123333122	11175523123333122	MATCH	ns/1088	Hymn: Now I beseech you, brothers (1 Cor. 1:10)	Y	https://www.hymnal.net/Hymns/NewSongs/midi/ns1088.mid https://www.hymnal.net/Hymns/NewSongs/midi/tunes/ns1088_tune.midi
NS1089	53221656556711232	53221656556711232	MATCH	ns/1089	Hymn: Unstopped, the flow from Jesus’ side	Y	https://www.hymnal.net/Hymns/Hymnal/midi/e0960_i.mid https://www.hymnal.net/Hymns/NewSongs/midi/tunes/ns1089_tune.midi
NS109	334554434	334554434	MATCH	ns/109	Hymn: Lord, there’s nothing in this world like You	Y	https://www.hymnal.net/Hymns/NewSongs/midi/ns0109.mid https://www.hymnal.net/Hymns/NewSongs/midi/tunes/ns0109_tune.midi
NS1090	151753565432	151753565432	MATCH	ns/1090	Hymn: Richly and Bountifully Supplied	Y	https://www.hymnal.net/Hymns/NewSongs/midi/ns1090.mid https://www.hymnal.net/Hymns/NewSongs/midi/tunes/ns1090_tune.midi
NS1091	5552556443	5552556443	MATCH	ns/1091	Hymn: His Divine Power (2 Peter 1:3)	Y	https://www.hymnal.net/Hymns/NewSongs/midi/ns1091.mid https://www.hymnal.net/Hymns/NewSongs/midi/tunes/ns1091_tune.midi
NS1092	321135223565321	321135223565321	MATCH	ns/1092	Hymn: Lepers to Priests	Y	https://www.hymnal.net/Hymns/Hymnal/midi/e0215_i.mid https://www.hymnal.net/Hymns/NewSongs/midi/tunes/ns1092_tune.midi
NS1093	35316111165	35316111165	MATCH	ns/1093	Hymn: Young David	Y	https://www.hymnal.net/Hymns/NewSongs/midi/ns1093.mid https://www.hymnal.net/Hymns/NewSongs/midi/tunes/ns1093_tune.midi
NS1094	1233231111222123	1233231111222123	MATCH	ns/1094	Hymn: Count All Things Loss	Y	https://www.hymnal.net/Hymns/NewSongs/midi/ns1094.mid https://www.hymnal.net/Hymns/NewSongs/midi/tunes/ns1094_tune.midi
NS1095	5511231332132	5511231332132	MATCH	ns/1095	Hymn: The Epistle to Titus	Y	https://www.hymnal.net/Hymns/NewSongs/midi/ns1095.mid https://www.hymnal.net/Hymns/NewSongs/midi/tunes/ns1095_tune.midi
NS1096	13553216123	13553216123	MATCH	ns/1096	Hymn: Draw near to God	Y	https://www.hymnal.net/Hymns/NewSongs/midi/ns1096.mid https://www.hymnal.net/Hymns/NewSongs/midi/tunes/ns1096_tune.midi
NS1097	5533321135535	5533321135535	MATCH	ns/1097	Hymn: Now the church life is all one piece	Y	https://www.hymnal.net/Hymns/Hymnal/midi/e1194_i.mid https://www.hymnal.net/Hymns/NewSongs/midi/tunes/ns1097_tune.midi
NS1098	321761651353212	321761651353212	MATCH	ns/1098	Hymn: ’Tis so sweet to love my Jesus	Y	https://www.hymnal.net/Hymns/Hymnal/midi/e0437_i.mid https://www.hymnal.net/Hymns/NewSongs/midi/tunes/ns1098_tune.midi
NS1099	123321135543	123321135543	MATCH	ns/1099	Hymn: Whatever promises of God there are (2 Cor. 1:20)	Y	https://www.hymnal.net/Hymns/Hymnal/midi/e0582_i.mid https://www.hymnal.net/Hymns/NewSongs/midi/tunes/ns1099_tune.midi
NS11	11233335632	11233335632	MATCH	ns/11	Hymn: Love covers all things and believes all things	Y	https://www.hymnal.net/Hymns/NewSongs/midi/ns0011.mid https://www.hymnal.net/Hymns/NewSongs/midi/tunes/ns0011_tune.midi
NS110	153343212	153343212	MATCH	ns/110	Hymn: Life’s too short	Y	https://www.hymnal.net/Hymns/NewSongs/midi/ns0110.mid https://www.hymnal.net/Hymns/NewSongs/midi/tunes/ns0110_tune.midi
NS1100	5171576756561543	5171576756561543	MATCH	ns/1100	Hymn: The Triune God, true mystery	Y	https://www.hymnal.net/Hymns/NewSongs/midi/ns1100.mid https://www.hymnal.net/Hymns/NewSongs/midi/tunes/ns1100_tune.midi
NS1101	123114421112311442122	123114421112311442122	MATCH	ns/1101	Hymn: As We Walk on This Path Full of Unknowns	Y	https://www.hymnal.net/Hymns/NewSongs/midi/ns1101.mid https://www.hymnal.net/Hymns/NewSongs/midi/tunes/ns1101_tune.midi
NS1102	1314153564753	1314153564753	MATCH	ns/1102	Hymn: Overcoming Believers!	Y	https://www.hymnal.net/Hymns/NewSongs/midi/ns1102.mid https://www.hymnal.net/Hymns/NewSongs/midi/tunes/ns1102_tune.midi
NS1103	3145431454321321671	3145431454321321671	MATCH	ns/1103	Hymn: Faith and Love footnote for Titus 3:15	Y	https://www.hymnal.net/Hymns/NewSongs/midi/ns1103.mid https://www.hymnal.net/Hymns/NewSongs/midi/tunes/ns1103_tune.midi
NS1104	3345356566712765	3345356566712765	MATCH	ns/1104	Hymn: Welcome to the Good Land	Y	https://www.hymnal.net/Hymns/NewSongs/midi/ns1104.mid https://www.hymnal.net/Hymns/NewSongs/midi/tunes/ns1104_tune.midi
NS1105	1232131113213432	1232131113213432	MATCH	ns/1105	Hymn: When we contact this Triune God	Y	https://www.hymnal.net/Hymns/NewSongs/midi/ns1105.mid https://www.hymnal.net/Hymns/NewSongs/midi/tunes/ns1105_tune.midi
NS1106	1235335176531	1235335176531	MATCH	ns/1106	Hymn: Again Therefore Jesus Spoke to Them	Y	https://www.hymnal.net/Hymns/NewSongs/midi/ns1106.mid https://www.hymnal.net/Hymns/NewSongs/midi/tunes/ns1106_tune.midi
NS1107	123156561512315343212	123156561512315343212	MATCH	ns/1107	Hymn: And Jehovah Will Roar From Zion	Y	https://www.hymnal.net/Hymns/NewSongs/midi/ns1107.mid https://www.hymnal.net/Hymns/NewSongs/midi/tunes/ns1107_tune.midi
NS1108	55315433435321	55315433435321	MATCH	ns/1108	Hymn: Oh, Jesus Lord I love You	Y	https://www.hymnal.net/Hymns/NewSongs/midi/ns1108.mid https://www.hymnal.net/Hymns/NewSongs/midi/tunes/ns1108_tune.midi
NS1109	1765665527657655	1765665527657655	MATCH	ns/1109	Hymn: In the Divine Economy	Y	https://www.hymnal.net/Hymns/Hymnal/midi/e0807_i.mid https://www.hymnal.net/Hymns/NewSongs/midi/tunes/ns1109_tune.midi
NS111	33354446555344432	33354446555344432	MATCH	ns/111	Hymn: There’s a gospel of today	Y	https://www.hymnal.net/Hymns/NewSongs/midi/ns0111.mid https://www.hymnal.net/Hymns/NewSongs/midi/tunes/ns0111_tune.midi
NS1110	1145434543121117	1145434543121117	MATCH	ns/1110	Hymn: Faith and Love—Four-Part Round	Y	https://www.hymnal.net/Hymns/NewSongs/midi/ns1110.mid https://www.hymnal.net/Hymns/NewSongs/midi/tunes/ns1110_tune.midi
NS1111	55535123161765	55535123161765	MATCH	ns/1111	Hymn: To be baptized, to be baptized in the Spirit	Y	https://www.hymnal.net/Hymns/Hymnal/midi/e0993_i.mid https://www.hymnal.net/Hymns/NewSongs/midi/tunes/ns1111_tune.midi
NS1112	1767716672171	1767716672171	MATCH	ns/1112	Hymn: This Egyptian Sojourning	Y	https://www.hymnal.net/Hymns/NewSongs/midi/ns1112.mid https://www.hymnal.net/Hymns/NewSongs/midi/tunes/ns1112_tune.midi
NS1113	34565314312	34565314312	MATCH	ns/1113	Hymn: Watch therefore!	Y	https://www.hymnal.net/Hymns/NewSongs/midi/ns1113.mid https://www.hymnal.net/Hymns/NewSongs/midi/tunes/ns1113_tune.midi
NS1114	51112311322165	51112311322165	MATCH	ns/1114	Hymn: No Other Kind of Prayer	Y	https://www.hymnal.net/Hymns/NewSongs/midi/ns1114.mid https://www.hymnal.net/Hymns/NewSongs/midi/tunes/ns1114_tune.midi
NS1115	3455565432323	3455565432323	MATCH	ns/1115	Hymn: The One Who’s With Me Till the End	Y	https://www.hymnal.net/Hymns/NewSongs/midi/ns1115.mid https://www.hymnal.net/Hymns/NewSongs/midi/tunes/ns1115_tune.midi
NS1116	11235431223211435	11235431223211435	MATCH	ns/1116	Hymn: It is by Such Faith	Y	https://www.hymnal.net/Hymns/NewSongs/midi/ns1116.mid https://www.hymnal.net/Hymns/NewSongs/midi/tunes/ns1116_tune.midi
NS1117	555544443333334322	555544443333334322	MATCH	ns/1117	Hymn: The Lord’s recovery is to recover Christ	Y	https://www.hymnal.net/Hymns/NewSongs/midi/ns1117.mid https://www.hymnal.net/Hymns/NewSongs/midi/tunes/ns1117_tune.midi
NS1118	533211544325	533211544325	MATCH	ns/1118	Hymn: Ephesians 3:14, 16, 17a	Y	https://www.hymnal.net/Hymns/NewSongs/midi/ns1118.mid https://www.hymnal.net/Hymns/NewSongs/midi/tunes/ns1118_tune.midi
NS1119	133432165535565432	133432165535565432	MATCH	ns/1119	Hymn: Since God is living, His true worshippers	Y	https://www.hymnal.net/Hymns/Hymnal/midi/e0333_i.mid https://www.hymnal.net/Hymns/NewSongs/midi/tunes/ns1119_tune.midi
NS112	334531345432	334531345432	MATCH	ns/112	Hymn: I want to tell You, Lord	Y	https://www.hymnal.net/Hymns/NewSongs/midi/ns0112.mid https://www.hymnal.net/Hymns/NewSongs/midi/tunes/ns0112_tune.midi
NS1120	5111122233321	5111122233321	MATCH	ns/1120	Hymn: Lord, You are my treasure	Y	https://www.hymnal.net/Hymns/NewSongs/midi/ns1120.mid https://www.hymnal.net/Hymns/NewSongs/midi/tunes/ns1120_tune.midi
NS1121	4343323156712	4343323156712	MATCH	ns/1121	Hymn: Such Faith and Love (conclusion)	Y	https://www.hymnal.net/Hymns/NewSongs/midi/ns1121.mid https://www.hymnal.net/Hymns/NewSongs/midi/tunes/ns1121_tune.midi
NS1122	5335544343212	5335544343212	MATCH	ns/1122	Hymn: 2 Peter Bookends	Y	https://www.hymnal.net/Hymns/NewSongs/midi/ns1122.mid https://www.hymnal.net/Hymns/NewSongs/midi/tunes/ns1122_tune.midi
NS1123	165556135656535	165556135656535	MATCH	ns/1123	Hymn: What He is: He’s my Savior	Y	https://www.hymnal.net/Hymns/Hymnal/midi/e1103_i.mid https://www.hymnal.net/Hymns/NewSongs/midi/tunes/ns1123_tune.midi
NS1124	5511215551121	5511215551121	MATCH	ns/1124	Hymn: Journey of Love: Lord, I belong to You	Y	https://www.hymnal.net/Hymns/NewSongs/midi/ns1124.mid https://www.hymnal.net/Hymns/NewSongs/midi/tunes/ns1124_tune.midi
NS1125	5112215111232334551	5112215111232334551	MATCH	ns/1125	Hymn: The path of the righteous (with Daniel 12:3)	Y	https://www.hymnal.net/Hymns/NewSongs/midi/ns1125.mid https://www.hymnal.net/Hymns/NewSongs/midi/tunes/ns1125_tune.midi
NS1126	3366665665562	3366665665562	MATCH	ns/1126	Hymn: It Is a Small Number	Y	https://www.hymnal.net/Hymns/NewSongs/midi/ns1126.mid https://www.hymnal.net/Hymns/NewSongs/midi/tunes/ns1126_tune.midi
NS1127	3321613321161	3321613321161	MATCH	ns/1127	Hymn: Lord, I need You today	Y	https://www.hymnal.net/Hymns/NewSongs/midi/ns1127.mid https://www.hymnal.net/Hymns/NewSongs/midi/tunes/ns1127_tune.midi
NS1128	1233112353234321	1233112353234321	MATCH	ns/1128	Hymn: Tell Him	Y	https://www.hymnal.net/Hymns/NewSongs/midi/ns1128.mid https://www.hymnal.net/Hymns/NewSongs/midi/tunes/ns1128_tune.midi
NS1129	53314433132	53314433132	MATCH	ns/1129	Hymn: A Life That Lives Christ (Forbearance Song)	Y	https://www.hymnal.net/Hymns/NewSongs/midi/ns1129.mid https://www.hymnal.net/Hymns/NewSongs/midi/tunes/ns1129_tune.midi
NS113	3232352343212	3232352343212	MATCH	ns/113	Hymn: Bless me, Lord, with days and nights	Y	https://www.hymnal.net/Hymns/NewSongs/midi/ns0113.mid https://www.hymnal.net/Hymns/NewSongs/midi/tunes/ns0113_tune.midi
NS1130	1512133455544433	1512133455544433	MATCH	ns/1130	Hymn: I Come To Do Your Will	Y	https://www.hymnal.net/Hymns/NewSongs/midi/ns1130.mid https://www.hymnal.net/Hymns/NewSongs/midi/tunes/ns1130_tune.midi
NS1131	3553446535534432	3553446535534432	MATCH	ns/1131	Hymn: Draw me, we will run after Thee	Y	https://www.hymnal.net/Hymns/NewSongs/midi/ns1131.mid https://www.hymnal.net/Hymns/NewSongs/midi/tunes/ns1131_tune.midi
NS1132	5515123314443212	5515123314443212	MATCH	ns/1132	Hymn: When we contact the Triune God	Y	https://www.hymnal.net/Hymns/NewSongs/midi/ns1132.mid https://www.hymnal.net/Hymns/NewSongs/midi/tunes/ns1132_tune.midi
NS1133	1112171111221171	1112171111221171	MATCH	ns/1133	Hymn: Everything to Me	Y	https://www.hymnal.net/Hymns/NewSongs/midi/ns1133.mid https://www.hymnal.net/Hymns/NewSongs/midi/tunes/ns1133_tune.midi
NS1134	353555565511123211762	353555565511123211762	MATCH	ns/1134	Hymn: Grounded and Steadfast (Col. 1:23)	Y	https://www.hymnal.net/Hymns/NewSongs/midi/ns1134.mid https://www.hymnal.net/Hymns/NewSongs/midi/tunes/ns1134_tune.midi
NS1135	33533216355365532	33533216355365532	MATCH	ns/1135	Hymn: I Am the First and the Last (Rev. 1:15-18)	Y	https://www.hymnal.net/Hymns/NewSongs/midi/ns1135.mid https://www.hymnal.net/Hymns/NewSongs/midi/tunes/ns1135_tune.midi
NS1136	15432555434312	15432555434312	MATCH	ns/1136	Hymn: Blessed Be the God and Father of our Lord Jesus Christ	Y	https://www.hymnal.net/Hymns/NewSongs/midi/ns1136.mid https://www.hymnal.net/Hymns/NewSongs/midi/tunes/ns1136_tune.midi
NS1137	77155511155	77155511155	MATCH	ns/1137	Hymn: Go On Today	Y	https://www.hymnal.net/Hymns/NewSongs/midi/ns1137.mid https://www.hymnal.net/Hymns/NewSongs/midi/tunes/ns1137_tune.midi
NS1138	1751755666666665	1751755666666665	MATCH	ns/1138	Hymn: These Are Those Who Come Out (Rev. 7:14-15, 17)	Y	https://www.hymnal.net/Hymns/NewSongs/midi/ns1138.mid https://www.hymnal.net/Hymns/NewSongs/midi/tunes/ns1138_tune.midi
NS1139	3455345117675	3455345117675	MATCH	ns/1139	Hymn: Let Us Therefore Keep the Feast (1 Cor. 5:8)	Y	https://www.hymnal.net/Hymns/NewSongs/midi/ns1139.mid https://www.hymnal.net/Hymns/NewSongs/midi/tunes/ns1139_tune.midi
NS114	5555555555432	5555555555432	MATCH	ns/114	Hymn: Nothing’s quite so precious	Y	https://www.hymnal.net/Hymns/NewSongs/midi/ns0114.mid https://www.hymnal.net/Hymns/NewSongs/midi/tunes/ns0114_tune.midi
NS1140	11212311237	11212311237	MATCH	ns/1140	Hymn: Lord, I am a Lily	Y	https://www.hymnal.net/Hymns/NewSongs/midi/ns1140.mid https://www.hymnal.net/Hymns/NewSongs/midi/tunes/ns1140_tune.midi
NS1141	32353221712337	32353221712337	MATCH	ns/1141	Hymn: Here we have God’s presence dear	Y	https://www.hymnal.net/Hymns/NewSongs/midi/ns1141.mid https://www.hymnal.net/Hymns/NewSongs/midi/tunes/ns1141_tune.midi
NS1142	5152712317617125	5152712317617125	MATCH	ns/1142	Hymn: The marriage of the Lamb draws nigh	Y	https://www.hymnal.net/Hymns/NewSongs/midi/ns1142.mid https://www.hymnal.net/Hymns/NewSongs/midi/tunes/ns1142_tune.midi
NS1143	53217172666511217	53217172666511217	MATCH	ns/1143	Hymn: Receive the Helmet of Salvation (Eph. 6:17-18)	Y	https://www.hymnal.net/Hymns/NewSongs/midi/ns1143.mid https://www.hymnal.net/Hymns/NewSongs/midi/tunes/ns1143_tune.midi
NS1144	1235232111235232	1235232111235232	MATCH	ns/1144	Hymn: Lovely Jesus, perfect God-man	Y	https://www.hymnal.net/Hymns/NewSongs/midi/ns1144.mid https://www.hymnal.net/Hymns/NewSongs/midi/tunes/ns1144_tune.midi
NS1145	5321233443213565653	5321233443213565653	MATCH	ns/1145	Hymn: You Were Redeemed (1 Pet. 1:18-21)	Y	https://www.hymnal.net/Hymns/NewSongs/midi/ns1145.mid https://www.hymnal.net/Hymns/NewSongs/midi/tunes/ns1145_tune.midi
NS1146	1555632135555633214	1555632135555633214	MATCH	ns/1146	Hymn: The Kingdom of Our Lord (Rev. 11:15, 17-18)	Y	https://www.hymnal.net/Hymns/NewSongs/midi/ns1146.mid https://www.hymnal.net/Hymns/NewSongs/midi/tunes/ns1146_tune.midi
NS1147	1132177217161765356	1132177217161765356	MATCH	ns/1147	Hymn: But We See Jesus (Heb. 2:9-11)	Y	https://www.hymnal.net/Hymns/NewSongs/midi/ns1147.mid https://www.hymnal.net/Hymns/NewSongs/midi/tunes/ns1147_tune.midi
NS1148	13142553566545	13142553566545	MATCH	ns/1148	Hymn: Be Reconciled!	Y	https://www.hymnal.net/Hymns/NewSongs/midi/ns1148.mid https://www.hymnal.net/Hymns/NewSongs/midi/tunes/ns1148_tune.midi
NS1149	35111535111	35111535111	MATCH	ns/1149	Hymn: Have you started your vital group?	Y	https://www.hymnal.net/Hymns/NewSongs/midi/ns1149.mid https://www.hymnal.net/Hymns/NewSongs/midi/tunes/ns1149_tune.midi
NS115	53321544432	53321544432	MATCH	ns/115	Hymn: Good morning, Lord Jesus	Y	https://www.hymnal.net/Hymns/NewSongs/midi/ns0115.mid https://www.hymnal.net/Hymns/NewSongs/midi/tunes/ns0115_tune.midi
NS1150	321761651353212	321761651353212	MATCH	ns/1150	Hymn: A Life of Laboring for the Kingdom	Y	https://www.hymnal.net/Hymns/Hymnal/midi/e0437_i.mid https://www.hymnal.net/Hymns/NewSongs/midi/tunes/ns1150_tune.midi
NS1151	123211553217123	123211553217123	MATCH	ns/1151	Hymn: Like a lily in sun’s warm light	Y	https://www.hymnal.net/Hymns/NewSongs/midi/ns1151.mid https://www.hymnal.net/Hymns/NewSongs/midi/tunes/ns1151_tune.midi
NS1152	15656121565612	15656121565612	MATCH	ns/1152	Hymn: What Shall We Say? (Rom. 6:1-4a)	Y	https://www.hymnal.net/Hymns/NewSongs/midi/ns1152.mid https://www.hymnal.net/Hymns/NewSongs/midi/tunes/ns1152_tune.midi
NS1153	1112165111121711	1112165111121711	MATCH	ns/1153	Hymn: Your Preciousness, O Lord I See	Y	https://www.hymnal.net/Hymns/NewSongs/midi/ns1153.mid https://www.hymnal.net/Hymns/NewSongs/midi/tunes/ns1153_tune.midi
NS1154	34522113212321612	34522113212321612	MATCH	ns/1154	Hymn: Our Response to the Lord	Y	https://www.hymnal.net/Hymns/NewSongs/midi/ns1154.mid https://www.hymnal.net/Hymns/NewSongs/midi/tunes/ns1154_tune.midi
NS1155	321761651353212	321761651353212	MATCH	ns/1155	Hymn: Loving Christ for the Kingdom Reward	Y	https://www.hymnal.net/Hymns/Hymnal/midi/e0437_i.mid https://www.hymnal.net/Hymns/NewSongs/midi/tunes/ns1155_tune.midi
NS1156	1233312532111651	1233312532111651	MATCH	ns/1156	Hymn: Blending is the Way	Y	https://www.hymnal.net/Hymns/NewSongs/midi/ns1156.mid https://www.hymnal.net/Hymns/NewSongs/midi/tunes/ns1156_tune.midi
NS1157	5533151321766153212	5533151321766153212	MATCH	ns/1157	Hymn: Whom do I have? (Psa. 73:25; 27:4)	Y	https://www.hymnal.net/Hymns/NewSongs/midi/ns1157.mid https://www.hymnal.net/Hymns/NewSongs/midi/tunes/ns1157_tune.midi
NS1158	112155567165	112155567165	MATCH	ns/1158	Hymn: Abba, Our Father	Y	https://www.hymnal.net/Hymns/NewSongs/midi/ns1158.mid https://www.hymnal.net/Hymns/NewSongs/midi/tunes/ns1158_tune.midi
NS1159	53344315132	53344315132	MATCH	ns/1159	Hymn: In order that the blessing (Gal. 3:14, 16)	Y	https://www.hymnal.net/Hymns/NewSongs/midi/ns1159.mid https://www.hymnal.net/Hymns/NewSongs/midi/tunes/ns1159_tune.midi
NS116	112321132	112321132	MATCH	ns/116	Hymn: Lord, I give myself to You right now	Y	https://www.hymnal.net/Hymns/NewSongs/midi/ns0116.mid https://www.hymnal.net/Hymns/NewSongs/midi/tunes/ns0116_tune.midi
NS1160	35432155511712	35432155511712	MATCH	ns/1160	Hymn: For Men Swear by the Greater (Heb. 6:16-20a)	Y	
NS1161	3553563323215	3553563323215	MATCH	ns/1161	Hymn: Our Old Man Has Been Crucified (Rom. 6:6-7)	Y	
NS117	5171212314443132	5171212314443132	MATCH	ns/117	Hymn: I’m thankful that God has placed me	Y	https://www.hymnal.net/Hymns/NewSongs/midi/ns0117.mid https://www.hymnal.net/Hymns/NewSongs/midi/tunes/ns0117_tune.midi
NS118	54312351234562	54312351234562	MATCH	ns/118	Hymn: Jesus Lord, You’re our first love	Y	https://www.hymnal.net/Hymns/NewSongs/midi/ns0118.mid https://www.hymnal.net/Hymns/NewSongs/midi/tunes/ns0118_tune.midi
NS119	55353322353223465443323	55353322353223465443323	MATCH	ns/119	Hymn: There is a song within me	Y	https://www.hymnal.net/Hymns/NewSongs/midi/ns0119.mid https://www.hymnal.net/Hymns/NewSongs/midi/tunes/ns0119_tune.midi
NS12	5333234275111712	5333234275111712	MATCH	ns/12	Hymn: Father, I know that all my life	Y	https://www.hymnal.net/Hymns/Hymnal/midi/e0661_i.mid https://www.hymnal.net/Hymns/NewSongs/midi/tunes/ns0012_tune.midi
NS120	334532161234543432	334532161234543432	MATCH	ns/120	Hymn: Seek ye first	Y	https://www.hymnal.net/Hymns/NewSongs/midi/ns0120.mid https://www.hymnal.net/Hymns/NewSongs/midi/tunes/ns0120_tune.midi
NS121	53123454321431	53123454321431	MATCH	ns/121	Hymn: Draw me, Lord	Y	https://www.hymnal.net/Hymns/NewSongs/midi/ns0121.mid https://www.hymnal.net/Hymns/NewSongs/midi/tunes/ns0121_tune.midi
NS122	32345644474445653	32345644474445653	MATCH	ns/122	Hymn: When I’m with the saints	Y	https://www.hymnal.net/Hymns/NewSongs/midi/ns0122.mid https://www.hymnal.net/Hymns/NewSongs/midi/tunes/ns0122_tune.midi
NS123	521152115566715	521152115566715	MATCH	ns/123	Hymn: Abide in Me, and I in you	Y	https://www.hymnal.net/Hymns/NewSongs/midi/ns0123.mid https://www.hymnal.net/Hymns/NewSongs/midi/tunes/ns0123_tune.midi
NS124	3333213333217	3333213333217	MATCH	ns/124	Hymn: Calling, O Lord Jesus	Y	https://www.hymnal.net/Hymns/NewSongs/midi/ns0124.mid https://www.hymnal.net/Hymns/NewSongs/midi/tunes/ns0124_tune.midi
NS125	511223432	511223432	MATCH	ns/125	Hymn: Go on, go on	Y	https://www.hymnal.net/Hymns/NewSongs/midi/ns0125.mid https://www.hymnal.net/Hymns/NewSongs/midi/tunes/ns0125_tune.midi
NS126	35632112132	35632112132	MATCH	ns/126	Hymn: Therefore being justified by faith	Y	https://www.hymnal.net/Hymns/NewSongs/midi/ns0126.mid https://www.hymnal.net/Hymns/NewSongs/midi/tunes/ns0126_tune.midi
NS127	1232211777711	1232211777711	MATCH	ns/127	Hymn: He grew up like a tender plant	Y	https://www.hymnal.net/Hymns/NewSongs/midi/ns0127.mid https://www.hymnal.net/Hymns/NewSongs/midi/tunes/ns0127_tune.midi
NS128	13564243	13564243	MATCH	ns/128	Hymn: Draw me, dear Lord, with Your beauty	Y	https://www.hymnal.net/Hymns/NewSongs/midi/ns0128.mid https://www.hymnal.net/Hymns/NewSongs/midi/tunes/ns0128_tune.midi
NS129	123531345432	123531345432	MATCH	ns/129	Hymn: Lord, You are Beloved	Y	https://www.hymnal.net/Hymns/NewSongs/midi/ns0129.mid https://www.hymnal.net/Hymns/NewSongs/midi/tunes/ns0129_tune.midi
NS13	5365671765	5365671765	MATCH	ns/13	Hymn: New Jerusalem: the Highest Point of the Apostles’ Livi	Y	https://www.hymnal.net/Hymns/NewSongs/midi/ns0013.mid https://www.hymnal.net/Hymns/NewSongs/midi/tunes/ns0013_tune.midi
NS130	53321123442777	53321123442777	MATCH	ns/130	Hymn: Lord, how I thank You	Y	https://www.hymnal.net/Hymns/NewSongs/midi/ns0130.mid https://www.hymnal.net/Hymns/NewSongs/midi/tunes/ns0130_tune.midi
NS131	332356113	332356113	MATCH	ns/131	Hymn: I’m gonna praise God unceasingly	Y	https://www.hymnal.net/Hymns/NewSongs/midi/ns0131.mid https://www.hymnal.net/Hymns/NewSongs/midi/tunes/ns0131_tune.midi
NS132	1123236544321232	1123236544321232	MATCH	ns/132	Hymn: The new covenant ministers	Y	https://www.hymnal.net/Hymns/NewSongs/midi/ns0132.mid https://www.hymnal.net/Hymns/NewSongs/midi/tunes/ns0132_tune.midi
NS133	5532113432176	5532113432176	MATCH	ns/133	Hymn: I Love My Master	Y	https://www.hymnal.net/Hymns/NewSongs/midi/ns0133.mid https://www.hymnal.net/Hymns/NewSongs/midi/tunes/ns0133_tune.midi
NS134	55555361111165	55555361111165	MATCH	ns/134	Hymn: A higher view	Y	https://www.hymnal.net/Hymns/NewSongs/midi/ns0134.mid https://www.hymnal.net/Hymns/NewSongs/midi/tunes/ns0134_tune.midi
NS135	33212344532	33212344532	MATCH	ns/135	Hymn: Thank You, Lord Jesus, for dying for me	Y	https://www.hymnal.net/Hymns/NewSongs/midi/ns0135.mid https://www.hymnal.net/Hymns/NewSongs/midi/tunes/ns0135_tune.midi
NS136	5515567155543432	5515567155543432	MATCH	ns/136	Hymn: I’m a sinner without one plea	Y	https://www.hymnal.net/Hymns/NewSongs/midi/ns0136.mid https://www.hymnal.net/Hymns/NewSongs/midi/tunes/ns0136_tune.midi
NS137	611555432171217123	611555432171217123	MATCH	ns/137	Hymn: I am baptized	Y	https://www.hymnal.net/Hymns/NewSongs/midi/ns0137.mid https://www.hymnal.net/Hymns/NewSongs/midi/tunes/ns0137_tune.midi
NS138	3334321111122	3334321111122	MATCH	ns/138	Hymn: What things were gains to me	Y	https://www.hymnal.net/Hymns/NewSongs/midi/ns0138.mid https://www.hymnal.net/Hymns/NewSongs/midi/tunes/ns0138_tune.midi
NS139	1355656565	1355656565	MATCH	ns/139	Hymn: I thought I knew You	Y	https://www.hymnal.net/Hymns/NewSongs/midi/ns0139.mid https://www.hymnal.net/Hymns/NewSongs/midi/tunes/ns0139_tune.midi
NS14	34332115176143342	34332115176143342	MATCH	ns/14	Hymn: I am crucified with Christ (New Zealand)	Y	https://www.hymnal.net/Hymns/NewSongs/midi/ns0014.mid https://www.hymnal.net/Hymns/NewSongs/midi/tunes/ns0014_tune.midi
NS140	1233321222	1233321222	MATCH	ns/140	Hymn: Lord, I am only Yours alone	Y	https://www.hymnal.net/Hymns/Hymnal/midi/e0510_i.mid https://www.hymnal.net/Hymns/NewSongs/midi/tunes/ns0140_tune.midi
NS141	5555321355665275	5555321355665275	MATCH	ns/141	Hymn: O glorious divine love	Y	https://www.hymnal.net/Hymns/NewSongs/midi/ns0141.mid https://www.hymnal.net/Hymns/NewSongs/midi/tunes/ns0141_tune.midi
NS142	332162333212	332162333212	MATCH	ns/142	Hymn: In nothing be anxious	Y	https://www.hymnal.net/Hymns/NewSongs/midi/ns0142.mid https://www.hymnal.net/Hymns/NewSongs/midi/tunes/ns0142_tune.midi
NS143	511211112216	511211112216	MATCH	ns/143	Hymn: To You, dear Lord	Y	https://www.hymnal.net/Hymns/NewSongs/midi/ns0143.mid https://www.hymnal.net/Hymns/NewSongs/midi/tunes/ns0143_tune.midi
NS144	53333156121	53333156121	MATCH	ns/144	Hymn: Our spirit is our organ to receive God	Y	https://www.hymnal.net/Hymns/NewSongs/midi/ns0144.mid https://www.hymnal.net/Hymns/NewSongs/midi/tunes/ns0144_tune.midi
NS145	34555566665	34555566665	MATCH	ns/145	Hymn: In my spirit, I can see You as You are	Y	https://www.hymnal.net/Hymns/NewSongs/midi/ns0145.mid https://www.hymnal.net/Hymns/NewSongs/midi/tunes/ns0145_tune.midi
NS146	555564443455352	555564443455352	MATCH	ns/146	Hymn: He who sows unto his own flesh	Y	https://www.hymnal.net/Hymns/NewSongs/midi/ns0146.mid https://www.hymnal.net/Hymns/NewSongs/midi/tunes/ns0146_tune.midi
NS147	533321712	533321712	MATCH	ns/147	Hymn: Our history	Y	https://www.hymnal.net/Hymns/NewSongs/midi/ns0147.mid https://www.hymnal.net/Hymns/NewSongs/midi/tunes/ns0147_tune.midi
NS148	323164432712	323164432712	MATCH	ns/148	Hymn: Just to behold You	Y	https://www.hymnal.net/Hymns/NewSongs/midi/ns0148.mid https://www.hymnal.net/Hymns/NewSongs/midi/tunes/ns0148_tune.midi
NS149	11653123334321	11653123334321	MATCH	ns/149	Hymn: Christ has come to be life	Y	https://www.hymnal.net/Hymns/NewSongs/midi/ns0149.mid https://www.hymnal.net/Hymns/NewSongs/midi/tunes/ns0149_tune.midi
NS15	123432321121	123432321121	MATCH	ns/15	Hymn: I am crucified with Christ (U.S.A.)	Y	https://www.hymnal.net/Hymns/NewSongs/midi/ns0015.mid https://www.hymnal.net/Hymns/NewSongs/midi/tunes/ns0015_tune.midi
NS150	3211177666533212	3211177666533212	MATCH	ns/150	Hymn: Secret to be content	Y	https://www.hymnal.net/Hymns/NewSongs/midi/ns0150.mid https://www.hymnal.net/Hymns/NewSongs/midi/tunes/ns0150_tune.midi
NS151	1123546721	1123546721	MATCH	ns/151	Hymn: What miracle! What mystery!	Y	https://www.hymnal.net/Hymns/Hymnal/midi/e0296_i.mid https://www.hymnal.net/Hymns/NewSongs/midi/tunes/ns0151_tune.midi
NS152	123333455434	123333455434	MATCH	ns/152	Hymn: O Lord, You have from days of eternity	Y	https://www.hymnal.net/Hymns/NewSongs/midi/ns0152.mid https://www.hymnal.net/Hymns/NewSongs/midi/tunes/ns0152_tune.midi
NS153	533355443222432	533355443222432	MATCH	ns/153	Hymn: Thy word is sweet unto my taste	Y	https://www.hymnal.net/Hymns/NewSongs/midi/ns0153.mid https://www.hymnal.net/Hymns/NewSongs/midi/tunes/ns0153_tune.midi
NS154	51612165561612321	51612165561612321	MATCH	ns/154	Hymn: God’s love: long, broad, high, and deep	Y	https://www.hymnal.net/Hymns/NewSongs/midi/ns0154.mid https://www.hymnal.net/Hymns/NewSongs/midi/tunes/ns0154_tune.midi
NS155	13555653555653	13555653555653	MATCH	ns/155	Hymn: Let the Word of Christ dwell in you	Y	https://www.hymnal.net/Hymns/NewSongs/midi/ns0155.mid https://www.hymnal.net/Hymns/NewSongs/midi/tunes/ns0155_tune.midi
NS156	12351236	123511236	DIFF	ns/156	Hymn: Lord, I love You, I desire You	Y	https://www.hymnal.net/Hymns/NewSongs/midi/ns0156.mid https://www.hymnal.net/Hymns/NewSongs/midi/tunes/ns0156_tune.midi
NS157	543351553321	543351553321	MATCH	ns/157	Hymn: Here a Little, There a Little	Y	https://www.hymnal.net/Hymns/NewSongs/midi/ns0157.mid https://www.hymnal.net/Hymns/NewSongs/midi/tunes/ns0157_tune.midi
NS158	32135321635	32135321635	MATCH	ns/158	Hymn: Immersed in Thy love	Y	https://www.hymnal.net/Hymns/NewSongs/midi/ns0158.mid https://www.hymnal.net/Hymns/NewSongs/midi/tunes/ns0158_tune.midi
NS159	1235565465	1235565465	MATCH	ns/159	Hymn: The Issue of Christ being Glorified by the Father with	Y	https://www.hymnal.net/Hymns/NewSongs/midi/ns0159.mid https://www.hymnal.net/Hymns/NewSongs/midi/tunes/ns0159_tune.midi
NS16	511231616511232	511231616511232	MATCH	ns/16	Hymn: It’s no longer I that liveth	Y	https://www.hymnal.net/Hymns/NewSongs/midi/ns0016.mid https://www.hymnal.net/Hymns/NewSongs/midi/tunes/ns0016_tune.midi
NS160	16551235516551231	16551235516551231	MATCH	ns/160	Hymn: Give Yourself to Love the Lord	Y	https://www.hymnal.net/Hymns/NewSongs/midi/ns0160.mid https://www.hymnal.net/Hymns/NewSongs/midi/tunes/ns0160_tune.midi
NS161	113311322344543	113311322344543	MATCH	ns/161	Hymn: I’ve found the One who’s all to me	Y	https://www.hymnal.net/Hymns/NewSongs/midi/ns0161.mid https://www.hymnal.net/Hymns/NewSongs/midi/tunes/ns0161_tune.midi
NS162	33321432122222174321	33321432122222174321	MATCH	ns/162	Hymn: Christ is everything, I need Him	Y	https://www.hymnal.net/Hymns/NewSongs/midi/ns0162.mid https://www.hymnal.net/Hymns/NewSongs/midi/tunes/ns0162_tune.midi
NS163	11332132123216	11332132123216	MATCH	ns/163	Hymn: If you wish to find the Lord	Y	https://www.hymnal.net/Hymns/NewSongs/midi/ns0163.mid https://www.hymnal.net/Hymns/NewSongs/midi/tunes/ns0163_tune.midi
NS164	3453231533216332	3453231533216332	MATCH	ns/164	Hymn: Do you know what you were made for	Y	
NS165	71232623221715	71232623221715	MATCH	ns/165	Hymn: I just existed empty	Y	
NS166	533455345432	533455345432	MATCH	ns/166	Hymn: Fallen, in her condition	Y	https://www.hymnal.net/Hymns/NewSongs/midi/ns0166.mid https://www.hymnal.net/Hymns/NewSongs/midi/tunes/ns0166_tune.midi
NS167	3335321333353212	3335321333353212	MATCH	ns/167	Hymn: I always knew deep down in me	Y	
NS168	11311113321165	11311113321165	MATCH	ns/168	Hymn: From the time I spoke Your name	Y	https://www.hymnal.net/Hymns/NewSongs/midi/ns0168.mid https://www.hymnal.net/Hymns/NewSongs/midi/tunes/ns0168_tune.midi
NS169	333212567111765	333212567111765	MATCH	ns/169	Hymn: Morning dawn had arisen	Y	https://www.hymnal.net/Hymns/NewSongs/midi/ns0169.mid https://www.hymnal.net/Hymns/NewSongs/midi/tunes/ns0169_tune.midi
NS17	332221123332224311	332221123332224311	MATCH	ns/17	Hymn: It’s so easy to love the Lord	Y	https://www.hymnal.net/Hymns/NewSongs/midi/ns0017.mid https://www.hymnal.net/Hymns/NewSongs/midi/tunes/ns0017_tune.midi
NS170	55654535565453	55654535565453	MATCH	ns/170	Hymn: Everybody ought to know	Y	https://www.hymnal.net/Hymns/NewSongs/midi/ns0170.mid https://www.hymnal.net/Hymns/NewSongs/midi/tunes/ns0170_tune.midi
NS171	33321423332167	33321423332167	MATCH	ns/171	Hymn: I’m a beggar ’cause... I’m blind	Y	https://www.hymnal.net/Hymns/NewSongs/midi/ns0171.mid https://www.hymnal.net/Hymns/NewSongs/midi/tunes/ns0171_tune.midi
NS172	5321512356541456	5321512356541456	MATCH	ns/172	Hymn: I had a debt I could not pay	Y	https://www.hymnal.net/Hymns/NewSongs/midi/ns0172.mid https://www.hymnal.net/Hymns/NewSongs/midi/tunes/ns0172_tune.midi
NS173	511117775566656	511117775566656	MATCH	ns/173	Hymn: The faith is the economy	Y	https://www.hymnal.net/Hymns/NewSongs/midi/ns0173.mid https://www.hymnal.net/Hymns/NewSongs/midi/tunes/ns0173_tune.midi
NS174	135154312113515	135154312113515	MATCH	ns/174	Hymn: Victory through Christ’s resurrection	Y	https://www.hymnal.net/Hymns/NewSongs/midi/ns0174.mid https://www.hymnal.net/Hymns/NewSongs/midi/tunes/ns0174_tune.midi
NS175	33432165443234322	33432165443234322	MATCH	ns/175	Hymn: Lord, there’s always been one person	Y	https://www.hymnal.net/Hymns/NewSongs/midi/ns0175.mid https://www.hymnal.net/Hymns/NewSongs/midi/tunes/ns0175_tune.midi
NS176	555123533214	555123533214	MATCH	ns/176	Hymn: Oh listen to a story of abounding grace	Y	https://www.hymnal.net/Hymns/NewSongs/midi/ns0176.mid https://www.hymnal.net/Hymns/NewSongs/midi/tunes/ns0176_tune.midi
NS177	5555671661617	5555671661617	MATCH	ns/177	Hymn: The Triune God and the Person	Y	https://www.hymnal.net/Hymns/NewSongs/midi/ns0177.mid https://www.hymnal.net/Hymns/NewSongs/midi/tunes/ns0177_tune.midi
NS178	1351227656765	1351227656765	MATCH	ns/178	Hymn: Born of my father, descended from Adam	Y	https://www.hymnal.net/Hymns/NewSongs/midi/ns0178.mid https://www.hymnal.net/Hymns/NewSongs/midi/tunes/ns0178_tune.midi
NS179	53234532171432	53234532171432	MATCH	ns/179	Hymn: Recall how David swore (Adapted)	Y	https://www.hymnal.net/Hymns/Hymnal/midi/e1248_i.mid https://www.hymnal.net/Hymns/NewSongs/midi/tunes/ns0179_tune.midi
NS18	12333212344432	12333212344432	MATCH	ns/18	Hymn: Jehovah is my Shepherd	Y	https://www.hymnal.net/Hymns/NewSongs/midi/ns0018.mid https://www.hymnal.net/Hymns/NewSongs/midi/tunes/ns0018_tune.midi
NS180	32123275551176753	32123275551176753	MATCH	ns/180	Hymn: God’s eternal economy	Y	https://www.hymnal.net/Hymns/NewSongs/midi/ns0180.mid https://www.hymnal.net/Hymns/NewSongs/midi/tunes/ns0180_tune.midi
NS181	55555554432	55555554432	MATCH	ns/181	Hymn: God’s economy and His eternal plan	Y	https://www.hymnal.net/Hymns/NewSongs/midi/ns0181.mid https://www.hymnal.net/Hymns/NewSongs/midi/tunes/ns0181_tune.midi
NS182	5323432123434565	5323432123434565	MATCH	ns/182	Hymn: Christ is our light, our food, our air	Y	https://www.hymnal.net/Hymns/NewSongs/midi/ns0182.mid https://www.hymnal.net/Hymns/NewSongs/midi/tunes/ns0182_tune.midi
NS183	111217675333432112	111217675333432112	MATCH	ns/183	Hymn: Christ is a genuine man	Y	https://www.hymnal.net/Hymns/NewSongs/midi/ns0183.mid https://www.hymnal.net/Hymns/NewSongs/midi/tunes/ns0183_tune.midi
NS184	5511712555221715	5511712555221715	MATCH	ns/184	Hymn: To be baptized in the Spirit	Y	https://www.hymnal.net/Hymns/NewSongs/midi/ns0184.mid https://www.hymnal.net/Hymns/NewSongs/midi/tunes/ns0184_tune.midi
NS185	51111122333321	51111122333321	MATCH	ns/185	Hymn: The spirit of the prophet	Y	https://www.hymnal.net/Hymns/NewSongs/midi/ns0185.mid https://www.hymnal.net/Hymns/NewSongs/midi/tunes/ns0185_tune.midi
NS186	1117777666777666653	1117777666777666653	MATCH	ns/186	Hymn: Now the Lord is the Spirit—that’s how	Y	https://www.hymnal.net/Hymns/NewSongs/midi/ns0186.mid https://www.hymnal.net/Hymns/NewSongs/midi/tunes/ns0186_tune.midi
NS187	5321511176712	5321511176712	MATCH	ns/187	Hymn: Turn to your spirit, where the Spirit of Jesus is	Y	https://www.hymnal.net/Hymns/NewSongs/midi/ns0187.mid https://www.hymnal.net/Hymns/NewSongs/midi/tunes/ns0187_tune.midi
NS188	123333432311122123	123333432311122123	MATCH	ns/188	Hymn: It’s the life, life, life	Y	https://www.hymnal.net/Hymns/NewSongs/midi/ns0188.mid https://www.hymnal.net/Hymns/NewSongs/midi/tunes/ns0188_tune.midi
NS189	123343232313455654665	123343232313455654665	MATCH	ns/189	Hymn: The issue of the third fall of man	Y	
NS19	336617665671132117	336617665671132117	MATCH	ns/19	Hymn: Let me love and not be requited	Y	https://www.hymnal.net/Hymns/NewSongs/midi/ns0019.mid https://www.hymnal.net/Hymns/NewSongs/midi/tunes/ns0019_tune.midi
NS190	1113565313343323221723	1113565313343323221723	MATCH	ns/190	Hymn: I want to be filled with the Triune God	Y	https://www.hymnal.net/Hymns/NewSongs/midi/ns0190.mid https://www.hymnal.net/Hymns/NewSongs/midi/tunes/ns0190_tune.midi
NS191	532355323	532355323	MATCH	ns/191	Hymn: If you are hungry, come to the feast	Y	https://www.hymnal.net/Hymns/NewSongs/midi/ns0191.mid https://www.hymnal.net/Hymns/NewSongs/midi/tunes/ns0191_tune.midi
NS192	3332121656535	3332121656535	MATCH	ns/192	Hymn: Some, these days, would tell us that our Jesus is not 	Y	https://www.hymnal.net/Hymns/NewSongs/midi/ns0192.mid https://www.hymnal.net/Hymns/NewSongs/midi/tunes/ns0192_tune.midi
NS193	123354323217	123354323217	MATCH	ns/193	Hymn: It is God’s commandment and it is His desire	Y	https://www.hymnal.net/Hymns/NewSongs/midi/ns0193.mid https://www.hymnal.net/Hymns/NewSongs/midi/tunes/ns0193_tune.midi
NS194	115543231115535	115543231115535	MATCH	ns/194	Hymn: Lord, You are the living spring	Y	https://www.hymnal.net/Hymns/NewSongs/midi/ns0194.mid https://www.hymnal.net/Hymns/NewSongs/midi/tunes/ns0194_tune.midi
NS195	53215553216	53215553216	MATCH	ns/195	Hymn: Breathing in the Lord	Y	
NS197	337173634342	337173634342	MATCH	ns/197	Hymn: Lord, You are my only goal	Y	https://www.hymnal.net/Hymns/NewSongs/midi/ns0197.mid https://www.hymnal.net/Hymns/NewSongs/midi/tunes/ns0197_tune.midi
NS198	345555543444432	345555543444432	MATCH	ns/198	Hymn: It is not a message that I’ve heard	Y	https://www.hymnal.net/Hymns/NewSongs/midi/ns0198.mid https://www.hymnal.net/Hymns/NewSongs/midi/tunes/ns0198_tune.midi
NS199	34566671255356	34566671255356	MATCH	ns/199	Hymn: Nearer each day	Y	https://www.hymnal.net/Hymns/NewSongs/midi/ns0199.mid https://www.hymnal.net/Hymns/NewSongs/midi/tunes/ns0199_tune.midi
NS2	533334345543	533334345543	MATCH	ns/2	Hymn: Christ in Leviticus	Y	https://www.hymnal.net/Hymns/NewSongs/midi/ns0002.mid https://www.hymnal.net/Hymns/NewSongs/midi/tunes/ns0002_tune.midi
NS20	556133343132	556133343132	MATCH	ns/20	Hymn: Lord, I still love You	Y	https://www.hymnal.net/Hymns/LongBeach/midi/lb12.mid https://www.hymnal.net/Hymns/NewSongs/midi/tunes/ns0020_tune.midi
NS200	3521543334565	3521543334565	MATCH	ns/200	Hymn: Jesus Lord, Jesus Lord	Y	https://www.hymnal.net/Hymns/NewSongs/midi/ns0200.mid https://www.hymnal.net/Hymns/NewSongs/midi/tunes/ns0200_tune.midi
NS201	561333333217	561333333217	MATCH	ns/201	Hymn: I just keep calling, O Lord	Y	https://www.hymnal.net/Hymns/NewSongs/midi/ns0201.mid https://www.hymnal.net/Hymns/NewSongs/midi/tunes/ns0201_tune.midi
NS202	51236543253156432	51236543253156432	MATCH	ns/202	Hymn: Lord, I love You, Lord, I need You	Y	https://www.hymnal.net/Hymns/NewSongs/midi/ns0202.mid https://www.hymnal.net/Hymns/NewSongs/midi/tunes/ns0202_tune.midi
NS203	3321756651234321767	3321756651234321767	MATCH	ns/203	Hymn: Lord, I have the life	Y	https://www.hymnal.net/Hymns/NewSongs/midi/ns0203.mid https://www.hymnal.net/Hymns/NewSongs/midi/tunes/ns0203_tune.midi
NS204	112316561221212235	112316561221212235	MATCH	ns/204	Hymn: When all around my sky is falling	Y	https://www.hymnal.net/Hymns/NewSongs/midi/ns0204.mid https://www.hymnal.net/Hymns/NewSongs/midi/tunes/ns0204_tune.midi
NS205	55554323333217	55554323333217	MATCH	ns/205	Hymn: Nothing can content me more	Y	https://www.hymnal.net/Hymns/NewSongs/midi/ns0205.mid https://www.hymnal.net/Hymns/NewSongs/midi/tunes/ns0205_tune.midi
NS206	554334556434	554334556434	MATCH	ns/206	Hymn: Lord, do unveil	Y	https://www.hymnal.net/Hymns/NewSongs/midi/ns0209.mid https://www.hymnal.net/Hymns/NewSongs/midi/tunes/ns0206_tune.midi
NS207	333321222222171	333321222222171	MATCH	ns/207	Hymn: Every new day’s a new start	Y	https://www.hymnal.net/Hymns/NewSongs/midi/ns0207.mid https://www.hymnal.net/Hymns/NewSongs/midi/tunes/ns0207_tune.midi
NS208	5533321135535	5533321135535	MATCH	ns/208	Hymn: There are three kinds of life in our existence today	Y	https://www.hymnal.net/Hymns/Hymnal/midi/e1194_i.mid https://www.hymnal.net/Hymns/NewSongs/midi/tunes/ns0208_tune.midi
NS209	554334556434	554334556434	MATCH	ns/209	Hymn: Lord, now I see	Y	https://www.hymnal.net/Hymns/NewSongs/midi/ns0209.mid https://www.hymnal.net/Hymns/NewSongs/midi/tunes/ns0209_tune.midi
NS21	55323216	55323216	MATCH	ns/21	Hymn: Our hearts, Lord, now You fully own	n	https://www.hymnal.net/Hymns/NewSongs/midi/ns0021.mid https://www.hymnal.net/Hymns/NewSongs/midi/tunes/ns0021_tune.midi
NS210	333333421666565	333333421666565	MATCH	ns/210	Hymn: He understands you thoroughly	Y	https://www.hymnal.net/Hymns/NewSongs/midi/ns0210.mid https://www.hymnal.net/Hymns/NewSongs/midi/tunes/ns0210_tune.midi
NS211	1234346511645	1234346511645	MATCH	ns/211	Hymn: Consecration: To Become the Testimony of Jesus	Y	https://www.hymnal.net/Hymns/NewSongs/midi/ns0211.mid https://www.hymnal.net/Hymns/NewSongs/midi/tunes/ns0211_tune.midi
NS212	53153156555	53153156555	MATCH	ns/212	Hymn: Each time in the morning	Y	https://www.hymnal.net/Hymns/NewSongs/midi/ns0212.mid https://www.hymnal.net/Hymns/NewSongs/midi/tunes/ns0212_tune.midi
NS213	3221561171232	3221561171232	MATCH	ns/213	Hymn: Reading the Bible	Y	https://www.hymnal.net/Hymns/NewSongs/midi/ns0213.mid https://www.hymnal.net/Hymns/NewSongs/midi/tunes/ns0213_tune.midi
NS214	51234172112341765	51234172112341765	MATCH	ns/214	Hymn: Lord, grant me today’s supply of grace	Y	https://www.hymnal.net/Hymns/NewSongs/midi/ns0214.mid https://www.hymnal.net/Hymns/NewSongs/midi/tunes/ns0214_tune.midi
NS216	3215612332155556121	3215612332155556121	MATCH	ns/216	Hymn: Speak to me, Lord every day	Y	https://www.hymnal.net/Hymns/NewSongs/midi/ns0216.mid https://www.hymnal.net/Hymns/NewSongs/midi/tunes/ns0216_tune.midi
NS217	53217167534555323465	53217167534555323465	MATCH	ns/217	Hymn: There’s a life that’s deeper than our mind	Y	https://www.hymnal.net/Hymns/NewSongs/midi/ns0217.mid https://www.hymnal.net/Hymns/NewSongs/midi/tunes/ns0217_tune.midi
NS218	345522671155	345522671155	MATCH	ns/218	Hymn: Day One, You came to me	Y	https://www.hymnal.net/Hymns/NewSongs/midi/ns0218.mid https://www.hymnal.net/Hymns/NewSongs/midi/tunes/ns0218_tune.midi
NS219	55121122356716321235565	55121122356716321235565	MATCH	ns/219	Hymn: Sometimes we’re caught in a world full of baits	Y	https://www.hymnal.net/Hymns/NewSongs/midi/ns0219.mid https://www.hymnal.net/Hymns/NewSongs/midi/tunes/ns0219_tune.midi
NS22	513132165	513132165	MATCH	ns/22	Hymn: Lord Jesus Christ, I do love You	Y	https://www.hymnal.net/Hymns/Hymnal/midi/e0313_i.mid https://www.hymnal.net/Hymns/NewSongs/midi/tunes/ns0022_tune.midi
NS220	554334556434	554334556434	MATCH	ns/220	Hymn: Lord, keep me from this evil and perverted age	Y	https://www.hymnal.net/Hymns/NewSongs/midi/ns0209.mid https://www.hymnal.net/Hymns/NewSongs/midi/tunes/ns0220_tune.midi
NS221	5671713432	5671713432	MATCH	ns/221	Hymn: More of our heart	Y	https://www.hymnal.net/Hymns/NewSongs/midi/ns0221.mid https://www.hymnal.net/Hymns/NewSongs/midi/tunes/ns0221_tune.midi
NS222	117766665544	117766665544	MATCH	ns/222	Hymn: These are the days, my friend	Y	
NS223	5153124515315	5153124515315	MATCH	ns/223	Hymn: We are the generation	Y	https://www.hymnal.net/Hymns/NewSongs/midi/ns0223.mid https://www.hymnal.net/Hymns/NewSongs/midi/tunes/ns0223_tune.midi
NS224	5111115566666	5111115566666	MATCH	ns/224	Hymn: I’ve given up the world because	Y	https://www.hymnal.net/Hymns/NewSongs/midi/ns0224.mid https://www.hymnal.net/Hymns/NewSongs/midi/tunes/ns0224_tune.midi
NS225	321762753455565	321762753455565	MATCH	ns/225	Hymn: Praise the Lord! The God of glory	Y	https://www.hymnal.net/Hymns/NewSongs/midi/ns0225.mid https://www.hymnal.net/Hymns/NewSongs/midi/tunes/ns0225_tune.midi
NS226	33556543355654	355321232116561655	DIFF	ns/226	Hymn: Who is She?	n	https://www.hymnal.net/Hymns/NewSongs/midi/ns0226.mid https://www.hymnal.net/Hymns/NewSongs/midi/tunes/ns0226_tune.midi
NS227	1515552223443212	1515552223443212	MATCH	ns/227	Hymn: To realize and participate	Y	https://www.hymnal.net/Hymns/NewSongs/midi/ns0227.mid https://www.hymnal.net/Hymns/NewSongs/midi/tunes/ns0227_tune.midi
NS228	555611123223	555611123223	MATCH	ns/228	Hymn: Oh, who’s like our Jesus	Y	https://www.hymnal.net/Hymns/NewSongs/midi/ns0228.mid https://www.hymnal.net/Hymns/NewSongs/midi/tunes/ns0228_tune.midi
NS229	5145551144432	5145551144432	MATCH	ns/229	Hymn: Lord, I love You. Thank You for opening my eyes	Y	https://www.hymnal.net/Hymns/NewSongs/midi/ns0229.mid https://www.hymnal.net/Hymns/NewSongs/midi/tunes/ns0229_tune.midi
NS23	333553216	333553216	MATCH	ns/23	Hymn: Lovers of Christ	Y	https://www.hymnal.net/Hymns/NewSongs/midi/ns0023.mid https://www.hymnal.net/Hymns/NewSongs/midi/tunes/ns0023_tune.midi
NS230	55554352344321	55554352344321	MATCH	ns/230	Hymn: Simply loving every day	Y	https://www.hymnal.net/Hymns/NewSongs/midi/ns0230.mid https://www.hymnal.net/Hymns/NewSongs/midi/tunes/ns0230_tune.midi
NS231	5556753321213212	5556753321213212	MATCH	ns/231	Hymn: Lord Jesus, I love You, You’re my all	Y	https://www.hymnal.net/Hymns/NewSongs/midi/ns0231.mid https://www.hymnal.net/Hymns/NewSongs/midi/tunes/ns0231_tune.midi
NS232	35465321231521545	35465321231521545	MATCH	ns/232	Hymn: Jesus Lord, I just love You	Y	https://www.hymnal.net/Hymns/NewSongs/midi/ns0232.mid https://www.hymnal.net/Hymns/NewSongs/midi/tunes/ns0232_tune.midi
NS233	117532211117655	117532211117655	MATCH	ns/233	Hymn: Not poquito, nor kidogo	Y	https://www.hymnal.net/Hymns/NewSongs/midi/ns0233.mid https://www.hymnal.net/Hymns/NewSongs/midi/tunes/ns0233_tune.midi
NS234	35544656535512	35544656535512	MATCH	ns/234	Hymn: Pursue Christ	Y	https://www.hymnal.net/Hymns/NewSongs/midi/ns0234.mid https://www.hymnal.net/Hymns/NewSongs/midi/tunes/ns0234_tune.midi
NS235	671233343463	671233343463	MATCH	ns/235	Hymn: Do you not know that those who run	Y	https://www.hymnal.net/Hymns/Hymnal/midi/e1222_i.mid https://www.hymnal.net/Hymns/NewSongs/midi/tunes/ns0235_tune.midi
NS236	3123334325571222321	3123334325571222321	MATCH	ns/236	Hymn: Lord, in these days I want to set my heart	Y	https://www.hymnal.net/Hymns/NewSongs/midi/ns0236.mid https://www.hymnal.net/Hymns/NewSongs/midi/tunes/ns0236_tune.midi
NS237	545133261176765	545133261176765	MATCH	ns/237	Hymn: I beseech you brothers	Y	https://www.hymnal.net/Hymns/NewSongs/midi/ns0237.mid https://www.hymnal.net/Hymns/NewSongs/midi/tunes/ns0237_tune.midi
NS238	15123432671234321	15123432671234321	MATCH	ns/238	Hymn: From my heart comes a melody	Y	https://www.hymnal.net/Hymns/NewSongs/midi/ns0238.mid https://www.hymnal.net/Hymns/NewSongs/midi/tunes/ns0238_tune.midi
NS239	5345554432	5345554432	MATCH	ns/239	Hymn: Lord, take my life	Y	https://www.hymnal.net/Hymns/NewSongs/midi/ns0239.mid https://www.hymnal.net/Hymns/NewSongs/midi/tunes/ns0239_tune.midi
NS24	35234431535216132	35234431535216132	MATCH	ns/24	Hymn: Lord, You are more precious than silver	Y	https://www.hymnal.net/Hymns/NewSongs/midi/ns0024.mid https://www.hymnal.net/Hymns/NewSongs/midi/tunes/ns0024_tune.midi
NS240	11432143212111432143265	11432143212111432143265	MATCH	ns/240	Hymn: Lord, I give myself to You again today	Y	https://www.hymnal.net/Hymns/NewSongs/midi/ns0240.mid https://www.hymnal.net/Hymns/NewSongs/midi/tunes/ns0240_tune.midi
NS241	3453453453451176567	3453453453451176567	MATCH	ns/241	Hymn: Manifest, manifest	Y	https://www.hymnal.net/Hymns/NewSongs/midi/ns0241.mid https://www.hymnal.net/Hymns/NewSongs/midi/tunes/ns0241_tune.midi
NS242	3323121615	3323121615	MATCH	ns/242	Hymn: Everything’s alright in the Father’s house	Y	https://www.hymnal.net/Hymns/NewSongs/midi/ns0242.mid https://www.hymnal.net/Hymns/NewSongs/midi/tunes/ns0242_tune.midi
NS243	5123512421653215	5123512421653215	MATCH	ns/243	Hymn: The Church of God—we are the church	Y	https://www.hymnal.net/Hymns/NewSongs/midi/ns0243.mid https://www.hymnal.net/Hymns/NewSongs/midi/tunes/ns0243_tune.midi
NS244	33556716	33556716	MATCH	ns/244	Hymn: Oh, how we enjoy the blending	Y	https://www.hymnal.net/Hymns/NewSongs/midi/tunes/ns0244_tune.midi https://www.hymnal.net/Hymns/NewTunes/midi/e0437_new.mid
NS245	0245		NO_CODE	ns/245	Hymn: How glorious is Thy church, Oh Lord	Y	https://www.hymnal.net/Hymns/NewSongs/midi/ns0245.mid https://www.hymnal.net/Hymns/NewSongs/midi/tunes/ns0245_tune.midi
NS246	12345333431	12345333431	MATCH	ns/246	Hymn: Though I love You, Lord	Y	https://www.hymnal.net/Hymns/NewSongs/midi/ns0246.mid https://www.hymnal.net/Hymns/NewSongs/midi/tunes/ns0246_tune.midi
NS247	51431655143123	51431655143123	MATCH	ns/247	Hymn: Lord, You promised Your return	Y	https://www.hymnal.net/Hymns/NewSongs/midi/ns0247.mid https://www.hymnal.net/Hymns/NewSongs/midi/tunes/ns0247_tune.midi
NS248	534653111465165432	534653111465165432	MATCH	ns/248	Hymn: God’s complete salvation	Y	https://www.hymnal.net/Hymns/NewSongs/midi/ns0248.mid https://www.hymnal.net/Hymns/NewSongs/midi/tunes/ns0248_tune.midi
NS249	12314333451654332	12314333451654332	MATCH	ns/249	Hymn: God’s intention is for Christ	Y	
NS25	345465321721	345465321721	MATCH	ns/25	Hymn: O Lord, I love You, I really love You	Y	https://www.hymnal.net/Hymns/NewSongs/midi/ns0025.mid https://www.hymnal.net/Hymns/NewSongs/midi/tunes/ns0025_tune.midi
NS250	53332144333212	53332144333212	MATCH	ns/250	Hymn: The Christian life is a life	Y	
NS251	51123255544565	51123255544565	MATCH	ns/251	Hymn: The new covenant ministry—a ministry of God	Y	https://www.hymnal.net/Hymns/NewSongs/midi/ns0251.mid https://www.hymnal.net/Hymns/NewSongs/midi/tunes/ns0251_tune.midi
NS252	15532551117665	15532551117665	MATCH	ns/252	Hymn: God has called us into the fellowship of His Son	Y	
NS253	1223552431	1223552431	MATCH	ns/253	Hymn: Always rejoice	Y	https://www.hymnal.net/Hymns/NewSongs/midi/ns0253.mid https://www.hymnal.net/Hymns/NewSongs/midi/tunes/ns0253_tune.midi
NS254	553117665116127665	553117665116127665	MATCH	ns/254	Hymn: How lovely are Thy dwelling places	Y	https://www.hymnal.net/Hymns/NewSongs/midi/ns0254.mid https://www.hymnal.net/Hymns/NewSongs/midi/tunes/ns0254_tune.midi
NS255	11111122176533	11111122176533	MATCH	ns/255	Hymn: Brothers, I do not account of myself	Y	https://www.hymnal.net/Hymns/NewSongs/midi/ns0255.mid https://www.hymnal.net/Hymns/NewSongs/midi/tunes/ns0255_tune.midi
NS256	55351161556532	55351161556532	MATCH	ns/256	Hymn: Thou art worthy, Thou art worthy	Y	https://www.hymnal.net/Hymns/NewSongs/midi/ns0256.mid https://www.hymnal.net/Hymns/NewSongs/midi/tunes/ns0256_tune.midi
NS257	51123321271	51123321271	MATCH	ns/257	Hymn: The church is the house of the living God	Y	https://www.hymnal.net/Hymns/Hymnal/midi/e0278_i.mid https://www.hymnal.net/Hymns/NewSongs/midi/tunes/ns0257_tune.midi
NS258	55433345461776765	55433345461776765	MATCH	ns/258	Hymn: For unto us a child is born	Y	https://www.hymnal.net/Hymns/NewSongs/midi/ns0258.mid https://www.hymnal.net/Hymns/NewSongs/midi/tunes/ns0258_tune.midi
NS259	1355566655321	1355566655321	MATCH	ns/259	Hymn: I will enter His gates	Y	
NS26	1233455334554	1233455334554	MATCH	ns/26	Hymn: O the joy of having nothing	Y	https://www.hymnal.net/Hymns/NewSongs/midi/ns0026.mid https://www.hymnal.net/Hymns/NewSongs/midi/tunes/ns0026_tune.midi
NS261	5555654321112165	5555654321112165	MATCH	ns/261	Hymn: Seek the Lord while He may be found	Y	https://www.hymnal.net/Hymns/NewSongs/midi/ns0261.mid https://www.hymnal.net/Hymns/NewSongs/midi/tunes/ns0261_tune.midi
NS262	33211177112	33211177112	MATCH	ns/262	Hymn: Come bless the Lord	Y	https://www.hymnal.net/Hymns/NewSongs/midi/ns0262.mid https://www.hymnal.net/Hymns/NewSongs/midi/tunes/ns0262_tune.midi
NS263	32355561213	32355561213	MATCH	ns/263	Hymn: It’s a good thing to give thanks unto the Lord	Y	https://www.hymnal.net/Hymns/NewSongs/midi/ns0263.mid https://www.hymnal.net/Hymns/NewSongs/midi/tunes/ns0263_tune.midi
NS264	556121665	556121665	MATCH	ns/264	Hymn: Lord, I am continually with Thee	Y	https://www.hymnal.net/Hymns/NewSongs/midi/ns0264.mid https://www.hymnal.net/Hymns/NewSongs/midi/tunes/ns0264_tune.midi
NS265	553333333217777712	553333333217777712	MATCH	ns/265	Hymn: My Beloved is mine and I am His	Y	https://www.hymnal.net/Hymns/NewSongs/midi/ns0265.mid https://www.hymnal.net/Hymns/NewSongs/midi/tunes/ns0265_tune.midi
NS266	1233332345153432543	1233332345153432543	MATCH	ns/266	Hymn: I will sing of the mercies of the Lord forever	Y	https://www.hymnal.net/Hymns/NewSongs/midi/ns0266.mid https://www.hymnal.net/Hymns/NewSongs/midi/tunes/ns0266_tune.midi
NS267	533335633	533335633	MATCH	ns/267	Hymn: Now on the last day	Y	https://www.hymnal.net/Hymns/NewSongs/midi/ns0267.mid https://www.hymnal.net/Hymns/NewSongs/midi/tunes/ns0267_tune.midi
NS268	55651665336532	55651665336532	MATCH	ns/268	Hymn: Search me, O God, and know my heart	Y	https://www.hymnal.net/Hymns/NewSongs/midi/ns0268.mid https://www.hymnal.net/Hymns/NewSongs/midi/tunes/ns0268_tune.midi
NS269	71232112333343212	71232112333343212	MATCH	ns/269	Hymn: He’s my Lord	Y	
NS27	3553255213317337	3553255213317337	MATCH	ns/27	Hymn: Oh! the joy	Y	https://www.hymnal.net/Hymns/NewSongs/midi/ns0027.mid https://www.hymnal.net/Hymns/NewSongs/midi/tunes/ns0027_tune.midi
NS270	113453565454343123	113453565454343123	MATCH	ns/270	Hymn: The Lord is the portion of my inheritance	Y	https://www.hymnal.net/Hymns/NewSongs/midi/ns0270.mid https://www.hymnal.net/Hymns/NewSongs/midi/tunes/ns0270_tune.midi
NS271	5354221711357165	5354221711357165	MATCH	ns/271	Hymn: Always rejoice (Alternate)	Y	https://www.hymnal.net/Hymns/NewSongs/midi/ns0271.mid https://www.hymnal.net/Hymns/NewSongs/midi/tunes/ns0271_tune.midi
NS272	5156565351566712	5156565351566712	MATCH	ns/272	Hymn: The mighty God, even the Lord	Y	https://www.hymnal.net/Hymns/NewSongs/midi/ns0272.mid https://www.hymnal.net/Hymns/NewSongs/midi/tunes/ns0272_tune.midi
NS273	32111176777122223321	32111176777122223321	MATCH	ns/273	Hymn: But verily God hath heard me	Y	https://www.hymnal.net/Hymns/NewSongs/midi/ns0273.mid https://www.hymnal.net/Hymns/NewSongs/midi/tunes/ns0273_tune.midi
NS275	12335611233455432	12335611233455432	MATCH	ns/275	Hymn: O come let us sing unto the Lord	Y	https://www.hymnal.net/Hymns/NewSongs/midi/ns0275.mid https://www.hymnal.net/Hymns/NewSongs/midi/tunes/ns0275_tune.midi
NS276	131453321	131453321	MATCH	ns/276	Hymn: Rise up, my love	Y	https://www.hymnal.net/Hymns/NewSongs/midi/ns0276.mid https://www.hymnal.net/Hymns/NewSongs/midi/tunes/ns0276_tune.midi
NS277	333153334332	333153334332	MATCH	ns/277	Hymn: Unto Thee, O Lord	Y	
NS278	3555555431234	3555555431234	MATCH	ns/278	Hymn: We give thanks to Thee O Lord	Y	https://www.hymnal.net/Hymns/NewSongs/midi/ns0278.mid https://www.hymnal.net/Hymns/NewSongs/midi/tunes/ns0278_tune.midi
NS279	11271344322	11271344322	MATCH	ns/279	Hymn: Definition of Love	Y	https://www.hymnal.net/Hymns/NewSongs/midi/ns0279.mid https://www.hymnal.net/Hymns/NewSongs/midi/tunes/ns0279_tune.midi
NS28	55555431	5555543144424275	DIFF	ns/28	Hymn: God has called us for His purpose	Y	https://www.hymnal.net/Hymns/NewSongs/midi/ns0028.mid https://www.hymnal.net/Hymns/NewSongs/midi/tunes/ns0028_tune.midi
NS280	1131654325565543	1131654325565543	MATCH	ns/280	Hymn: Lord, make me to know mine end	Y	https://www.hymnal.net/Hymns/NewSongs/midi/ns0280.mid https://www.hymnal.net/Hymns/NewSongs/midi/tunes/ns0280_tune.midi
NS281	33512222225443	33512222225443	MATCH	ns/281	Hymn: The law of the Lord is perfect	Y	
NS282	53432321643232	53432321643232	MATCH	ns/282	Hymn: The Lord is my light and salvation	Y	https://www.hymnal.net/Hymns/NewSongs/midi/ns0282.mid https://www.hymnal.net/Hymns/NewSongs/midi/tunes/ns0282_tune.midi
NS283	32113545656534	32113545656534	MATCH	ns/283	Hymn: I am crucified with Christ	Y	https://www.hymnal.net/Hymns/NewSongs/midi/ns0283.mid https://www.hymnal.net/Hymns/NewSongs/midi/tunes/ns0283_tune.midi
NS284	55156511565111156576767	55156511565111156576767	MATCH	ns/284	Hymn: Having been regenerated	Y	https://www.hymnal.net/Hymns/NewSongs/midi/ns0284.mid https://www.hymnal.net/Hymns/NewSongs/midi/tunes/ns0284_tune.midi
NS285	123143253	123143253	MATCH	ns/285	Hymn: Come, Lord Jesus	Y	https://www.hymnal.net/Hymns/NewSongs/midi/ns0285.mid https://www.hymnal.net/Hymns/NewSongs/midi/tunes/ns0285_tune.midi
NS286	555565433321255	555565433321255	MATCH	ns/286	Hymn: We Have a Father	Y	https://www.hymnal.net/Hymns/NewSongs/midi/ns0286.mid https://www.hymnal.net/Hymns/NewSongs/midi/tunes/ns0286_tune.midi
NS287	1751761714312	1751761714312	MATCH	ns/287	Hymn: There are Times	Y	https://www.hymnal.net/Hymns/NewSongs/midi/ns0287.mid https://www.hymnal.net/Hymns/NewSongs/midi/tunes/ns0287_tune.midi
NS288	1517534145	1517534145	MATCH	ns/288	Hymn: Lord, keep my heart open and soft toward You	Y	https://www.hymnal.net/Hymns/NewSongs/midi/ns0288.mid https://www.hymnal.net/Hymns/NewSongs/midi/tunes/ns0288_tune.midi
NS289	1232156645335	1232156645335	MATCH	ns/289	Hymn: But the God of all grace	Y	https://www.hymnal.net/Hymns/NewSongs/midi/ns0289.mid https://www.hymnal.net/Hymns/NewSongs/midi/tunes/ns0289_tune.midi
NS29	153564566545	153564566545	MATCH	ns/29	Hymn: Set your mind on the things which are above	Y	https://www.hymnal.net/Hymns/NewSongs/midi/ns0029.mid https://www.hymnal.net/Hymns/NewSongs/midi/tunes/ns0029_tune.midi
NS290	123234345	123234345	MATCH	ns/290	Hymn: The song to my Beloved	Y	https://www.hymnal.net/Hymns/NewSongs/midi/ns0290.mid https://www.hymnal.net/Hymns/NewSongs/midi/tunes/ns0290_tune.midi
NS291	123343211121	123343211121	MATCH	ns/291	Hymn: If God leads you to walk a way	Y	https://www.hymnal.net/Hymns/NewSongs/midi/ns0291.mid https://www.hymnal.net/Hymns/NewSongs/midi/tunes/ns0291_tune.midi
NS292	34554543176432123	34554543176432123	MATCH	ns/292	Hymn: Though the world may promise me more	Y	https://www.hymnal.net/Hymns/NewSongs/midi/ns0292.mid https://www.hymnal.net/Hymns/NewSongs/midi/tunes/ns0292_tune.midi
NS293	15654565671565344434	15654565671565344434	MATCH	ns/293	Hymn: I’m a God-man	Y	https://www.hymnal.net/Hymns/NewSongs/midi/ns0293.mid https://www.hymnal.net/Hymns/NewSongs/midi/tunes/ns0293_tune.midi
NS294	345165434551234	345165434551234	MATCH	ns/294	Hymn: Jesus Christ, You are the Man-Savior	Y	https://www.hymnal.net/Hymns/NewSongs/midi/ns0294.mid https://www.hymnal.net/Hymns/NewSongs/midi/tunes/ns0294_tune.midi
NS295	345654323211122332	345654323211122332	MATCH	ns/295	Hymn: Lord, I give my heart to You	Y	https://www.hymnal.net/Hymns/NewSongs/midi/ns0295.mid https://www.hymnal.net/Hymns/NewSongs/midi/tunes/ns0295_tune.midi
NS296	334554321123322	334554321123322	MATCH	ns/296	Hymn: Jesus, Jesus our Redeemer has become our Jubilee	Y	https://www.hymnal.net/Hymns/Hymnal/midi/e1324_i.mid https://www.hymnal.net/Hymns/NewSongs/midi/tunes/ns0296_tune.midi
NS297	117544353542132	117544353542132	MATCH	ns/297	Hymn: Buried? Yes, but it is seed	Y	https://www.hymnal.net/Hymns/Hymnal/midi/e0135_i.mid https://www.hymnal.net/Hymns/NewSongs/midi/tunes/ns0297_tune.midi
NS298	232351716712	232351716712	MATCH	ns/298	Hymn: The love of Christ is Christ Himself	Y	https://www.hymnal.net/Hymns/NewSongs/midi/ns0298.mid https://www.hymnal.net/Hymns/NewSongs/midi/tunes/ns0298_tune.midi
NS299	11235321321322	11235321321322	MATCH	ns/299	Hymn: I’m so attracted by Your love	Y	https://www.hymnal.net/Hymns/NewSongs/midi/ns0299.mid https://www.hymnal.net/Hymns/NewSongs/midi/tunes/ns0299_tune.midi
NS3	53251176164	53251176164	MATCH	ns/3	Hymn: God has a dream	Y	https://www.hymnal.net/Hymns/NewSongs/midi/ns0003.mid https://www.hymnal.net/Hymns/NewSongs/midi/tunes/ns0003_tune.midi
NS30	53432177615	53432177615	MATCH	ns/30	Hymn: Take time to absorb Him	Y	https://www.hymnal.net/Hymns/NewSongs/midi/tunes/ns0030_tune.midi https://www.hymnal.net/Hymns/NewTunes/midi/e0643_new.mid
NS300	3532171217	3532171217	MATCH	ns/300	Hymn: Lord, I do thank You for another day	Y	https://www.hymnal.net/Hymns/NewSongs/midi/ns0300.mid https://www.hymnal.net/Hymns/NewSongs/midi/tunes/ns0300_tune.midi
NS301	3331271117675	3331271117675	MATCH	ns/301	Hymn: Thou art my Beloved, the most lovely Beloved	Y	https://www.hymnal.net/Hymns/NewSongs/midi/ns0301.mid https://www.hymnal.net/Hymns/NewSongs/midi/tunes/ns0301_tune.midi
NS302	5431543115434311232	5431543115434311232	MATCH	ns/302	Hymn: Draw me, dear Lord	Y	https://www.hymnal.net/Hymns/NewSongs/midi/ns0302.mid https://www.hymnal.net/Hymns/NewSongs/midi/tunes/ns0302_tune.midi
NS303	5553653211163	5553653211163	MATCH	ns/303	Hymn: Our burnt offering	Y	https://www.hymnal.net/Hymns/NewSongs/midi/ns0303.mid https://www.hymnal.net/Hymns/NewSongs/midi/tunes/ns0303_tune.midi
NS304	3552654533552	3552654533552	MATCH	ns/304	Hymn: Lord, I love You; Lord, take my heart	Y	https://www.hymnal.net/Hymns/NewSongs/midi/ns0304.mid https://www.hymnal.net/Hymns/NewSongs/midi/tunes/ns0304_tune.midi
NS305	334533217123212	334533217123212	MATCH	ns/305	Hymn: From the moment I first met Thee	Y	https://www.hymnal.net/Hymns/NewSongs/midi/ns0305.mid https://www.hymnal.net/Hymns/NewSongs/midi/tunes/ns0305_tune.midi
NS306	5123176665431432	5123176665431432	MATCH	ns/306	Hymn: The risen Christ my Shepherd is	Y	https://www.hymnal.net/Hymns/NewSongs/midi/ns0306.mid https://www.hymnal.net/Hymns/NewSongs/midi/tunes/ns0306_tune.midi
NS307	51212432121233	51212432121233	MATCH	ns/307	Hymn: Morning Dew	Y	https://www.hymnal.net/Hymns/NewSongs/midi/ns0307.mid https://www.hymnal.net/Hymns/NewSongs/midi/tunes/ns0307_tune.midi
NS308	56123655616512	56123655616512	MATCH	ns/308	Hymn: Oh Lord, for this I pray	Y	https://www.hymnal.net/Hymns/NewSongs/midi/ns0308.mid https://www.hymnal.net/Hymns/NewSongs/midi/tunes/ns0308_tune.midi
NS309	5111235321223432122	5111235321223432122	MATCH	ns/309	Hymn: A Noble Deed	Y	https://www.hymnal.net/Hymns/NewSongs/midi/ns0309.mid https://www.hymnal.net/Hymns/NewSongs/midi/tunes/ns0309_tune.midi
NS31	33512222254433	33512222254433	MATCH	ns/31	Hymn: The flowing of the divine life	Y	https://www.hymnal.net/Hymns/NewSongs/midi/ns0031.mid https://www.hymnal.net/Hymns/NewSongs/midi/tunes/ns0031_tune.midi
NS310	333323532255423	333323532255423	MATCH	ns/310	Hymn: Today a New Beginning	Y	https://www.hymnal.net/Hymns/Hymnal/midi/e0405_i.mid https://www.hymnal.net/Hymns/NewSongs/midi/tunes/ns0310_tune.midi
NS311	5533321135535	5533321135535	MATCH	ns/311	Hymn: Two Greatest Prayers of Paul	Y	https://www.hymnal.net/Hymns/Hymnal/midi/e1194_i.mid https://www.hymnal.net/Hymns/NewSongs/midi/tunes/ns0311_tune.midi
NS312	123343323211253	123343323211253	MATCH	ns/312	Hymn: With Christ Identified	Y	https://www.hymnal.net/Hymns/Hymnal/midi/e0228_i.mid https://www.hymnal.net/Hymns/NewSongs/midi/tunes/ns0312_tune.midi
NS313	5513321621651312	5513321621651312	MATCH	ns/313	Hymn: I’m pressing on the God-man way	Y	https://www.hymnal.net/Hymns/Hymnal/midi/e0396_i.mid
NS314	3325465343212342	3325465343212342	MATCH	ns/314	Hymn: And they sing a new song	Y	https://www.hymnal.net/Hymns/NewSongs/midi/ns0314.mid https://www.hymnal.net/Hymns/NewSongs/midi/tunes/ns0314_tune.midi
NS315	561234321315	561234321315	MATCH	ns/315	Hymn: In this godless age	Y	https://www.hymnal.net/Hymns/NewSongs/midi/ns0315.mid https://www.hymnal.net/Hymns/NewSongs/midi/tunes/ns0315_tune.midi
NS316	52121212116161222	52121212116161222	MATCH	ns/316	Hymn: We Love, We Love with All of Our Heart	Y	https://www.hymnal.net/Hymns/NewSongs/midi/ns0316.mid https://www.hymnal.net/Hymns/NewSongs/midi/tunes/ns0316_tune.midi
NS317	1176176667153	1176176667153	MATCH	ns/317	Hymn: You fill me Lord Jesus	Y	https://www.hymnal.net/Hymns/NewSongs/midi/ns0317.mid https://www.hymnal.net/Hymns/NewSongs/midi/tunes/ns0317_tune.midi
NS318	123321255	123321255	MATCH	ns/318	Hymn: But to Him who is able to do superabundantly	Y	https://www.hymnal.net/Hymns/NewSongs/midi/ns0318.mid https://www.hymnal.net/Hymns/NewSongs/midi/tunes/ns0318_tune.midi
NS319	3332112333327	3332112333327	MATCH	ns/319	Hymn: God’s economy is His plan to dispense Himself	Y	https://www.hymnal.net/Hymns/NewSongs/midi/ns0319.mid https://www.hymnal.net/Hymns/NewSongs/midi/tunes/ns0319_tune.midi
NS32	53143215671	53143215671	MATCH	ns/32	Hymn: The processed and consummated Triune God	Y	https://www.hymnal.net/Hymns/NewSongs/midi/ns0032.mid https://www.hymnal.net/Hymns/NewSongs/midi/tunes/ns0032_tune.midi
NS320	5555643312	5555643312	MATCH	ns/320	Hymn: All-fitting Life	Y	https://www.hymnal.net/Hymns/NewSongs/midi/ns0320.mid https://www.hymnal.net/Hymns/NewSongs/midi/tunes/ns0320_tune.midi
NS321	155125524321717132	155125524321717132	MATCH	ns/321	Hymn: The Uniqueness of the Lord’s Recovery	Y	https://www.hymnal.net/Hymns/NewSongs/midi/ns0321.mid https://www.hymnal.net/Hymns/NewSongs/midi/tunes/ns0321_tune.midi
NS322	555554351233321	555554351233321	MATCH	ns/322	Hymn: We have found a simple way	Y	https://www.hymnal.net/Hymns/Hymnal/midi/e1017_i.mid https://www.hymnal.net/Hymns/NewSongs/midi/tunes/ns0322_tune.midi
NS323	53332144432333452	53332144432333452	MATCH	ns/323	Hymn: Behold what manner of love	Y	https://www.hymnal.net/Hymns/NewSongs/midi/ns0323.mid https://www.hymnal.net/Hymns/NewSongs/midi/tunes/ns0323_tune.midi
NS324	55556665353	55556665353	MATCH	ns/324	Hymn: Jesus is the Lord, and He lives in me	Y	https://www.hymnal.net/Hymns/NewSongs/midi/ns0324.mid https://www.hymnal.net/Hymns/NewSongs/midi/tunes/ns0324_tune.midi
NS325	5111123213321231	5111123213321231	MATCH	ns/325	Hymn: Rejoice in the Lord always	Y	https://www.hymnal.net/Hymns/NewSongs/midi/ns0325.mid https://www.hymnal.net/Hymns/NewSongs/midi/tunes/ns0325_tune.midi
NS326	551234564557123453	551234564557123453	MATCH	ns/326	Hymn: You shall love the Lord with all your heart	Y	https://www.hymnal.net/Hymns/NewSongs/midi/ns0326.mid https://www.hymnal.net/Hymns/NewSongs/midi/tunes/ns0326_tune.midi
NS327	533321721176165	533321721176165	MATCH	ns/327	Hymn: But you, O man of God, flee these things	Y	https://www.hymnal.net/Hymns/NewSongs/midi/ns0327.mid https://www.hymnal.net/Hymns/NewSongs/midi/tunes/ns0327_tune.midi
NS328	12312351144443132	12312351144443132	MATCH	ns/328	Hymn: Follow the Lamb	n	https://www.hymnal.net/Hymns/NewSongs/midi/ns0328.mid https://www.hymnal.net/Hymns/NewSongs/midi/tunes/ns0328_tune.midi
NS329	1111123432335112	1111123432335112	MATCH	ns/329	Hymn: But Flee Youthful Lusts	Y	https://www.hymnal.net/Hymns/NewSongs/midi/ns0329.mid https://www.hymnal.net/Hymns/NewSongs/midi/tunes/ns0329_tune.midi
NS33	336717656	336717656	MATCH	ns/33	Hymn: True love	Y	https://www.hymnal.net/Hymns/NewSongs/midi/ns0033.mid https://www.hymnal.net/Hymns/NewSongs/midi/tunes/ns0033_tune.midi
NS330	321765617165653	321765617165653	MATCH	ns/330	Hymn: Turn, turn my heart to You	Y	https://www.hymnal.net/Hymns/NewSongs/midi/ns0330.mid https://www.hymnal.net/Hymns/NewSongs/midi/tunes/ns0330_tune.midi
NS331	51711671765	51711671765	MATCH	ns/331	Hymn: O God of Love	Y	https://www.hymnal.net/Hymns/NewSongs/midi/ns0331.mid https://www.hymnal.net/Hymns/NewSongs/midi/tunes/ns0331_tune.midi
NS332	3334443231	3334443231	MATCH	ns/332	Hymn: Lord, You have searched me and You have known me	Y	https://www.hymnal.net/Hymns/NewSongs/midi/ns0332.mid https://www.hymnal.net/Hymns/NewSongs/midi/tunes/ns0332_tune.midi
NS333	332156123456532	332156123456532	MATCH	ns/333	Hymn: O how glorious! O how precious!	Y	https://www.hymnal.net/Hymns/Hymnal/midi/e0267_i.mid https://www.hymnal.net/Hymns/NewSongs/midi/tunes/ns0333_tune.midi
NS334	5176476536542543	517617653456	DIFF	ns/334	Hymn: Emmanuel, Emmanuel	Y	https://www.hymnal.net/Hymns/NewSongs/midi/ns0334.mid https://www.hymnal.net/Hymns/NewSongs/midi/tunes/ns0334_tune.midi
NS335		567111111233333332116123	DIFF	ns/335	Hymn: For I’m persuaded to believe	Y	https://www.hymnal.net/Hymns/NewSongs/midi/ns0335.mid https://www.hymnal.net/Hymns/NewSongs/midi/tunes/ns0335_tune.midi
NS336	1516546571	1516546571	MATCH	ns/336	Hymn: Great Is the Mystery of Godliness	Y	https://www.hymnal.net/Hymns/NewSongs/midi/ns0336.mid https://www.hymnal.net/Hymns/NewSongs/midi/tunes/ns0336_tune.midi
NS337	335427113662321765	335427113662321765	MATCH	ns/337	Hymn: Glory! Glory! Christ is life in me	Y	https://www.hymnal.net/Hymns/Hymnal/midi/e1356_i.mid https://www.hymnal.net/Hymns/NewSongs/midi/tunes/ns0337_tune.midi
NS338	1115556543334555432	1115556543334555432	MATCH	ns/338	Hymn: Blessed are those who wash their robes	Y	https://www.hymnal.net/Hymns/NewSongs/midi/ns0338.mid https://www.hymnal.net/Hymns/NewSongs/midi/tunes/ns0338_tune.midi
NS339	32315132524	32315132524	MATCH	ns/339	Hymn: But holding to truth in love	Y	https://www.hymnal.net/Hymns/NewSongs/midi/ns0339.mid https://www.hymnal.net/Hymns/NewSongs/midi/tunes/ns0339_tune.midi
NS34	53455432123	53455432123	MATCH	ns/34	Hymn: He knows, He knows	Y	https://www.hymnal.net/Hymns/NewSongs/midi/ns0034.mid https://www.hymnal.net/Hymns/NewSongs/midi/tunes/ns0034_tune.midi
NS340	55533335652	55533335652	MATCH	ns/340	Hymn: Fill My Cup, Lord	Y	https://www.hymnal.net/Hymns/NewSongs/midi/ns0340.mid https://www.hymnal.net/Hymns/NewSongs/midi/tunes/ns0340_tune.midi
NS341	111716432132	111716432132	MATCH	ns/341	Hymn: I have fought the good fight	Y	https://www.hymnal.net/Hymns/NewSongs/midi/ns0341.mid https://www.hymnal.net/Hymns/NewSongs/midi/tunes/ns0341_tune.midi
NS342	1234532114445654435	1234532114445654435	MATCH	ns/342	Hymn: We all with unveiled face	Y	https://www.hymnal.net/Hymns/NewSongs/midi/ns0342.mid https://www.hymnal.net/Hymns/NewSongs/midi/tunes/ns0342_tune.midi
NS343	53323556616655	53323556616655	MATCH	ns/343	Hymn: God is processed, this I know	Y	https://www.hymnal.net/Hymns/Children/midi/c0032.mid https://www.hymnal.net/Hymns/NewSongs/midi/tunes/ns0343_tune.midi
NS344	51152253554433432553321	51152253554433432553321	MATCH	ns/344	Hymn: He’s able, He’s able	Y	
NS345	11216561123	11216561123	MATCH	ns/345	Hymn: Be Thou my vision, O Lord of my heart	Y	https://www.hymnal.net/Hymns/NewSongs/midi/ns0345.mid https://www.hymnal.net/Hymns/NewSongs/midi/tunes/ns0345_tune.midi
NS347	5151252334323212	5151252334323212	MATCH	ns/347	Hymn: Oh, Come See a Man	Y	https://www.hymnal.net/Hymns/NewSongs/midi/ns0347.mid https://www.hymnal.net/Hymns/NewSongs/midi/tunes/ns0347_tune.midi
NS348	1115444533354445	1115444533354445	MATCH	ns/348	Hymn: Incarnation, human living, crucifixion	Y	https://www.hymnal.net/Hymns/NewSongs/midi/ns0348.mid https://www.hymnal.net/Hymns/NewSongs/midi/tunes/ns0348_tune.midi
NS349		5112123517671	DIFF	ns/349	Hymn: The Lord be with your spirit	Y	https://www.hymnal.net/Hymns/NewSongs/midi/ns0349.mid https://www.hymnal.net/Hymns/NewSongs/midi/tunes/ns0349_tune.midi
NS35	345321234452	345321234452	MATCH	ns/35	Hymn: Jesus Lord, I love You	Y	https://www.hymnal.net/Hymns/NewSongs/midi/ns0035.mid https://www.hymnal.net/Hymns/NewSongs/midi/tunes/ns0035_tune.midi
NS350	3333212111651132	3333212111651132	MATCH	ns/350	Hymn: O Lord, we’d know Your heart today	Y	https://www.hymnal.net/Hymns/NewSongs/midi/tunes/ns0350_tune.midi https://www.hymnal.net/Hymns/NewTunes/midi/e0432_new.mid
NS351	3231116565644325	3231116565644325	MATCH	ns/351	Hymn: Jesus Lord, my best love Thou art	Y	https://www.hymnal.net/Hymns/NewSongs/midi/ns0351.mid https://www.hymnal.net/Hymns/NewSongs/midi/tunes/ns0351_tune.midi
NS352	123117157675656	123117157675656	MATCH	ns/352	Hymn: For her	Y	https://www.hymnal.net/Hymns/NewSongs/midi/ns0352.mid https://www.hymnal.net/Hymns/NewSongs/midi/tunes/ns0352_tune.midi
NS353	46516531117657271176655	46516531117657271176655	MATCH	ns/353	Hymn: Now to Him Who is able	Y	https://www.hymnal.net/Hymns/NewSongs/midi/ns0353.mid https://www.hymnal.net/Hymns/NewSongs/midi/tunes/ns0353_tune.midi
NS354	3455513321161	3455513321161	MATCH	ns/354	Hymn: O my God, within Thee there is eternal life	Y	https://www.hymnal.net/Hymns/NewSongs/midi/ns0354.mid https://www.hymnal.net/Hymns/NewSongs/midi/tunes/ns0354_tune.midi
NS355	33355321122	33355321122	MATCH	ns/355	Hymn: The Central Line in the Bible	Y	https://www.hymnal.net/Hymns/NewSongs/midi/ns0355.mid https://www.hymnal.net/Hymns/NewSongs/midi/tunes/ns0355_tune.midi
NS356	123212321176511	123212321176511	MATCH	ns/356	Hymn: The Heart of God	Y	https://www.hymnal.net/Hymns/NewSongs/midi/ns0356.mid https://www.hymnal.net/Hymns/NewSongs/midi/tunes/ns0356_tune.midi
NS357	11166617511116123232	11166617511116123232	MATCH	ns/357	Hymn: Lord, I love You, I’m charmed by You	Y	https://www.hymnal.net/Hymns/NewSongs/midi/ns0357.mid https://www.hymnal.net/Hymns/NewSongs/midi/tunes/ns0357_tune.midi
NS358	31561217313432	31561217313432	MATCH	ns/358	Hymn: Lord, You revealed Yourself to me	Y	https://www.hymnal.net/Hymns/NewSongs/midi/ns0358.mid https://www.hymnal.net/Hymns/NewSongs/midi/tunes/ns0358_tune.midi
NS359	3455176542342543	3455176542342543	MATCH	ns/359	Hymn: Shepherding in Love	Y	https://www.hymnal.net/Hymns/NewSongs/midi/ns0359.mid https://www.hymnal.net/Hymns/NewSongs/midi/tunes/ns0359_tune.midi
NS36	15125443445342	15125443445342	MATCH	ns/36	Hymn: Make me wholly Thine	Y	https://www.hymnal.net/Hymns/NewSongs/midi/ns0036.mid https://www.hymnal.net/Hymns/NewSongs/midi/tunes/ns0036_tune.midi
NS360	345321343212	345321343212	MATCH	ns/360	Hymn: And Confessedly, Great is the Mystery	Y	https://www.hymnal.net/Hymns/NewSongs/midi/ns0360.mid https://www.hymnal.net/Hymns/NewSongs/midi/tunes/ns0360_tune.midi
NS361	133322134555443	133322134555443	MATCH	ns/361	Hymn: The Goal of the Gospel	Y	https://www.hymnal.net/Hymns/NewSongs/midi/ns0361.mid https://www.hymnal.net/Hymns/NewSongs/midi/tunes/ns0361_tune.midi
NS362	34521237	34521237	MATCH	ns/362	Hymn: Lord, for this day, thankful to You	Y	https://www.hymnal.net/Hymns/NewSongs/midi/ns0362.mid https://www.hymnal.net/Hymns/NewSongs/midi/tunes/ns0362_tune.midi
NS363	3576666552171	3576666552171	MATCH	ns/363	Hymn: For Which Cause	Y	https://www.hymnal.net/Hymns/NewSongs/midi/ns0363.mid https://www.hymnal.net/Hymns/NewSongs/midi/tunes/ns0363_tune.midi
NS364	1176556165	1176556165	MATCH	ns/364	Hymn: Our Condition to God’s Heart’s Desire	Y	https://www.hymnal.net/Hymns/NewSongs/midi/ns0364.mid https://www.hymnal.net/Hymns/NewSongs/midi/tunes/ns0364_tune.midi
NS365	3333335666665	3333335666665	MATCH	ns/365	Hymn: With the kisses of Your mouth	Y	https://www.hymnal.net/Hymns/NewSongs/midi/ns0365.mid https://www.hymnal.net/Hymns/NewSongs/midi/tunes/ns0365_tune.midi
NS366	1235432132234343453	1235432132234343453	MATCH	ns/366	Hymn: My heart longs for absolute surrender	Y	https://www.hymnal.net/Hymns/NewSongs/midi/ns0366.mid https://www.hymnal.net/Hymns/NewSongs/midi/tunes/ns0366_tune.midi
NS367	3211123535666735	3211123535666735	MATCH	ns/367	Hymn: Building God’s House	n	https://www.hymnal.net/Hymns/NewSongs/midi/ns0367.mid https://www.hymnal.net/Hymns/NewSongs/midi/tunes/ns0367_tune.midi
NS368	55333335543315132	55333335543315132	MATCH	ns/368	Hymn: God’s Heart	Y	https://www.hymnal.net/Hymns/NewSongs/midi/ns0368.mid https://www.hymnal.net/Hymns/NewSongs/midi/tunes/ns0368_tune.midi
NS369	1151313543532121	1151313543532121	MATCH	ns/369	Hymn: The new way brings forth the new man	Y	https://www.hymnal.net/Hymns/Hymnal/midi/e0292_i.mid https://www.hymnal.net/Hymns/NewSongs/midi/tunes/ns0369_tune.midi
NS37	111112321165	111112321165	MATCH	ns/37	Hymn: I’ve got a river of life flowing within me	Y	https://www.hymnal.net/Hymns/NewSongs/midi/ns0037.mid https://www.hymnal.net/Hymns/NewSongs/midi/tunes/ns0037_tune.midi
NS370	3453231533216332	3453231533216332	MATCH	ns/370	Hymn: Do you know what you were saved for	Y	
NS371	51231216551231432	51231216551231432	MATCH	ns/371	Hymn: My inner parts have yearned for Him	Y	https://www.hymnal.net/Hymns/NewSongs/midi/ns0371.mid https://www.hymnal.net/Hymns/NewSongs/midi/tunes/ns0371_tune.midi
NS372	51145654535	51145654535	MATCH	ns/372	Hymn: Who can be entrusted, God’s gospel spread	Y	https://www.hymnal.net/Hymns/NewSongs/midi/ns0372.mid https://www.hymnal.net/Hymns/NewSongs/midi/tunes/ns0372_tune.midi
NS373	32355432161	32355432161	MATCH	ns/373	Hymn: The Law of the Spirit of Life	Y	https://www.hymnal.net/Hymns/NewSongs/midi/ns0373.mid https://www.hymnal.net/Hymns/NewSongs/midi/tunes/ns0373_tune.midi
NS374	53235321321233	53235321321233	MATCH	ns/374	Hymn: Each One Has	Y	https://www.hymnal.net/Hymns/NewSongs/midi/ns0374.mid https://www.hymnal.net/Hymns/NewSongs/midi/tunes/ns0374_tune.midi
NS375	53321122232	53321122232	MATCH	ns/375	Hymn: Come Forward	Y	https://www.hymnal.net/Hymns/NewSongs/midi/ns0375.mid https://www.hymnal.net/Hymns/NewSongs/midi/tunes/ns0375_tune.midi
NS376	1532432217123	53321122232	DIFF	ns/376	Hymn: Thy Smiling Presence	Y	https://www.hymnal.net/Hymns/NewSongs/midi/ns0376.mid https://www.hymnal.net/Hymns/NewSongs/midi/tunes/ns0376_tune.midi
NS377	111117775656567	111117775656567	MATCH	ns/377	Hymn: Being diligent to keep the oneness of the Spirit	Y	https://www.hymnal.net/Hymns/NewSongs/midi/ns0377.mid https://www.hymnal.net/Hymns/NewSongs/midi/tunes/ns0377_tune.midi
NS378	33211612332116432	33211612332116432	MATCH	ns/378	Hymn: A Life of No Regrets	Y	https://www.hymnal.net/Hymns/NewSongs/midi/ns0378.mid https://www.hymnal.net/Hymns/NewSongs/midi/tunes/ns0378_tune.midi
NS379	333451234324	333451234324	MATCH	ns/379	Hymn: Preserve me, O God	Y	https://www.hymnal.net/Hymns/NewSongs/midi/ns0379.mid https://www.hymnal.net/Hymns/NewSongs/midi/tunes/ns0379_tune.midi
NS38	1757653	1757653	MATCH	ns/38	Hymn: Jesus Lord, I long for Your embrace	Y	https://www.hymnal.net/Hymns/NewSongs/midi/ns0038.mid https://www.hymnal.net/Hymns/NewSongs/midi/tunes/ns0038_tune.midi
NS380	32121666177121	32121666177121	MATCH	ns/380	Hymn: And to the messenger	Y	https://www.hymnal.net/Hymns/NewSongs/midi/ns0380.mid https://www.hymnal.net/Hymns/NewSongs/midi/tunes/ns0380_tune.midi
NS381	56653325665332321	56653325665332321	MATCH	ns/381	Hymn: I am the living bread	Y	https://www.hymnal.net/Hymns/NewSongs/midi/ns0381.mid https://www.hymnal.net/Hymns/NewSongs/midi/tunes/ns0381_tune.midi
NS382	55565555543261112	55565555543261112	MATCH	ns/382	Hymn: Ordinary Days	Y	https://www.hymnal.net/Hymns/NewSongs/midi/ns0382.mid https://www.hymnal.net/Hymns/NewSongs/midi/tunes/ns0382_tune.midi
NS383	5171517151715171112217	5171517151715171112217	MATCH	ns/383	Hymn: These things says the Holy One	Y	https://www.hymnal.net/Hymns/NewSongs/midi/ns0383.mid https://www.hymnal.net/Hymns/NewSongs/midi/tunes/ns0383_tune.midi
NS384	12321661165	12321661165	MATCH	ns/384	Hymn: Things which eye has not seen	Y	https://www.hymnal.net/Hymns/NewSongs/midi/ns0384.mid https://www.hymnal.net/Hymns/NewSongs/midi/tunes/ns0384_tune.midi
NS385	1111777566165	1111777566165	MATCH	ns/385	Hymn: Lord, Refine My Heart	Y	https://www.hymnal.net/Hymns/NewSongs/midi/ns0385.mid https://www.hymnal.net/Hymns/NewSongs/midi/tunes/ns0385_tune.midi
NS386	12344432313222343	12344432313222343	MATCH	ns/386	Hymn: When we believe into the Son	Y	https://www.hymnal.net/Hymns/NewSongs/midi/ns0386.mid https://www.hymnal.net/Hymns/NewSongs/midi/tunes/ns0386_tune.midi
NS387	3231375651112	3231375651112	MATCH	ns/387	Hymn: But whoever drinks of the water	Y	https://www.hymnal.net/Hymns/NewSongs/midi/ns0387.mid https://www.hymnal.net/Hymns/NewSongs/midi/tunes/ns0387_tune.midi
NS388	671217552222323	671217552222323	MATCH	ns/388	Hymn: Song of Songs 7:10-12	Y	https://www.hymnal.net/Hymns/NewSongs/midi/ns0388.mid https://www.hymnal.net/Hymns/NewSongs/midi/tunes/ns0388_tune.midi
NS39	1355566513553432	1355566513553432	MATCH	ns/39	Hymn: Grow in me	Y	https://www.hymnal.net/Hymns/NewSongs/midi/ns0039.mid https://www.hymnal.net/Hymns/NewSongs/midi/tunes/ns0039_tune.midi
NS390	55556532123	55556532123	MATCH	ns/390	Hymn: Let us work together with the Lord through prayer	Y	https://www.hymnal.net/Hymns/NewSongs/midi/ns0390.mid https://www.hymnal.net/Hymns/NewSongs/midi/tunes/ns0390_tune.midi
NS391	3456535173111765565	3456535173111765565	MATCH	ns/391	Hymn: Oh how sweet it is just to know my Christ	Y	https://www.hymnal.net/Hymns/NewSongs/midi/ns0391.mid https://www.hymnal.net/Hymns/NewSongs/midi/tunes/ns0391_tune.midi
NS392	55112313323215	55112313323215	MATCH	ns/392	Hymn: The Spirit Consummated	Y	https://www.hymnal.net/Hymns/NewSongs/midi/ns0392.mid https://www.hymnal.net/Hymns/NewSongs/midi/tunes/ns0392_tune.midi
NS393	3134177653313417711	3134177653313417711	MATCH	ns/393	Hymn: Triune God, We Love You	Y	https://www.hymnal.net/Hymns/NewSongs/midi/ns0393.mid https://www.hymnal.net/Hymns/NewSongs/midi/tunes/ns0393_tune.midi
NS394	112134444323351222213	112134444323351222213	MATCH	ns/394	Hymn: The Living Vine, a Reality	Y	https://www.hymnal.net/Hymns/NewSongs/midi/ns0394.mid https://www.hymnal.net/Hymns/NewSongs/midi/tunes/ns0394_tune.midi
NS395	661777656654465554345	661777656654465554345	MATCH	ns/395	Hymn: That I might be a minister	Y	https://www.hymnal.net/Hymns/NewSongs/midi/ns0395.mid https://www.hymnal.net/Hymns/NewSongs/midi/tunes/ns0395_tune.midi
NS396	3431513275216361753	3431513275216361753	MATCH	ns/396	Hymn: Take me Lord, and fill me with Your dear Self	Y	https://www.hymnal.net/Hymns/NewSongs/midi/ns0396.mid https://www.hymnal.net/Hymns/NewSongs/midi/tunes/ns0396_tune.midi
NS397	512121766623432	512121766623432	MATCH	ns/397	Hymn: My only hope is the Lord	Y	https://www.hymnal.net/Hymns/NewSongs/midi/ns0397.mid https://www.hymnal.net/Hymns/NewSongs/midi/tunes/ns0397_tune.midi
NS398	1233217117665123432	1233217117665123432	MATCH	ns/398	Hymn: A Person of Life	Y	https://www.hymnal.net/Hymns/NewSongs/midi/ns0398.mid https://www.hymnal.net/Hymns/NewSongs/midi/tunes/ns0398_tune.midi
NS399	3345666545554325	3345666545554325	MATCH	ns/399	Hymn: Channels of Life	Y	https://www.hymnal.net/Hymns/NewSongs/midi/ns0399.mid https://www.hymnal.net/Hymns/NewSongs/midi/tunes/ns0399_tune.midi
NS4	5534653114562	5534653114562	MATCH	ns/4	Hymn: Christ in Numbers	Y	https://www.hymnal.net/Hymns/Hymnal/midi/e0036_i.mid https://www.hymnal.net/Hymns/NewSongs/midi/tunes/ns0004_tune.midi
NS40	176656535	176656535	MATCH	ns/40	Hymn: Lord Jesus, draw me	Y	https://www.hymnal.net/Hymns/NewSongs/midi/ns0040.mid https://www.hymnal.net/Hymns/NewSongs/midi/tunes/ns0040_tune.midi
NS400	12332112165	12332112165	MATCH	ns/400	Hymn: Bit by bit, day by day	Y	https://www.hymnal.net/Hymns/NewSongs/midi/ns0400.mid https://www.hymnal.net/Hymns/NewSongs/midi/tunes/ns0400_tune.midi
NS401	33513212165	33513212165	MATCH	ns/401	Hymn: Full Salvation	Y	https://www.hymnal.net/Hymns/NewSongs/midi/ns0401.mid https://www.hymnal.net/Hymns/NewSongs/midi/tunes/ns0401_tune.midi
NS402	12133212234321	12133212234321	MATCH	ns/402	Hymn: Where is the House	Y	https://www.hymnal.net/Hymns/NewSongs/midi/ns0402.mid https://www.hymnal.net/Hymns/NewSongs/midi/tunes/ns0402_tune.midi
NS403	123234555111177175	123234555111177175	MATCH	ns/403	Hymn: For God so loved the world	Y	https://www.hymnal.net/Hymns/NewSongs/midi/ns0403.mid https://www.hymnal.net/Hymns/NewSongs/midi/tunes/ns0403_tune.midi
NS404	51565435176121123455	51565435176121123455	MATCH	ns/404	Hymn: Peace to the brothers	Y	https://www.hymnal.net/Hymns/NewSongs/midi/ns0404.mid https://www.hymnal.net/Hymns/NewSongs/midi/tunes/ns0404_tune.midi
NS405	57112321444443	57112321444443	MATCH	ns/405	Hymn: Saying, Where is He	Y	https://www.hymnal.net/Hymns/NewSongs/midi/ns0405.mid https://www.hymnal.net/Hymns/NewSongs/midi/tunes/ns0405_tune.midi
NS406	55565533445554323	55565533445554323	MATCH	ns/406	Hymn: But God commends His own love to us	Y	https://www.hymnal.net/Hymns/NewSongs/midi/ns0406.mid https://www.hymnal.net/Hymns/NewSongs/midi/tunes/ns0406_tune.midi
NS407	513323436671	513323436671	MATCH	ns/407	Hymn: Two Kinds of Walk	Y	https://www.hymnal.net/Hymns/NewSongs/midi/ns0407.mid https://www.hymnal.net/Hymns/NewSongs/midi/tunes/ns0407_tune.midi
NS408	5111223343211233	5111223343211233	MATCH	ns/408	Hymn: The Full Ministry of Christ	Y	https://www.hymnal.net/Hymns/NewSongs/midi/ns0408.mid https://www.hymnal.net/Hymns/NewSongs/midi/tunes/ns0408_tune.midi
NS409	3323334321	3323334321	MATCH	ns/409	Hymn: Triune God	Y	https://www.hymnal.net/Hymns/NewSongs/midi/ns0409.mid https://www.hymnal.net/Hymns/NewSongs/midi/tunes/ns0409_tune.midi
NS41	123335543321231	123335543321231	MATCH	ns/41	Hymn: Another new day	Y	https://www.hymnal.net/Hymns/NewSongs/midi/ns0041.mid https://www.hymnal.net/Hymns/NewSongs/midi/tunes/ns0041_tune.midi
NS410	51234231234321322	51234231234321322	MATCH	ns/410	Hymn: But unto you who fear My name	Y	https://www.hymnal.net/Hymns/NewSongs/midi/ns0410.mid https://www.hymnal.net/Hymns/NewSongs/midi/tunes/ns0410_tune.midi
NS411	55176665512	55176665512	MATCH	ns/411	Hymn: Manna	Y	https://www.hymnal.net/Hymns/NewSongs/midi/ns0411.mid https://www.hymnal.net/Hymns/NewSongs/midi/tunes/ns0411_tune.midi
NS412	153254367653334	153254367653334	MATCH	ns/412	Hymn: The church is the building up	Y	https://www.hymnal.net/Hymns/NewSongs/midi/ns0412.mid https://www.hymnal.net/Hymns/NewSongs/midi/tunes/ns0412_tune.midi
NS413	12353124721	12353124721	MATCH	ns/413	Hymn: Two Kisses	Y	https://www.hymnal.net/Hymns/NewSongs/midi/ns0413.mid https://www.hymnal.net/Hymns/NewSongs/midi/tunes/ns0413_tune.midi
NS414	111231777127	111231777127	MATCH	ns/414	Hymn: Oneness	Y	https://www.hymnal.net/Hymns/NewSongs/midi/ns0414.mid https://www.hymnal.net/Hymns/NewSongs/midi/tunes/ns0414_tune.midi
NS415	554323156123	554323156123	MATCH	ns/415	Hymn: Lord, I love You more today, than any other	Y	https://www.hymnal.net/Hymns/NewSongs/midi/ns0415.mid https://www.hymnal.net/Hymns/NewSongs/midi/tunes/ns0415_tune.midi
NS416	1232144653	1232144653	MATCH	ns/416	Hymn: Lord, today, increase Thyself in me	Y	https://www.hymnal.net/Hymns/NewSongs/midi/ns0416.mid https://www.hymnal.net/Hymns/NewSongs/midi/tunes/ns0416_tune.midi
NS417	11115577765	11115577765	MATCH	ns/417	Hymn: Waters to Swim in	Y	https://www.hymnal.net/Hymns/NewSongs/midi/ns0417.mid https://www.hymnal.net/Hymns/NewSongs/midi/tunes/ns0417_tune.midi
NS418	11111235111565	11111235111565	MATCH	ns/418	Hymn: Christ is coming as a thief	Y	https://www.hymnal.net/Hymns/NewSongs/midi/ns0418.mid https://www.hymnal.net/Hymns/NewSongs/midi/tunes/ns0418_tune.midi
NS419	533312221222321	533312221222321	MATCH	ns/419	Hymn: And we have the prophetic word	Y	https://www.hymnal.net/Hymns/NewSongs/midi/ns0419.mid https://www.hymnal.net/Hymns/NewSongs/midi/tunes/ns0419_tune.midi
NS42	3235132351	3235132351	MATCH	ns/42	Hymn: Lord, I love You more today	Y	https://www.hymnal.net/Hymns/NewSongs/midi/ns0042.mid https://www.hymnal.net/Hymns/NewSongs/midi/tunes/ns0042_tune.midi
NS420	13514655135522	13514655135522	MATCH	ns/420	Hymn: He who testifies these things	Y	https://www.hymnal.net/Hymns/NewSongs/midi/ns0420.mid https://www.hymnal.net/Hymns/NewSongs/midi/tunes/ns0420_tune.midi
NS421	13543321354332	13543321354332	MATCH	ns/421	Hymn: Have you seen God’s salvation	Y	https://www.hymnal.net/Hymns/NewSongs/midi/ns0421.mid https://www.hymnal.net/Hymns/NewSongs/midi/tunes/ns0421_tune.midi
NS422	3333543134321171223	3333543134321171223	MATCH	ns/422	Hymn: But we all with unveiled face	Y	https://www.hymnal.net/Hymns/NewSongs/midi/ns0422.mid https://www.hymnal.net/Hymns/NewSongs/midi/tunes/ns0422_tune.midi
NS423	55555432251112337	55555432251112337	MATCH	ns/423	Hymn: Christ in You, the Hope of Glory	Y	https://www.hymnal.net/Hymns/NewSongs/midi/ns0423.mid https://www.hymnal.net/Hymns/NewSongs/midi/tunes/ns0423_tune.midi
NS424	3332144433321322	3332144433321322	MATCH	ns/424	Hymn: The Church-Presenting Christ	Y	https://www.hymnal.net/Hymns/NewSongs/midi/ns0424.mid https://www.hymnal.net/Hymns/NewSongs/midi/tunes/ns0424_tune.midi
NS425	3211355235656	3211355235656	MATCH	ns/425	Hymn: And I saw the holy city	Y	https://www.hymnal.net/Hymns/NewSongs/midi/ns0425.mid https://www.hymnal.net/Hymns/NewSongs/midi/tunes/ns0425_tune.midi
NS426	6717617671765	6717617671765	MATCH	ns/426	Hymn: For the word of God is living and operative	Y	https://www.hymnal.net/Hymns/NewSongs/midi/ns0426.mid https://www.hymnal.net/Hymns/NewSongs/midi/tunes/ns0426_tune.midi
NS427	667117657771221761	667117657771221761	MATCH	ns/427	Hymn: I Love Your Word O Jehovah	Y	https://www.hymnal.net/Hymns/NewSongs/midi/ns0427.mid https://www.hymnal.net/Hymns/NewSongs/midi/tunes/ns0427_tune.midi
NS428	33217144342	33217144342	MATCH	ns/428	Hymn: In the Clefts of the Rock	Y	https://www.hymnal.net/Hymns/NewSongs/midi/ns0428.mid https://www.hymnal.net/Hymns/NewSongs/midi/tunes/ns0428_tune.midi
NS429	1123534311	1123534311	MATCH	ns/429	Hymn: Being Saved in His Life	Y	https://www.hymnal.net/Hymns/NewSongs/midi/ns0429.mid https://www.hymnal.net/Hymns/NewSongs/midi/tunes/ns0429_tune.midi
NS43	1563166545	1563166545	MATCH	ns/43	Hymn: Lord, I love You	Y	https://www.hymnal.net/Hymns/NewSongs/midi/ns0043.mid https://www.hymnal.net/Hymns/NewSongs/midi/tunes/ns0043_tune.midi
NS430	334655555553	334655555553	MATCH	ns/430	Hymn: The spirit of man is the lamp of Jehovah	Y	https://www.hymnal.net/Hymns/NewSongs/midi/ns0430.mid https://www.hymnal.net/Hymns/NewSongs/midi/tunes/ns0430_tune.midi
NS431	4312123217671	4312123217671	MATCH	ns/431	Hymn: The Teaching of the Divine Anointing	Y	https://www.hymnal.net/Hymns/NewSongs/midi/ns0431.mid https://www.hymnal.net/Hymns/NewSongs/midi/tunes/ns0431_tune.midi
NS432	34564327124433	34564327124433	MATCH	ns/432	Hymn: Lord, You are the General	Y	https://www.hymnal.net/Hymns/NewSongs/midi/ns0432.mid https://www.hymnal.net/Hymns/NewSongs/midi/tunes/ns0432_tune.midi
NS433	5565356177656665653	5565356177656665653	MATCH	ns/433	Hymn: Consider Your Ways	Y	https://www.hymnal.net/Hymns/NewSongs/midi/ns0433.mid https://www.hymnal.net/Hymns/NewSongs/midi/tunes/ns0433_tune.midi
NS434	34531211772342717655	34531211772342717655	MATCH	ns/434	Hymn: Glad Tidings	Y	https://www.hymnal.net/Hymns/NewSongs/midi/ns0434.mid https://www.hymnal.net/Hymns/NewSongs/midi/tunes/ns0434_tune.midi
NS435	543212343223453235	543212343223453235	MATCH	ns/435	Hymn: Back in My Father’s House Again!	Y	https://www.hymnal.net/Hymns/NewSongs/midi/ns0435.mid https://www.hymnal.net/Hymns/NewSongs/midi/tunes/ns0435_tune.midi
NS436	11233456711756	11233456711756	MATCH	ns/436	Hymn: And let the peace of Christ	Y	https://www.hymnal.net/Hymns/NewSongs/midi/ns0436.mid https://www.hymnal.net/Hymns/NewSongs/midi/tunes/ns0436_tune.midi
NS437	5332212326443327717	5332212326443327717	MATCH	ns/437	Hymn: Now I See	Y	https://www.hymnal.net/Hymns/NewSongs/midi/ns0437.mid https://www.hymnal.net/Hymns/NewSongs/midi/tunes/ns0437_tune.midi
NS438	12311561165	12311561165	MATCH	ns/438	Hymn: What a Christ We Have	Y	https://www.hymnal.net/Hymns/NewSongs/midi/ns0438.mid https://www.hymnal.net/Hymns/NewSongs/midi/tunes/ns0438_tune.midi
NS439	111351111655312	111351111655312	MATCH	ns/439	Hymn: Thirty Character Points	Y	https://www.hymnal.net/Hymns/NewSongs/midi/ns0439.mid https://www.hymnal.net/Hymns/NewSongs/midi/tunes/ns0439_tune.midi
NS44	35111212343213212	35111212343213212	MATCH	ns/44	Hymn: We love You, Lord, we love You	Y	https://www.hymnal.net/Hymns/NewSongs/midi/ns0044.mid https://www.hymnal.net/Hymns/NewSongs/midi/tunes/ns0044_tune.midi
NS440	357775666522321	357775666522321	MATCH	ns/440	Hymn: Revelation 22:16-17	Y	https://www.hymnal.net/Hymns/NewSongs/midi/ns0440.mid https://www.hymnal.net/Hymns/NewSongs/midi/tunes/ns0440_tune.midi
NS441	11235655355324323	11235655355324323	MATCH	ns/441	Hymn: The secret of the universe	Y	https://www.hymnal.net/Hymns/Hymnal/midi/e0028_i.mid https://www.hymnal.net/Hymns/NewSongs/midi/tunes/ns0441_tune.midi
NS442	1111111512	1111111512	MATCH	ns/442	Hymn: In God’s economy Christ is unique	Y	https://www.hymnal.net/Hymns/NewSongs/midi/ns0047.mid https://www.hymnal.net/Hymns/NewSongs/midi/tunes/ns0442_tune.midi
NS443	55654335332	55654335332	MATCH	ns/443	Hymn: Man Lives Not By Bread Alone	Y	https://www.hymnal.net/Hymns/NewSongs/midi/ns0443.mid https://www.hymnal.net/Hymns/NewSongs/midi/tunes/ns0443_tune.midi
NS444	3211135532344321235432	3211135532344321235432	MATCH	ns/444	Hymn: But of Him you are in Christ Jesus	Y	https://www.hymnal.net/Hymns/NewSongs/midi/ns0444.mid https://www.hymnal.net/Hymns/NewSongs/midi/tunes/ns0444_tune.midi
NS445	155554311123443212355	155554311123443212355	MATCH	ns/445	Hymn: Hebrews 1:3	Y	https://www.hymnal.net/Hymns/NewSongs/midi/ns0445.mid https://www.hymnal.net/Hymns/NewSongs/midi/tunes/ns0445_tune.midi
NS446	235113322177777123	235113322177777123	MATCH	ns/446	Hymn: This is My Son, the Beloved	Y	https://www.hymnal.net/Hymns/NewSongs/midi/ns0446.mid https://www.hymnal.net/Hymns/NewSongs/midi/tunes/ns0446_tune.midi
NS447	51112353211765	51112353211765	MATCH	ns/447	Hymn: I Live and Yet Not I	Y	https://www.hymnal.net/Hymns/NewSongs/midi/ns0447.mid https://www.hymnal.net/Hymns/NewSongs/midi/tunes/ns0447_tune.midi
NS448	553531221235	553531221235	MATCH	ns/448	Hymn: I Have an Excuse!	Y	https://www.hymnal.net/Hymns/NewSongs/midi/ns0448.mid https://www.hymnal.net/Hymns/NewSongs/midi/tunes/ns0448_tune.midi
NS449	3334332116543	3334332116543	MATCH	ns/449	Hymn: The measure of our value	Y	https://www.hymnal.net/Hymns/Hymnal/midi/e0824_i.mid https://www.hymnal.net/Hymns/NewSongs/midi/tunes/ns0449_tune.midi
NS45	5121231432122	5121231432122	MATCH	ns/45	Hymn: The last Adam became a life-giving Spirit (#12)	Y	https://www.hymnal.net/Hymns/NewSongs/midi/ns0045.mid https://www.hymnal.net/Hymns/NewSongs/midi/tunes/ns0045_tune.midi
NS450	53221656556711232	53221656556711232	MATCH	ns/450	Hymn: Oh, how I love Thee dearest Lord	Y	https://www.hymnal.net/Hymns/Hymnal/midi/e0960_i.mid https://www.hymnal.net/Hymns/NewSongs/midi/tunes/ns0450_tune.midi
NS451	5123432171	5123432171	MATCH	ns/451	Hymn: Lord, Deeper Make Thy Home in Me	Y	https://www.hymnal.net/Hymns/NewSongs/midi/ns0451.mid https://www.hymnal.net/Hymns/NewSongs/midi/tunes/ns0451_tune.midi
NS452	55555544533333322	55555544533333322	MATCH	ns/452	Hymn: Even as He is	Y	https://www.hymnal.net/Hymns/NewSongs/midi/ns0452.mid https://www.hymnal.net/Hymns/NewSongs/midi/tunes/ns0452_tune.midi
NS453	1233312221117576	1233312221117576	MATCH	ns/453	Hymn: I have set before you life and death	Y	https://www.hymnal.net/Hymns/NewSongs/midi/ns0453.mid https://www.hymnal.net/Hymns/NewSongs/midi/tunes/ns0453_tune.midi
NS454	554653123453	554653123453	MATCH	ns/454	Hymn: Oh, conquer me dear Lord	Y	https://www.hymnal.net/Hymns/Hymnal/midi/e0312_i.mid https://www.hymnal.net/Hymns/NewSongs/midi/tunes/ns0454_tune.midi
NS455	5556354444523	5556354444523	MATCH	ns/455	Hymn: Can we forget Thy coming	Y	https://www.hymnal.net/Hymns/Hymnal/midi/e0280_i.mid https://www.hymnal.net/Hymns/NewSongs/midi/tunes/ns0455_tune.midi
NS456	17564325511235322	17564325511235322	MATCH	ns/456	Hymn: Lord Jesus Christ my sole desire	Y	https://www.hymnal.net/Hymns/Hymnal/midi/e0847_i.mid https://www.hymnal.net/Hymns/NewSongs/midi/tunes/ns0456_tune.midi
NS457	5556354444523	5556354444523	MATCH	ns/457	Hymn: Lord, grant us a revival	Y	https://www.hymnal.net/Hymns/Hymnal/midi/e0280_i.mid https://www.hymnal.net/Hymns/NewSongs/midi/tunes/ns0457_tune.midi
NS458	111171221	111171221	MATCH	ns/458	Hymn: Dead in sin and void of purpose	Y	https://www.hymnal.net/Hymns/Hymnal/midi/e0435_i.mid https://www.hymnal.net/Hymns/NewSongs/midi/tunes/ns0458_tune.midi
NS459	1121233212	1121233212	MATCH	ns/459	Hymn: Deuteronomy 30:19	Y	https://www.hymnal.net/Hymns/NewSongs/midi/ns0459.mid https://www.hymnal.net/Hymns/NewSongs/midi/tunes/ns0459_tune.midi
NS46	33332252	3333225211117737	DIFF	ns/46	Hymn: Lord, You love me so immensely	Y	https://www.hymnal.net/Hymns/NewSongs/midi/ns0046.mid https://www.hymnal.net/Hymns/NewSongs/midi/tunes/ns0046_tune.midi
NS460	33543214332	33543214332	MATCH	ns/460	Hymn: Thou, Triune God, eternally	Y	https://www.hymnal.net/Hymns/Hymnal/midi/e0361_i.mid https://www.hymnal.net/Hymns/NewSongs/midi/tunes/ns0460_tune.midi
NS461	51435143216	51435143216	MATCH	ns/461	Hymn: Let him kiss me with the kisses of his mouth	Y	https://www.hymnal.net/Hymns/NewSongs/midi/ns0461.mid https://www.hymnal.net/Hymns/NewSongs/midi/tunes/ns0461_tune.midi
NS462	551513225551321	551513225551321	MATCH	ns/462	Hymn: Lo, the Spirit is now working!	Y	https://www.hymnal.net/Hymns/Hymnal/midi/e0889_i.mid https://www.hymnal.net/Hymns/NewSongs/midi/tunes/ns0462_tune.midi
NS463	123343323211253	123343323211253	MATCH	ns/463	Hymn: Lord, Thou hast won my heart	Y	https://www.hymnal.net/Hymns/Hymnal/midi/e0228_i.mid https://www.hymnal.net/Hymns/NewSongs/midi/tunes/ns0463_tune.midi
NS464	131531765432	131531765432	MATCH	ns/464	Hymn: We must redeem the time!	Y	https://www.hymnal.net/Hymns/Hymnal/midi/e0080_i.mid https://www.hymnal.net/Hymns/NewSongs/midi/tunes/ns0464_tune.midi
NS465	13211356566532	13211356566532	MATCH	ns/465	Hymn: This River	Y	https://www.hymnal.net/Hymns/NewSongs/midi/ns0465.mid https://www.hymnal.net/Hymns/NewSongs/midi/tunes/ns0465_tune.midi
NS466	123532171234643212	123532171234643212	MATCH	ns/466	Hymn: Cords of a Man, Bands of Love	Y	https://www.hymnal.net/Hymns/NewSongs/midi/ns0466.mid https://www.hymnal.net/Hymns/NewSongs/midi/tunes/ns0466_tune.midi
NS467	1233343231123334312	1233343231123334312	MATCH	ns/467	Hymn: But for Me I Will Wait on Jehovah	Y	https://www.hymnal.net/Hymns/NewSongs/midi/ns0467.mid https://www.hymnal.net/Hymns/NewSongs/midi/tunes/ns0467_tune.midi
NS468	333413543232	333413543232	MATCH	ns/468	Hymn: Lord, in that coming day	Y	https://www.hymnal.net/Hymns/Hymnal/midi/e0111_i.mid https://www.hymnal.net/Hymns/NewSongs/midi/tunes/ns0468_tune.midi
NS469	31555117136714332	31555117136714332	MATCH	ns/469	Hymn: One thing every heart desireth	Y	https://www.hymnal.net/Hymns/Hymnal/midi/e0265_i.mid https://www.hymnal.net/Hymns/NewSongs/midi/tunes/ns0469_tune.midi
NS47	1111111512	1111111512	MATCH	ns/47	Hymn: Known of my Father	Y	https://www.hymnal.net/Hymns/NewSongs/midi/ns0047.mid https://www.hymnal.net/Hymns/NewSongs/midi/tunes/ns0047_tune.midi
NS470	556531165131532	556531165131532	MATCH	ns/470	Hymn: We must ever preach the gospel	Y	https://www.hymnal.net/Hymns/Hymnal/midi/e0628_i.mid https://www.hymnal.net/Hymns/NewSongs/midi/tunes/ns0470_tune.midi
NS471	1231616512314321	1231616512314321	MATCH	ns/471	Hymn: Living Christ, Our Victory	Y	https://www.hymnal.net/Hymns/NewSongs/midi/ns0471.mid https://www.hymnal.net/Hymns/NewSongs/midi/tunes/ns0471_tune.midi
NS472	512332126571222216165	512332126571222216165	MATCH	ns/472	Hymn: Wild Rose of Sharon	Y	https://www.hymnal.net/Hymns/NewSongs/midi/ns0472.mid https://www.hymnal.net/Hymns/NewSongs/midi/tunes/ns0472_tune.midi
NS473	5333333331714	5333333331714	MATCH	ns/473	Hymn: From all the young descendants	Y	https://www.hymnal.net/Hymns/Hymnal/midi/e0870_i.mid https://www.hymnal.net/Hymns/NewSongs/midi/tunes/ns0473_tune.midi
NS474	336617665671132117	336617665671132117	MATCH	ns/474	Hymn: Let me love and not be respected	Y	https://www.hymnal.net/Hymns/NewSongs/midi/ns0019.mid https://www.hymnal.net/Hymns/NewSongs/midi/tunes/ns0474_tune.midi
NS475	12334433455432	12334433455432	MATCH	ns/475	Hymn: Lord we yearn for Your display	Y	https://www.hymnal.net/Hymns/Hymnal/midi/e0284_i.mid https://www.hymnal.net/Hymns/NewSongs/midi/tunes/ns0475_tune.midi
NS476	532123444452	532123444452	MATCH	ns/476	Hymn: God’s Dream	Y	https://www.hymnal.net/Hymns/NewSongs/midi/ns0476.mid https://www.hymnal.net/Hymns/NewSongs/midi/tunes/ns0476_tune.midi
NS477	55651766543332121122	55651766543332121122	MATCH	ns/477	Hymn: As the living Father has sent Me	Y	https://www.hymnal.net/Hymns/NewSongs/midi/ns0477.mid https://www.hymnal.net/Hymns/NewSongs/midi/tunes/ns0477_tune.midi
NS478	1233321222	1233321222	MATCH	ns/478	Hymn: Christ in Isaiah	Y	https://www.hymnal.net/Hymns/Hymnal/midi/e0510_i.mid https://www.hymnal.net/Hymns/NewSongs/midi/tunes/ns0478_tune.midi
NS479	3321123443244322345543	3321123443244322345543	MATCH	ns/479	Hymn: Banqueting House	Y	https://www.hymnal.net/Hymns/NewSongs/midi/ns0479.mid https://www.hymnal.net/Hymns/NewSongs/midi/tunes/ns0479_tune.midi
NS48	11231232217567	11231232217567	MATCH	ns/48	Hymn: God wants someone to love Him	Y	https://www.hymnal.net/Hymns/NewSongs/midi/ns0048.mid https://www.hymnal.net/Hymns/NewSongs/midi/tunes/ns0048_tune.midi
NS480	12316121512312232	12316121512312232	MATCH	ns/480	Hymn: Stone-ify me for Your building	Y	https://www.hymnal.net/Hymns/NewSongs/midi/ns0480.mid https://www.hymnal.net/Hymns/NewSongs/midi/tunes/ns0480_tune.midi
NS481	3332166123212	3332166123212	MATCH	ns/481	Hymn: Highways to Zion	Y	https://www.hymnal.net/Hymns/NewSongs/midi/ns0481.mid https://www.hymnal.net/Hymns/NewSongs/midi/tunes/ns0481_tune.midi
NS482	1231432123216432	512314321253216432	DIFF	ns/482	Hymn: And let them make a sanctuary for Me	Y	https://www.hymnal.net/Hymns/NewSongs/midi/ns0482.mid https://www.hymnal.net/Hymns/NewSongs/midi/tunes/ns0482_tune.midi
NS483	532176112232	532176112232	MATCH	ns/483	Hymn: My love is like a dove	Y	https://www.hymnal.net/Hymns/NewSongs/midi/ns0483.mid https://www.hymnal.net/Hymns/NewSongs/midi/tunes/ns0483_tune.midi
NS484	4565323431456532343	4565323431456532343	MATCH	ns/484	Hymn: For in Him dwells	Y	https://www.hymnal.net/Hymns/NewSongs/midi/ns0484.mid https://www.hymnal.net/Hymns/NewSongs/midi/tunes/ns0484_tune.midi
NS485	12321236551765655	12321236551765655	MATCH	ns/485	Hymn: Put on therefore, as God’s chosen ones	Y	https://www.hymnal.net/Hymns/NewSongs/midi/ns0485.mid https://www.hymnal.net/Hymns/NewSongs/midi/tunes/ns0485_tune.midi
NS486	5333331217655	5333331217655	MATCH	ns/486	Hymn: The City and the Bride	Y	https://www.hymnal.net/Hymns/NewSongs/midi/ns0486.mid https://www.hymnal.net/Hymns/NewSongs/midi/tunes/ns0486_tune.midi
NS487	13555535335653	13555535335653	MATCH	ns/487	Hymn: The Inner Essence of the Bible	Y	https://www.hymnal.net/Hymns/NewSongs/midi/ns0487.mid https://www.hymnal.net/Hymns/NewSongs/midi/tunes/ns0487_tune.midi
NS488	356365671765	356365671765	MATCH	ns/488	Hymn: Jesus, precious Jesus	Y	https://www.hymnal.net/Hymns/NewSongs/midi/ns0488.mid https://www.hymnal.net/Hymns/NewSongs/midi/tunes/ns0488_tune.midi
NS489	5517665554533231	5517665554533231	MATCH	ns/489	Hymn: God Will Sovereignly Use	Y	https://www.hymnal.net/Hymns/NewSongs/midi/ns0489.mid https://www.hymnal.net/Hymns/NewSongs/midi/tunes/ns0489_tune.midi
NS49	35113544322123	35113544322123	MATCH	ns/49	Hymn: Whispers from above	Y	https://www.hymnal.net/Hymns/NewSongs/midi/ns0049.mid https://www.hymnal.net/Hymns/NewSongs/midi/tunes/ns0049_tune.midi
NS490	555555551761	555555551761	MATCH	ns/490	Hymn: Up to Bethel	Y	https://www.hymnal.net/Hymns/NewSongs/midi/ns0490.mid https://www.hymnal.net/Hymns/NewSongs/midi/tunes/ns0490_tune.midi
NS491	3343212321123217717	3343212321123217717	MATCH	ns/491	Hymn: Jehovah Bless You and Keep You (1)	Y	https://www.hymnal.net/Hymns/NewSongs/midi/ns0491.mid https://www.hymnal.net/Hymns/NewSongs/midi/tunes/ns0491_tune.midi
NS492	3353343113432723432	3353343113432723432	MATCH	ns/492	Hymn: Lord, I give my heart to You, Surrender myself unto Th	Y	https://www.hymnal.net/Hymns/NewSongs/midi/ns0492.mid https://www.hymnal.net/Hymns/NewSongs/midi/tunes/ns0492_tune.midi
NS493			MATCH	ns/493	Hymn: To live a life in the Holy of Holies	Y	https://www.hymnal.net/Hymns/NewSongs/midi/ns0493.mid https://www.hymnal.net/Hymns/NewSongs/midi/tunes/ns0493_tune.midi
NS494	32151613561612	32151613561612	MATCH	ns/494	Hymn: This Opportunity	Y	https://www.hymnal.net/Hymns/NewSongs/midi/ns0494.mid https://www.hymnal.net/Hymns/NewSongs/midi/tunes/ns0494_tune.midi
NS495	345165656535	345165656535	MATCH	ns/495	Hymn: God Has Chosen You and Me	Y	https://www.hymnal.net/Hymns/NewSongs/midi/ns0495.mid https://www.hymnal.net/Hymns/NewSongs/midi/tunes/ns0495_tune.midi
NS496	1175344433515566	1175344433515566	MATCH	ns/496	Hymn: God’s Central Work and Purpose	Y	https://www.hymnal.net/Hymns/NewSongs/midi/ns0496.mid https://www.hymnal.net/Hymns/NewSongs/midi/tunes/ns0496_tune.midi
NS497	333211561165	333211561165	MATCH	ns/497	Hymn: Begin the day with God	Y	https://www.hymnal.net/Hymns/NewSongs/midi/ns0497.mid https://www.hymnal.net/Hymns/NewSongs/midi/tunes/ns0497_tune.midi
NS498	34516144316513342	34516144316513342	MATCH	ns/498	Hymn: Lord, Thou as the living oyster	Y	https://www.hymnal.net/Hymns/NewSongs/midi/ns0498.mid https://www.hymnal.net/Hymns/NewSongs/midi/tunes/ns0498_tune.midi
NS499	111133556535	111133556535	MATCH	ns/499	Hymn: The Vision of God’s Building	Y	https://www.hymnal.net/Hymns/NewSongs/midi/ns0499.mid https://www.hymnal.net/Hymns/NewSongs/midi/tunes/ns0499_tune.midi
NS5	3333345565	3333345565	MATCH	ns/5	Hymn: The Humanity of Christ	Y	https://www.hymnal.net/Hymns/NewSongs/midi/ns0005.mid https://www.hymnal.net/Hymns/NewSongs/midi/tunes/ns0005_tune.midi
NS50	512343512343	512343512343	MATCH	ns/50	Hymn: He tells me, guard thy heart	Y	https://www.hymnal.net/Hymns/NewSongs/midi/ns0050.mid https://www.hymnal.net/Hymns/NewSongs/midi/tunes/ns0050_tune.midi
NS500	67171121556653	67171121556653	MATCH	ns/500	Hymn: But whoever drinks	Y	https://www.hymnal.net/Hymns/NewSongs/midi/ns0500.mid https://www.hymnal.net/Hymns/NewSongs/midi/tunes/ns0500_tune.midi
NS501	21273413276121	21273413276121	MATCH	ns/501	Hymn: 2 Tim. 2:22; 2 Cor. 3:16	Y	https://www.hymnal.net/Hymns/NewSongs/midi/ns0501.mid https://www.hymnal.net/Hymns/NewSongs/midi/tunes/ns0501_tune.midi
NS502	55556123334321	55556123334321	MATCH	ns/502	Hymn: Whenever the Heart Turns to the Lord	Y	https://www.hymnal.net/Hymns/NewSongs/midi/ns0502.mid https://www.hymnal.net/Hymns/NewSongs/midi/tunes/ns0502_tune.midi
NS503	112343232171536	112343232171536	MATCH	ns/503	Hymn: Deut. 7:6; Exo. 15:13	Y	https://www.hymnal.net/Hymns/NewSongs/midi/ns0503.mid https://www.hymnal.net/Hymns/NewSongs/midi/tunes/ns0503_tune.midi
NS504	333215255217116	333215255217116	MATCH	ns/504	Hymn: He gives power to the faint	Y	https://www.hymnal.net/Hymns/NewSongs/midi/ns0504.mid https://www.hymnal.net/Hymns/NewSongs/midi/tunes/ns0504_tune.midi
NS505	5553233334321	5553233334321	MATCH	ns/505	Hymn: God Needs the Overcomers	Y	https://www.hymnal.net/Hymns/NewSongs/midi/ns0505.mid https://www.hymnal.net/Hymns/NewSongs/midi/tunes/ns0505_tune.midi
NS506	355535555451235221	355535555451235221	MATCH	ns/506	Hymn: Choose to Be an Overcomer	Y	https://www.hymnal.net/Hymns/NewSongs/midi/ns0506.mid https://www.hymnal.net/Hymns/NewSongs/midi/tunes/ns0506_tune.midi
NS507	121564325315	121564325315	MATCH	ns/507	Hymn: God’s Intention is to Flow	Y	https://www.hymnal.net/Hymns/NewSongs/midi/ns0507.mid https://www.hymnal.net/Hymns/NewSongs/midi/tunes/ns0507_tune.midi
NS508	1275611566661132	1275611566661132	MATCH	ns/508	Hymn: Precious	Y	https://www.hymnal.net/Hymns/NewSongs/midi/ns0508.mid https://www.hymnal.net/Hymns/NewSongs/midi/tunes/ns0508_tune.midi
NS509	3123543321	3123543321	MATCH	ns/509	Hymn: Father with Thee in secret I would be	Y	https://www.hymnal.net/Hymns/Hymnal/midi/e0225_i.mid https://www.hymnal.net/Hymns/NewSongs/midi/tunes/ns0509_tune.midi
NS51	511117576567	511117576567	MATCH	ns/51	Hymn: Create in me a clean heart, O God	Y	https://www.hymnal.net/Hymns/NewSongs/midi/ns0051.mid https://www.hymnal.net/Hymns/NewSongs/midi/tunes/ns0051_tune.midi
NS510	5513321621651312	5513321621651312	MATCH	ns/510	Hymn: Into our care did God entrust	Y	https://www.hymnal.net/Hymns/Hymnal/midi/e0396_i.mid https://www.hymnal.net/Hymns/NewSongs/midi/tunes/ns0510_tune.midi
NS511	344555123216	344555123216	MATCH	ns/511	Hymn: This Divine Power	Y	https://www.hymnal.net/Hymns/NewSongs/midi/ns0511.mid https://www.hymnal.net/Hymns/NewSongs/midi/tunes/ns0511_tune.midi
NS512	333457155554332	333457155554332	MATCH	ns/512	Hymn: Let’s Not Quench the Spirit	Y	https://www.hymnal.net/Hymns/NewSongs/midi/ns0512.mid https://www.hymnal.net/Hymns/NewSongs/midi/tunes/ns0512_tune.midi
NS513	5565551166661617	5565551166661617	MATCH	ns/513	Hymn: Chosen	Y	https://www.hymnal.net/Hymns/NewSongs/midi/ns0513.mid https://www.hymnal.net/Hymns/NewSongs/midi/tunes/ns0513_tune.midi
NS514	667134322177732713	667134322177732713	MATCH	ns/514	Hymn: Your People Will Offer Themselves Willingly	Y	https://www.hymnal.net/Hymns/NewSongs/midi/ns0514.mid https://www.hymnal.net/Hymns/NewSongs/midi/tunes/ns0514_tune.midi
NS515	334575665432	334575665432	MATCH	ns/515	Hymn: Reigning in Life	Y	https://www.hymnal.net/Hymns/NewSongs/midi/ns0515.mid https://www.hymnal.net/Hymns/NewSongs/midi/tunes/ns0515_tune.midi
NS516	511176567175565435	511176567175565435	MATCH	ns/516	Hymn: Your People Will Offer Themselves	Y	https://www.hymnal.net/Hymns/NewSongs/midi/ns0516.mid https://www.hymnal.net/Hymns/NewSongs/midi/tunes/ns0516_tune.midi
NS517	323213523212321673	323213523212321673	MATCH	ns/517	Hymn: Treasure in Earthen Vessels	Y	https://www.hymnal.net/Hymns/NewSongs/midi/ns0517.mid https://www.hymnal.net/Hymns/NewSongs/midi/tunes/ns0517_tune.midi
NS518	3535535655	3535535655	MATCH	ns/518	Hymn: Simon, son of John	Y	https://www.hymnal.net/Hymns/NewSongs/midi/ns0518.mid https://www.hymnal.net/Hymns/NewSongs/midi/tunes/ns0518_tune.midi
NS519	512321665453	512321665453	MATCH	ns/519	Hymn: The New Covenant Blessings	Y	https://www.hymnal.net/Hymns/NewSongs/midi/ns0519.mid https://www.hymnal.net/Hymns/NewSongs/midi/tunes/ns0519_tune.midi
NS52	33451154	33451154	MATCH	ns/52	Hymn: Sweet, sweet repose	Y	https://www.hymnal.net/Hymns/NewSongs/midi/ns0052.mid https://www.hymnal.net/Hymns/NewSongs/midi/tunes/ns0052_tune.midi
NS520	12353211234445432	12353211234445432	MATCH	ns/520	Hymn: Hidden Behind Every Scene	Y	https://www.hymnal.net/Hymns/NewSongs/midi/ns0520.mid https://www.hymnal.net/Hymns/NewSongs/midi/tunes/ns0520_tune.midi
NS521	123343155566465	123343155566465	MATCH	ns/521	Hymn: On the cross You gave Your life for me	Y	https://www.hymnal.net/Hymns/NewSongs/midi/ns0521.mid https://www.hymnal.net/Hymns/NewSongs/midi/tunes/ns0521_tune.midi
NS522	11237666715	11237666715	MATCH	ns/522	Hymn: While Christ Builds His Church	Y	https://www.hymnal.net/Hymns/NewSongs/midi/ns0522.mid https://www.hymnal.net/Hymns/NewSongs/midi/tunes/ns0522_tune.midi
NS523	51234321711113322123	51234321711113322123	MATCH	ns/523	Hymn: The Local Churches as the Testimony of Jesus	Y	https://www.hymnal.net/Hymns/NewSongs/midi/ns0523.mid https://www.hymnal.net/Hymns/NewSongs/midi/tunes/ns0523_tune.midi
NS524	1565434133216326	1565434133216326	MATCH	ns/524	Hymn: 2 Corinthians 12:15-16a	Y	https://www.hymnal.net/Hymns/NewSongs/midi/ns0524.mid https://www.hymnal.net/Hymns/NewSongs/midi/tunes/ns0524_tune.midi
NS525	15565432133143446565	15565432133143446565	MATCH	ns/525	Hymn: Isaiah 42:9 & Philippians 3:13-14	Y	https://www.hymnal.net/Hymns/NewSongs/midi/ns0525.mid https://www.hymnal.net/Hymns/NewSongs/midi/tunes/ns0525_tune.midi
NS526	1233321354431	1233321354431	MATCH	ns/526	Hymn: Numbering Our Days	Y	https://www.hymnal.net/Hymns/NewSongs/midi/ns0526.mid https://www.hymnal.net/Hymns/NewSongs/midi/tunes/ns0526_tune.midi
NS527	3455176543333455	3455176543333455	MATCH	ns/527	Hymn: Revelation 19:7-9	Y	https://www.hymnal.net/Hymns/NewSongs/midi/ns0527.mid https://www.hymnal.net/Hymns/NewSongs/midi/tunes/ns0527_tune.midi
NS528	312345332113111233411	312345332113111233411	MATCH	ns/528	Hymn: 1 Peter 1:8	Y	https://www.hymnal.net/Hymns/NewSongs/midi/ns0528.mid https://www.hymnal.net/Hymns/NewSongs/midi/tunes/ns0528_tune.midi
NS529	11353113531353232	11353113531353232	MATCH	ns/529	Hymn: Jeremiah 24:7	Y	https://www.hymnal.net/Hymns/NewSongs/midi/ns0529.mid https://www.hymnal.net/Hymns/NewSongs/midi/tunes/ns0529_tune.midi
NS53	33333125534321	33333125534321	MATCH	ns/53	Hymn: He’s my God	Y	https://www.hymnal.net/Hymns/NewSongs/midi/ns0053.mid https://www.hymnal.net/Hymns/NewSongs/midi/tunes/ns0053_tune.midi
NS530	33331454333212	33331454333212	MATCH	ns/530	Hymn: Above the Waste and Emptiness	Y	https://www.hymnal.net/Hymns/NewSongs/midi/ns0530.mid https://www.hymnal.net/Hymns/NewSongs/midi/tunes/ns0530_tune.midi
NS531	3345316123444321	3345316123444321	MATCH	ns/531	Hymn: Christ Lives in Me	Y	https://www.hymnal.net/Hymns/NewSongs/midi/ns0531.mid https://www.hymnal.net/Hymns/NewSongs/midi/tunes/ns0531_tune.midi
NS532	3453513423426543	3453513423426543	MATCH	ns/532	Hymn: The Full Price	Y	https://www.hymnal.net/Hymns/NewSongs/midi/ns0532.mid https://www.hymnal.net/Hymns/NewSongs/midi/tunes/ns0532_tune.midi
NS533	333333333324	333333333324	MATCH	ns/533	Hymn: When I grow up	Y	https://www.hymnal.net/Hymns/NewSongs/midi/ns0533.mid https://www.hymnal.net/Hymns/NewSongs/midi/tunes/ns0533_tune.midi
NS534	3532311121716	3532311121716	MATCH	ns/534	Hymn: They walked along the road	Y	https://www.hymnal.net/Hymns/NewSongs/midi/ns0534.mid https://www.hymnal.net/Hymns/NewSongs/midi/tunes/ns0534_tune.midi
NS535	55112321161121	55112321161121	MATCH	ns/535	Hymn: The Two Altars	Y	https://www.hymnal.net/Hymns/NewSongs/midi/ns0535.mid https://www.hymnal.net/Hymns/NewSongs/midi/tunes/ns0535_tune.midi
NS536	332323317653	332323317653	MATCH	ns/536	Hymn: We turn our hearts to You, Lord	Y	https://www.hymnal.net/Hymns/NewSongs/midi/ns0536.mid https://www.hymnal.net/Hymns/NewSongs/midi/tunes/ns0536_tune.midi
NS537	3334552232111123377	3334552232111123377	MATCH	ns/537	Hymn: But you, beloved	Y	https://www.hymnal.net/Hymns/NewSongs/midi/ns0537.mid https://www.hymnal.net/Hymns/NewSongs/midi/tunes/ns0537_tune.midi
NS538	5333221766721	5333221766721	MATCH	ns/538	Hymn: In Contact Through the Ages	Y	https://www.hymnal.net/Hymns/NewSongs/midi/ns0538.mid https://www.hymnal.net/Hymns/NewSongs/midi/tunes/ns0538_tune.midi
NS539	55555435654444423454	55555435654444423454	MATCH	ns/539	Hymn: Let the word of Christ dwell in you richly	Y	https://www.hymnal.net/Hymns/NewSongs/midi/ns0539.mid https://www.hymnal.net/Hymns/NewSongs/midi/tunes/ns0539_tune.midi
NS54	51333432166671	51333432166671	MATCH	ns/54	Hymn: Welcome	Y	https://www.hymnal.net/Hymns/NewSongs/midi/ns0054.mid https://www.hymnal.net/Hymns/NewSongs/midi/tunes/ns0054_tune.midi
NS540	235565121121217121132132	235565121121217121132132	MATCH	ns/540	Hymn: The water in the word	Y	https://www.hymnal.net/Hymns/NewSongs/midi/ns0540.mid https://www.hymnal.net/Hymns/NewSongs/midi/tunes/ns0540_tune.midi
NS541	321321212354	321321212354	MATCH	ns/541	Hymn: Divine Dispensing for the Life Supply	Y	https://www.hymnal.net/Hymns/NewSongs/midi/ns0541.mid https://www.hymnal.net/Hymns/NewSongs/midi/tunes/ns0541_tune.midi
NS542	1535612324	1535612324	MATCH	ns/542	Hymn: Consecrated One	Y	https://www.hymnal.net/Hymns/NewSongs/midi/ns0542.mid https://www.hymnal.net/Hymns/NewSongs/midi/tunes/ns0542_tune.midi
NS543	5121231432122543212	5121231432122543212	MATCH	ns/543	Hymn: The last Adam became a life-giving Spirit (#13)	Y	https://www.hymnal.net/Hymns/NewSongs/midi/ns0543.mid https://www.hymnal.net/Hymns/NewSongs/midi/tunes/ns0543_tune.midi
NS544	13455671653321232	13455671653321232	MATCH	ns/544	Hymn: O Lord, You Know What’s in My Heart	Y	https://www.hymnal.net/Hymns/NewSongs/midi/ns0544.mid https://www.hymnal.net/Hymns/NewSongs/midi/tunes/ns0544_tune.midi
NS545	15555653215555653221	15555653215555653221	MATCH	ns/545	Hymn: Revelation 3:20-21	Y	https://www.hymnal.net/Hymns/NewSongs/midi/ns0545.mid https://www.hymnal.net/Hymns/NewSongs/midi/tunes/ns0545_tune.midi
NS546	4561765465443	4561765465443	MATCH	ns/546	Hymn: And the God of peace Himself sanctify you wholly	Y	https://www.hymnal.net/Hymns/NewSongs/midi/ns0546.mid https://www.hymnal.net/Hymns/NewSongs/midi/tunes/ns0546_tune.midi
NS547	533333217254444	533333217254444	MATCH	ns/547	Hymn: Beloved, Let Us Love One Another (1 John 4:7-8)	Y	https://www.hymnal.net/Hymns/NewSongs/midi/ns0547.mid https://www.hymnal.net/Hymns/NewSongs/midi/tunes/ns0547_tune.midi
NS548	17132112321765	17132112321765	MATCH	ns/548	Hymn: I’ve Kissed the Son	Y	https://www.hymnal.net/Hymns/NewSongs/midi/ns0548.mid https://www.hymnal.net/Hymns/NewSongs/midi/tunes/ns0548_tune.midi
NS549	123334326135111217535	123334326135111217535	MATCH	ns/549	Hymn: Let Him Take the Water of Life	Y	https://www.hymnal.net/Hymns/NewSongs/midi/ns0549.mid https://www.hymnal.net/Hymns/NewSongs/midi/tunes/ns0549_tune.midi
NS55	54443212	54443212	MATCH	ns/55	Hymn: Call, call, won’t you call Jesus’ name	Y	https://www.hymnal.net/Hymns/NewSongs/midi/ns0055.mid https://www.hymnal.net/Hymns/NewSongs/midi/tunes/ns0055_tune.midi
NS550	535432344332112332	535432344332112332	MATCH	ns/550	Hymn: A Kingdom of Priests	Y	https://www.hymnal.net/Hymns/NewSongs/midi/ns0550.mid https://www.hymnal.net/Hymns/NewSongs/midi/tunes/ns0550_tune.midi
NS551	123234443224433	12323434224433	DIFF	ns/551	Hymn: For the word of the cross	Y	https://www.hymnal.net/Hymns/NewSongs/midi/ns0551.mid https://www.hymnal.net/Hymns/NewSongs/midi/tunes/ns0551_tune.midi
NS552	5565323212164617123432	5565323212164617123432	MATCH	ns/552	Hymn: Nothing But Love	Y	https://www.hymnal.net/Hymns/NewSongs/midi/ns0552.mid https://www.hymnal.net/Hymns/NewSongs/midi/tunes/ns0552_tune.midi
NS553	51235512356521	51235512356521	MATCH	ns/553	Hymn: Rejoice in the Lord	Y	https://www.hymnal.net/Hymns/NewSongs/midi/ns0553.mid https://www.hymnal.net/Hymns/NewSongs/midi/tunes/ns0553_tune.midi
NS554	3453453453451176567	3453453453451176567	MATCH	ns/554	Hymn: In our heart, in our heart	Y	https://www.hymnal.net/Hymns/NewSongs/midi/ns0241.mid https://www.hymnal.net/Hymns/NewSongs/midi/tunes/ns0554_tune.midi
NS555	336717656	336717656	MATCH	ns/555	Hymn: In Our Hands, the Seed of Life We Hold	Y	https://www.hymnal.net/Hymns/NewSongs/midi/ns0033.mid https://www.hymnal.net/Hymns/NewSongs/midi/tunes/ns0555_tune.midi
NS556	3321255556666771	3321255556666771	MATCH	ns/556	Hymn: Therefore do not be ashamed of the testimony of our Lo	Y	https://www.hymnal.net/Hymns/NewSongs/midi/ns0556.mid https://www.hymnal.net/Hymns/NewSongs/midi/tunes/ns0556_tune.midi
NS557	3367121717656	3367121717656	MATCH	ns/557	Hymn: Can a Woman Forget Her Nursing Child	Y	https://www.hymnal.net/Hymns/NewSongs/midi/ns0557.mid https://www.hymnal.net/Hymns/NewSongs/midi/tunes/ns0557_tune.midi
NS558	511112321	511112321	MATCH	ns/558	Hymn: Four living creatures are	Y	https://www.hymnal.net/Hymns/Hymnal/midi/e0242_i.mid https://www.hymnal.net/Hymns/NewSongs/midi/tunes/ns0558_tune.midi
NS559	12334332212671121377	12334332212671121377	MATCH	ns/559	Hymn: I Want to Follow Him	Y	https://www.hymnal.net/Hymns/NewSongs/midi/ns0559.mid https://www.hymnal.net/Hymns/NewSongs/midi/tunes/ns0559_tune.midi
NS56	7123213453532	7123213453532	MATCH	ns/56	Hymn: Rain on me	Y	https://www.hymnal.net/Hymns/NewSongs/midi/ns0056.mid https://www.hymnal.net/Hymns/NewSongs/midi/tunes/ns0056_tune.midi
NS560	3456671211776655	3456671211776655	MATCH	ns/560	Hymn: When You Say Lord	Y	https://www.hymnal.net/Hymns/NewSongs/midi/ns0560.mid https://www.hymnal.net/Hymns/NewSongs/midi/tunes/ns0560_tune.midi
NS561	565565431256551765	565565431256551765	MATCH	ns/561	Hymn: Infinite Gratitude	Y	https://www.hymnal.net/Hymns/NewSongs/midi/ns0561.mid https://www.hymnal.net/Hymns/NewSongs/midi/tunes/ns0561_tune.midi
NS562	1333211356532	1333211356532	MATCH	ns/562	Hymn: I heard the voice of the Lord	Y	https://www.hymnal.net/Hymns/NewSongs/midi/ns0562.mid https://www.hymnal.net/Hymns/NewSongs/midi/tunes/ns0562_tune.midi
NS563	12324327165432315	12324327165432315	MATCH	ns/563	Hymn: The Rainbow	Y	https://www.hymnal.net/Hymns/Hymnal/midi/e0020_i.mid https://www.hymnal.net/Hymns/NewSongs/midi/tunes/ns0563_tune.midi
NS564	11216561123	11216561123	MATCH	ns/564	Hymn: His Face They Will See	Y	https://www.hymnal.net/Hymns/NewSongs/midi/ns0345.mid https://www.hymnal.net/Hymns/NewSongs/midi/tunes/ns0564_tune.midi
NS565	3321565543	3321565543	MATCH	ns/565	Hymn: Melt in His Presence	Y	https://www.hymnal.net/Hymns/Hymnal/midi/e0370_i.mid https://www.hymnal.net/Hymns/NewSongs/midi/tunes/ns0565_tune.midi
NS566	33332161765112332	33332161765112332	MATCH	ns/566	Hymn: How Must I Know My Lord	Y	https://www.hymnal.net/Hymns/NewSongs/midi/ns0566.mid https://www.hymnal.net/Hymns/NewSongs/midi/tunes/ns0566_tune.midi
NS567	1715171517161716	1715171517161716	MATCH	ns/567	Hymn: We Know, We Know (I’m Gonna Praise God)	Y	https://www.hymnal.net/Hymns/NewSongs/midi/ns0567.mid https://www.hymnal.net/Hymns/NewSongs/midi/tunes/ns0567_tune.midi
NS568	65333215333215	65333215333215	MATCH	ns/568	Hymn: And They Called Rebekah	Y	https://www.hymnal.net/Hymns/NewSongs/midi/ns0568.mid https://www.hymnal.net/Hymns/NewSongs/midi/tunes/ns0568_tune.midi
NS569	1711666532244432233221	1711666532244432233221	MATCH	ns/569	Hymn: The Spirit and the Bride Say, “Come”	Y	https://www.hymnal.net/Hymns/NewSongs/midi/ns0569.mid https://www.hymnal.net/Hymns/NewSongs/midi/tunes/ns0569_tune.midi
NS57	556712156712165	556712156712165	MATCH	ns/57	Hymn: Have you found your human spirit	Y	https://www.hymnal.net/Hymns/Hymnal/midi/e1257_i.mid https://www.hymnal.net/Hymns/NewSongs/midi/tunes/ns0057_tune.midi
NS570	12321776623432117	12321776623432117	MATCH	ns/570	Hymn: Lord, I confess my heart’s impure	Y	https://www.hymnal.net/Hymns/Hymnal/midi/e0214_i.mid https://www.hymnal.net/Hymns/NewSongs/midi/tunes/ns0570_tune.midi
NS571	333222212321	333222212321	MATCH	ns/571	Hymn: And we know that all things work together for good	Y	https://www.hymnal.net/Hymns/NewSongs/midi/ns0571.mid https://www.hymnal.net/Hymns/NewSongs/midi/tunes/ns0571_tune.midi
NS572	33571654357156	33571654357156	MATCH	ns/572	Hymn: In the Beginning, God	Y	https://www.hymnal.net/Hymns/NewSongs/midi/ns0572.mid https://www.hymnal.net/Hymns/NewSongs/midi/tunes/ns0572_tune.midi
NS573	11216561123	11216561123	MATCH	ns/573	Hymn: Having a clear sky with the throne above it	Y	https://www.hymnal.net/Hymns/NewSongs/midi/ns0345.mid https://www.hymnal.net/Hymns/NewSongs/midi/tunes/ns0573_tune.midi
NS574	13516543325665	34523213443212	DIFF	ns/574	Hymn: The Man on the Throne	Y	https://www.hymnal.net/Hymns/NewSongs/midi/tunes/ns0574_tune.midi https://www.hymnal.net/Hymns/NewTunes/midi/e0367_new.mid
NS575	366177666177	366177666177	MATCH	ns/575	Hymn: From My Iniquity Wash Me Thoroughly	Y	https://www.hymnal.net/Hymns/NewSongs/midi/ns0575.mid https://www.hymnal.net/Hymns/NewSongs/midi/tunes/ns0575_tune.midi
NS576	5334532155616117	5334532155616117	MATCH	ns/576	Hymn: Dear Lord, Throughout These Years	Y	https://www.hymnal.net/Hymns/NewSongs/midi/ns0576.mid https://www.hymnal.net/Hymns/NewSongs/midi/tunes/ns0576_tune.midi
NS577	312321177127121776	312321177127121776	MATCH	ns/577	Hymn: We’re grains of wheat, but within us	Y	https://www.hymnal.net/Hymns/NewSongs/midi/ns0577.mid https://www.hymnal.net/Hymns/NewSongs/midi/tunes/ns0577_tune.midi
NS578	12324327165432315	12324327165432315	MATCH	ns/578	Hymn: God’s Faithfulness Revealed by the Rainbow	Y	https://www.hymnal.net/Hymns/Hymnal/midi/e0020_i.mid https://www.hymnal.net/Hymns/NewSongs/midi/tunes/ns0578_tune.midi
NS579	1333351165	1333351165	MATCH	ns/579	Hymn: Remind me, Lord, today of Your return	Y	https://www.hymnal.net/Hymns/NewSongs/midi/ns0579.mid https://www.hymnal.net/Hymns/NewSongs/midi/tunes/ns0579_tune.midi
NS58	5334432117651	5334432117651	MATCH	ns/58	Hymn: The Bible is God’s breath	Y	https://www.hymnal.net/Hymns/NewSongs/midi/ns0058.mid https://www.hymnal.net/Hymns/NewSongs/midi/tunes/ns0058_tune.midi
NS580	1133561446131	1133561446131	MATCH	ns/580	Hymn: I Need a Vision	Y	https://www.hymnal.net/Hymns/NewSongs/midi/ns0580.mid https://www.hymnal.net/Hymns/NewSongs/midi/tunes/ns0580_tune.midi
NS581	12123535653356535	12123535653356535	MATCH	ns/581	Hymn: Jehovah, the Great I Am	Y	https://www.hymnal.net/Hymns/NewSongs/midi/ns0581.mid https://www.hymnal.net/Hymns/NewSongs/midi/tunes/ns0581_tune.midi
NS582	321762753455565	34566671255356	DIFF	ns/582	Hymn: each day Nearer	n	https://www.hymnal.net/Hymns/NewSongs/midi/ns0199.mid https://www.hymnal.net/Hymns/NewSongs/midi/tunes/ns0199_tune.midi
NS583	561561561217	561561561217	MATCH	ns/583	Hymn: Matthew 4:10	Y	https://www.hymnal.net/Hymns/NewSongs/midi/ns0583.mid https://www.hymnal.net/Hymns/NewSongs/midi/tunes/ns0583_tune.midi
NS584	17765617511223	17765617511223	MATCH	ns/584	Hymn: 1 Thessalonians 1:9	Y	https://www.hymnal.net/Hymns/NewSongs/midi/ns0584.mid https://www.hymnal.net/Hymns/NewSongs/midi/tunes/ns0584_tune.midi
NS585	33432333216122	33432333216122	MATCH	ns/585	Hymn: John 14:6	Y	https://www.hymnal.net/Hymns/NewSongs/midi/ns0585.mid https://www.hymnal.net/Hymns/NewSongs/midi/tunes/ns0585_tune.midi
NS586	1365332132	1365332132	MATCH	ns/586	Hymn: God is a God of Blessing and Glory	Y	https://www.hymnal.net/Hymns/Hymnal/midi/e1001_i.mid https://www.hymnal.net/Hymns/NewSongs/midi/tunes/ns0586_tune.midi
NS587	32166561122	32166561122	MATCH	ns/587	Hymn: I Come to You and Open Wide	Y	https://www.hymnal.net/Hymns/NewSongs/midi/ns0587.mid https://www.hymnal.net/Hymns/NewSongs/midi/tunes/ns0587_tune.midi
NS588	1554315434321111234	1554315434321111234	MATCH	ns/588	Hymn: For I am jealous over you	Y	https://www.hymnal.net/Hymns/NewSongs/midi/ns0588.mid https://www.hymnal.net/Hymns/NewSongs/midi/tunes/ns0588_tune.midi
NS589	33333222333343123	33333222333343123	MATCH	ns/589	Hymn: Deify Me Lord	Y	https://www.hymnal.net/Hymns/NewSongs/midi/ns0589.mid https://www.hymnal.net/Hymns/NewSongs/midi/tunes/ns0589_tune.midi
NS59	5111511151132	5111511151132	MATCH	ns/59	Hymn: You came, now I’m home	Y	https://www.hymnal.net/Hymns/NewSongs/midi/ns0059.mid https://www.hymnal.net/Hymns/NewSongs/midi/tunes/ns0059_tune.midi
NS590	5333333331714	5333333331714	MATCH	ns/590	Hymn: The Meal Offering Church Life	Y	https://www.hymnal.net/Hymns/Hymnal/midi/e0870_i.mid https://www.hymnal.net/Hymns/NewSongs/midi/tunes/ns0590_tune.midi
NS591	3123543321	3123543321	MATCH	ns/591	Hymn: Shepherd the Flock	Y	https://www.hymnal.net/Hymns/Hymnal/midi/e0225_i.mid https://www.hymnal.net/Hymns/NewSongs/midi/tunes/ns0591_tune.midi
NS592	35231175656112	35231175656112	MATCH	ns/592	Hymn: For our gospel did not come to you in word only	Y	https://www.hymnal.net/Hymns/NewSongs/midi/ns0592.mid https://www.hymnal.net/Hymns/NewSongs/midi/tunes/ns0592_tune.midi
NS593	1151313543532121	1151313543532121	MATCH	ns/593	Hymn: Oh, What a Preeminent Christ	Y	https://www.hymnal.net/Hymns/Hymnal/midi/e0292_i.mid https://www.hymnal.net/Hymns/NewSongs/midi/tunes/ns0593_tune.midi
NS594	53332117121615	53332117121615	MATCH	ns/594	Hymn: The Cross is Not a Suffering	Y	https://www.hymnal.net/Hymns/Hymnal/midi/e1152_i.mid https://www.hymnal.net/Hymns/NewSongs/midi/tunes/ns0594_tune.midi
NS595	333521122131	333521122131	MATCH	ns/595	Hymn: 1 Peter 2:9	Y	https://www.hymnal.net/Hymns/NewSongs/midi/ns0595.mid https://www.hymnal.net/Hymns/NewSongs/midi/tunes/ns0595_tune.midi
NS596	121212171121212171	121212171121212171	MATCH	ns/596	Hymn: As the living Father has sent Me (Alternate)	Y	https://www.hymnal.net/Hymns/NewSongs/midi/ns0596.mid https://www.hymnal.net/Hymns/NewSongs/midi/tunes/ns0596_tune.midi
NS597	131531765432	131531765432	MATCH	ns/597	Hymn: New Jerusalem Applied	Y	https://www.hymnal.net/Hymns/Hymnal/midi/e0080_i.mid https://www.hymnal.net/Hymns/NewSongs/midi/tunes/ns0597_tune.midi
NS598	533333121765	1232555651232511765	DIFF	ns/598	Hymn: Draw Me This Morning	n	https://www.hymnal.net/Hymns/NewSongs/midi/ns0598.mid https://www.hymnal.net/Hymns/NewSongs/midi/tunes/ns0598_tune.midi
NS599	51111123122171	51111123122171	MATCH	ns/599	Hymn: The All-inclusive Christ	Y	https://www.hymnal.net/Hymns/NewSongs/midi/ns0599.mid https://www.hymnal.net/Hymns/NewSongs/midi/tunes/ns0599_tune.midi
NS6	112133332175	112133332175	MATCH	ns/6	Hymn: A divine, romantic story	Y	https://www.hymnal.net/Hymns/NewSongs/midi/ns0006.mid https://www.hymnal.net/Hymns/NewSongs/midi/tunes/ns0006_tune.midi
NS60	12343212345432	12343212345432	MATCH	ns/60	Hymn: O there’s One in me	Y	https://www.hymnal.net/Hymns/NewSongs/midi/ns0060.mid https://www.hymnal.net/Hymns/NewSongs/midi/tunes/ns0060_tune.midi
NS600	5555566511623443	5555566511623443	MATCH	ns/600	Hymn: Dear Father God, the Sole “I AM”	Y	https://www.hymnal.net/Hymns/Hymnal/midi/e0004_i.mid https://www.hymnal.net/Hymns/NewSongs/midi/tunes/ns0600_tune.midi
NS601	151231561215	151231561215	MATCH	ns/601	Hymn: And do not be fashioned	Y	https://www.hymnal.net/Hymns/NewSongs/midi/ns0601.mid https://www.hymnal.net/Hymns/NewSongs/midi/tunes/ns0601_tune.midi
NS602	311756653426556753	311756653426556753	MATCH	ns/602	Hymn: The Return of the Glory of God to the House of God	Y	https://www.hymnal.net/Hymns/NewSongs/midi/ns0602.mid https://www.hymnal.net/Hymns/NewSongs/midi/tunes/ns0602_tune.midi
NS603	12333455432	12333455432	MATCH	ns/603	Hymn: I am the vine	Y	https://www.hymnal.net/Hymns/NewSongs/midi/ns0603.mid https://www.hymnal.net/Hymns/NewSongs/midi/tunes/ns0603_tune.midi
NS604	533323144434	533323144434	MATCH	ns/604	Hymn: Our Trespass Offering	Y	https://www.hymnal.net/Hymns/NewSongs/midi/ns0604.mid https://www.hymnal.net/Hymns/NewSongs/midi/tunes/ns0604_tune.midi
NS605	556533354321521212343211	556533354321521212343211	MATCH	ns/605	Hymn: Cup of Christ	Y	https://www.hymnal.net/Hymns/NewSongs/midi/ns0605.mid https://www.hymnal.net/Hymns/NewSongs/midi/tunes/ns0605_tune.midi
NS606	3335122355545342	3335122355545342	MATCH	ns/606	Hymn: Father, We Worship Your Blest Name	Y	https://www.hymnal.net/Hymns/Hymnal/midi/e0077_i.mid https://www.hymnal.net/Hymns/NewSongs/midi/tunes/ns0606_tune.midi
NS607	5511566177675	5511566177675	MATCH	ns/607	Hymn: We believe, we believe	Y	https://www.hymnal.net/Hymns/NewSongs/midi/ns0607.mid https://www.hymnal.net/Hymns/NewSongs/midi/tunes/ns0607_tune.midi
NS608	131321716561	131321716561	MATCH	ns/608	Hymn: The Spirit Himself witnesses with our spirit	Y	https://www.hymnal.net/Hymns/NewSongs/midi/ns0608.mid https://www.hymnal.net/Hymns/NewSongs/midi/tunes/ns0608_tune.midi
NS609	5323233343434	5323233343434	MATCH	ns/609	Hymn: Is Jesus in Your Boat?	Y	https://www.hymnal.net/Hymns/NewSongs/midi/ns0609.mid https://www.hymnal.net/Hymns/NewSongs/midi/tunes/ns0609_tune.midi
NS61	33321651232	33321651232	MATCH	ns/61	Hymn: Early in the morning	Y	https://www.hymnal.net/Hymns/NewSongs/midi/ns0061.mid https://www.hymnal.net/Hymns/NewSongs/midi/tunes/ns0061_tune.midi
NS610	12312171234432	12312171234432	MATCH	ns/610	Hymn: And I said to him (Revelation 7:14-17)	Y	https://www.hymnal.net/Hymns/NewSongs/midi/ns0610.mid https://www.hymnal.net/Hymns/NewSongs/midi/tunes/ns0610_tune.midi
NS611	3166717155	3166717155	MATCH	ns/611	Hymn: God who said, Out of darkness light shall shine	Y	https://www.hymnal.net/Hymns/NewSongs/midi/ns0611.mid https://www.hymnal.net/Hymns/NewSongs/midi/tunes/ns0611_tune.midi
NS612	35535514	35535514	MATCH	ns/612	Hymn: I’m Not of This World Anymore	Y	https://www.hymnal.net/Hymns/NewSongs/midi/ns0612.mid https://www.hymnal.net/Hymns/NewSongs/midi/tunes/ns0612_tune.midi
NS613	333431666165	333431666165	MATCH	ns/613	Hymn: Thank You Lord for loving me	Y	https://www.hymnal.net/Hymns/NewSongs/midi/ns0613.mid https://www.hymnal.net/Hymns/NewSongs/midi/tunes/ns0613_tune.midi
NS614	53451234565	53451234565	MATCH	ns/614	Hymn: I’m coming again to this Fountain within	Y	https://www.hymnal.net/Hymns/NewSongs/midi/ns0614.mid https://www.hymnal.net/Hymns/NewSongs/midi/tunes/ns0614_tune.midi
NS615	11765353212	11765353212	MATCH	ns/615	Hymn: Eat the Scroll of God’s Word	Y	https://www.hymnal.net/Hymns/Hymnal/midi/e0541_i.mid https://www.hymnal.net/Hymns/NewSongs/midi/tunes/ns0615_tune.midi
NS616	13516543325665	13516543325665	MATCH	ns/616	Hymn: The Living Word of God	Y	https://www.hymnal.net/Hymns/Hymnal/midi/e0817_i.mid https://www.hymnal.net/Hymns/NewSongs/midi/tunes/ns0616_tune.midi
NS617	556532114445665	556532114445665	MATCH	ns/617	Hymn: Roots by the River	Y	https://www.hymnal.net/Hymns/NewSongs/midi/ns0617.mid https://www.hymnal.net/Hymns/NewSongs/midi/tunes/ns0617_tune.midi
NS618	35715665254335711565	35715665254335711565	MATCH	ns/618	Hymn: If We Have an Affectionate Love	Y	https://www.hymnal.net/Hymns/NewSongs/midi/ns0618.mid https://www.hymnal.net/Hymns/NewSongs/midi/tunes/ns0618_tune.midi
NS619	33453655332	33453655332	MATCH	ns/619	Hymn: O Morning Star!	Y	https://www.hymnal.net/Hymns/NewSongs/midi/ns0619.mid https://www.hymnal.net/Hymns/NewSongs/midi/tunes/ns0619_tune.midi
NS62	512333532123216	512333532123216	MATCH	ns/62	Hymn: Come, see the church life	Y	https://www.hymnal.net/Hymns/NewSongs/midi/ns0062.mid https://www.hymnal.net/Hymns/NewSongs/midi/tunes/ns0062_tune.midi
NS620	13556561655633355322	13556561655633355322	MATCH	ns/620	Hymn: Until We All Arrive	Y	https://www.hymnal.net/Hymns/NewSongs/midi/ns0620.mid https://www.hymnal.net/Hymns/NewSongs/midi/tunes/ns0620_tune.midi
NS621	53455655323453	53455655323453	MATCH	ns/621	Hymn: The Holy Building of God	Y	https://www.hymnal.net/Hymns/Hymnal/midi/e0257_i.mid https://www.hymnal.net/Hymns/NewSongs/midi/tunes/ns0621_tune.midi
NS622	345565533352123	345565533352123	MATCH	ns/622	Hymn: The Humanity of Jesus	Y	https://www.hymnal.net/Hymns/Hymnal/midi/e0403_i.mid https://www.hymnal.net/Hymns/NewSongs/midi/tunes/ns0622_tune.midi
NS623	11235444325	11235444325	MATCH	ns/623	Hymn: With an Eternal Love	Y	https://www.hymnal.net/Hymns/NewSongs/midi/ns0623.mid https://www.hymnal.net/Hymns/NewSongs/midi/tunes/ns0623_tune.midi
NS624	513252221221	513252221221	MATCH	ns/624	Hymn: Jeremiah 15:16a	Y	https://www.hymnal.net/Hymns/NewSongs/midi/ns0624.mid https://www.hymnal.net/Hymns/NewSongs/midi/tunes/ns0624_tune.midi
NS625	512332343217	512332343217	MATCH	ns/625	Hymn: How Sweet are Your Words	Y	https://www.hymnal.net/Hymns/NewSongs/midi/ns0625.mid https://www.hymnal.net/Hymns/NewSongs/midi/tunes/ns0625_tune.midi
NS626	34555345155343231	34555345155343231	MATCH	ns/626	Hymn: Keep Spreading, Lord	Y	https://www.hymnal.net/Hymns/NewSongs/midi/ns0626.mid https://www.hymnal.net/Hymns/NewSongs/midi/tunes/ns0626_tune.midi
NS627	3335122355545342	3335122355545342	MATCH	ns/627	Hymn: Make my hands full, I pray, dear Lord	Y	https://www.hymnal.net/Hymns/Hymnal/midi/e0077_i.mid https://www.hymnal.net/Hymns/NewSongs/midi/tunes/ns0627_tune.midi
NS628	11111325321717656332	11111325321717656332	MATCH	ns/628	Hymn: Oh Lord, I’ve seen Your worth	Y	https://www.hymnal.net/Hymns/NewSongs/midi/tunes/ns0628_tune.midi https://www.hymnal.net/Hymns/NewTunes/midi/e0426_new.mid
NS629	3334332116543	3334332116543	MATCH	ns/629	Hymn: If we neglect the gospel	Y	https://www.hymnal.net/Hymns/Hymnal/midi/e0824_i.mid https://www.hymnal.net/Hymns/NewSongs/midi/tunes/ns0629_tune.midi
NS63	554323155543233	554323155543233	MATCH	ns/63	Hymn: Christ is God incarnated	Y	https://www.hymnal.net/Hymns/NewSongs/midi/ns0063.mid https://www.hymnal.net/Hymns/NewSongs/midi/tunes/ns0063_tune.midi
NS630	345565533352123	345565533352123	MATCH	ns/630	Hymn: Lord, perfect us, Thy believers	Y	https://www.hymnal.net/Hymns/Hymnal/midi/e0403_i.mid https://www.hymnal.net/Hymns/NewSongs/midi/tunes/ns0630_tune.midi
NS631	321543217132	321543217132	MATCH	ns/631	Hymn: O lovely Bridegroom, we long for Thy returning	Y	https://www.hymnal.net/Hymns/Hymnal/midi/e0249_i.mid https://www.hymnal.net/Hymns/NewSongs/midi/tunes/ns0631_tune.midi
NS632	345565533352123	345565533352123	MATCH	ns/632	Hymn: Separation Unto Reconciliation	Y	https://www.hymnal.net/Hymns/Hymnal/midi/e0403_i.mid https://www.hymnal.net/Hymns/NewSongs/midi/tunes/ns0632_tune.midi
NS633	123432176715	123432176715	MATCH	ns/633	Hymn: O Lord, Please Hear My Cry—Grow Apace	Y	https://www.hymnal.net/Hymns/NewSongs/midi/ns0633.mid https://www.hymnal.net/Hymns/NewSongs/midi/tunes/ns0633_tune.midi
NS634	3332125333231	3332125333231	MATCH	ns/634	Hymn: I Have Treasured Your Word	Y	https://www.hymnal.net/Hymns/NewSongs/midi/ns0634.mid https://www.hymnal.net/Hymns/NewSongs/midi/tunes/ns0634_tune.midi
NS635	11236171231465	11236171231465	MATCH	ns/635	Hymn: Jesus Bottle	Y	https://www.hymnal.net/Hymns/NewSongs/midi/ns0635.mid https://www.hymnal.net/Hymns/NewSongs/midi/tunes/ns0635_tune.midi
NS636	511746655175671	511746655175671	MATCH	ns/636	Hymn: Suffering from Gethsemane to Calvary	Y	https://www.hymnal.net/Hymns/Hymnal/midi/e0098_i.mid https://www.hymnal.net/Hymns/NewSongs/midi/tunes/ns0636_tune.midi
NS637	55565343214321	55565343214321	MATCH	ns/637	Hymn: I come quickly; hold fast what you have	Y	https://www.hymnal.net/Hymns/NewSongs/midi/ns0637.mid https://www.hymnal.net/Hymns/NewSongs/midi/tunes/ns0637_tune.midi
NS638	11165614445112	11165614445112	MATCH	ns/638	Hymn: Manna from Heaven	Y	https://www.hymnal.net/Hymns/NewSongs/midi/ns0638.mid https://www.hymnal.net/Hymns/NewSongs/midi/tunes/ns0638_tune.midi
NS639	5543256161332	5543256161332	MATCH	ns/639	Hymn: I Need a New Heart	Y	https://www.hymnal.net/Hymns/NewSongs/midi/ns0639.mid https://www.hymnal.net/Hymns/NewSongs/midi/tunes/ns0639_tune.midi
NS64	33333216121	33333216121	MATCH	ns/64	Hymn: There’s a man who died to set us free	Y	https://www.hymnal.net/Hymns/NewSongs/midi/ns0064.mid https://www.hymnal.net/Hymns/NewSongs/midi/tunes/ns0064_tune.midi
NS640	312554365653432	312554365653432	MATCH	ns/640	Hymn: But we all, but we all with unveiled face	Y	https://www.hymnal.net/Hymns/NewSongs/midi/ns0640.mid https://www.hymnal.net/Hymns/NewSongs/midi/tunes/ns0640_tune.midi
NS641	531324323135543	531324323135543	MATCH	ns/641	Hymn: Jesus’ humanity God unto us doth give	Y	https://www.hymnal.net/Hymns/Hymnal/midi/e8392_i.mid https://www.hymnal.net/Hymns/NewSongs/midi/tunes/ns0641_tune.midi
NS642	123231345453	123231345453	MATCH	ns/642	Hymn: As the world rushes on	Y	https://www.hymnal.net/Hymns/NewSongs/midi/ns0642.mid https://www.hymnal.net/Hymns/NewSongs/midi/tunes/ns0642_tune.midi
NS643	12334332212671121377	12334332212671121377	MATCH	ns/643	Hymn: Jesus Lord, I’m coming forward unto You	Y	https://www.hymnal.net/Hymns/NewSongs/midi/ns0643.mid https://www.hymnal.net/Hymns/NewSongs/midi/tunes/ns0643_tune.midi
NS644	155515551666545	155515551666545	MATCH	ns/644	Hymn: Let Us Rejoice	Y	https://www.hymnal.net/Hymns/NewSongs/midi/ns0644.mid https://www.hymnal.net/Hymns/NewSongs/midi/tunes/ns0644_tune.midi
NS645	12343232156551345	12343232156551345	MATCH	ns/645	Hymn: The symbols that display the Lord’s death	Y	https://www.hymnal.net/Hymns/Hymnal/midi/e0523_i.mid https://www.hymnal.net/Hymns/NewSongs/midi/tunes/ns0645_tune.midi
NS646	35271132711617	35271132711617	MATCH	ns/646	Hymn: Does Anyone Care?	Y	https://www.hymnal.net/Hymns/NewSongs/midi/ns0646.mid https://www.hymnal.net/Hymns/NewSongs/midi/tunes/ns0646_tune.midi
NS647	155565671533211	155565671533211	MATCH	ns/647	Hymn: Ezekiel 36:26	Y	https://www.hymnal.net/Hymns/NewSongs/midi/ns0647.mid https://www.hymnal.net/Hymns/NewSongs/midi/tunes/ns0647_tune.midi
NS648	1234271523453127	1234271523453127	MATCH	ns/648	Hymn: Do You Love Me?	Y	https://www.hymnal.net/Hymns/NewSongs/midi/ns0648.mid https://www.hymnal.net/Hymns/NewSongs/midi/tunes/ns0648_tune.midi
NS649	535344555535344251	535344555535344251	MATCH	ns/649	Hymn: New Day, New Start	Y	https://www.hymnal.net/Hymns/NewSongs/midi/ns0649.mid https://www.hymnal.net/Hymns/NewSongs/midi/tunes/ns0649_tune.midi
NS65	153323432171765	153323432171765	MATCH	ns/65	Hymn: I love God because...	Y	https://www.hymnal.net/Hymns/NewSongs/midi/ns0065.mid https://www.hymnal.net/Hymns/NewSongs/midi/tunes/ns0065_tune.midi
NS650	12333321216	12333321216	MATCH	ns/650	Hymn: Come to Me (Matthew 11:28-30)	Y	https://www.hymnal.net/Hymns/NewSongs/midi/ns0650.mid https://www.hymnal.net/Hymns/NewSongs/midi/tunes/ns0650_tune.midi
NS651	5123334123	5123334123	MATCH	ns/651	Hymn: Christ Gave Himself Up for Me Out of Love	Y	https://www.hymnal.net/Hymns/Hymnal/midi/e0486_i.mid https://www.hymnal.net/Hymns/NewSongs/midi/tunes/ns0651_tune.midi
NS652	5611111113322112165	5611111113322112165	MATCH	ns/652	Hymn: Colossians 3:2-3	Y	https://www.hymnal.net/Hymns/NewSongs/midi/ns0652.mid https://www.hymnal.net/Hymns/NewSongs/midi/tunes/ns0652_tune.midi
NS653	334512217225443	334512217225443	MATCH	ns/653	Hymn: Lord, thank You for a new day for me to take You as Lo	Y	https://www.hymnal.net/Hymns/NewSongs/midi/ns0653.mid https://www.hymnal.net/Hymns/NewSongs/midi/tunes/ns0653_tune.midi
NS654	515253426715	515253426715	MATCH	ns/654	Hymn: God’s heart’s desire, a house on earth	Y	https://www.hymnal.net/Hymns/NewSongs/midi/ns0654.mid https://www.hymnal.net/Hymns/NewSongs/midi/tunes/ns0654_tune.midi
NS655	334443313213211	334443313213211	MATCH	ns/655	Hymn: Finding Grace in God’s Eyes	Y	https://www.hymnal.net/Hymns/NewSongs/midi/ns0655.mid https://www.hymnal.net/Hymns/NewSongs/midi/tunes/ns0655_tune.midi
NS656	31615561122	31615561122	MATCH	ns/656	Hymn: Making Known to Us	Y	https://www.hymnal.net/Hymns/NewSongs/midi/ns0656.mid https://www.hymnal.net/Hymns/NewSongs/midi/tunes/ns0656_tune.midi
NS657	55333343255221765	55333343255221765	MATCH	ns/657	Hymn: How Can I Say How Much I Love You?	Y	https://www.hymnal.net/Hymns/NewSongs/midi/ns0657.mid https://www.hymnal.net/Hymns/NewSongs/midi/tunes/ns0657_tune.midi
NS658	1543223113211	1543223113211	MATCH	ns/658	Hymn: You seek Me not because you have seen signs	Y	https://www.hymnal.net/Hymns/NewSongs/midi/ns0658.mid https://www.hymnal.net/Hymns/NewSongs/midi/tunes/ns0658_tune.midi
NS659	1233217716234321127	1233217716234321127	MATCH	ns/659	Hymn: Lord, Your Presence Provides an Atmosphere	Y	https://www.hymnal.net/Hymns/NewSongs/midi/ns0659.mid https://www.hymnal.net/Hymns/NewSongs/midi/tunes/ns0659_tune.midi
NS66	5135344432	5135344432	MATCH	ns/66	Hymn: Arise! Arise! And open up your heart	Y	https://www.hymnal.net/Hymns/NewSongs/midi/ns0066.mid https://www.hymnal.net/Hymns/NewSongs/midi/tunes/ns0066_tune.midi
NS660	345432211611332	345432211611332	MATCH	ns/660	Hymn: Lord, I seek Your will	Y	https://www.hymnal.net/Hymns/NewSongs/midi/ns0660.mid https://www.hymnal.net/Hymns/NewSongs/midi/tunes/ns0660_tune.midi
NS661	111123111123	111123111123	MATCH	ns/661	Hymn: Lord, My Eyes Are Seeing	Y	https://www.hymnal.net/Hymns/NewSongs/midi/ns0661.mid https://www.hymnal.net/Hymns/NewSongs/midi/tunes/ns0661_tune.midi
NS662	1332211432114321	1332211432114321	MATCH	ns/662	Hymn: Ezekiel 36:26-27	Y	https://www.hymnal.net/Hymns/NewSongs/midi/ns0662.mid https://www.hymnal.net/Hymns/NewSongs/midi/tunes/ns0662_tune.midi
NS663	5534653114562	5534653114562	MATCH	ns/663	Hymn: God grants us to be strengthened	Y	https://www.hymnal.net/Hymns/Hymnal/midi/e0036_i.mid https://www.hymnal.net/Hymns/NewSongs/midi/tunes/ns0663_tune.midi
NS664	117544353542132	117544353542132	MATCH	ns/664	Hymn: Lord, Bring Forth the One New Man	Y	https://www.hymnal.net/Hymns/Hymnal/midi/e0135_i.mid https://www.hymnal.net/Hymns/NewSongs/midi/tunes/ns0664_tune.midi
NS665	321135223565321	321135223565321	MATCH	ns/665	Hymn: Through the blood, I come to You, Lord	Y	https://www.hymnal.net/Hymns/Hymnal/midi/e0215_i.mid https://www.hymnal.net/Hymns/NewSongs/midi/tunes/ns0665_tune.midi
NS666	5554343113213432	5554343113213432	MATCH	ns/666	Hymn: Inward, Hidden Parts	Y	https://www.hymnal.net/Hymns/NewSongs/midi/ns0666.mid https://www.hymnal.net/Hymns/NewSongs/midi/tunes/ns0666_tune.midi
NS667	55555566666654543	55555566666654543	MATCH	ns/667	Hymn: Seek ye the Lord all ye people	Y	https://www.hymnal.net/Hymns/NewSongs/midi/ns0667.mid https://www.hymnal.net/Hymns/NewSongs/midi/tunes/ns0667_tune.midi
NS668	321543217132	321543217132	MATCH	ns/668	Hymn: Live Through Me, Lord	Y	https://www.hymnal.net/Hymns/Hymnal/midi/e0249_i.mid https://www.hymnal.net/Hymns/NewSongs/midi/tunes/ns0668_tune.midi
NS669	32343213234321	32343213234321	MATCH	ns/669	Hymn: You are the Ruler	Y	https://www.hymnal.net/Hymns/NewSongs/midi/ns0669.mid https://www.hymnal.net/Hymns/NewSongs/midi/tunes/ns0669_tune.midi
NS67	34555653216123	34555653216123	MATCH	ns/67	Hymn: In the church life we can see	Y	https://www.hymnal.net/Hymns/NewSongs/midi/ns0067.mid https://www.hymnal.net/Hymns/NewSongs/midi/tunes/ns0067_tune.midi
NS670	12321517164465	12321517164465	MATCH	ns/670	Hymn: God’s Loving Seekers	Y	https://www.hymnal.net/Hymns/NewSongs/midi/ns0670.mid https://www.hymnal.net/Hymns/NewSongs/midi/tunes/ns0670_tune.midi
NS671	111336651432	111336651432	MATCH	ns/671	Hymn: One Person and One Way	Y	https://www.hymnal.net/Hymns/Hymnal/midi/e0142_i.mid https://www.hymnal.net/Hymns/NewSongs/midi/tunes/ns0671_tune.midi
NS672	5135334321551353435	5135334321551353435	MATCH	ns/672	Hymn: Richly!	Y	https://www.hymnal.net/Hymns/NewSongs/midi/ns0672.mid https://www.hymnal.net/Hymns/NewSongs/midi/tunes/ns0672_tune.midi
NS673	6333232166165356	6333232166165356	MATCH	ns/673	Hymn: God’s Move Today	Y	https://www.hymnal.net/Hymns/NewSongs/midi/ns0673.mid https://www.hymnal.net/Hymns/NewSongs/midi/tunes/ns0673_tune.midi
NS674	53321544432	53321544432	MATCH	ns/674	Hymn: Lord Jesus, I love You. Thank You for this start	Y	https://www.hymnal.net/Hymns/NewSongs/midi/ns0115.mid https://www.hymnal.net/Hymns/NewSongs/midi/tunes/ns0674_tune.midi
NS675	1531112315311232	1531112315311232	MATCH	ns/675	Hymn: It’s a Life of Enjoying God!	Y	https://www.hymnal.net/Hymns/NewSongs/midi/ns0675.mid https://www.hymnal.net/Hymns/NewSongs/midi/tunes/ns0675_tune.midi
NS676	336617665671132117	336617665671132117	MATCH	ns/676	Hymn: Drink Offering	Y	https://www.hymnal.net/Hymns/NewSongs/midi/ns0019.mid https://www.hymnal.net/Hymns/NewSongs/midi/tunes/ns0676_tune.midi
NS677	55332156713652	55332156713652	MATCH	ns/677	Hymn: ’Tis because Thou drawest me	Y	https://www.hymnal.net/Hymns/NewSongs/midi/ns0677.mid https://www.hymnal.net/Hymns/NewSongs/midi/tunes/ns0677_tune.midi
NS678	51243216225723276511	51243216225723276511	MATCH	ns/678	Hymn: Make Me One with You	Y	https://www.hymnal.net/Hymns/NewSongs/midi/ns0678.mid https://www.hymnal.net/Hymns/NewSongs/midi/tunes/ns0678_tune.midi
NS679	511112321556123	511112321556123	MATCH	ns/679	Hymn: The grace of the Lord Jesus Christ	Y	https://www.hymnal.net/Hymns/NewSongs/midi/ns0679.mid https://www.hymnal.net/Hymns/NewSongs/midi/tunes/ns0679_tune.midi
NS68	33545655561	33545655561	MATCH	ns/68	Hymn: One family in the Lord	Y	https://www.hymnal.net/Hymns/NewSongs/midi/ns0068.mid https://www.hymnal.net/Hymns/NewSongs/midi/tunes/ns0068_tune.midi
NS680	512257116153417	512257116153417	MATCH	ns/680	Hymn: Following the Footsteps of the Flock	Y	https://www.hymnal.net/Hymns/NewSongs/midi/ns0680.mid https://www.hymnal.net/Hymns/NewSongs/midi/tunes/ns0680_tune.midi
NS681	333413543232	333413543232	MATCH	ns/681	Hymn: Just to enjoy Thy word	Y	https://www.hymnal.net/Hymns/Hymnal/midi/e0111_i.mid https://www.hymnal.net/Hymns/NewSongs/midi/tunes/ns0681_tune.midi
NS682	511117576567	511117576567	MATCH	ns/682	Hymn: Create in me a pure heart, O God	Y	https://www.hymnal.net/Hymns/NewSongs/midi/ns0051.mid https://www.hymnal.net/Hymns/NewSongs/midi/tunes/ns0682_tune.midi
NS683	13332111766165	13332111766165	MATCH	ns/683	Hymn: How Lovely Are Your Tabernacles	Y	https://www.hymnal.net/Hymns/NewSongs/midi/ns0683.mid https://www.hymnal.net/Hymns/NewSongs/midi/tunes/ns0683_tune.midi
NS684	12332117712	12332117712	MATCH	ns/684	Hymn: By the grace of God I am what I am	Y	https://www.hymnal.net/Hymns/NewSongs/midi/ns0684.mid https://www.hymnal.net/Hymns/NewSongs/midi/tunes/ns0684_tune.midi
NS685	3455555543233	3455555543233	MATCH	ns/685	Hymn: Who Can Ever Know the Feeling	Y	https://www.hymnal.net/Hymns/NewSongs/midi/ns0685.mid https://www.hymnal.net/Hymns/NewSongs/midi/tunes/ns0685_tune.midi
NS686	512433323216	512433323216	MATCH	ns/686	Hymn: In Him Who’s Able	Y	https://www.hymnal.net/Hymns/NewSongs/midi/ns0686.mid https://www.hymnal.net/Hymns/NewSongs/midi/tunes/ns0686_tune.midi
NS687	3455333334323165532	3455333334323165532	MATCH	ns/687	Hymn: Butterflies and God’s Economy	Y	https://www.hymnal.net/Hymns/NewSongs/midi/ns0687.mid https://www.hymnal.net/Hymns/NewSongs/midi/tunes/ns0687_tune.midi
NS688	55345553116513	55345553116513	MATCH	ns/688	Hymn: Lord I am Willing to Let You	Y	https://www.hymnal.net/Hymns/NewSongs/midi/ns0688.mid https://www.hymnal.net/Hymns/NewSongs/midi/tunes/ns0688_tune.midi
NS689	3452145641322	3452145641322	MATCH	ns/689	Hymn: Lord, Remove My Veil	Y	https://www.hymnal.net/Hymns/NewSongs/midi/ns0689.mid https://www.hymnal.net/Hymns/NewSongs/midi/tunes/ns0689_tune.midi
NS69	3332117617651352172	3332117617651352172	MATCH	ns/69	Hymn: Jesus won’t You come	Y	https://www.hymnal.net/Hymns/NewSongs/midi/ns0069.mid https://www.hymnal.net/Hymns/NewSongs/midi/tunes/ns0069_tune.midi
NS690	33121671444342	33121671444342	MATCH	ns/690	Hymn: Inward Christians	Y	https://www.hymnal.net/Hymns/NewSongs/midi/ns0690.mid https://www.hymnal.net/Hymns/NewSongs/midi/tunes/ns0690_tune.midi
NS691	51132171345116543	51132171345116543	MATCH	ns/691	Hymn: We Have a Living Christ	Y	https://www.hymnal.net/Hymns/NewSongs/midi/ns0691.mid https://www.hymnal.net/Hymns/NewSongs/midi/tunes/ns0691_tune.midi
NS692	13351144665	13351144665	MATCH	ns/692	Hymn: He who is joined to the Lord is one Spirit. Hallelujah	Y	https://www.hymnal.net/Hymns/NewSongs/midi/ns0692.mid https://www.hymnal.net/Hymns/NewSongs/midi/ns0692_full.mid https://www.hymnal.net/Hymns/NewSongs/midi/tunes/ns0692_tune.midi
NS693	13555551776	13555551776	MATCH	ns/693	Hymn: O Perfect Love!	Y	https://www.hymnal.net/Hymns/Hymnal/midi/e0433_i.mid https://www.hymnal.net/Hymns/NewSongs/midi/tunes/ns0693_tune.midi
NS694	135127656765	135127656765	MATCH	ns/694	Hymn: Eternal Blessing	Y	https://www.hymnal.net/Hymns/NewSongs/midi/ns0694.mid https://www.hymnal.net/Hymns/NewSongs/midi/tunes/ns0694_tune.midi
NS695	5515123555312	5515123555312	MATCH	ns/695	Hymn: Jubilee! Jubilee!	Y	https://www.hymnal.net/Hymns/Hymnal/midi/e0991_i.mid https://www.hymnal.net/Hymns/NewSongs/midi/tunes/ns0695_tune.midi
NS696	556535112161	556535112161	MATCH	ns/696	Hymn: The Jubilee Has Come!	Y	https://www.hymnal.net/Hymns/Hymnal/midi/e0245_i.mid https://www.hymnal.net/Hymns/NewSongs/midi/tunes/ns0696_tune.midi
NS697	334554321123322	334554321123322	MATCH	ns/697	Hymn: The Age of Jubilee!	Y	https://www.hymnal.net/Hymns/Hymnal/midi/e1324_i.mid https://www.hymnal.net/Hymns/NewSongs/midi/tunes/ns0697_tune.midi
NS698	6671767712176	6671767712176	MATCH	ns/698	Hymn: O how deep and e’er expanding	Y	https://www.hymnal.net/Hymns/Hymnal/midi/e0152_i.mid https://www.hymnal.net/Hymns/NewSongs/midi/tunes/ns0698_tune.midi
NS699	712323653216	712323653216	MATCH	ns/699	Hymn: Another Generation	Y	https://www.hymnal.net/Hymns/Hymnal/midi/e0934_i.mid https://www.hymnal.net/Hymns/NewSongs/midi/tunes/ns0699_tune.midi
NS7	55335522345675	55335522345675	MATCH	ns/7	Hymn: O Father God, how faithful You are	Y	https://www.hymnal.net/Hymns/Hymnal/midi/e0018_i.mid https://www.hymnal.net/Hymns/NewSongs/midi/tunes/ns0007_tune.midi
NS70	5333451111443432	5333451111443432	MATCH	ns/70	Hymn: I will not let Thee go	Y	https://www.hymnal.net/Hymns/NewSongs/midi/ns0070.mid https://www.hymnal.net/Hymns/NewSongs/midi/tunes/ns0070_tune.midi
NS700	11222231244332	11222231244332	MATCH	ns/700	Hymn: Hold the pattern of the healthy words	Y	https://www.hymnal.net/Hymns/NewSongs/midi/ns0700.mid https://www.hymnal.net/Hymns/NewSongs/midi/tunes/ns0700_tune.midi
NS701	55555412355655565	55555412355655565	MATCH	ns/701	Hymn: One Thing I Have Asked From Jehovah	Y	https://www.hymnal.net/Hymns/NewSongs/midi/ns0701.mid https://www.hymnal.net/Hymns/NewSongs/midi/tunes/ns0701_tune.midi
NS702	123333432131	123333432131	MATCH	ns/702	Hymn: Anyone Who Hears These Words	Y	https://www.hymnal.net/Hymns/NewSongs/midi/ns0702.mid https://www.hymnal.net/Hymns/NewSongs/midi/tunes/ns0702_tune.midi
NS703	123322433212332244312355	123322433212332244312355	MATCH	ns/703	Hymn: Romans 7:19-20; 8:2	Y	https://www.hymnal.net/Hymns/NewSongs/midi/ns0703.mid https://www.hymnal.net/Hymns/NewSongs/midi/tunes/ns0703_tune.midi
NS704	333216667171765	333216667171765	MATCH	ns/704	Hymn: Be My Companion	Y	https://www.hymnal.net/Hymns/NewSongs/midi/ns0704.mid https://www.hymnal.net/Hymns/NewSongs/midi/tunes/ns0704_tune.midi
NS705	3451717565	3451717565	MATCH	ns/705	Hymn: There is Someone	Y	https://www.hymnal.net/Hymns/NewSongs/midi/ns0705.mid https://www.hymnal.net/Hymns/NewSongs/midi/tunes/ns0705_tune.midi
NS706	11231112311123215	11231112311123215	MATCH	ns/706	Hymn: Grant Me a Vision	Y	https://www.hymnal.net/Hymns/NewSongs/midi/ns0706.mid https://www.hymnal.net/Hymns/NewSongs/midi/tunes/ns0706_tune.midi
NS707	32111112346	32111112346	MATCH	ns/707	Hymn: Recover My Heart	Y	https://www.hymnal.net/Hymns/NewSongs/midi/ns0707.mid https://www.hymnal.net/Hymns/NewSongs/midi/tunes/ns0707_tune.midi
NS708	51235123167153	51235123167153	MATCH	ns/708	Hymn: The Comfort Abounds	Y	https://www.hymnal.net/Hymns/NewSongs/midi/ns0708.mid https://www.hymnal.net/Hymns/NewSongs/midi/tunes/ns0708_tune.midi
NS709	511235446661771217	511235446661771217	MATCH	ns/709	Hymn: In Nothing Be Anxious (from The Comfort Abounds)	Y	https://www.hymnal.net/Hymns/NewSongs/midi/ns0709.mid https://www.hymnal.net/Hymns/NewSongs/midi/tunes/ns0709_tune.midi
NS71	55613214	55613214	MATCH	ns/71	Hymn: You had called me	Y	https://www.hymnal.net/Hymns/NewSongs/midi/ns0071.mid https://www.hymnal.net/Hymns/NewSongs/midi/tunes/ns0071_tune.midi
NS710	15164665655443	15164665655443	MATCH	ns/710	Hymn: God Needs Some Young People	Y	https://www.hymnal.net/Hymns/NewSongs/midi/ns0710.mid https://www.hymnal.net/Hymns/NewSongs/midi/tunes/ns0710_tune.midi
NS711	551555534344345	551555534344345	MATCH	ns/711	Hymn: We Do Not Lose Heart	Y	https://www.hymnal.net/Hymns/NewSongs/midi/ns0711.mid https://www.hymnal.net/Hymns/NewSongs/midi/tunes/ns0711_tune.midi
NS712	1321144322234	1321144322234	MATCH	ns/712	Hymn: To Open Their Eyes	Y	https://www.hymnal.net/Hymns/NewSongs/midi/ns0712.mid https://www.hymnal.net/Hymns/NewSongs/midi/tunes/ns0712_tune.midi
NS713	556534543231	556534543231	MATCH	ns/713	Hymn: The church is the Bride, the new man, and the warrior	Y	https://www.hymnal.net/Hymns/Hymnal/midi/e1106_i.mid https://www.hymnal.net/Hymns/NewSongs/midi/tunes/ns0713_tune.midi
NS714	513217176121	513217176121	MATCH	ns/714	Hymn: Christ in You, Christ in Me	Y	https://www.hymnal.net/Hymns/NewSongs/midi/ns0714.mid https://www.hymnal.net/Hymns/NewSongs/midi/tunes/ns0714_tune.midi
NS715	5653556556535565	5653556556535565	MATCH	ns/715	Hymn: Jubilee!!	Y	https://www.hymnal.net/Hymns/NewSongs/midi/ns0715.mid https://www.hymnal.net/Hymns/NewSongs/midi/tunes/ns0715_tune.midi
NS716	1327432366771	1327432366771	MATCH	ns/716	Hymn: Lord, I open to Your light	Y	https://www.hymnal.net/Hymns/NewSongs/midi/ns0716.mid https://www.hymnal.net/Hymns/NewSongs/midi/tunes/ns0716_tune.midi
NS717	1233452171433552343212	1233452171433552343212	MATCH	ns/717	Hymn: From the Head to the Body	Y	https://www.hymnal.net/Hymns/NewSongs/midi/ns0717.mid https://www.hymnal.net/Hymns/NewSongs/midi/tunes/ns0717_tune.midi
NS718	5533217114443132	5533217114443132	MATCH	ns/718	Hymn: All Things Work Together	Y	https://www.hymnal.net/Hymns/NewSongs/midi/ns0718.mid https://www.hymnal.net/Hymns/NewSongs/midi/tunes/ns0718_tune.midi
NS719	55175655453	55175655453	MATCH	ns/719	Hymn: Unto the Economy	Y	https://www.hymnal.net/Hymns/NewSongs/midi/ns0719.mid https://www.hymnal.net/Hymns/NewSongs/midi/tunes/ns0719_tune.midi
NS72	123211235	123211235	MATCH	ns/72	Hymn: He’s the Spirit of reality	Y	https://www.hymnal.net/Hymns/NewSongs/midi/ns0072.mid https://www.hymnal.net/Hymns/NewSongs/midi/tunes/ns0072_tune.midi
NS720	11111231111123	11111231111123	MATCH	ns/720	Hymn: This Is the Year of Jubilee	Y	https://www.hymnal.net/Hymns/NewSongs/midi/ns0720.mid https://www.hymnal.net/Hymns/NewSongs/midi/tunes/ns0720_tune.midi
NS721	5123331223211165	5123331223211165	MATCH	ns/721	Hymn: Christ Has Proclaimed the Jubilee	Y	https://www.hymnal.net/Hymns/NewSongs/midi/ns0721.mid https://www.hymnal.net/Hymns/NewSongs/midi/tunes/ns0721_tune.midi
NS722	55555565111123	55555565111123	MATCH	ns/722	Hymn: The Jubilee of Grace	Y	https://www.hymnal.net/Hymns/NewSongs/midi/ns0722.mid https://www.hymnal.net/Hymns/NewSongs/midi/tunes/ns0722_tune.midi
NS723	32352112321112321	32352112321112321	MATCH	ns/723	Hymn: Great Searchings of Heart	Y	https://www.hymnal.net/Hymns/NewSongs/midi/ns0723.mid https://www.hymnal.net/Hymns/NewSongs/midi/tunes/ns0723_tune.midi
NS724	32352112321112321	51112355317656535	DIFF	ns/724	Hymn: Emmanuel	Y	https://www.hymnal.net/Hymns/NewSongs/midi/ns0724.mid https://www.hymnal.net/Hymns/NewSongs/midi/tunes/ns0724_tune.midi
NS725	13112121661213	13112121661213	MATCH	ns/725	Hymn: My Grace is Sufficient	Y	https://www.hymnal.net/Hymns/NewSongs/midi/ns0725.mid https://www.hymnal.net/Hymns/NewSongs/midi/tunes/ns0725_tune.midi
NS726	555653111216	555653111216	MATCH	ns/726	Hymn: Bringing in the good news we announce the gospel	Y	https://www.hymnal.net/Hymns/Hymnal/midi/e1167_i.mid https://www.hymnal.net/Hymns/NewSongs/midi/tunes/ns0726_tune.midi
NS727	32343231223	32343231223	MATCH	ns/727	Hymn: Open my eyes, Savior, true sight now render	Y	https://www.hymnal.net/Hymns/Hymnal/midi/e0881_i.mid https://www.hymnal.net/Hymns/NewSongs/midi/tunes/ns0727_tune.midi
NS728	114431144333312	114431144333312	MATCH	ns/728	Hymn: Fill my spirit up	Y	https://www.hymnal.net/Hymns/NewSongs/midi/ns0728.mid https://www.hymnal.net/Hymns/NewSongs/midi/tunes/ns0728_tune.midi
NS729	5332232153322251	5332232153322251	MATCH	ns/729	Hymn: Blessed to Bless	Y	https://www.hymnal.net/Hymns/NewSongs/midi/ns0729.mid https://www.hymnal.net/Hymns/NewSongs/midi/tunes/ns0729_tune.midi
NS73	534555531	5534555311234433213212	DIFF	ns/73	Hymn: Trust in the Lord	Y	https://www.hymnal.net/Hymns/NewSongs/midi/ns0073.mid https://www.hymnal.net/Hymns/NewSongs/midi/tunes/ns0073_tune.midi
NS730	1123535353545455	1123535353545455	MATCH	ns/730	Hymn: For of His fullness we have all received	Y	https://www.hymnal.net/Hymns/NewSongs/midi/ns0730.mid https://www.hymnal.net/Hymns/NewSongs/midi/tunes/ns0730_tune.midi
NS731	53322155671734	53322155671734	MATCH	ns/731	Hymn: I have loved Your precepts	Y	https://www.hymnal.net/Hymns/NewSongs/midi/ns0731.mid https://www.hymnal.net/Hymns/NewSongs/midi/tunes/ns0731_tune.midi
NS732	5135435135765	5135435135765	MATCH	ns/732	Hymn: Trust and Believe	Y	https://www.hymnal.net/Hymns/NewSongs/midi/ns0732.mid https://www.hymnal.net/Hymns/NewSongs/midi/tunes/ns0732_tune.midi
NS733	555543666432	555543666432	MATCH	ns/733	Hymn: Would You Subdue My Soul	Y	https://www.hymnal.net/Hymns/NewSongs/midi/ns0733.mid https://www.hymnal.net/Hymns/NewSongs/midi/tunes/ns0733_tune.midi
NS734	12315161231511	12315161231511	MATCH	ns/734	Hymn: On My Bed Night After Night	Y	https://www.hymnal.net/Hymns/NewSongs/midi/ns0734.mid https://www.hymnal.net/Hymns/NewSongs/midi/tunes/ns0734_tune.midi
NS735	51112211561	51112211561	MATCH	ns/735	Hymn: The Spirit of the Lord is Upon Me	Y	https://www.hymnal.net/Hymns/NewSongs/midi/ns0735.mid https://www.hymnal.net/Hymns/NewSongs/midi/tunes/ns0735_tune.midi
NS736	51233221211234431332	51233221211234431332	MATCH	ns/736	Hymn: And you will know that I am Jehovah (Ezekiel 37:13-14)	Y	https://www.hymnal.net/Hymns/NewSongs/midi/ns0736.mid https://www.hymnal.net/Hymns/NewSongs/midi/tunes/ns0736_tune.midi
NS737	32123555611	32123555611	MATCH	ns/737	Hymn: What a rich enjoyment, living in God’s house	Y	https://www.hymnal.net/Hymns/NewSongs/midi/ns0737.mid https://www.hymnal.net/Hymns/NewSongs/midi/tunes/ns0737_tune.midi
NS738	11532176567121	11532176567121	MATCH	ns/738	Hymn: Speak to the rock who was smitten for our full salvati	Y	https://www.hymnal.net/Hymns/Hymnal/midi/e0166_i.mid https://www.hymnal.net/Hymns/NewSongs/midi/tunes/ns0738_tune.midi
NS739	513214132215323123211	513214132215323123211	MATCH	ns/739	Hymn: Come and let us return to Jehovah (Hosea 6:1-3)	Y	https://www.hymnal.net/Hymns/NewSongs/midi/ns0739.mid https://www.hymnal.net/Hymns/NewSongs/midi/tunes/ns0739_tune.midi
NS74	1232217112355176	1232217112355176	MATCH	ns/74	Hymn: Jesus, O living Word of God	Y	https://www.hymnal.net/Hymns/NewSongs/midi/ns0074.mid https://www.hymnal.net/Hymns/NewSongs/midi/tunes/ns0074_tune.midi
NS740	556567715565712	556567715565712	MATCH	ns/740	Hymn: Lord, with all my heart I love You	Y	https://www.hymnal.net/Hymns/Hymnal/midi/e0579_i.mid https://www.hymnal.net/Hymns/NewSongs/midi/tunes/ns0740_tune.midi
NS741	123454565431443212	123454565431443212	MATCH	ns/741	Hymn: Mercy’s Vessel	Y	https://www.hymnal.net/Hymns/NewSongs/midi/ns0741.mid https://www.hymnal.net/Hymns/NewSongs/midi/tunes/ns0741_tune.midi
NS742	345651234323565433432	345651234323565433432	MATCH	ns/742	Hymn: Where the Forerunner, Jesus	Y	https://www.hymnal.net/Hymns/NewSongs/midi/ns0742.mid https://www.hymnal.net/Hymns/NewSongs/midi/tunes/ns0742_tune.midi
NS743	555316532342543	555316532342543	MATCH	ns/743	Hymn: Let Us Rise Up and Build	Y	https://www.hymnal.net/Hymns/NewSongs/midi/ns0743.mid https://www.hymnal.net/Hymns/NewSongs/midi/tunes/ns0743_tune.midi
NS744	115563211233	115563211233	MATCH	ns/744	Hymn: Yet to us there is one God, the Father (1 Cor. 8:6)	Y	https://www.hymnal.net/Hymns/NewSongs/midi/ns0744.mid https://www.hymnal.net/Hymns/NewSongs/midi/tunes/ns0744_tune.midi
NS745	3432166511332	3432166511332	MATCH	ns/745	Hymn: Thou Art Fair!	Y	https://www.hymnal.net/Hymns/Hymnal/midi/e1059_i.mid https://www.hymnal.net/Hymns/NewSongs/midi/tunes/ns0745_tune.midi
NS746	5153455515432	5153455515432	MATCH	ns/746	Hymn: The good land has been given	Y	https://www.hymnal.net/Hymns/NewSongs/midi/ns0746.mid https://www.hymnal.net/Hymns/NewSongs/midi/tunes/ns0746_tune.midi
NS747	3333334322222232	3333334322222232	MATCH	ns/747	Hymn: Know and Experience the All-Inclusive, Extensive Chris	Y	https://www.hymnal.net/Hymns/NewSongs/midi/ns0747.mid https://www.hymnal.net/Hymns/NewSongs/midi/tunes/ns0747_tune.midi
NS748	321165171517125123	321165171517125123	MATCH	ns/748	Hymn: Your Words Were Found (Jer. 15:16; Psa. 119:15)	Y	https://www.hymnal.net/Hymns/NewSongs/midi/ns0748.mid https://www.hymnal.net/Hymns/NewSongs/midi/tunes/ns0748_tune.midi
NS749	333431121133343111211	333431121133343111211	MATCH	ns/749	Hymn: And to Enlighten All	Y	https://www.hymnal.net/Hymns/NewSongs/midi/ns0749.mid https://www.hymnal.net/Hymns/NewSongs/midi/tunes/ns0749_tune.midi
NS75	12332121161	12332121161	MATCH	ns/75	Hymn: Water you, water you	Y	https://www.hymnal.net/Hymns/NewSongs/midi/ns0075.mid https://www.hymnal.net/Hymns/NewSongs/midi/tunes/ns0075_tune.midi
NS750	345554354566656	345554354566656	MATCH	ns/750	Hymn: Pathway of Life	Y	https://www.hymnal.net/Hymns/NewSongs/midi/ns0750.mid https://www.hymnal.net/Hymns/NewSongs/midi/tunes/ns0750_tune.midi
NS751	7167157122171	7167157122171	MATCH	ns/751	Hymn: He Himself Is Our Peace	Y	https://www.hymnal.net/Hymns/NewSongs/midi/ns0751.mid https://www.hymnal.net/Hymns/NewSongs/midi/tunes/ns0751_tune.midi
NS753	333256125117661112	333256125117661112	MATCH	ns/753	Hymn: His Perfect Choice	Y	https://www.hymnal.net/Hymns/NewSongs/midi/ns0753.mid https://www.hymnal.net/Hymns/NewSongs/midi/tunes/ns0753_tune.midi
NS754	333454321121	333454321121	MATCH	ns/754	Hymn: Destiny	Y	https://www.hymnal.net/Hymns/NewSongs/midi/ns0754.mid https://www.hymnal.net/Hymns/NewSongs/midi/tunes/ns0754_tune.midi
NS755	12353517655	12353517655	MATCH	ns/755	Hymn: Seasons of Refreshing	Y	https://www.hymnal.net/Hymns/NewSongs/midi/ns0755.mid https://www.hymnal.net/Hymns/NewSongs/midi/tunes/ns0755_tune.midi
NS756	321455321432	321455321432	MATCH	ns/756	Hymn: I’ve been possessed by God	Y	https://www.hymnal.net/Hymns/NewSongs/midi/ns0756.mid https://www.hymnal.net/Hymns/NewSongs/midi/tunes/ns0756_tune.midi
NS757	323232355434343453	323232355434343453	MATCH	ns/757	Hymn: Everything is in the Breath	Y	https://www.hymnal.net/Hymns/NewSongs/midi/ns0757.mid https://www.hymnal.net/Hymns/NewSongs/midi/tunes/ns0757_tune.midi
NS758	5324321656551712132	5324321656551712132	MATCH	ns/758	Hymn: The More We Worship God for His Mercy	Y	https://www.hymnal.net/Hymns/NewSongs/midi/ns0758.mid https://www.hymnal.net/Hymns/NewSongs/midi/tunes/ns0758_tune.midi
NS759	3455175321123	3455175321123	MATCH	ns/759	Hymn: Refuge from the Wind	Y	https://www.hymnal.net/Hymns/NewSongs/midi/ns0759.mid https://www.hymnal.net/Hymns/NewSongs/midi/tunes/ns0759_tune.midi
NS76	555556554	555556554	MATCH	ns/76	Hymn: The Lord has put me in the Body	Y	https://www.hymnal.net/Hymns/NewSongs/midi/ns0076.mid https://www.hymnal.net/Hymns/NewSongs/midi/tunes/ns0076_tune.midi
NS760	333127111767	333127111767	MATCH	ns/760	Hymn: The Compound Spirit	Y	https://www.hymnal.net/Hymns/NewSongs/midi/ns0760.mid https://www.hymnal.net/Hymns/NewSongs/midi/tunes/ns0760_tune.midi
NS761	123161112311355	123161112311355	MATCH	ns/761	Hymn: In these times of restlessness	Y	https://www.hymnal.net/Hymns/NewSongs/midi/ns0761.mid https://www.hymnal.net/Hymns/NewSongs/midi/tunes/ns0761_tune.midi
NS762	117617667153	1176176667153	DIFF	ns/762	Hymn: He stepped out of glory	Y	https://www.hymnal.net/Hymns/NewSongs/midi/ns0317.mid https://www.hymnal.net/Hymns/NewSongs/midi/tunes/ns0762_tune.midi
NS763	51112321177717	51112321177717	MATCH	ns/763	Hymn: Go Therefore	Y	https://www.hymnal.net/Hymns/NewSongs/midi/ns0763.mid https://www.hymnal.net/Hymns/NewSongs/midi/tunes/ns0763_tune.midi
NS764	34551471225433	34551471225433	MATCH	ns/764	Hymn: Looking at You, Lord, You’re All I Need	Y	https://www.hymnal.net/Hymns/NewSongs/midi/ns0764.mid https://www.hymnal.net/Hymns/NewSongs/midi/tunes/ns0764_tune.midi
NS765	11353566653	11353566653	MATCH	ns/765	Hymn: Watch! Be Ready!	Y	https://www.hymnal.net/Hymns/NewSongs/midi/ns0765.mid https://www.hymnal.net/Hymns/NewSongs/midi/tunes/ns0765_tune.midi
NS766	12354327651235344327	12354327651235344327	MATCH	ns/766	Hymn: Enoch and God	Y	https://www.hymnal.net/Hymns/NewSongs/midi/ns0766.mid https://www.hymnal.net/Hymns/NewSongs/midi/tunes/ns0766_tune.midi
NS767	332342243343	332342243343	MATCH	ns/767	Hymn: Be Strong and Take Courage	Y	https://www.hymnal.net/Hymns/NewSongs/midi/ns0767.mid https://www.hymnal.net/Hymns/NewSongs/midi/tunes/ns0767_tune.midi
NS768	556321144432712	556321144432712	MATCH	ns/768	Hymn: Steal Me Away	Y	https://www.hymnal.net/Hymns/NewSongs/midi/ns0768.mid https://www.hymnal.net/Hymns/NewSongs/midi/tunes/ns0768_tune.midi
NS769	55144555514432	55144555514432	MATCH	ns/769	Hymn: The Holding Center	Y	https://www.hymnal.net/Hymns/NewSongs/midi/ns0769.mid https://www.hymnal.net/Hymns/NewSongs/midi/tunes/ns0769_tune.midi
NS77	555644345	555644345	MATCH	ns/77	Hymn: I called upon Thy name, O Lord	Y	https://www.hymnal.net/Hymns/NewSongs/midi/ns0077.mid https://www.hymnal.net/Hymns/NewSongs/midi/tunes/ns0077_tune.midi
NS770	321111166534322111177665	321111166534322111177665	MATCH	ns/770	Hymn: Lord, we praise you for Your life in us	Y	https://www.hymnal.net/Hymns/NewSongs/midi/ns0770.mid https://www.hymnal.net/Hymns/NewSongs/midi/tunes/ns0770_tune.midi
NS771	3456533321233456533332	3456533321233456533332	MATCH	ns/771	Hymn: Don’t Forget (2 Corinthians 13:5)	Y	https://www.hymnal.net/Hymns/NewSongs/midi/ns0771.mid https://www.hymnal.net/Hymns/NewSongs/midi/tunes/ns0771_tune.midi
NS772	11233343277771233321	11233343277771233321	MATCH	ns/772	Hymn: It is Jehovah’s lovingkindness	Y	https://www.hymnal.net/Hymns/NewSongs/midi/ns0772.mid https://www.hymnal.net/Hymns/NewSongs/midi/tunes/ns0772_tune.midi
NS773	56175123	56175123	MATCH	ns/773	Hymn: Christ the Preeminent	Y	https://www.hymnal.net/Hymns/Hymnal/midi/e0754_i.mid https://www.hymnal.net/Hymns/NewSongs/midi/tunes/ns0773_tune.midi
NS774	511321234543432	511321234543432	MATCH	ns/774	Hymn: We have this ministry	Y	https://www.hymnal.net/Hymns/Hymnal/midi/e0853_i.mid https://www.hymnal.net/Hymns/NewSongs/midi/tunes/ns0774_tune.midi
NS775	555535555611	555535555611	MATCH	ns/775	Hymn: The Law of the Spirit of Life Has Freed Me	Y	https://www.hymnal.net/Hymns/NewSongs/midi/ns0775.mid https://www.hymnal.net/Hymns/NewSongs/midi/tunes/ns0775_tune.midi
NS776	17615321761532	17615321761532	MATCH	ns/776	Hymn: God is Spreading in My Being	Y	https://www.hymnal.net/Hymns/NewSongs/midi/ns0776.mid https://www.hymnal.net/Hymns/NewSongs/midi/tunes/ns0776_tune.midi
NS777	53335217113756111122	53335217113756111122	MATCH	ns/777	Hymn: Eat God	Y	https://www.hymnal.net/Hymns/NewSongs/midi/ns0777.mid https://www.hymnal.net/Hymns/NewSongs/midi/tunes/ns0777_tune.midi
NS778	123215433231	123215433231	MATCH	ns/778	Hymn: God is Longing for His Ultimate Move	Y	https://www.hymnal.net/Hymns/NewSongs/midi/ns0778.mid https://www.hymnal.net/Hymns/NewSongs/midi/tunes/ns0778_tune.midi
NS779	171711711332	171711711332	MATCH	ns/779	Hymn: Lord, I love You! Draw me with Your beauty	Y	https://www.hymnal.net/Hymns/NewSongs/midi/ns0779.mid https://www.hymnal.net/Hymns/NewSongs/midi/tunes/ns0779_tune.midi
NS78	5555555445653	5555555445653	MATCH	ns/78	Hymn: Lord Jesus, You’re lovely	Y	https://www.hymnal.net/Hymns/NewSongs/midi/ns0078.mid https://www.hymnal.net/Hymns/NewSongs/midi/tunes/ns0078_tune.midi
NS780	33352665532	33352665532	MATCH	ns/780	Hymn: Peace I give to you	Y	https://www.hymnal.net/Hymns/NewSongs/midi/ns0780.mid https://www.hymnal.net/Hymns/NewSongs/midi/tunes/ns0780_tune.midi
NS781	3331422253	3331422253	MATCH	ns/781	Hymn: Face to Face	Y	https://www.hymnal.net/Hymns/NewSongs/midi/ns0781.mid https://www.hymnal.net/Hymns/NewSongs/midi/tunes/ns0781_tune.midi
NS782	335321223211111652232	335321223211111652232	MATCH	ns/782	Hymn: First Enjoy the Lord!	Y	https://www.hymnal.net/Hymns/NewSongs/midi/ns0782.mid https://www.hymnal.net/Hymns/NewSongs/midi/tunes/ns0782_tune.midi
NS783	11545111154332	11545111154332	MATCH	ns/783	Hymn: God As Our Potter	Y	https://www.hymnal.net/Hymns/NewSongs/midi/ns0783.mid https://www.hymnal.net/Hymns/NewSongs/midi/tunes/ns0783_tune.midi
NS784	33232323532121321	33232323532121321	MATCH	ns/784	Hymn: A Spiritual Vision	Y	https://www.hymnal.net/Hymns/NewSongs/midi/ns0784.mid https://www.hymnal.net/Hymns/NewSongs/midi/tunes/ns0784_tune.midi
NS785	1233332123223444432132	1233332123223444432132	MATCH	ns/785	Hymn: And they overcame him	Y	https://www.hymnal.net/Hymns/NewSongs/midi/ns0785.mid https://www.hymnal.net/Hymns/NewSongs/midi/tunes/ns0785_tune.midi
NS786	33312711117675	33312711117675	MATCH	ns/786	Hymn: Seeking the Dazzling One	Y	https://www.hymnal.net/Hymns/NewSongs/midi/ns0786.mid https://www.hymnal.net/Hymns/NewSongs/midi/tunes/ns0786_tune.midi
NS787	121112311273433344432	121112311273433344432	MATCH	ns/787	Hymn: God has Shepherded Me	Y	https://www.hymnal.net/Hymns/NewSongs/midi/ns0787.mid https://www.hymnal.net/Hymns/NewSongs/midi/tunes/ns0787_tune.midi
NS788	1233212353234444321	1233212353234444321	MATCH	ns/788	Hymn: You Are the Way	Y	https://www.hymnal.net/Hymns/NewSongs/midi/ns0788.mid https://www.hymnal.net/Hymns/NewSongs/midi/tunes/ns0788_tune.midi
NS789	561123212216	561123212216	MATCH	ns/789	Hymn: I am Coming Back Home to My Father!	Y	https://www.hymnal.net/Hymns/NewSongs/midi/ns0789.mid https://www.hymnal.net/Hymns/NewSongs/midi/tunes/ns0789_tune.midi
NS79	565432112765	565432112765	MATCH	ns/79	Hymn: Praise the Lord, God sent His Son	Y	https://www.hymnal.net/Hymns/NewSongs/midi/ns0079.mid https://www.hymnal.net/Hymns/NewSongs/midi/tunes/ns0079_tune.midi
NS790	561123212216	561123212216	MATCH	ns/790	Hymn: ’Tis so Sweet to Read My Bible	Y	https://www.hymnal.net/Hymns/Hymnal/midi/e0587_i.mid https://www.hymnal.net/Hymns/NewSongs/midi/tunes/ns0790_tune.midi
NS791	3333311522232126	3333311522232126	MATCH	ns/791	Hymn: Crazy Lover of the Lord	Y	https://www.hymnal.net/Hymns/NewSongs/midi/ns0791.mid https://www.hymnal.net/Hymns/NewSongs/midi/tunes/ns0791_tune.midi
NS792	512321662343212	512321662343212	MATCH	ns/792	Hymn: Where Does the Lord Have a Way	Y	https://www.hymnal.net/Hymns/NewSongs/midi/ns0792.mid https://www.hymnal.net/Hymns/NewSongs/midi/tunes/ns0792_tune.midi
NS793	67112356717123	67112356717123	MATCH	ns/793	Hymn: In the Womb of the Morning	Y	https://www.hymnal.net/Hymns/NewSongs/midi/ns0793.mid https://www.hymnal.net/Hymns/NewSongs/midi/tunes/ns0793_tune.midi
NS794	3213566765311312232	3213566765311312232	MATCH	ns/794	Hymn: We need to be in our spirit!	Y	https://www.hymnal.net/Hymns/NewSongs/midi/ns0794.mid https://www.hymnal.net/Hymns/NewSongs/midi/tunes/ns0794_tune.midi
NS795	512321265123212	512321265123212	MATCH	ns/795	Hymn: The Triune God Be With You All	Y	https://www.hymnal.net/Hymns/NewSongs/midi/ns0795.mid https://www.hymnal.net/Hymns/NewSongs/midi/tunes/ns0795_tune.midi
NS796	1323431513243	1323431513243	MATCH	ns/796	Hymn: In the morning He wakes me	Y	https://www.hymnal.net/Hymns/NewSongs/midi/ns0796.mid https://www.hymnal.net/Hymns/NewSongs/midi/tunes/ns0796_tune.midi
NS797	1231623332211332	1231623332211332	MATCH	ns/797	Hymn: God My Exceeding Joy	Y	https://www.hymnal.net/Hymns/NewSongs/midi/ns0797.mid https://www.hymnal.net/Hymns/NewSongs/midi/tunes/ns0797_tune.midi
NS798	5126176535	5126176535	MATCH	ns/798	Hymn: I choose to love my Lord	Y	https://www.hymnal.net/Hymns/NewSongs/midi/ns0798.mid https://www.hymnal.net/Hymns/NewSongs/midi/tunes/ns0798_tune.midi
NS799	5533342543123432171	5533342543123432171	MATCH	ns/799	Hymn: Grace for the Body of Christ	Y	https://www.hymnal.net/Hymns/NewSongs/midi/ns0799.mid https://www.hymnal.net/Hymns/NewSongs/midi/tunes/ns0799_tune.midi
NS8	5355355356535	5355355356535	MATCH	ns/8	Hymn: Blend us, Lord, Blend us, Lord	Y	https://www.hymnal.net/Hymns/Hymnal/midi/e1282_i.mid https://www.hymnal.net/Hymns/NewSongs/midi/tunes/ns0008_tune.midi
NS80	5613232153211161	5613232153211161	MATCH	ns/80	Hymn: Our Christ is so enjoyable	Y	https://www.hymnal.net/Hymns/NewSongs/midi/ns0080.mid https://www.hymnal.net/Hymns/NewSongs/midi/tunes/ns0080_tune.midi
NS800	123215212321665	123215212321665	MATCH	ns/800	Hymn: It Is I	Y	https://www.hymnal.net/Hymns/NewSongs/midi/ns0800.mid https://www.hymnal.net/Hymns/NewSongs/midi/tunes/ns0800_tune.midi
NS801	3455345534553154	3455345534553154	MATCH	ns/801	Hymn: Writing God’s Today’s History	Y	https://www.hymnal.net/Hymns/NewSongs/midi/ns0801.mid https://www.hymnal.net/Hymns/NewSongs/midi/tunes/ns0801_tune.midi
NS802	33334521721111233	33334521721111233	MATCH	ns/802	Hymn: Lamentations 3:40-41, 55-58	n	https://www.hymnal.net/Hymns/NewSongs/midi/ns0802.mid https://www.hymnal.net/Hymns/NewSongs/midi/tunes/ns0802_tune.midi
NS803	355543233555432334	355543233555432334	MATCH	ns/803	Hymn: Showers of Blessing	Y	https://www.hymnal.net/Hymns/NewSongs/midi/ns0803.mid https://www.hymnal.net/Hymns/NewSongs/midi/tunes/ns0803_tune.midi
NS804	5565321244542123	5565321244542123	MATCH	ns/804	Hymn: I love the Lord	Y	https://www.hymnal.net/Hymns/NewSongs/midi/ns0804.mid https://www.hymnal.net/Hymns/NewSongs/midi/tunes/ns0804_tune.midi
NS805	3332354222543	3332354222543	MATCH	ns/805	Hymn: Jesus, how we long for Thee	Y	https://www.hymnal.net/Hymns/NewSongs/midi/ns0805.mid https://www.hymnal.net/Hymns/NewSongs/midi/tunes/ns0805_tune.midi
NS806	353126612332	353126612332	MATCH	ns/806	Hymn: God’s Purpose in Dealings	Y	https://www.hymnal.net/Hymns/NewSongs/midi/ns0806.mid https://www.hymnal.net/Hymns/NewSongs/midi/tunes/ns0806_tune.midi
NS807	1355567153	1355567153	MATCH	ns/807	Hymn: God in Christ drew me—Sweet is the story	Y	https://www.hymnal.net/Hymns/Hymnal/midi/e0398_i.mid https://www.hymnal.net/Hymns/NewSongs/midi/tunes/ns0807_tune.midi
NS808	1115534321712	1115534321712	MATCH	ns/808	Hymn: Blessing to My Family	Y	https://www.hymnal.net/Hymns/NewSongs/midi/ns0808.mid https://www.hymnal.net/Hymns/NewSongs/midi/tunes/ns0808_tune.midi
NS809	32343231223	32343231223	MATCH	ns/809	Hymn: Let Earth in Wonder See My Consecration	Y	https://www.hymnal.net/Hymns/Hymnal/midi/e0881_i.mid https://www.hymnal.net/Hymns/NewSongs/midi/tunes/ns0809_tune.midi
NS81	511111231111765	511111231111765	MATCH	ns/81	Hymn: Reigning life	Y	https://www.hymnal.net/Hymns/NewSongs/midi/ns0081.mid https://www.hymnal.net/Hymns/NewSongs/midi/tunes/ns0081_tune.midi
NS810	667176563667123	667176563667123	MATCH	ns/810	Hymn: Bearing the Ultimate Responsibility to Prepare for the	Y	https://www.hymnal.net/Hymns/NewSongs/midi/ns0810.mid https://www.hymnal.net/Hymns/NewSongs/midi/tunes/ns0810_tune.midi
NS811	531212356533212	531212356533212	MATCH	ns/811	Hymn: Oh, what a glorious day!	Y	https://www.hymnal.net/Hymns/Hymnal/midi/e0479_i.mid https://www.hymnal.net/Hymns/NewSongs/midi/tunes/ns0811_tune.midi
NS812	1113565554466612161	1113565554466612161	MATCH	ns/812	Hymn: Don’t Say, “Oh No!”	Y	https://www.hymnal.net/Hymns/NewSongs/midi/ns0812.mid https://www.hymnal.net/Hymns/NewSongs/midi/tunes/ns0812_tune.midi
NS813	1356531223213565312232	1356531223213565312232	MATCH	ns/813	Hymn: Just Another Ordinary Day	Y	https://www.hymnal.net/Hymns/NewSongs/midi/ns0813.mid https://www.hymnal.net/Hymns/NewSongs/midi/tunes/ns0813_tune.midi
NS814	5555555655555543	5555555655555543	MATCH	ns/814	Hymn: These are the days of salvation	Y	https://www.hymnal.net/Hymns/NewSongs/midi/ns0814.mid https://www.hymnal.net/Hymns/NewSongs/midi/tunes/ns0814_tune.midi
NS815	51117571551117653	51117571551117653	MATCH	ns/815	Hymn: Oh, sunshine I find in my Savior!	Y	https://www.hymnal.net/Hymns/NewSongs/midi/ns0815.mid https://www.hymnal.net/Hymns/NewSongs/midi/tunes/ns0815_tune.midi
NS816	5513321621651312	5513321621651312	MATCH	ns/816	Hymn: Together, Lord, our voice we raise	Y	https://www.hymnal.net/Hymns/Hymnal/midi/e0396_i.mid https://www.hymnal.net/Hymns/NewSongs/midi/tunes/ns0816_tune.midi
NS817	555543451755431	555543451755431	MATCH	ns/817	Hymn: Lord, I’m Ready and Willing to be Perfected	Y	https://www.hymnal.net/Hymns/NewSongs/midi/ns0817.mid https://www.hymnal.net/Hymns/NewSongs/midi/tunes/ns0817_tune.midi
NS818	1232154343232165	1232154343232165	MATCH	ns/818	Hymn: As the Days Go By	Y	https://www.hymnal.net/Hymns/NewSongs/midi/ns0818.mid https://www.hymnal.net/Hymns/NewSongs/midi/tunes/ns0818_tune.midi
NS819	12321232137	12321232137	MATCH	ns/819	Hymn: So Make Me to be Precious	Y	https://www.hymnal.net/Hymns/NewSongs/midi/ns0819.mid https://www.hymnal.net/Hymns/NewSongs/midi/tunes/ns0819_tune.midi
NS82	3321443233556565	3321443233556565	MATCH	ns/82	Hymn: I once was dead—dead in my sins	Y	https://www.hymnal.net/Hymns/NewSongs/midi/ns0082.mid https://www.hymnal.net/Hymns/NewSongs/midi/tunes/ns0082_tune.midi
NS820	5555176555175655	5555176555175655	MATCH	ns/820	Hymn: What will turn our sorrows to joy?	Y	https://www.hymnal.net/Hymns/NewSongs/midi/ns0820.mid https://www.hymnal.net/Hymns/NewSongs/midi/tunes/ns0820_tune.midi
NS821	511236671445665	511236671445665	MATCH	ns/821	Hymn: Do Not Let Me Forget You, O Jehovah	Y	https://www.hymnal.net/Hymns/NewSongs/midi/ns0821.mid https://www.hymnal.net/Hymns/NewSongs/midi/tunes/ns0821_tune.midi
NS822	12344432365	12344432365	MATCH	ns/822	Hymn: Christ Loved the Church	Y	https://www.hymnal.net/Hymns/NewSongs/midi/ns0822.mid https://www.hymnal.net/Hymns/NewSongs/midi/tunes/ns0822_tune.midi
NS823	33216112166712	33216112166712	MATCH	ns/823	Hymn: The Mystery Hidden in God’s Heart	Y	https://www.hymnal.net/Hymns/NewSongs/midi/ns0823.mid https://www.hymnal.net/Hymns/NewSongs/midi/tunes/ns0823_tune.midi
NS824	51132132511321132	51132132511321132	MATCH	ns/824	Hymn: For God So Loved the World (2)	Y	https://www.hymnal.net/Hymns/NewSongs/midi/ns0824.mid https://www.hymnal.net/Hymns/NewSongs/midi/tunes/ns0824_tune.midi
NS825	352561123212	352561123212	MATCH	ns/825	Hymn: Drop by Drop	Y	https://www.hymnal.net/Hymns/NewSongs/midi/ns0825.mid https://www.hymnal.net/Hymns/NewSongs/midi/tunes/ns0825_tune.midi
NS826	3211352223445653	3211352223445653	MATCH	ns/826	Hymn: What a day when Christ reached me	Y	https://www.hymnal.net/Hymns/NewSongs/midi/ns0826.mid https://www.hymnal.net/Hymns/NewSongs/midi/tunes/ns0826_tune.midi
NS827	322313231177125653	322313231177125653	MATCH	ns/827	Hymn: Cross Over	Y	https://www.hymnal.net/Hymns/NewSongs/midi/ns0827.mid https://www.hymnal.net/Hymns/NewSongs/midi/tunes/ns0827_tune.midi
NS828	567111171322	567111171322	MATCH	ns/828	Hymn: The Subject of the Book of Acts	Y	https://www.hymnal.net/Hymns/NewSongs/midi/ns0828.mid https://www.hymnal.net/Hymns/NewSongs/midi/tunes/ns0828_tune.midi
NS829	53332161751113455432	53332161751113455432	MATCH	ns/829	Hymn: In Him there is the eternal life	Y	https://www.hymnal.net/Hymns/NewSongs/midi/ns0829.mid https://www.hymnal.net/Hymns/NewSongs/midi/tunes/ns0829_tune.midi
NS83	55113325522443	55113325522443	MATCH	ns/83	Hymn: The divine mystery	Y	https://www.hymnal.net/Hymns/NewSongs/midi/ns0083.mid https://www.hymnal.net/Hymns/NewSongs/midi/tunes/ns0083_tune.midi
NS830	51121431235	51121431235	MATCH	ns/830	Hymn: The Journeying Triune God	Y	https://www.hymnal.net/Hymns/NewSongs/midi/ns0830.mid https://www.hymnal.net/Hymns/NewSongs/midi/tunes/ns0830_tune.midi
NS831	53511212334431325	53511212334431325	MATCH	ns/831	Hymn: Thy name, dear Father	Y	https://www.hymnal.net/Hymns/NewSongs/midi/ns0831.mid https://www.hymnal.net/Hymns/NewSongs/midi/tunes/ns0831_tune.midi
NS832	1555654354345431	1555654354345431	MATCH	ns/832	Hymn: Lord, Sanctify Me in the Truth	Y	https://www.hymnal.net/Hymns/NewSongs/midi/ns0832.mid https://www.hymnal.net/Hymns/NewSongs/midi/tunes/ns0832_tune.midi
NS833	555777721556544321	555777721556544321	MATCH	ns/833	Hymn: God is Working Himself into Man!	Y	https://www.hymnal.net/Hymns/NewSongs/midi/ns0833.mid https://www.hymnal.net/Hymns/NewSongs/midi/tunes/ns0833_tune.midi
NS834	12321334543	12321334543	MATCH	ns/834	Hymn: What a Mystery, Mystery of Mysteries	Y	https://www.hymnal.net/Hymns/NewSongs/midi/ns0834.mid https://www.hymnal.net/Hymns/NewSongs/midi/tunes/ns0834_tune.midi
NS835	345165432345165432	345165432345165432	MATCH	ns/835	Hymn: We Will Choose Life!	Y	https://www.hymnal.net/Hymns/NewSongs/midi/ns0835.mid https://www.hymnal.net/Hymns/NewSongs/midi/tunes/ns0835_tune.midi
NS836	34523213443212	34523213443212	MATCH	ns/836	Hymn: Lost Prodigals	Y	https://www.hymnal.net/Hymns/NewSongs/midi/tunes/ns0836_tune.midi https://www.hymnal.net/Hymns/NewTunes/midi/e0367_new.mid
NS837	35565127115511	35565127115511	MATCH	ns/837	Hymn: Treading the Pathways to Life	Y	https://www.hymnal.net/Hymns/NewSongs/midi/ns0837.mid https://www.hymnal.net/Hymns/NewSongs/midi/tunes/ns0837_tune.midi
NS838	1761161133233232116132	1761161133233232116132	MATCH	ns/838	Hymn: Sunrising	Y	https://www.hymnal.net/Hymns/NewSongs/midi/ns0838.mid https://www.hymnal.net/Hymns/NewSongs/midi/tunes/ns0838_tune.midi
NS839	511321212321423	511321212321423	MATCH	ns/839	Hymn: March On as One!	Y	https://www.hymnal.net/Hymns/NewSongs/midi/ns0839.mid https://www.hymnal.net/Hymns/NewSongs/midi/tunes/ns0839_tune.midi
NS84	1351121177	1351121177	MATCH	ns/84	Hymn: It is God who firmly attaches us	Y	https://www.hymnal.net/Hymns/NewSongs/midi/ns0084.mid https://www.hymnal.net/Hymns/NewSongs/midi/tunes/ns0084_tune.midi
NS840	131755435715	131755435715	MATCH	ns/840	Hymn: Lord, You Are My Everything	Y	https://www.hymnal.net/Hymns/NewSongs/midi/ns0840.mid https://www.hymnal.net/Hymns/NewSongs/midi/tunes/ns0840_tune.midi
NS841	551161221755555433432	551161221755555433432	MATCH	ns/841	Hymn: Blessed is the man whose strength is in You	Y	https://www.hymnal.net/Hymns/NewSongs/midi/ns0841.mid https://www.hymnal.net/Hymns/NewSongs/midi/tunes/ns0841_tune.midi
NS842	115123221321	115123221321	MATCH	ns/842	Hymn: Oh tell me, what’s the key	Y	https://www.hymnal.net/Hymns/NewSongs/midi/ns0842.mid https://www.hymnal.net/Hymns/NewSongs/midi/tunes/ns0842_tune.midi
NS843	33451356534513554342	33451356534513554342	MATCH	ns/843	Hymn: If We Have the Lord’s Presence	Y	https://www.hymnal.net/Hymns/NewSongs/midi/ns0843.mid https://www.hymnal.net/Hymns/NewSongs/midi/tunes/ns0843_tune.midi
NS844	321671617123554342	321671617123554342	MATCH	ns/844	Hymn: In The Church	Y	https://www.hymnal.net/Hymns/NewSongs/midi/ns0844.mid https://www.hymnal.net/Hymns/NewSongs/midi/tunes/ns0844_tune.midi
NS845	11554324321	11554324321	MATCH	ns/845	Hymn: Today, Lord, Today	Y	https://www.hymnal.net/Hymns/NewSongs/midi/ns0845.mid https://www.hymnal.net/Hymns/NewSongs/midi/tunes/ns0845_tune.midi
NS846	35517533551753	35517533551753	MATCH	ns/846	Hymn: Make me holy as You!	Y	https://www.hymnal.net/Hymns/NewSongs/midi/ns0846.mid https://www.hymnal.net/Hymns/NewSongs/midi/tunes/ns0846_tune.midi
NS847	3343512345553132	3343512345553132	MATCH	ns/847	Hymn: We’re in the Triune God	Y	https://www.hymnal.net/Hymns/Hymnal/midi/e1213_i.mid https://www.hymnal.net/Hymns/NewSongs/midi/tunes/ns0847_tune.midi
NS848	55671117122216555671	55671117122216555671	MATCH	ns/848	Hymn: If there is a song, a song I must sing	Y	https://www.hymnal.net/Hymns/NewSongs/midi/ns0848.mid https://www.hymnal.net/Hymns/NewSongs/midi/tunes/ns0848_tune.midi
NS849	561111123156113321232	561111123156113321232	MATCH	ns/849	Hymn: Let the word of Christ dwell in you richly (2)	Y	https://www.hymnal.net/Hymns/NewSongs/midi/ns0849.mid https://www.hymnal.net/Hymns/NewSongs/midi/tunes/ns0849_tune.midi
NS85	3333341132	3333341132	MATCH	ns/85	Hymn: Set your mind on the things which are above	Y	https://www.hymnal.net/Hymns/NewSongs/midi/ns0085.mid https://www.hymnal.net/Hymns/NewSongs/midi/tunes/ns0085_tune.midi
NS850	135565432111355654345	135565432111355654345	MATCH	ns/850	Hymn: Whither Shall I	Y	https://www.hymnal.net/Hymns/NewSongs/midi/ns0850.mid https://www.hymnal.net/Hymns/NewSongs/midi/tunes/ns0850_tune.midi
NS851	71172116117713432	71172116117713432	MATCH	ns/851	Hymn: Dig up the wells my father made	Y	https://www.hymnal.net/Hymns/NewSongs/midi/ns0851.mid https://www.hymnal.net/Hymns/NewSongs/midi/tunes/ns0851_tune.midi
NS852	112353343215	112353343215	MATCH	ns/852	Hymn: I’m Very Encouraged	Y	https://www.hymnal.net/Hymns/NewSongs/midi/ns0852.mid https://www.hymnal.net/Hymns/NewSongs/midi/tunes/ns0852_tune.midi
NS853	1551243312321123322	1551243312321123322	MATCH	ns/853	Hymn: True Worshippers	Y	https://www.hymnal.net/Hymns/NewSongs/midi/ns0853.mid https://www.hymnal.net/Hymns/NewSongs/midi/tunes/ns0853_tune.midi
NS854	3512121751766715	3512121751766715	MATCH	ns/854	Hymn: Overcomers, Steadfast in Heart	Y	https://www.hymnal.net/Hymns/NewSongs/midi/ns0854.mid https://www.hymnal.net/Hymns/NewSongs/midi/tunes/ns0854_tune.midi
NS855	11223215567112335653211	11223215567112335653211	MATCH	ns/855	Hymn: Jehovah Appeared to Me from Afar	Y	https://www.hymnal.net/Hymns/NewSongs/midi/ns0855.mid https://www.hymnal.net/Hymns/NewSongs/midi/tunes/ns0855_tune.midi
NS856	35135432121351	35135432121351	MATCH	ns/856	Hymn: A Little More, Each Day	Y	https://www.hymnal.net/Hymns/NewSongs/midi/ns0856.mid https://www.hymnal.net/Hymns/NewSongs/midi/tunes/ns0856_tune.midi
NS857	12355434212543211	12355434212543211	MATCH	ns/857	Hymn: When I wake up to the morning sun	Y	https://www.hymnal.net/Hymns/NewSongs/midi/ns0857.mid https://www.hymnal.net/Hymns/NewSongs/midi/tunes/ns0857_tune.midi
NS858	32531613161	32531613161	MATCH	ns/858	Hymn: Not Ashamed to be a Christian	Y	https://www.hymnal.net/Hymns/NewSongs/midi/ns0858.mid https://www.hymnal.net/Hymns/NewSongs/midi/tunes/ns0858_tune.midi
NS859	71172116117713432	71172116117713432	MATCH	ns/859	Hymn: As the Author and the source of faith	Y	https://www.hymnal.net/Hymns/NewSongs/midi/ns0859.mid https://www.hymnal.net/Hymns/NewSongs/midi/tunes/ns0859_tune.midi
NS86	5115532112255432	5115532112255432	MATCH	ns/86	Hymn: Come, all ye saints, and sing with me	Y	https://www.hymnal.net/Hymns/NewSongs/midi/ns0086.mid https://www.hymnal.net/Hymns/NewSongs/midi/tunes/ns0086_tune.midi
NS860	55112177442543	55112177442543	MATCH	ns/860	Hymn: King, Lord, Head, and Husband	Y	https://www.hymnal.net/Hymns/Hymnal/midi/e0116_i.mid https://www.hymnal.net/Hymns/NewSongs/midi/tunes/ns0860_tune.midi
NS861	323213321755523235	323213321755523235	MATCH	ns/861	Hymn: Days grew dark, O God	Y	https://www.hymnal.net/Hymns/NewSongs/midi/ns0861.mid https://www.hymnal.net/Hymns/NewSongs/midi/tunes/ns0861_tune.midi
NS862	112323652123434321322	112323652123434321322	MATCH	ns/862	Hymn: My Beloved, Eternally	Y	https://www.hymnal.net/Hymns/NewSongs/midi/ns0862.mid https://www.hymnal.net/Hymns/NewSongs/midi/tunes/ns0862_tune.midi
NS863	123333236112333323431	123333236112333323431	MATCH	ns/863	Hymn: Jehovah Is a Great God	Y	https://www.hymnal.net/Hymns/NewSongs/midi/ns0863.mid https://www.hymnal.net/Hymns/NewSongs/midi/tunes/ns0863_tune.midi
NS864	1232165112334211	1232165112334211	MATCH	ns/864	Hymn: A Love That Is Always There	Y	https://www.hymnal.net/Hymns/NewSongs/midi/ns0864.mid https://www.hymnal.net/Hymns/NewSongs/midi/tunes/ns0864_tune.midi
NS865	5515525533432345	5515525533432345	MATCH	ns/865	Hymn: It is God who operates in you	Y	https://www.hymnal.net/Hymns/NewSongs/midi/ns0865.mid https://www.hymnal.net/Hymns/NewSongs/midi/tunes/ns0865_tune.midi
NS866	51231662177512312	51231662177512312	MATCH	ns/866	Hymn: And There He Built an Altar to Jehovah	Y	https://www.hymnal.net/Hymns/NewSongs/midi/ns0866.mid https://www.hymnal.net/Hymns/NewSongs/midi/tunes/ns0866_tune.midi
NS867	56112321232165	56112321232165	MATCH	ns/867	Hymn: Draw Me, Lord, with the Bands of Your Love	Y	https://www.hymnal.net/Hymns/NewSongs/midi/ns0867.mid https://www.hymnal.net/Hymns/NewSongs/midi/tunes/ns0867_tune.midi
NS868	333211216321121	333211216321121	MATCH	ns/868	Hymn: It is Jehovah’s Lovingkindness (Lam. 3:22-25)	Y	https://www.hymnal.net/Hymns/NewSongs/midi/ns0868.mid https://www.hymnal.net/Hymns/NewSongs/midi/tunes/ns0868_tune.midi
NS869	321111134565344432342	321111134565344432342	MATCH	ns/869	Hymn: There Is No Other Way to Reach the High Peak	Y	https://www.hymnal.net/Hymns/NewSongs/midi/ns0869.mid https://www.hymnal.net/Hymns/NewSongs/midi/tunes/ns0869_tune.midi
NS87	1353113531	1353113531	MATCH	ns/87	Hymn: Mingle and blend	Y	https://www.hymnal.net/Hymns/NewSongs/midi/ns0087.mid https://www.hymnal.net/Hymns/NewSongs/midi/tunes/ns0087_tune.midi
NS870	3332113261612211	3332113261612211	MATCH	ns/870	Hymn: God’s Economy Is to Work Himself into Us	Y	https://www.hymnal.net/Hymns/NewSongs/midi/ns0870.mid https://www.hymnal.net/Hymns/NewSongs/midi/tunes/ns0870_tune.midi
NS871	3334117656665	3334117656665	MATCH	ns/871	Hymn: Looking Away	Y	https://www.hymnal.net/Hymns/NewSongs/midi/ns0871.mid https://www.hymnal.net/Hymns/NewSongs/midi/tunes/ns0871_tune.midi
NS872	32113545656534	32113545656534	MATCH	ns/872	Hymn: For the Mountains May Depart	Y	https://www.hymnal.net/Hymns/NewSongs/midi/ns0872.mid https://www.hymnal.net/Hymns/NewSongs/midi/tunes/ns0872_tune.midi
NS873	123215615123215432	123215615123215432	MATCH	ns/873	Hymn: Meeting My Lord	Y	https://www.hymnal.net/Hymns/NewSongs/midi/ns0873.mid https://www.hymnal.net/Hymns/NewSongs/midi/tunes/ns0873_tune.midi
NS874	5555555123	5555555123	MATCH	ns/874	Hymn: Jesus my Shepherd in tenderness came	Y	https://www.hymnal.net/Hymns/Hymnal/midi/e0291_i.mid https://www.hymnal.net/Hymns/NewSongs/midi/tunes/ns0874_tune.midi
NS875	123111116555	123111116555	MATCH	ns/875	Hymn: A Thousand Times A Day	Y	https://www.hymnal.net/Hymns/NewSongs/midi/ns0875.mid https://www.hymnal.net/Hymns/NewSongs/midi/tunes/ns0875_tune.midi
NS876	5111555222132	5111555222132	MATCH	ns/876	Hymn: The Spirit of the Lord Jehovah is upon Me—Isaiah 61:1	Y	https://www.hymnal.net/Hymns/NewSongs/midi/ns0876.mid https://www.hymnal.net/Hymns/NewSongs/midi/tunes/ns0876_tune.midi
NS877	3556532165611176565	3556532165611176565	MATCH	ns/877	Hymn: Listen to the Word of God	Y	https://www.hymnal.net/Hymns/NewSongs/midi/ns0877.mid https://www.hymnal.net/Hymns/NewSongs/midi/tunes/ns0877_tune.midi
NS878	33555546666511111765	33555546666511111765	MATCH	ns/878	Hymn: Author (Hebrews 12:2)	Y	https://www.hymnal.net/Hymns/NewSongs/midi/ns0878.mid https://www.hymnal.net/Hymns/NewSongs/midi/tunes/ns0878_tune.midi
NS879	3321565543	3321565543	MATCH	ns/879	Hymn: Abide in me, Lord, deep within my heart	Y	https://www.hymnal.net/Hymns/Hymnal/midi/e0370_i.mid https://www.hymnal.net/Hymns/NewSongs/midi/tunes/ns0879_tune.midi
NS88	55517667127655	55517667127655	MATCH	ns/88	Hymn: We are one in Christ	Y	https://www.hymnal.net/Hymns/NewSongs/midi/ns0088.mid https://www.hymnal.net/Hymns/NewSongs/midi/tunes/ns0088_tune.midi
NS880	33235433261713253	33235433261713253	MATCH	ns/880	Hymn: The Kindness of God	Y	https://www.hymnal.net/Hymns/Hymnal/midi/e0645_i.mid https://www.hymnal.net/Hymns/NewSongs/midi/tunes/ns0880_tune.midi
NS881	5533321135535	323154532124321	DIFF	ns/881	Hymn: The Consummation of Grace	n	https://www.hymnal.net/Hymns/Hymnal/midi/e0026_i.mid https://www.hymnal.net/Hymns/NewSongs/midi/tunes/ns0881_tune.midi
NS882	155654321231432	155654321231432	MATCH	ns/882	Hymn: Rushing On	Y	https://www.hymnal.net/Hymns/NewSongs/midi/ns0882.mid https://www.hymnal.net/Hymns/NewSongs/midi/tunes/ns0882_tune.midi
NS883	12334454355	12334454355	MATCH	ns/883	Hymn: When We Look unto Jesus	Y	https://www.hymnal.net/Hymns/NewSongs/midi/ns0883.mid https://www.hymnal.net/Hymns/NewSongs/midi/tunes/ns0883_tune.midi
NS884	5123171756	5123171756	MATCH	ns/884	Hymn: I Choose to Remain	Y	https://www.hymnal.net/Hymns/NewSongs/midi/ns0884.mid https://www.hymnal.net/Hymns/NewSongs/midi/tunes/ns0884_tune.midi
NS885	5171556655171	5171556655171	MATCH	ns/885	Hymn: Look unto Him!	Y	https://www.hymnal.net/Hymns/NewSongs/midi/ns0885.mid https://www.hymnal.net/Hymns/NewSongs/midi/tunes/ns0885_tune.midi
NS886	511123143231	511123143231	MATCH	ns/886	Hymn: Do Not Be Fashioned (Romans 12:2)	Y	https://www.hymnal.net/Hymns/NewSongs/midi/ns0886.mid https://www.hymnal.net/Hymns/NewSongs/midi/tunes/ns0886_tune.midi
NS887	123454532112345	123454532112345	MATCH	ns/887	Hymn: The Shepherd of Our Souls	Y	https://www.hymnal.net/Hymns/NewSongs/midi/ns0887.mid https://www.hymnal.net/Hymns/NewSongs/midi/tunes/ns0887_tune.midi
NS888	3532712336665332	3532712336665332	MATCH	ns/888	Hymn: That Deep Love of Mary	Y	https://www.hymnal.net/Hymns/NewSongs/midi/ns0888.mid https://www.hymnal.net/Hymns/NewSongs/midi/tunes/ns0888_tune.midi
NS89	34322321161223	34322321161223	MATCH	ns/89	Hymn: The good Shepherd	Y	https://www.hymnal.net/Hymns/NewSongs/midi/ns0089.mid https://www.hymnal.net/Hymns/NewSongs/midi/tunes/ns0089_tune.midi
NS890	11154311115431	11154311115431	MATCH	ns/890	Hymn: Dear Jesus, save me this day	Y	https://www.hymnal.net/Hymns/NewSongs/midi/ns0890.mid https://www.hymnal.net/Hymns/NewSongs/midi/tunes/ns0890_tune.midi
NS891	11235434217121	11235434217121	MATCH	ns/891	Hymn: Therefore Be Humbled	Y	https://www.hymnal.net/Hymns/NewSongs/midi/ns0891.mid https://www.hymnal.net/Hymns/NewSongs/midi/tunes/ns0891_tune.midi
NS892	3333221231671	3333221231671	MATCH	ns/892	Hymn: Christ is the Spirit	Y	https://www.hymnal.net/Hymns/NewSongs/midi/ns0892.mid https://www.hymnal.net/Hymns/NewSongs/midi/tunes/ns0892_tune.midi
NS893	12311145333211	12311145333211	MATCH	ns/893	Hymn: I Look Away From My Crippled Feet!	Y	https://www.hymnal.net/Hymns/NewSongs/midi/ns0893.mid https://www.hymnal.net/Hymns/NewSongs/midi/tunes/ns0893_tune.midi
NS894	12353667123532	12353667123532	MATCH	ns/894	Hymn: Grant me, O Lord	Y	https://www.hymnal.net/Hymns/NewSongs/midi/ns0894.mid https://www.hymnal.net/Hymns/NewSongs/midi/tunes/ns0894_tune.midi
NS895	565321766621712	565321766621712	MATCH	ns/895	Hymn: Christ in me the law of life is	Y	https://www.hymnal.net/Hymns/Hymnal/midi/e0378_i.mid https://www.hymnal.net/Hymns/NewSongs/midi/tunes/ns0895_tune.midi
NS896	121234321254332121	121234321254332121	MATCH	ns/896	Hymn: Loving the Lord with the First Love	Y	https://www.hymnal.net/Hymns/Hymnal/midi/e0114_i.mid https://www.hymnal.net/Hymns/NewSongs/midi/tunes/ns0896_tune.midi
NS897	112353222221322	112353222221322	MATCH	ns/897	Hymn: Make me an Overcomer	Y	https://www.hymnal.net/Hymns/NewSongs/midi/ns0897.mid https://www.hymnal.net/Hymns/NewSongs/midi/tunes/ns0897_tune.midi
NS898	534321671234531322	534321671234531322	MATCH	ns/898	Hymn: Nothing Is Too Wonderful for You	Y	https://www.hymnal.net/Hymns/NewSongs/midi/ns0898.mid https://www.hymnal.net/Hymns/NewSongs/midi/tunes/ns0898_tune.midi
NS899	12355432112356432	12355432112356432	MATCH	ns/899	Hymn: I Choose to Stay	Y	https://www.hymnal.net/Hymns/NewSongs/midi/ns0899.mid https://www.hymnal.net/Hymns/NewSongs/midi/tunes/ns0899_tune.midi
NS9	34554325211233	34554325211233	MATCH	ns/9	Hymn: Call on Your Name	Y	https://www.hymnal.net/Hymns/NewSongs/midi/ns0009.mid https://www.hymnal.net/Hymns/NewSongs/midi/tunes/ns0009_tune.midi
NS90	315315313153152	315315313153152	MATCH	ns/90	Hymn: The house in Bethany	Y	https://www.hymnal.net/Hymns/NewSongs/midi/ns0090.mid https://www.hymnal.net/Hymns/NewSongs/midi/tunes/ns0090_tune.midi
NS900	12333344322523	12333344322523	MATCH	ns/900	Hymn: Daniel 6:10	Y	https://www.hymnal.net/Hymns/NewSongs/midi/ns0900.mid https://www.hymnal.net/Hymns/NewSongs/midi/tunes/ns0900_tune.midi
NS901	555654546545777611	555654546545777611	MATCH	ns/901	Hymn: Finisher	Y	https://www.hymnal.net/Hymns/NewSongs/midi/ns0901.mid https://www.hymnal.net/Hymns/NewSongs/midi/tunes/ns0901_tune.midi
NS902	11127773333211	11127773333211	MATCH	ns/902	Hymn: Just to Grow in Life	Y	https://www.hymnal.net/Hymns/NewSongs/midi/ns0902.mid https://www.hymnal.net/Hymns/NewSongs/midi/tunes/ns0902_tune.midi
NS903	311314321231113234	311314321231113234	MATCH	ns/903	Hymn: This He Said Concerning the Spirit—John 7:39	Y	https://www.hymnal.net/Hymns/NewSongs/midi/ns0903.mid https://www.hymnal.net/Hymns/NewSongs/midi/tunes/ns0903_tune.midi
NS904	55335522331121	55335522331121	MATCH	ns/904	Hymn: The Vision of the Age	Y	https://www.hymnal.net/Hymns/NewSongs/midi/ns0904.mid https://www.hymnal.net/Hymns/NewSongs/midi/tunes/ns0904_tune.midi
NS905	123123156223423417	123123156223423417	MATCH	ns/905	Hymn: Living in and with the Divine Trinity	Y	https://www.hymnal.net/Hymns/NewSongs/midi/ns0905.mid https://www.hymnal.net/Hymns/NewSongs/midi/tunes/ns0905_tune.midi
NS906	11111223116553322	11111223116553322	MATCH	ns/906	Hymn: Now to the King	Y	https://www.hymnal.net/Hymns/NewSongs/midi/ns0906.mid https://www.hymnal.net/Hymns/NewSongs/midi/tunes/ns0906_tune.midi
NS907	5555111776755	5555111776755	MATCH	ns/907	Hymn: The Wonderful Jesus	Y	https://www.hymnal.net/Hymns/NewSongs/midi/ns0907.mid https://www.hymnal.net/Hymns/NewSongs/midi/tunes/ns0907_tune.midi
NS908	355361433365361432	355361433365361432	MATCH	ns/908	Hymn: On My Behalf	Y	https://www.hymnal.net/Hymns/NewSongs/midi/ns0908.mid https://www.hymnal.net/Hymns/NewSongs/midi/tunes/ns0908_tune.midi
NS909	67123213266717756	67123213266717756	MATCH	ns/909	Hymn: Bitter Sweet	Y	https://www.hymnal.net/Hymns/NewSongs/midi/ns0909.mid https://www.hymnal.net/Hymns/NewSongs/midi/tunes/ns0909_tune.midi
NS91	1334653133212	1334653133212	MATCH	ns/91	Hymn: Make me a hungry seeker	Y	https://www.hymnal.net/Hymns/NewSongs/midi/ns0091.mid https://www.hymnal.net/Hymns/NewSongs/midi/tunes/ns0091_tune.midi
NS910	51111235556522543	51111235556522543	MATCH	ns/910	Hymn: The Son with the Father once came by the Spirit	Y	https://www.hymnal.net/Hymns/LongBeach/midi/lb60.mid https://www.hymnal.net/Hymns/NewSongs/midi/tunes/ns0910_tune.midi
NS911	32321526711533	32321526711533	MATCH	ns/911	Hymn: How Long	Y	https://www.hymnal.net/Hymns/NewSongs/midi/ns0911.mid https://www.hymnal.net/Hymns/NewSongs/midi/tunes/ns0911_tune.midi
NS912	321232321231	321232321231	MATCH	ns/912	Hymn: Rekindle	Y	https://www.hymnal.net/Hymns/NewSongs/midi/ns0912.mid https://www.hymnal.net/Hymns/NewSongs/midi/tunes/ns0912_tune.midi
NS913	5516632555116632	5516632555116632	MATCH	ns/913	Hymn: For the fig tree will not sprout (Hab. 3:17-18)	Y	https://www.hymnal.net/Hymns/NewSongs/midi/ns0913.mid https://www.hymnal.net/Hymns/NewSongs/midi/tunes/ns0913_tune.midi
NS914	123333333444543511	123333333444543511	MATCH	ns/914	Hymn: If we look to Him	Y	https://www.hymnal.net/Hymns/NewSongs/midi/ns0914.mid https://www.hymnal.net/Hymns/NewSongs/midi/tunes/ns0914_tune.midi
NS915	11235554321235543231	1235554321235543231	DIFF	ns/915	Hymn: The Love of the Truth	Y	https://www.hymnal.net/Hymns/NewSongs/midi/ns0915.mid https://www.hymnal.net/Hymns/NewSongs/midi/tunes/ns0915_tune.midi
NS916	1711117655171	1711117655171	MATCH	ns/916	Hymn: God is Pleased	Y	https://www.hymnal.net/Hymns/NewSongs/midi/ns0916.mid https://www.hymnal.net/Hymns/NewSongs/midi/tunes/ns0916_tune.midi
NS917	331444325333143271	331444325333143271	MATCH	ns/917	Hymn: This Is the Generation of Those	Y	https://www.hymnal.net/Hymns/NewSongs/midi/ns0917.mid https://www.hymnal.net/Hymns/NewSongs/midi/tunes/ns0917_tune.midi
NS918	5555567115333345642	5555567115333345642	MATCH	ns/918	Hymn: Hear the cry—the call for overcomers!	Y	https://www.hymnal.net/Hymns/NewSongs/midi/ns0918.mid https://www.hymnal.net/Hymns/NewSongs/midi/tunes/ns0918_tune.midi
NS919	13551253145313211	13551253145313211	MATCH	ns/919	Hymn: A Master of Dreams	Y	https://www.hymnal.net/Hymns/NewSongs/midi/ns0919.mid https://www.hymnal.net/Hymns/NewSongs/midi/tunes/ns0919_tune.midi
NS92	56123653211443532	56123653211443532	MATCH	ns/92	Hymn: Outpoured for His Body	Y	https://www.hymnal.net/Hymns/NewSongs/midi/ns0092.mid https://www.hymnal.net/Hymns/NewSongs/midi/tunes/ns0092_tune.midi
NS920	34553321261	34553321261	MATCH	ns/920	Hymn: Blessed Is the Man Who Trusts in Jehovah	Y	https://www.hymnal.net/Hymns/NewSongs/midi/ns0920.mid https://www.hymnal.net/Hymns/NewSongs/midi/tunes/ns0920_tune.midi
NS921	53334321712321	53334321712321	MATCH	ns/921	Hymn: We Know and Have Believed	Y	https://www.hymnal.net/Hymns/NewSongs/midi/ns0921.mid https://www.hymnal.net/Hymns/NewSongs/midi/tunes/ns0921_tune.midi
NS922	1235512321	1235512321	MATCH	ns/922	Hymn: Listen, O stranger, road-weary traveler	Y	https://www.hymnal.net/Hymns/Hymnal/midi/e0787_i.mid https://www.hymnal.net/Hymns/NewSongs/midi/tunes/ns0922_tune.midi
NS923	12332345533566523	12332345533566523	MATCH	ns/923	Hymn: Come and Sing Songs of Zion With Me	Y	https://www.hymnal.net/Hymns/NewSongs/midi/ns0923.mid https://www.hymnal.net/Hymns/NewSongs/midi/tunes/ns0923_tune.midi
NS924	55115512321511765	55115512321511765	MATCH	ns/924	Hymn: Remain in Christ to Stay in Life	Y	https://www.hymnal.net/Hymns/NewSongs/midi/ns0924.mid https://www.hymnal.net/Hymns/NewSongs/midi/tunes/ns0924_tune.midi
NS925	53334321712321	53334321712321	MATCH	ns/925	Hymn: But thanks be to God (2 Cor. 2:14)	Y	https://www.hymnal.net/Hymns/NewSongs/midi/ns0925.mid https://www.hymnal.net/Hymns/NewSongs/midi/tunes/ns0925_tune.midi
NS926	5432671532162	5432671532162	MATCH	ns/926	Hymn: Lord, I can’t be satisfied with anything but You	Y	https://www.hymnal.net/Hymns/NewSongs/midi/ns0926.mid https://www.hymnal.net/Hymns/NewSongs/midi/tunes/ns0926_tune.midi
NS927	53332345323134555434	53332345323134555434	MATCH	ns/927	Hymn: But if Christ Is in You	Y	https://www.hymnal.net/Hymns/NewSongs/midi/ns0927.mid https://www.hymnal.net/Hymns/NewSongs/midi/tunes/ns0927_tune.midi
NS928	1235535265111716	1235535265111716	MATCH	ns/928	Hymn: I anticipated the dawn and cried out	Y	https://www.hymnal.net/Hymns/NewSongs/midi/ns0928.mid https://www.hymnal.net/Hymns/NewSongs/midi/tunes/ns0928_tune.midi
NS929	5334543243213217223	5334543243213217223	MATCH	ns/929	Hymn: And I will ask the Father (John 14:16-17)	Y	https://www.hymnal.net/Hymns/NewSongs/midi/ns0929.mid https://www.hymnal.net/Hymns/NewSongs/midi/tunes/ns0929_tune.midi
NS93	512333212344432	512333212344432	MATCH	ns/93	Hymn: A story you should know	Y	https://www.hymnal.net/Hymns/NewSongs/midi/ns0093.mid https://www.hymnal.net/Hymns/NewSongs/midi/tunes/ns0093_tune.midi
NS930	123214651166665143212	123214651166665143212	MATCH	ns/930	Hymn: God’s eternal economy is to gain a group of people	Y	https://www.hymnal.net/Hymns/NewSongs/midi/ns0930.mid https://www.hymnal.net/Hymns/NewSongs/midi/tunes/ns0930_tune.midi
NS931	555653213555653212	555653213555653212	MATCH	ns/931	Hymn: Growing Up Together in the Lord	Y	https://www.hymnal.net/Hymns/NewSongs/midi/ns0931.mid https://www.hymnal.net/Hymns/NewSongs/midi/tunes/ns0931_tune.midi
NS932	5131611321351165465	5131611321351165465	MATCH	ns/932	Hymn: God’s Intention is to be the Tree of Life	Y	https://www.hymnal.net/Hymns/NewSongs/midi/ns0932.mid https://www.hymnal.net/Hymns/NewSongs/midi/tunes/ns0932_tune.midi
NS933	355543233511765	355543233511765	MATCH	ns/933	Hymn: No Longer (2 Cor. 5:14-15)	Y	https://www.hymnal.net/Hymns/NewSongs/midi/ns0933.mid https://www.hymnal.net/Hymns/NewSongs/midi/tunes/ns0933_tune.midi
NS934	11235333432155534321	11235333432155534321	MATCH	ns/934	Hymn: Be King over all these	Y	https://www.hymnal.net/Hymns/NewSongs/midi/ns0934.mid https://www.hymnal.net/Hymns/NewSongs/midi/tunes/ns0934_tune.midi
NS935	112431111123	112431111123	MATCH	ns/935	Hymn: Make me a man of light with my eyes set on Thee	Y	https://www.hymnal.net/Hymns/NewSongs/midi/ns0935.mid https://www.hymnal.net/Hymns/NewSongs/midi/tunes/ns0935_tune.midi
NS936	55321566115	55321566115	MATCH	ns/936	Hymn: Merciful and righteous, wise beyond the wise	Y	https://www.hymnal.net/Hymns/Hymnal/midi/e0469_i.mid https://www.hymnal.net/Hymns/NewSongs/midi/tunes/ns0936_tune.midi
NS937	123321255343165	123321255343165	MATCH	ns/937	Hymn: That the God of our Lord Jesus Christ	Y	https://www.hymnal.net/Hymns/NewSongs/midi/ns0937.mid https://www.hymnal.net/Hymns/NewSongs/midi/tunes/ns0937_tune.midi
NS938	5112215111232	5112215111232	MATCH	ns/938	Hymn: The path of the righteous	Y	https://www.hymnal.net/Hymns/NewSongs/midi/ns0938.mid https://www.hymnal.net/Hymns/NewSongs/midi/tunes/ns0938_tune.midi
NS939	12351757623432153212	12351757623432153212	MATCH	ns/939	Hymn: Thousands of Conversations	Y	https://www.hymnal.net/Hymns/NewSongs/midi/ns0939.mid https://www.hymnal.net/Hymns/NewSongs/midi/tunes/ns0939_tune.midi
NS94	33455332244654355	33455332244654355	MATCH	ns/94	Hymn: Christ, not religion	Y	https://www.hymnal.net/Hymns/NewSongs/midi/ns0094.mid https://www.hymnal.net/Hymns/NewSongs/midi/tunes/ns0094_tune.midi
NS940	334532161234543432	334532161234543432	MATCH	ns/940	Hymn: Let us seek first the kingdom of God	Y	https://www.hymnal.net/Hymns/NewSongs/midi/ns0120.mid https://www.hymnal.net/Hymns/NewSongs/midi/tunes/ns0940_tune.midi
NS941	112233223344223445443	112233223344223445443	MATCH	ns/941	Hymn: What is the Jubilee?	Y	https://www.hymnal.net/Hymns/NewSongs/midi/ns0941.mid https://www.hymnal.net/Hymns/NewSongs/midi/tunes/ns0941_tune.midi
NS942	3235716563235321	3235716563235321	MATCH	ns/942	Hymn: Morning Star ablaze at night	Y	https://www.hymnal.net/Hymns/NewSongs/midi/ns0942.mid https://www.hymnal.net/Hymns/NewSongs/midi/tunes/ns0942_tune.midi
NS943	3341231334321253	3341231334321253	MATCH	ns/943	Hymn: Giving Thanks to the Father	Y	https://www.hymnal.net/Hymns/NewSongs/midi/ns0943.mid https://www.hymnal.net/Hymns/NewSongs/midi/tunes/ns0943_tune.midi
NS944	321554565	321554565	MATCH	ns/944	Hymn: Blessed dispensing of the Divine	Y	https://www.hymnal.net/Hymns/Hymnal/midi/e0308_i.mid https://www.hymnal.net/Hymns/NewSongs/midi/tunes/ns0944_tune.midi
NS945	53333211651	53333211651	MATCH	ns/945	Hymn: Beloved, Let Us Love One Another (1 John 4:7, 12)	Y	https://www.hymnal.net/Hymns/NewSongs/midi/ns0945.mid https://www.hymnal.net/Hymns/NewSongs/midi/tunes/ns0945_tune.midi
NS946	33451641653345165165	33451641653345165165	MATCH	ns/946	Hymn: Open Vessel	Y	https://www.hymnal.net/Hymns/NewSongs/midi/ns0946.mid https://www.hymnal.net/Hymns/NewSongs/midi/tunes/ns0946_tune.midi
NS947	52122113344553	52122113344553	MATCH	ns/947	Hymn: Jehovah Bless You and Keep You (2)	Y	https://www.hymnal.net/Hymns/NewSongs/midi/ns0947.mid https://www.hymnal.net/Hymns/NewSongs/midi/tunes/ns0947_tune.midi
NS948	313111115113116511266	313111115113116511266	MATCH	ns/948	Hymn: Look Away unto Jesus	Y	https://www.hymnal.net/Hymns/NewSongs/midi/ns0948.mid https://www.hymnal.net/Hymns/NewSongs/midi/tunes/ns0948_tune.midi
NS949	5333332112321616	5333332112321616	MATCH	ns/949	Hymn: My Solomon	Y	https://www.hymnal.net/Hymns/NewSongs/midi/ns0949.mid https://www.hymnal.net/Hymns/NewSongs/midi/tunes/ns0949_tune.midi
NS95	12333454	12333454	MATCH	ns/95	Hymn: May my day be full of Christ	Y	https://www.hymnal.net/Hymns/NewSongs/midi/ns0095.mid https://www.hymnal.net/Hymns/NewSongs/midi/tunes/ns0095_tune.midi
NS950	355365212123555611	355365212123555611	MATCH	ns/950	Hymn: For a Child is Born to Us (Isaiah 9:6-7)	Y	https://www.hymnal.net/Hymns/NewSongs/midi/ns0950.mid https://www.hymnal.net/Hymns/NewSongs/midi/tunes/ns0950_tune.midi
NS951	1321345433432321	1321345433432321	MATCH	ns/951	Hymn: O Lord, You have been our dwelling place	Y	https://www.hymnal.net/Hymns/NewSongs/midi/ns0951.mid https://www.hymnal.net/Hymns/NewSongs/midi/tunes/ns0951_tune.midi
NS952	3216532353322116532235	3216532353322116532235	MATCH	ns/952	Hymn: The Son of God is in My Spirit	Y	https://www.hymnal.net/Hymns/NewSongs/midi/ns0952.mid https://www.hymnal.net/Hymns/NewSongs/midi/tunes/ns0952_tune.midi
NS953	17656531234565	17656531234565	MATCH	ns/953	Hymn: What is this which is revealed?	Y	https://www.hymnal.net/Hymns/NewSongs/midi/ns0953.mid https://www.hymnal.net/Hymns/NewSongs/midi/tunes/ns0953_tune.midi
NS954	777217655432	777217655432	MATCH	ns/954	Hymn: Eat This Scroll (Ezekiel 3:1-4)	Y	https://www.hymnal.net/Hymns/NewSongs/midi/ns0954.mid https://www.hymnal.net/Hymns/NewSongs/midi/tunes/ns0954_tune.midi
NS955	112356531112365321232	112356531112365321232	MATCH	ns/955	Hymn: But You Shall Receive Power (Acts 1:8)	Y	https://www.hymnal.net/Hymns/NewSongs/midi/ns0955.mid https://www.hymnal.net/Hymns/NewSongs/midi/tunes/ns0955_tune.midi
NS956	5511151354333222443211	5511151354333222443211	MATCH	ns/956	Hymn: And the Life Was Manifested (1 John 1:2)	Y	https://www.hymnal.net/Hymns/NewSongs/midi/ns0956.mid https://www.hymnal.net/Hymns/NewSongs/midi/tunes/ns0956_tune.midi
NS957	553322135544546	553322135544546	MATCH	ns/957	Hymn: He Loved Them to the Uttermost	Y	https://www.hymnal.net/Hymns/NewSongs/midi/ns0957.mid https://www.hymnal.net/Hymns/NewSongs/midi/tunes/ns0957_tune.midi
NS958	15512232123554	15512232123554	MATCH	ns/958	Hymn: Love Prevails, Never Fails	Y	https://www.hymnal.net/Hymns/NewSongs/midi/ns0958.mid https://www.hymnal.net/Hymns/NewSongs/midi/tunes/ns0958_tune.midi
NS959	33343222554311765	33343222554311765	MATCH	ns/959	Hymn: My heart is wounded—Lord, I pray	Y	https://www.hymnal.net/Hymns/Hymnal/midi/e0205_i.mid https://www.hymnal.net/Hymns/NewSongs/midi/tunes/ns0959_tune.midi
NS96	3331445253331432	3331445253331432	MATCH	ns/96	Hymn: There is a resurrection	Y	https://www.hymnal.net/Hymns/NewSongs/midi/ns0096.mid https://www.hymnal.net/Hymns/NewSongs/midi/tunes/ns0096_tune.midi
NS960	32131174325221	32131174325221	MATCH	ns/960	Hymn: If Thou wouldst deal with me	Y	https://www.hymnal.net/Hymns/Hymnal/midi/e0477_i.mid https://www.hymnal.net/Hymns/NewSongs/midi/tunes/ns0960_tune.midi
NS961	55112343543121715	55112343543121715	MATCH	ns/961	Hymn: There is now then no condemnation	Y	https://www.hymnal.net/Hymns/NewSongs/midi/ns0961.mid https://www.hymnal.net/Hymns/NewSongs/midi/tunes/ns0961_tune.midi
NS962	5123461122512346	5123461122512346	MATCH	ns/962	Hymn: But God, being rich in mercy	Y	https://www.hymnal.net/Hymns/NewSongs/midi/ns0962.mid https://www.hymnal.net/Hymns/NewSongs/midi/tunes/ns0962_tune.midi
NS963	535353217615	535353217615	MATCH	ns/963	Hymn: Jehovah’s habitation isn’t made with hands	Y	https://www.hymnal.net/Hymns/NewSongs/midi/ns0963.mid https://www.hymnal.net/Hymns/NewSongs/midi/tunes/ns0963_tune.midi
NS964	511171756667555	511171756667555	MATCH	ns/964	Hymn: Only Love Prevails	Y	https://www.hymnal.net/Hymns/NewSongs/midi/ns0964.mid https://www.hymnal.net/Hymns/NewSongs/midi/tunes/ns0964_tune.midi
NS965	1233433212561165553	1233433212561165553	MATCH	ns/965	Hymn: I will call on Him all my days	Y	https://www.hymnal.net/Hymns/NewSongs/midi/ns0965.mid https://www.hymnal.net/Hymns/NewSongs/midi/tunes/ns0965_tune.midi
NS966	543211312321156566617	543211312321156566617	MATCH	ns/966	Hymn: I Only Need to Call	Y	https://www.hymnal.net/Hymns/NewSongs/midi/ns0966.mid https://www.hymnal.net/Hymns/NewSongs/midi/tunes/ns0966_tune.midi
NS967	5353321116165	5353321116165	MATCH	ns/967	Hymn: To know Him (Phil. 3:10-11)	Y	https://www.hymnal.net/Hymns/NewSongs/midi/ns0967.mid https://www.hymnal.net/Hymns/NewSongs/midi/tunes/ns0967_tune.midi
NS968	123333142222532	123333142222532	MATCH	ns/968	Hymn: The end of the charge is love	Y	https://www.hymnal.net/Hymns/NewSongs/midi/ns0968.mid https://www.hymnal.net/Hymns/NewSongs/midi/tunes/ns0968_tune.midi
NS969	111234443253	111234443253	MATCH	ns/969	Hymn: Happy Are Your Men	Y	https://www.hymnal.net/Hymns/NewSongs/midi/ns0969.mid https://www.hymnal.net/Hymns/NewSongs/midi/tunes/ns0969_tune.midi
NS97	3333321116617	3333321116617	MATCH	ns/97	Hymn: Dearest Lord, You’ve called us here	Y	https://www.hymnal.net/Hymns/NewSongs/midi/ns0097.mid https://www.hymnal.net/Hymns/NewSongs/midi/tunes/ns0097_tune.midi
NS970	511117125116	511117125116	MATCH	ns/970	Hymn: Forever Love	Y	https://www.hymnal.net/Hymns/NewSongs/midi/ns0970.mid https://www.hymnal.net/Hymns/NewSongs/midi/tunes/ns0970_tune.midi
NS971	11237712111166	11237712111166	MATCH	ns/971	Hymn: Universal Love	Y	https://www.hymnal.net/Hymns/NewSongs/midi/ns0971.mid https://www.hymnal.net/Hymns/NewSongs/midi/tunes/ns0971_tune.midi
NS972	554356711717644565	554356711717644565	MATCH	ns/972	Hymn: Love Prevails	Y	https://www.hymnal.net/Hymns/NewSongs/midi/ns0972.mid https://www.hymnal.net/Hymns/NewSongs/midi/tunes/ns0972_tune.midi
NS973	534323255343231	534323255343231	MATCH	ns/973	Hymn: Let Love Prevail	Y	https://www.hymnal.net/Hymns/NewSongs/midi/ns0973.mid https://www.hymnal.net/Hymns/NewSongs/midi/tunes/ns0973_tune.midi
NS974	11155531115553	11155531115553	MATCH	ns/974	Hymn: You Love Them	Y	https://www.hymnal.net/Hymns/NewSongs/midi/ns0974.mid https://www.hymnal.net/Hymns/NewSongs/midi/tunes/ns0974_tune.midi
NS975	13444443231122	13444443231122	MATCH	ns/975	Hymn: A Spirit of Love	Y	https://www.hymnal.net/Hymns/NewSongs/midi/ns0975.mid https://www.hymnal.net/Hymns/NewSongs/midi/tunes/ns0975_tune.midi
NS976	117654353213543355	117654353213543355	MATCH	ns/976	Hymn: Reigning Life (2)	Y	https://www.hymnal.net/Hymns/NewSongs/midi/ns0976.mid https://www.hymnal.net/Hymns/NewSongs/midi/tunes/ns0976_tune.midi
NS977	333335532221215652	333335532221215652	MATCH	ns/977	Hymn: Christ is the Tree of Life	Y	https://www.hymnal.net/Hymns/NewSongs/midi/ns0977.mid https://www.hymnal.net/Hymns/NewSongs/midi/tunes/ns0977_tune.midi
NS978	315315313153152	5554334312343212	DIFF	ns/978	Hymn: I Just Want to Know Him	n	https://www.hymnal.net/Hymns/NewSongs/midi/ns0978.mid https://www.hymnal.net/Hymns/NewSongs/midi/tunes/ns0978_tune.midi
NS979	712323653216	712323653216	MATCH	ns/979	Hymn: The darkest hour o’ertakes the many sleeping	Y	https://www.hymnal.net/Hymns/Hymnal/midi/e0934_i.mid https://www.hymnal.net/Hymns/NewSongs/midi/tunes/ns0979_tune.midi
NS98	111133556531	111133556531	MATCH	ns/98	Hymn: I’m walking down the road	Y	https://www.hymnal.net/Hymns/NewSongs/midi/ns0098.mid https://www.hymnal.net/Hymns/NewSongs/midi/tunes/ns0098_tune.midi
NS980	512321216512312	512321216512312	MATCH	ns/980	Hymn: The God-men’s Divine Right	Y	https://www.hymnal.net/Hymns/NewSongs/midi/ns0980.mid https://www.hymnal.net/Hymns/NewSongs/midi/tunes/ns0980_tune.midi
NS981	55555361111165	517125671	DIFF	ns/981	Hymn: Oh, lift your heads! The race is set	n	https://www.hymnal.net/Hymns/Hymnal/midi/e0061_i.mid https://www.hymnal.net/Hymns/NewSongs/midi/tunes/ns0981_tune.midi
NS982	33451644322234253231	33451644322234253231	MATCH	ns/982	Hymn: I’m learning how to spend time with the Lord	Y	https://www.hymnal.net/Hymns/NewSongs/midi/ns0982.mid https://www.hymnal.net/Hymns/NewSongs/midi/tunes/ns0982_tune.midi
NS983	3331212321764	3331212321764	MATCH	ns/983	Hymn: But as Many as Received Him (John 1:10-13)	Y	https://www.hymnal.net/Hymns/NewSongs/midi/ns0983.mid https://www.hymnal.net/Hymns/NewSongs/midi/tunes/ns0983_tune.midi
NS984	55543211232	55543211232	MATCH	ns/984	Hymn: Christ is everything in God’s economy	Y	https://www.hymnal.net/Hymns/NewSongs/midi/ns0984.mid https://www.hymnal.net/Hymns/NewSongs/midi/tunes/ns0984_tune.midi
NS985	3216343611176576	3216343611176576	MATCH	ns/985	Hymn: I beseech you (Eph. 4:1-8)	Y	https://www.hymnal.net/Hymns/NewSongs/midi/ns0985.mid https://www.hymnal.net/Hymns/NewSongs/midi/tunes/ns0985_tune.midi
NS986			MATCH	ns/986	Hymn: Christ came, the Lamb of God	Y	https://www.hymnal.net/Hymns/NewSongs/midi/ns0986.mid https://www.hymnal.net/Hymns/NewSongs/midi/tunes/ns0986_tune.midi
NS987	6566116566611	6566116566611	MATCH	ns/987	Hymn: And the man said to me (Ezek. 40:4)	Y	https://www.hymnal.net/Hymns/NewSongs/midi/ns0987.mid https://www.hymnal.net/Hymns/NewSongs/midi/tunes/ns0987_tune.midi
NS988	112216656111233212	112216656111233212	MATCH	ns/988	Hymn: You will be saved	Y	https://www.hymnal.net/Hymns/NewSongs/midi/ns0988.mid https://www.hymnal.net/Hymns/NewSongs/midi/tunes/ns0988_tune.midi
NS989	1715564434455	1715564434455	MATCH	ns/989	Hymn: Luminaries in the Heavens	Y	https://www.hymnal.net/Hymns/NewSongs/midi/ns0989.mid https://www.hymnal.net/Hymns/NewSongs/midi/tunes/ns0989_tune.midi
NS99	1171232111117125	1171232111117125	MATCH	ns/99	Hymn: Mary poured out her love offering	Y	https://www.hymnal.net/Hymns/NewSongs/midi/ns0099.mid https://www.hymnal.net/Hymns/NewSongs/midi/tunes/ns0099_tune.midi
NS990	513543112432175	513543112432175	MATCH	ns/990	Hymn: And working together with Him (2 Cor. 6:1-2)	Y	https://www.hymnal.net/Hymns/NewSongs/midi/ns0990.mid https://www.hymnal.net/Hymns/NewSongs/midi/tunes/ns0990_tune.midi
NS991	545111716621717	545111716621717	MATCH	ns/991	Hymn: Oh, You are Beautiful, My Love	Y	https://www.hymnal.net/Hymns/NewSongs/midi/ns0991.mid https://www.hymnal.net/Hymns/NewSongs/midi/tunes/ns0991_tune.midi
NS992	345151651111671232	345151651111671232	MATCH	ns/992	Hymn: The Mystery of the Triune God	Y	https://www.hymnal.net/Hymns/NewSongs/midi/ns0992.mid https://www.hymnal.net/Hymns/NewSongs/midi/tunes/ns0992_tune.midi
NS993	111222213455434453	111222213455434453	MATCH	ns/993	Hymn: Who Shall Separate Us	Y	https://www.hymnal.net/Hymns/NewSongs/midi/ns0993.mid https://www.hymnal.net/Hymns/NewSongs/midi/tunes/ns0993_tune.midi
NS994	111235532211233317	111235532211233317	MATCH	ns/994	Hymn: Oh, how good it is to enjoy Christ	Y	https://www.hymnal.net/Hymns/NewSongs/midi/ns0994.mid https://www.hymnal.net/Hymns/NewSongs/midi/tunes/ns0994_tune.midi
NS995	117766665544	51112321611122212321	DIFF	ns/995	Hymn: The diamond in the box	n	https://www.hymnal.net/Hymns/NewSongs/midi/ns0995.mid https://www.hymnal.net/Hymns/NewSongs/midi/tunes/ns0995_tune.midi
NS996	123111611765532	123111611765532	MATCH	ns/996	Hymn: For you can all prophesy	Y	https://www.hymnal.net/Hymns/NewSongs/midi/ns0996.mid https://www.hymnal.net/Hymns/NewSongs/midi/tunes/ns0996_tune.midi
NS997	5555543144424275	5534653114562	DIFF	ns/997	Hymn: The last Adam became a life-giving Spirit (#1)	n	https://www.hymnal.net/Hymns/Hymnal/midi/e0036_i.mid https://www.hymnal.net/Hymns/NewSongs/midi/tunes/ns0997_tune.midi
NS998	33451516511111671232	33451516511111671232	MATCH	ns/998	Hymn: Enjoying the Birthright	Y	https://www.hymnal.net/Hymns/NewSongs/midi/ns0998.mid https://www.hymnal.net/Hymns/NewSongs/midi/tunes/ns0998_tune.midi
NS999	333432112176332	333432112176332	MATCH	ns/999	Hymn: God’s Choice!	Y	https://www.hymnal.net/Hymns/NewSongs/midi/ns0999.mid https://www.hymnal.net/Hymns/NewSongs/midi/tunes/ns0999_tune.midi
