file,format,pages,staves,heads,stacked_heads,staff_acc,chord_acc,naturals,doublesharps,flag_8th,flag_16th,beams,rests,dots,timesig_glyphs,small_digits,clefs,thick_bars,curves,ufermata,segno,coda,cross_heads,max_lyric_lines,italic_texts,chord_texts,unknown_glyphs,error,italic_sample
pianoSvg/BF101.svg,old,1/1,2,37,0,4,3,0,0,6,0,1,8,6,1,0,2,1,3,0,0,0,0,1,0,22,0,0,
pianoSvg/BF106.svg,old,1/1,4,39,0,0,0,0,0,0,0,6,1,2,2,0,4,1,7,0,0,0,0,1,0,39,0,0,
pianoSvg/BF109.svg,old,1/1,3,42,0,6,7,0,0,10,0,4,4,10,1,0,3,1,2,0,0,0,0,1,0,20,0,0,
pianoSvg/BF12.svg,old,1/1,6,159,0,30,33,0,0,6,0,28,5,11,1,0,6,1,33,0,0,0,0,1,0,62,0,0,
pianoSvg/BF133.svg,old,1/1,2,41,0,2,0,0,0,0,0,9,1,1,1,0,2,1,11,0,0,0,0,1,0,28,0,0,
pianoSvg/BF134.svg,old,1/1,4,65,0,12,17,0,0,1,0,7,6,16,1,0,4,1,13,0,0,0,0,1,0,41,0,0,
pianoSvg/BF135.svg,old,1/1,3,65,0,11,14,2,0,8,0,1,0,12,1,0,3,1,24,0,0,0,0,1,0,35,0,0,
pianoSvg/BF136.svg,old,1/1,2,46,0,6,14,0,0,0,0,12,5,1,1,0,2,1,6,0,0,0,0,1,0,21,0,0,
pianoSvg/BF152.svg,old,1/1,4,69,0,12,6,0,0,0,0,20,6,2,1,0,4,1,7,0,0,0,0,1,0,42,0,0,
pianoSvg/BF158.svg,old,1/1,4,45,0,8,4,0,0,3,0,9,1,4,2,0,4,1,1,0,0,0,0,1,0,34,0,0,
pianoSvg/BF162.svg,old,1/1,4,52,0,4,0,0,0,0,0,8,13,0,1,0,4,1,9,0,0,0,0,1,0,58,0,0,
pianoSvg/BF164.svg,old,1/1,4,70,0,4,3,0,0,0,0,10,2,1,1,0,4,1,5,0,0,0,0,1,0,48,0,0,
pianoSvg/BF165.svg,old,1/1,4,75,0,0,0,0,0,3,0,3,1,8,2,0,4,1,15,0,0,0,0,1,0,66,0,0,
pianoSvg/BF167.svg,old,1/1,5,71,0,5,11,0,0,1,0,3,8,15,1,0,5,1,14,0,0,0,0,1,0,67,0,0,
pianoSvg/BF169.svg,old,1/1,4,103,0,4,12,0,0,6,0,22,5,8,1,0,4,1,18,0,0,0,0,1,0,58,0,0,
pianoSvg/BF170.svg,old,1/1,2,30,0,0,0,0,0,3,0,5,3,3,1,0,2,1,4,0,0,0,0,1,0,23,0,0,
pianoSvg/BF171.svg,old,1/1,4,72,0,0,0,0,0,0,0,13,5,6,1,0,4,1,18,0,0,0,0,1,0,49,0,0,
pianoSvg/BF172.svg,old,1/1,4,67,0,4,0,0,0,0,0,8,2,14,1,0,4,1,10,0,0,0,0,1,0,58,0,0,
pianoSvg/BF174.svg,old,1/1,3,54,0,3,6,0,0,2,0,7,8,3,1,0,3,1,10,0,0,0,0,1,0,30,0,0,
pianoSvg/BF175.svg,old,1/1,4,85,0,8,2,0,0,0,0,14,1,2,1,0,4,1,25,0,0,0,0,1,0,31,0,0,
pianoSvg/BF176.svg,old,1/1,4,103,0,4,10,0,0,1,0,17,1,4,1,0,4,1,31,0,0,0,0,1,1,44,0,0,"An Old World plant, prized for its fragrant yellow and white flowers. (Song of Sol. 1:14, A.S.V.)"
pianoSvg/BF177.svg,old,1/1,2,30,0,4,2,0,0,0,0,8,7,0,1,0,2,1,0,0,0,0,0,1,0,26,0,0,
pianoSvg/BF185.svg,old,1/1,4,91,0,9,5,0,0,3,0,24,3,3,1,0,4,1,1,0,0,0,0,2,0,65,0,0,
pianoSvg/BF26.svg,old,1/1,4,55,0,4,4,0,0,3,0,9,1,9,1,0,4,1,12,0,0,0,0,1,0,26,0,0,
pianoSvg/BF271.svg,old,1/1,4,92,0,0,1,0,0,7,0,21,3,10,1,0,4,1,7,0,0,0,0,1,0,63,0,0,
pianoSvg/BF3.svg,old,1/1,5,134,0,0,0,0,0,22,0,6,2,27,1,0,5,1,41,0,0,0,0,1,0,60,0,0,
pianoSvg/BF31.svg,old,1/1,4,66,0,8,3,0,0,4,0,16,6,5,1,0,4,1,6,0,0,0,0,1,0,41,0,0,
pianoSvg/BF32.svg,old,1/1,6,115,0,19,40,1,0,7,0,17,1,13,2,0,6,1,37,0,0,0,0,1,0,75,0,0,
pianoSvg/BF325.svg,old,1/1,4,67,0,12,21,0,0,1,0,7,4,8,1,0,4,1,11,0,0,0,0,1,0,42,0,0,
pianoSvg/BF34.svg,old,1/1,2,45,0,2,4,0,0,2,0,2,1,3,2,0,2,1,1,0,0,0,0,1,0,35,0,0,
pianoSvg/BF345.svg,old,1/1,4,63,0,12,27,0,0,7,0,0,8,15,2,0,4,1,7,0,0,0,0,1,0,63,0,0,
pianoSvg/BF35.svg,old,1/1,3,51,0,9,28,0,0,0,0,12,1,4,1,0,3,1,8,0,0,0,0,1,0,46,0,0,
pianoSvg/BF36.svg,old,1/1,3,47,0,3,0,0,0,10,0,6,3,10,1,0,3,1,3,0,0,0,0,1,0,35,0,0,
pianoSvg/BF37.svg,old,1/1,4,76,0,4,0,0,0,2,0,15,3,3,1,0,4,1,23,0,0,0,0,1,0,37,0,0,
pianoSvg/BF401.svg,old,1/1,3,47,0,0,0,0,0,0,0,10,0,2,1,0,3,1,7,0,0,0,0,1,0,23,0,0,
pianoSvg/BF402.svg,old,1/1,4,64,0,0,0,0,0,0,0,8,1,8,2,0,4,1,7,0,0,0,0,1,0,46,0,0,
pianoSvg/BF403.svg,old,1/1,4,77,0,4,3,0,0,8,0,13,3,8,1,0,4,1,13,0,0,0,0,1,0,48,0,0,
pianoSvg/BF404.svg,old,1/1,4,59,0,8,5,0,0,4,0,12,6,8,1,0,4,1,3,0,0,0,0,1,0,57,0,0,
pianoSvg/BF405.svg,old,1/1,4,82,0,4,7,0,0,1,0,15,1,2,1,0,4,1,0,0,0,0,0,1,0,63,0,0,
pianoSvg/BF406.svg,old,1/1,4,99,0,8,8,0,0,7,0,9,8,8,1,0,4,1,13,0,0,0,0,1,0,78,0,0,
pianoSvg/BF407.svg,old,1/1,4,64,0,8,11,0,0,0,0,0,0,10,2,0,4,1,0,0,0,0,0,1,0,91,0,0,
pianoSvg/BF408.svg,old,1/1,3,86,0,6,1,0,0,25,0,8,0,19,1,0,3,1,14,0,0,0,0,1,0,47,0,0,
pianoSvg/BF409.svg,old,1/1,4,57,0,4,5,0,0,0,0,15,8,0,1,0,4,1,12,0,0,0,0,1,0,18,0,0,
pianoSvg/BF410.svg,old,1/1,4,66,0,8,7,0,0,2,0,15,5,3,1,0,4,1,22,0,0,0,0,1,0,57,0,0,
pianoSvg/BF411.svg,old,1/1,4,76,0,12,17,0,0,2,0,23,1,5,1,0,4,1,16,0,0,0,0,1,0,32,0,0,
pianoSvg/BF412.svg,old,1/1,6,120,0,12,11,0,0,38,0,14,6,18,1,0,6,1,18,0,0,0,0,1,0,90,0,0,
pianoSvg/BF414.svg,old,1/1,4,77,0,12,24,0,0,0,0,19,1,1,1,0,4,1,23,0,0,0,0,1,0,40,0,0,
pianoSvg/BF415.svg,old,1/1,4,92,0,12,32,0,0,1,0,15,13,2,1,0,4,1,16,0,0,0,0,1,0,55,0,0,
pianoSvg/BF416.svg,old,1/1,2,34,0,2,3,0,0,0,0,4,0,1,1,0,2,1,4,0,0,0,0,1,0,16,0,0,
pianoSvg/BF417.svg,old,1/1,5,73,0,0,0,0,0,12,0,12,6,15,1,0,5,1,16,0,0,0,0,1,0,28,0,0,
pianoSvg/BF418.svg,old,1/1,4,84,0,4,6,0,0,6,0,19,1,6,1,0,4,1,24,0,0,0,0,1,0,50,0,0,
pianoSvg/BF419.svg,old,1/1,2,40,0,4,1,0,0,6,0,3,2,10,1,0,2,1,6,0,0,0,0,1,0,31,0,0,
pianoSvg/BF420.svg,old,1/1,4,56,0,4,2,0,0,10,0,4,1,16,1,0,4,1,14,0,0,0,0,1,0,33,0,0,
pianoSvg/BF421.svg,old,1/1,4,69,0,4,5,0,0,4,0,11,1,7,1,0,4,1,8,2,0,0,0,1,0,32,0,0,
pianoSvg/BF422.svg,old,1/1,2,32,0,6,12,0,0,0,0,3,1,2,1,0,2,1,3,0,0,0,0,1,0,21,0,0,
pianoSvg/BF423.svg,old,1/1,4,70,0,12,21,0,0,0,0,6,1,3,1,0,4,1,13,0,0,0,0,1,0,34,0,0,
pianoSvg/BF424.svg,old,1/1,4,74,0,0,0,0,0,3,0,20,1,7,1,0,4,1,14,0,0,0,0,1,0,69,0,0,
pianoSvg/BF425.svg,old,1/1,6,88,0,18,57,0,0,0,0,2,2,17,2,0,6,1,21,0,0,0,0,1,0,108,0,0,
pianoSvg/BF426.svg,old,1/1,4,54,0,12,13,0,0,0,0,0,1,3,1,0,4,1,4,0,0,0,0,1,0,36,0,0,
pianoSvg/BF427.svg,old,1/1,4,80,0,4,0,0,0,0,0,13,0,0,1,0,4,1,13,0,0,0,0,1,1,25,0,0,(Repeat the last line of each stanza)
pianoSvg/BF428.svg,old,1/1,4,71,0,0,0,0,0,0,0,7,8,0,1,0,4,1,15,0,0,0,0,1,0,56,0,0,
pianoSvg/BF429.svg,old,1/1,4,36,0,0,0,0,0,0,0,7,3,8,1,0,4,1,8,0,0,0,0,1,0,34,0,0,
pianoSvg/BF43.svg,old,1/1,4,100,0,12,24,0,0,4,0,24,8,4,1,0,4,1,40,0,0,0,0,1,0,48,0,0,
pianoSvg/BF430.svg,old,1/1,4,77,0,4,3,0,0,7,0,18,1,12,1,0,4,1,20,0,0,0,0,1,0,16,0,0,
pianoSvg/BF431.svg,old,1/1,4,66,0,4,9,0,0,4,0,16,1,11,1,0,4,1,12,0,0,0,0,1,0,54,0,0,
pianoSvg/BF432.svg,old,1/1,6,86,0,18,40,0,0,1,0,0,1,23,2,0,6,1,4,0,0,0,0,1,0,63,0,0,
pianoSvg/BF433.svg,old,1/1,4,66,0,8,5,0,0,2,0,10,1,3,1,0,4,1,10,0,0,0,0,1,0,64,0,0,
pianoSvg/BF434.svg,old,1/1,6,80,0,8,3,1,0,11,0,12,2,12,6,0,6,1,12,0,0,0,0,1,0,23,0,0,
pianoSvg/BF435.svg,old,1/1,4,38,0,8,0,0,0,6,0,0,0,10,2,0,4,1,6,0,0,0,0,1,0,19,0,0,
pianoSvg/BF436.svg,old,1/1,4,88,0,8,4,0,0,1,0,2,1,9,1,0,4,1,11,0,0,0,0,1,0,50,0,0,
pianoSvg/BF438.svg,old,1/1,4,66,0,12,17,0,0,8,0,7,6,10,1,0,4,1,14,0,0,0,0,1,0,27,0,0,
pianoSvg/BF439.svg,old,1/1,4,49,0,4,2,0,0,0,0,0,1,4,1,0,4,1,1,0,0,0,0,1,0,54,0,0,
pianoSvg/BF440.svg,old,1/1,3,47,0,12,18,0,0,6,0,2,0,6,1,0,3,1,2,0,0,0,0,1,0,23,0,0,
pianoSvg/BF441.svg,old,1/1,3,47,0,12,18,0,0,6,0,2,0,6,1,0,3,1,2,0,0,0,0,1,0,23,0,0,
pianoSvg/BF442.svg,new,1/1,8,169,0,32,29,0,0,12,0,36,0,11,1,0,8,1,44,0,0,0,0,1,0,42,0,0,
pianoSvg/BF443.svg,old,1/1,6,91,0,18,3,0,0,8,0,15,11,8,1,0,6,1,7,0,0,0,0,1,0,47,0,0,
pianoSvg/BF444.svg,old,1/1,4,49,0,4,4,0,0,0,0,4,1,1,1,0,4,1,13,0,0,0,0,1,0,29,0,0,
pianoSvg/BF445.svg,old,1/1,5,43,0,15,4,0,0,4,0,5,0,9,2,0,5,1,3,0,0,0,0,1,0,29,0,0,
pianoSvg/BF446.svg,old,1/1,10,128,0,10,12,0,0,0,0,9,7,7,1,0,10,1,35,0,0,0,0,1,0,80,0,0,
pianoSvg/BF447.svg,old,1/1,4,44,0,16,6,0,0,0,0,8,1,1,1,0,4,1,2,0,0,0,0,1,0,32,0,0,
pianoSvg/BF448.svg,old,1/1,2,31,0,2,1,0,0,3,0,3,4,3,1,0,2,1,1,0,0,0,0,1,0,25,0,0,
pianoSvg/BF449.svg,old,1/1,8,106,0,0,0,0,0,5,0,12,12,5,1,0,8,1,26,0,0,0,0,1,0,29,0,0,
pianoSvg/BF450.svg,old,1/1,4,63,0,0,0,0,0,3,0,18,7,5,1,0,4,1,7,0,0,0,0,1,0,40,0,0,
pianoSvg/BF451.svg,old,1/1,5,58,0,20,4,0,0,2,0,10,2,10,1,0,5,1,15,0,0,0,0,1,0,31,0,0,
pianoSvg/BF452.svg,old,1/1,4,61,0,13,23,1,0,8,0,16,1,9,2,0,4,1,3,0,0,0,0,1,1,51,0,0,(Repeat the last two lines of each stanza)
pianoSvg/BF453.svg,old,1/1,8,106,0,8,8,0,0,12,0,12,4,17,1,0,8,1,32,0,0,0,0,1,0,41,0,0,
pianoSvg/BF454.svg,old,1/1,8,100,0,1,0,0,0,7,0,18,9,10,1,0,8,1,25,0,0,0,0,1,0,49,0,0,
pianoSvg/BF46.svg,old,1/1,7,154,0,15,5,0,0,53,0,10,1,13,1,0,7,1,36,0,0,0,0,1,0,58,0,0,
pianoSvg/BF51.svg,new,1/1,7,124,0,21,0,0,0,4,0,25,6,4,1,0,7,1,15,0,0,0,0,1,1,65,0,0,(Guitar: Capo 1)
pianoSvg/BF53.svg,old,1/1,4,48,0,4,0,0,0,10,0,6,4,14,2,0,4,1,4,0,0,0,0,1,0,30,0,0,
pianoSvg/BF59.svg,old,1/1,4,68,0,13,6,1,0,8,0,11,3,9,1,0,4,1,12,0,0,0,0,1,0,32,0,0,
pianoSvg/BF61.svg,old,1/1,2,38,0,2,2,0,0,1,0,9,4,1,1,0,2,1,0,0,0,0,0,1,0,37,0,0,
pianoSvg/BF66.svg,old,1/1,2,43,0,2,0,0,0,5,0,7,2,5,6,0,2,1,3,0,0,0,0,1,1,29,0,0,3
pianoSvg/BF78.svg,old,1/1,4,70,0,8,6,0,0,0,0,13,1,6,1,0,4,1,16,0,0,0,0,1,0,39,0,0,
pianoSvg/BF79.svg,old,1/1,4,80,0,12,26,0,0,0,0,22,8,2,1,0,4,1,16,0,0,0,0,1,0,54,0,0,
pianoSvg/BF93.svg,old,1/1,4,81,0,12,0,0,0,7,0,10,1,7,1,0,4,1,1,0,0,0,0,1,0,27,0,0,
pianoSvg/BF94.svg,old,1/1,4,100,0,4,11,0,0,0,0,14,4,2,1,0,4,1,22,0,0,0,0,1,0,57,0,0,
pianoSvg/BF99.svg,old,1/1,4,32,0,4,1,0,0,1,0,0,8,1,1,0,4,1,0,0,0,0,0,1,0,38,0,0,
pianoSvg/C1002.svg,old,1/1,4,62,0,16,28,0,0,8,0,11,2,11,1,0,4,1,0,0,0,0,0,1,0,41,0,0,
pianoSvg/C1006.svg,old,1/1,4,39,0,4,4,0,0,0,0,0,0,0,1,0,4,1,7,0,0,0,0,1,0,47,0,0,
pianoSvg/C103.svg,old,1/1,2,37,0,2,0,0,0,0,0,0,1,0,2,0,2,1,5,0,0,0,0,1,0,28,0,0,
pianoSvg/C107.svg,old,1/1,4,58,0,16,21,0,0,0,0,1,0,0,1,0,4,1,2,0,0,0,0,1,0,42,0,0,
pianoSvg/C111.svg,old,1/1,2,54,0,5,13,0,0,5,0,4,1,7,1,0,2,1,4,0,0,0,0,1,0,38,0,0,
pianoSvg/C127.svg,old,1/1,4,99,0,4,5,0,0,8,0,23,1,4,1,0,4,1,3,0,0,0,0,1,0,54,0,0,
pianoSvg/C128.svg,old,1/1,2,52,0,2,6,0,0,0,0,0,1,4,1,0,2,1,0,0,0,0,0,1,0,53,0,0,
pianoSvg/C132.svg,old,1/1,4,65,0,8,1,0,0,0,0,0,3,14,2,0,4,1,5,0,0,0,0,1,0,77,0,0,
pianoSvg/C136.svg,old,1/1,4,68,0,4,2,0,0,4,0,16,1,13,2,0,4,1,16,2,0,0,0,1,0,27,0,0,
pianoSvg/C137.svg,old,1/1,4,53,0,8,7,0,0,11,0,0,3,14,1,0,4,1,0,0,0,0,0,1,0,56,0,0,
pianoSvg/C15.svg,old,1/1,2,33,0,2,2,0,0,0,0,3,1,1,2,0,2,1,5,0,0,0,0,1,0,57,0,0,
pianoSvg/C17.svg,old,1/1,2,39,0,9,24,1,0,0,0,1,1,1,2,0,2,1,6,0,0,0,0,1,0,41,0,0,
pianoSvg/C174.svg,old,1/1,4,62,0,4,1,0,0,7,0,32,1,22,2,0,4,1,2,0,0,0,0,1,0,42,0,0,
pianoSvg/C182.svg,old,1/1,6,61,0,1,0,0,0,0,0,0,0,0,1,0,6,1,1,0,0,0,0,1,0,67,0,0,
pianoSvg/C183.svg,old,1/1,2,32,0,2,3,0,0,0,0,8,1,0,2,0,2,1,0,0,0,0,0,1,0,33,0,0,
pianoSvg/C188.svg,old,1/1,4,75,0,12,24,0,0,0,0,15,0,0,2,0,4,1,15,0,0,0,0,1,0,50,0,0,
pianoSvg/C189.svg,old,1/1,5,95,0,20,36,0,0,0,0,36,3,18,1,0,5,1,1,0,0,0,0,1,0,56,0,0,
pianoSvg/C191.svg,old,1/1,3,55,0,5,1,0,0,9,0,7,0,9,1,0,3,1,10,0,0,0,0,1,0,33,0,0,
pianoSvg/C192.svg,old,1/1,2,36,0,6,0,0,0,0,0,16,0,8,1,0,2,1,0,0,0,0,0,1,0,19,0,0,
pianoSvg/C195.svg,old,1/1,4,75,0,18,24,1,0,4,0,37,1,30,1,0,4,1,0,0,0,0,0,1,0,30,0,0,
pianoSvg/C198.svg,old,1/1,3,55,0,5,1,0,0,9,0,7,0,9,1,0,3,1,10,0,0,0,0,1,0,33,0,0,
pianoSvg/C199.svg,old,1/1,3,48,0,6,5,0,0,0,0,0,0,6,2,0,3,1,6,0,0,0,0,1,0,60,0,0,
pianoSvg/C205.svg,old,1/1,4,58,0,9,17,0,0,0,0,15,0,13,2,0,4,1,0,0,0,0,0,1,0,61,0,0,
pianoSvg/C212.svg,old,1/1,4,77,0,20,29,2,0,0,0,25,0,14,1,0,4,1,0,0,0,0,0,1,0,46,0,0,
pianoSvg/C239.svg,old,1/1,4,53,0,16,35,0,0,4,0,0,3,4,1,0,4,1,1,0,0,0,0,1,0,64,0,0,
pianoSvg/C243.svg,old,1/1,4,79,0,4,7,0,0,0,0,30,1,16,1,0,4,1,0,3,0,0,0,1,0,52,0,0,
pianoSvg/C245.svg,old,1/1,7,103,0,14,42,0,0,9,0,10,2,20,1,0,7,1,0,0,0,0,0,1,0,123,0,0,
pianoSvg/C253.svg,old,1/1,4,57,0,8,0,0,0,0,0,5,6,3,1,0,4,1,1,0,0,0,0,1,0,27,0,0,
pianoSvg/C255.svg,old,1/1,4,73,0,19,32,3,0,2,0,25,3,17,1,0,4,1,3,0,0,0,0,1,0,64,0,0,
pianoSvg/C261.svg,old,1/1,5,65,0,20,39,0,0,3,0,0,1,5,1,0,5,1,8,0,0,0,0,1,0,62,0,0,
pianoSvg/C273.svg,old,1/1,4,84,0,5,5,0,0,2,0,27,0,7,2,0,4,1,2,0,0,0,0,1,0,55,0,0,
pianoSvg/C276.svg,old,1/1,4,54,0,2,0,0,0,6,0,4,1,10,1,0,4,1,0,0,0,0,0,1,0,45,0,0,
pianoSvg/C28.svg,old,1/1,6,81,0,0,0,0,0,0,0,6,0,5,1,0,6,1,8,3,0,0,0,1,0,66,0,0,
pianoSvg/C283.svg,old,1/1,5,90,0,5,7,0,0,0,0,16,0,0,1,0,5,1,0,0,0,0,0,1,0,92,0,0,
pianoSvg/C292.svg,old,1/1,4,55,0,1,1,0,0,7,0,7,7,13,1,0,4,1,1,1,0,0,0,1,0,65,0,0,
pianoSvg/C293.svg,old,1/1,6,86,0,12,0,0,0,12,0,12,13,15,2,2,6,2,7,0,0,0,0,2,0,45,0,0,
pianoSvg/C303.svg,old,1/1,5,89,0,0,0,0,0,9,0,37,1,18,2,0,5,1,5,0,0,0,0,1,0,67,0,0,
pianoSvg/C305.svg,old,1/1,3,52,0,12,7,0,0,0,0,0,1,3,2,0,3,1,10,0,0,0,0,1,0,57,0,0,
pianoSvg/C310.svg,old,1/1,3,63,0,0,0,0,0,0,0,0,1,0,2,0,3,1,15,0,0,0,0,1,0,42,0,0,
pianoSvg/C313.svg,old,1/1,5,70,0,5,2,0,0,8,0,0,1,13,1,0,5,1,5,0,0,0,0,1,0,40,0,0,
pianoSvg/C315.svg,old,1/1,2,35,0,7,23,1,0,0,0,0,0,1,1,0,2,1,3,0,0,0,0,1,0,45,0,0,
pianoSvg/C316.svg,old,1/1,6,54,0,9,6,2,0,0,0,0,0,6,2,0,6,1,6,0,0,0,0,1,4,57,0,0,第七節的『傾圮』 | 意思是毀壞。 | 第十二節的『濁溷』 | 意思是污穢不潔。
pianoSvg/C319.svg,old,1/1,4,61,0,16,23,0,0,4,3,34,1,22,2,0,4,1,0,3,0,0,0,1,0,26,0,0,
pianoSvg/C323.svg,old,1/1,2,28,0,8,7,2,0,0,0,0,4,4,2,0,2,1,1,0,0,0,0,1,0,17,0,0,
pianoSvg/C326.svg,old,1/1,3,37,0,0,0,0,0,0,0,6,1,1,1,0,3,1,0,0,0,0,0,1,0,17,0,0,
pianoSvg/C327.svg,old,1/1,3,39,0,6,18,0,0,3,0,0,2,5,1,0,3,1,2,0,0,0,0,1,0,35,0,0,
pianoSvg/C329.svg,old,1/1,4,73,0,12,20,0,0,0,0,0,0,10,2,0,4,1,0,1,0,0,0,1,0,31,0,0,
pianoSvg/C347.svg,old,1/1,7,78,0,1,0,0,0,16,0,0,1,18,1,0,7,1,1,2,0,0,0,1,0,45,0,0,
pianoSvg/C352.svg,old,1/1,4,39,0,4,4,0,0,0,0,0,0,0,1,0,4,1,7,0,0,0,0,1,0,47,0,0,
pianoSvg/C353.svg,old,1/1,3,83,0,12,24,0,0,21,0,7,0,20,2,0,3,1,7,0,0,0,0,1,0,39,0,0,
pianoSvg/C357.svg,old,1/1,2,37,0,5,1,0,0,0,0,11,1,6,1,0,2,1,9,0,0,0,0,1,0,31,0,0,
pianoSvg/C360.svg,old,1/1,4,57,0,2,2,0,0,10,0,0,1,13,1,0,4,1,1,0,0,0,0,1,0,56,0,0,
pianoSvg/C380.svg,old,1/1,4,60,0,1,0,0,0,4,0,0,0,4,1,0,4,1,0,0,0,0,0,1,0,56,0,0,
pianoSvg/C385.svg,old,1/1,2,27,0,10,20,0,0,0,0,0,1,1,4,0,2,1,3,3,0,0,0,1,0,36,0,0,
pianoSvg/C39.svg,old,1/1,1,45,0,2,3,0,0,1,0,4,0,2,2,0,1,1,13,1,0,0,0,1,1,33,0,0,第一節的『實際』指基督。
pianoSvg/C392.svg,old,1/1,2,29,0,6,12,0,0,3,0,6,1,5,1,0,2,1,5,0,0,0,0,1,0,29,0,0,
pianoSvg/C393.svg,old,1/1,2,29,0,6,12,0,0,3,0,6,1,5,1,0,2,1,5,0,0,0,0,1,0,29,0,0,
pianoSvg/C409.svg,old,1/1,4,61,0,4,5,0,0,19,0,5,1,8,2,0,4,1,9,0,0,0,0,1,0,60,0,0,
pianoSvg/C413.svg,old,1/1,4,73,0,5,3,0,0,16,0,20,1,6,2,0,4,1,4,3,0,0,0,1,0,59,0,0,
pianoSvg/C421.svg,old,1/1,4,52,0,5,1,0,0,8,0,0,1,12,1,0,4,1,0,0,0,0,0,1,0,38,0,0,
pianoSvg/C424.svg,old,1/1,4,72,0,12,19,0,0,4,0,13,1,10,1,0,4,1,20,0,0,0,0,1,0,26,0,0,
pianoSvg/C43.svg,old,1/1,4,62,0,4,4,0,0,4,0,26,1,16,2,0,4,1,2,2,0,0,0,1,0,44,0,0,
pianoSvg/C430.svg,old,1/1,5,44,0,0,0,0,0,2,0,0,1,6,1,0,5,1,0,0,0,0,0,1,3,24,0,0,羅馬八章二十六至三十九節。 | 二十九節：『效法祂兒子的模樣，』 | 應譯作『模成神兒子的形像。』
pianoSvg/C432.svg,old,1/1,4,56,0,4,4,0,0,0,0,14,1,0,2,0,4,1,0,1,0,0,0,1,0,34,0,0,
pianoSvg/C438.svg,old,1/1,5,113,0,22,45,2,0,45,0,2,1,17,2,0,5,1,15,2,0,0,0,1,0,81,0,0,
pianoSvg/C439.svg,old,1/1,3,65,0,10,10,2,0,7,0,12,1,5,1,0,3,1,7,1,0,0,0,1,0,36,0,0,
pianoSvg/C442.svg,old,1/1,4,65,0,11,23,2,0,7,0,0,2,24,2,0,4,1,1,0,0,0,0,1,0,68,0,0,
pianoSvg/C444.svg,old,1/1,2,32,0,2,3,0,0,0,0,8,1,0,2,0,2,1,0,0,0,0,0,1,0,33,0,0,
pianoSvg/C450.svg,old,1/1,4,60,0,4,3,0,0,2,0,7,3,5,1,0,4,1,0,0,0,0,0,1,0,50,0,0,
pianoSvg/C463.svg,old,1/1,4,63,0,4,0,0,0,0,0,16,0,8,1,0,4,1,0,0,0,0,0,1,0,55,0,0,
pianoSvg/C468.svg,old,1/1,2,32,0,2,0,0,0,1,0,0,1,2,2,0,2,1,4,0,0,0,0,1,0,23,0,0,
pianoSvg/C47.svg,old,1/1,4,60,0,8,12,0,0,0,0,32,1,16,2,0,4,1,8,0,0,0,0,1,0,48,0,0,
pianoSvg/C474.svg,old,1/1,4,59,0,5,3,1,0,8,0,14,1,8,2,0,4,1,7,2,0,0,0,1,0,33,0,0,
pianoSvg/C482.svg,old,1/1,2,58,0,3,3,0,0,6,0,18,8,16,2,0,2,1,3,0,0,0,0,1,0,37,0,0,
pianoSvg/C487.svg,old,1/1,2,22,0,6,1,0,0,4,0,0,0,4,1,0,2,1,0,0,0,0,0,1,0,27,0,0,
pianoSvg/C488.svg,old,1/1,3,91,0,9,38,0,0,12,0,10,8,17,1,0,3,1,1,0,0,0,0,1,0,71,0,0,
pianoSvg/C490.svg,old,1/1,4,55,0,4,5,0,0,7,0,2,1,11,1,0,4,1,3,0,0,0,0,1,0,52,0,0,
pianoSvg/C505.svg,old,1/1,2,29,0,2,0,0,0,0,0,0,1,4,2,0,2,1,1,0,0,0,0,1,0,30,0,0,
pianoSvg/C511.svg,old,1/1,2,33,0,3,3,1,0,0,0,0,0,4,2,0,2,1,1,0,0,0,0,1,0,36,0,0,
pianoSvg/C512.svg,old,1/1,4,57,0,8,13,0,0,1,0,24,1,11,2,0,4,1,1,0,0,0,0,1,0,27,0,0,
pianoSvg/C518.svg,old,1/1,6,86,0,28,31,4,0,0,0,30,4,24,1,0,6,1,2,1,0,0,0,1,0,41,0,0,
pianoSvg/C519.svg,old,1/1,5,84,0,16,18,1,0,3,0,47,1,29,1,0,5,1,0,1,0,0,0,1,0,27,0,0,
pianoSvg/C548.svg,old,1/1,4,62,0,9,13,0,0,8,0,9,3,12,1,0,4,1,1,1,0,0,0,1,0,30,0,0,
pianoSvg/C549.svg,old,1/1,4,64,0,0,0,0,0,4,0,20,1,4,2,0,4,1,0,4,0,0,0,1,0,25,0,0,
pianoSvg/C570.svg,old,1/1,4,100,0,18,19,6,0,9,0,18,1,9,1,0,4,1,0,1,0,0,0,1,0,34,0,0,
pianoSvg/C577.svg,old,1/1,4,44,0,4,4,0,0,7,0,0,0,7,1,0,4,1,0,0,0,0,0,1,0,57,0,0,
pianoSvg/C578.svg,old,1/1,4,67,0,8,0,0,0,29,0,3,1,0,2,0,4,1,3,0,0,0,0,1,0,22,0,0,
pianoSvg/C617.svg,old,1/1,4,69,0,4,6,0,0,0,0,0,1,2,2,0,4,1,9,0,0,0,0,1,0,74,0,0,
pianoSvg/C619.svg,old,1/1,6,79,0,13,17,0,0,10,0,22,1,33,1,0,6,1,0,0,0,0,0,1,0,40,0,0,
pianoSvg/C620.svg,old,1/1,2,37,0,2,0,0,0,2,0,3,1,3,2,0,2,1,1,0,0,0,0,1,0,13,0,0,
pianoSvg/C623.svg,old,1/1,4,36,0,4,2,0,0,2,0,5,1,3,2,0,4,1,8,0,0,0,0,1,0,38,0,0,
pianoSvg/C625.svg,old,1/1,2,60,0,4,7,0,0,2,0,0,1,2,2,0,2,1,12,0,0,0,0,1,0,70,0,0,
pianoSvg/C635.svg,old,1/1,4,61,0,4,4,0,0,6,0,26,1,15,2,0,4,1,1,0,0,0,0,1,0,62,0,0,
pianoSvg/C649.svg,old,1/1,4,52,0,5,1,0,0,0,0,36,2,14,2,0,4,1,0,0,0,0,0,1,0,30,0,0,
pianoSvg/C651.svg,old,1/1,6,110,0,24,34,6,0,22,0,36,1,22,2,0,6,1,10,4,0,0,0,1,0,42,0,0,
pianoSvg/C652.svg,old,1/1,4,80,0,13,0,1,0,13,0,11,0,6,1,0,4,1,0,0,0,0,0,1,0,33,0,0,
pianoSvg/C660.svg,old,1/1,3,44,0,12,22,0,0,6,0,18,1,12,2,0,3,1,2,0,0,0,0,1,2,33,0,0,3 | 3
pianoSvg/C661.svg,old,1/1,4,51,0,5,4,1,0,1,0,12,0,7,1,0,4,1,1,0,0,0,0,1,0,59,0,0,
pianoSvg/C67.svg,old,1/1,4,83,0,4,3,0,0,5,0,23,0,5,2,0,4,1,23,0,0,0,0,1,0,55,0,0,
pianoSvg/C678.svg,old,1/1,4,50,0,4,2,0,0,0,0,10,1,1,2,0,4,1,0,0,0,0,0,1,0,27,0,0,
pianoSvg/C689.svg,old,1/1,4,50,0,8,0,0,0,2,0,8,1,2,2,0,4,1,12,0,0,0,0,1,0,15,0,0,
pianoSvg/C690.svg,old,1/1,4,58,0,12,26,0,0,2,0,16,3,13,1,0,4,1,0,0,0,0,0,1,0,52,0,0,
pianoSvg/C691.svg,old,1/1,4,49,0,1,0,0,0,8,0,10,4,8,2,0,4,1,0,2,0,0,0,1,0,56,0,0,
pianoSvg/C697.svg,old,1/1,5,76,0,5,6,0,0,4,0,0,3,23,2,0,5,1,0,0,0,0,0,1,0,85,0,0,
pianoSvg/C702.svg,old,1/1,2,25,0,2,0,0,0,5,0,1,3,8,1,0,2,1,1,0,0,0,0,1,0,16,0,0,
pianoSvg/C71.svg,old,1/1,4,58,0,4,2,0,0,5,0,6,4,6,1,0,4,1,6,1,0,0,0,1,0,59,0,0,
pianoSvg/C710.svg,old,1/1,3,44,0,9,8,0,0,0,0,12,6,0,5,0,3,1,0,0,0,0,0,1,0,14,0,0,
pianoSvg/C712.svg,old,1/1,4,56,0,4,0,0,0,22,0,4,3,2,2,0,4,1,4,2,0,0,0,1,0,23,0,0,
pianoSvg/C713.svg,old,1/1,4,60,0,4,0,0,0,6,0,16,4,16,1,0,4,1,2,0,0,0,0,1,0,56,0,0,
pianoSvg/C714.svg,old,1/1,4,47,0,12,33,0,0,17,0,0,0,13,2,0,4,1,5,0,0,0,0,1,0,53,0,0,
pianoSvg/C715.svg,old,1/1,3,63,0,9,3,0,0,0,0,19,1,1,1,0,3,1,0,0,0,0,0,1,0,37,0,0,
pianoSvg/C716.svg,old,1/1,4,71,0,4,1,0,0,5,0,22,7,12,1,0,4,1,1,1,0,0,0,1,0,62,0,0,
pianoSvg/C734.svg,old,1/1,4,63,0,4,0,0,0,0,0,16,0,8,1,0,4,1,0,0,0,0,0,1,0,55,0,0,
pianoSvg/C736.svg,old,1/1,4,62,0,4,4,0,0,1,0,17,1,16,1,0,4,1,4,0,0,0,0,1,0,32,0,0,
pianoSvg/C744.svg,old,1/1,2,28,0,8,19,0,0,0,0,0,1,0,2,0,2,1,0,0,0,0,0,1,0,38,0,0,
pianoSvg/C752.svg,old,1/1,4,74,0,9,15,1,0,2,0,21,7,10,1,0,4,1,4,1,0,0,0,1,0,26,0,0,
pianoSvg/C753.svg,old,1/1,4,65,0,8,2,0,0,8,0,8,3,11,1,0,4,1,13,0,0,0,0,1,0,42,0,0,
pianoSvg/C757.svg,old,1/1,2,44,0,4,3,2,0,0,0,0,0,8,2,0,2,1,0,0,0,0,0,1,0,39,0,0,
pianoSvg/C761.svg,old,1/1,7,78,0,1,0,0,0,16,0,0,1,18,1,0,7,1,1,2,0,0,0,1,0,45,0,0,
pianoSvg/C762.svg,old,1/1,4,56,0,0,2,0,0,5,0,7,4,11,1,0,4,1,0,0,0,0,0,1,0,66,0,0,
pianoSvg/C770.svg,old,1/1,4,89,0,4,0,0,0,6,0,32,2,18,1,0,4,1,2,1,0,0,0,1,0,28,0,0,
pianoSvg/C86.svg,old,1/1,4,60,0,12,23,0,0,0,0,0,0,0,1,0,4,1,0,0,0,0,0,1,0,49,0,0,
pianoSvg/C89.svg,old,1/1,2,36,0,2,1,0,0,0,0,0,1,2,2,0,2,1,8,0,0,0,0,1,0,28,0,0,
pianoSvg/C90.svg,old,1/1,4,52,0,0,0,0,0,0,0,2,3,4,1,0,4,1,9,0,0,0,0,1,0,50,0,0,
pianoSvg/CH1.svg,old,1/1,2,32,0,0,0,0,0,1,0,4,0,1,2,0,2,1,0,0,0,0,0,1,0,29,0,0,
pianoSvg/CH10.svg,old,1/1,4,54,0,8,12,0,0,2,0,14,1,2,1,0,4,1,5,0,0,0,0,1,0,36,0,0,
pianoSvg/CH11.svg,old,1/1,4,49,0,4,2,0,0,0,0,13,1,2,1,0,4,1,0,0,0,0,0,1,0,26,0,0,
pianoSvg/CH12.svg,old,1/1,2,30,0,4,11,0,0,4,0,4,2,6,1,0,2,1,0,0,0,0,0,1,0,34,0,0,
pianoSvg/CH13.svg,old,1/1,5,68,0,9,1,0,0,6,0,24,2,6,2,0,5,1,56,0,0,0,0,2,0,43,0,0,
pianoSvg/CH14.svg,old,1/1,5,71,0,10,3,0,0,1,0,11,1,3,1,0,5,1,39,0,0,0,0,1,0,62,0,0,
pianoSvg/CH15.svg,old,1/1,4,46,0,8,2,0,0,0,0,17,0,6,1,0,4,1,56,0,0,0,0,1,0,26,0,0,
pianoSvg/CH16.svg,old,1/1,7,95,0,14,2,0,0,0,0,6,2,10,1,2,7,2,7,0,0,0,0,1,0,108,0,0,
pianoSvg/CH17.svg,old,1/1,6,89,0,6,2,0,0,1,0,22,15,2,1,0,6,1,1,0,0,0,0,1,0,60,0,0,
pianoSvg/CH18.svg,old,1/1,8,110,0,32,26,3,0,1,0,27,4,11,1,0,8,1,27,0,0,0,0,1,0,58,0,0,
pianoSvg/CH19.svg,old,1/1,4,66,0,9,0,0,0,3,0,15,1,13,1,0,4,1,5,0,0,0,0,1,0,44,0,0,
pianoSvg/CH2.svg,old,1/1,2,46,0,2,4,0,0,5,0,11,0,6,1,0,2,1,1,0,0,0,0,1,0,16,0,0,
pianoSvg/CH20.svg,old,1/1,4,64,0,8,0,0,0,0,0,18,1,9,1,0,4,1,9,0,0,0,0,1,0,21,0,0,
pianoSvg/CH21.svg,old,1/1,4,59,0,4,6,0,0,12,0,8,1,9,2,0,4,1,7,0,0,0,0,1,0,69,0,0,
pianoSvg/CH22.svg,old,1/1,4,34,0,4,5,0,0,2,0,10,1,3,1,0,4,1,0,0,0,0,0,1,0,36,0,0,
pianoSvg/CH23.svg,old,1/1,4,65,0,6,0,0,0,18,0,1,1,1,1,0,4,1,1,0,0,0,0,1,0,37,0,0,
pianoSvg/CH24.svg,old,1/1,7,96,0,28,0,0,0,10,3,18,1,8,1,0,7,1,1,0,0,0,0,1,0,47,0,0,
pianoSvg/CH25.svg,old,1/1,8,93,0,8,0,0,0,0,0,50,3,33,1,2,8,2,26,0,0,0,0,1,0,27,0,0,
pianoSvg/CH26.svg,old,1/1,8,99,0,8,0,0,0,9,0,26,0,11,1,0,8,1,6,0,0,0,0,1,0,40,0,0,
pianoSvg/CH27.svg,old,1/1,4,39,0,12,1,0,0,0,1,18,1,9,1,0,4,1,2,0,0,0,0,1,0,17,0,0,
pianoSvg/CH28.svg,old,1/1,2,23,0,0,0,0,0,5,0,0,3,8,1,0,2,1,0,0,0,0,0,1,0,30,0,0,
pianoSvg/CH29.svg,old,1/1,5,62,0,10,2,0,0,0,0,24,0,15,1,0,5,1,0,0,0,0,0,1,0,49,0,0,
pianoSvg/CH3.svg,old,1/1,4,40,0,0,0,0,0,2,0,5,0,2,1,0,4,1,0,0,0,0,0,1,0,21,0,0,
pianoSvg/CH30.svg,old,1/1,3,35,0,0,0,0,0,7,0,0,1,10,1,2,3,1,0,0,0,0,0,3,0,11,0,0,
pianoSvg/CH31.svg,old,1/1,4,38,0,8,1,0,0,0,0,14,1,6,1,0,4,1,0,0,0,0,0,1,0,25,0,0,
pianoSvg/CH32.svg,old,1/1,4,49,0,0,2,0,0,0,0,0,1,3,1,0,4,1,0,0,0,0,0,1,0,80,0,0,
pianoSvg/CH33.svg,old,1/1,2,35,0,0,0,0,0,2,0,17,1,13,1,0,2,1,13,1,0,0,0,2,0,18,0,0,
pianoSvg/CH34.svg,old,1/1,2,22,0,2,1,0,0,0,0,8,0,4,1,0,2,1,1,0,0,0,0,1,1,10,0,0,3
pianoSvg/CH35.svg,old,1/1,3,35,0,9,11,0,0,2,0,7,3,2,1,0,3,1,10,0,0,0,0,1,0,15,0,0,
pianoSvg/CH36.svg,old,1/1,4,78,0,0,0,0,0,10,0,10,2,8,1,0,4,1,2,0,0,0,0,1,0,26,0,0,
pianoSvg/CH37.svg,old,1/1,2,31,0,0,0,0,0,0,0,5,0,2,1,0,2,1,2,0,0,0,0,1,0,12,0,0,
pianoSvg/CH38.svg,old,1/1,6,82,0,0,0,0,0,10,0,11,10,19,1,0,6,2,11,0,0,0,0,2,0,31,0,0,
pianoSvg/CH39.svg,old,1/1,4,84,0,9,0,0,0,0,0,25,0,2,6,0,4,1,6,4,1,0,0,1,1,25,0,0,3
pianoSvg/CH4.svg,old,1/1,4,69,0,4,3,0,0,16,0,9,1,1,1,0,4,1,2,0,0,0,0,1,0,44,0,0,
pianoSvg/CH40.svg,old,1/1,4,33,0,12,15,0,0,4,0,0,1,7,2,0,4,1,5,0,0,0,0,1,0,22,0,0,
pianoSvg/CH41.svg,old,1/1,4,60,0,4,5,0,0,0,0,44,1,22,2,0,4,1,6,0,0,0,0,1,0,65,0,0,
pianoSvg/CH42.svg,old,1/1,4,50,0,12,3,0,0,0,0,14,1,7,2,0,4,1,3,0,0,0,0,1,0,32,0,0,
pianoSvg/CH43.svg,old,1/1,4,57,0,12,19,0,0,0,0,0,3,11,2,0,4,1,2,0,0,0,0,1,0,24,0,0,
pianoSvg/CH44.svg,old,1/1,4,79,0,8,0,0,0,0,0,0,3,4,2,0,4,1,7,0,0,0,0,2,0,30,0,0,
pianoSvg/CH45.svg,old,1/1,4,57,0,0,0,0,0,0,0,4,1,0,1,0,4,1,4,4,0,0,0,2,0,19,0,0,
pianoSvg/CH46.svg,old,1/1,4,44,0,11,2,2,0,0,0,14,1,2,1,0,4,1,0,0,0,0,0,1,0,32,0,0,
pianoSvg/CH47.svg,old,1/1,5,60,0,10,10,0,0,24,0,0,0,12,2,0,5,1,0,0,0,0,0,1,0,20,0,0,
pianoSvg/CH48.svg,old,1/1,8,111,0,14,0,0,0,4,0,8,6,4,1,0,8,1,9,0,0,0,0,1,0,41,0,0,
pianoSvg/CH49.svg,old,1/1,4,51,0,0,0,0,0,0,0,8,12,4,1,0,4,1,11,0,0,0,0,1,0,27,0,0,
pianoSvg/CH5.svg,old,1/1,6,119,0,0,0,0,0,3,0,21,0,4,1,0,6,1,1,0,0,0,0,1,0,110,0,0,
pianoSvg/CH50.svg,old,1/1,4,43,0,12,1,0,0,0,2,19,4,13,1,0,4,1,1,1,0,0,0,1,0,18,0,0,
pianoSvg/CH51.svg,old,1/1,4,49,0,0,2,0,0,0,0,0,1,3,1,0,4,1,0,0,0,0,0,1,0,80,0,0,
pianoSvg/CH52.svg,old,1/1,6,93,0,18,51,0,0,1,0,25,1,3,1,0,6,1,2,0,0,0,0,1,0,109,0,0,
pianoSvg/CH53.svg,old,1/1,8,113,0,0,0,0,0,3,0,5,4,6,1,0,8,1,4,0,0,0,0,1,0,50,0,0,
pianoSvg/CH54.svg,old,1/1,4,42,0,12,0,0,0,0,0,10,0,0,1,0,4,1,2,0,0,0,0,1,0,18,0,0,
pianoSvg/CH55.svg,old,1/1,4,39,0,8,10,0,0,2,4,19,2,17,1,0,4,1,8,1,0,0,0,1,0,18,0,0,
pianoSvg/CH56.svg,old,1/1,4,34,0,0,0,0,0,0,0,0,0,6,2,0,4,1,2,0,0,0,0,1,0,20,0,0,
pianoSvg/CH57.svg,old,1/1,3,35,0,3,0,0,0,3,0,6,3,3,1,0,3,1,7,0,0,0,0,2,0,14,0,0,
pianoSvg/CH58.svg,old,1/1,4,40,0,4,0,0,0,0,0,24,1,17,1,0,4,1,0,0,0,0,0,1,0,19,0,0,
pianoSvg/CH59.svg,old,1/1,2,35,0,4,0,0,0,0,0,7,1,1,1,0,2,1,31,0,0,0,0,1,0,12,0,0,
pianoSvg/CH6.svg,old,1/1,6,117,0,0,0,0,0,4,0,19,1,5,1,0,6,1,3,0,0,0,0,1,0,98,0,0,
pianoSvg/CH60.svg,old,1/1,4,85,0,12,0,0,0,0,0,17,3,2,1,0,4,1,9,0,0,0,0,1,0,21,0,0,
pianoSvg/CH61.svg,old,1/1,7,134,0,21,52,0,0,4,0,35,1,5,1,0,7,1,2,0,0,0,0,1,0,110,0,0,
pianoSvg/CH62.svg,old,1/1,4,39,0,12,17,0,0,0,0,0,2,2,1,0,4,1,7,0,0,0,0,1,0,41,0,0,
pianoSvg/CH63.svg,old,1/1,2,34,0,0,0,0,0,7,0,3,4,5,1,0,2,1,3,0,0,0,0,1,0,10,0,0,
pianoSvg/CH64.svg,old,1/1,4,53,0,4,0,0,0,0,0,3,3,3,1,0,4,1,0,0,0,0,0,1,0,51,0,0,
pianoSvg/CH65.svg,old,1/1,4,49,0,0,2,0,0,0,0,0,1,3,1,0,4,1,0,0,0,0,0,1,0,80,0,0,
pianoSvg/CH66.svg,old,1/1,5,66,0,10,27,0,0,6,0,0,2,11,1,0,5,1,11,0,0,0,0,1,0,79,0,0,
pianoSvg/CH67.svg,old,1/1,4,49,0,4,3,0,0,0,0,4,1,1,2,0,4,1,4,0,0,0,0,1,0,59,0,0,
pianoSvg/CH68.svg,old,1/1,3,42,0,2,0,0,0,0,0,11,5,1,1,0,3,1,0,0,0,0,0,1,0,16,0,0,
pianoSvg/CH69.svg,old,1/1,4,41,0,9,12,0,0,0,0,8,0,0,1,0,4,1,0,0,0,0,0,1,0,21,0,0,
pianoSvg/CH7.svg,old,1/1,6,86,0,18,2,0,0,0,0,24,0,0,1,0,6,1,6,0,0,0,0,1,0,44,0,0,
pianoSvg/CH70.svg,old,1/1,4,52,0,17,9,0,0,0,0,13,0,10,1,0,4,1,1,0,0,0,0,1,0,54,0,0,
pianoSvg/CH71.svg,old,1/1,4,60,0,4,0,0,0,6,0,16,4,16,1,0,4,1,2,0,0,0,0,1,0,57,0,0,
pianoSvg/CH72.svg,old,1/1,2,32,0,4,0,0,0,0,0,2,0,0,1,0,2,1,0,0,0,0,0,1,0,6,0,0,
pianoSvg/CH73.svg,old,1/1,4,47,0,4,3,0,0,0,0,13,1,3,1,0,4,1,0,0,0,0,0,1,0,26,0,0,
pianoSvg/CH74.svg,old,1/1,2,31,0,2,1,0,0,0,0,16,1,9,1,0,2,1,1,0,0,0,0,1,0,12,0,0,
pianoSvg/CH8.svg,old,1/1,5,98,0,14,3,0,0,0,0,56,1,36,1,0,5,1,10,1,0,0,0,2,0,79,0,0,
pianoSvg/CH9.svg,old,1/1,4,53,0,8,1,0,0,2,0,16,3,0,1,0,4,1,5,0,0,0,0,1,0,32,0,0,
pianoSvg/CS10.svg,old,1/1,8,118,0,8,7,0,0,7,0,13,1,11,1,0,8,1,0,1,0,0,0,1,0,53,0,0,
pianoSvg/CS1001.svg,old,1/1,7,107,0,7,0,0,0,15,0,25,1,20,2,0,7,1,11,0,0,0,0,1,0,46,0,0,
pianoSvg/CS1002.svg,old,1/1,8,132,0,17,15,1,0,10,0,29,0,25,2,0,8,1,8,1,0,0,0,1,0,35,0,0,
pianoSvg/CS1003.svg,old,1/1,5,158,0,18,62,1,0,11,0,16,4,12,3,0,5,1,25,5,0,0,0,1,1,102,0,0,3
pianoSvg/CS1004.svg,old,1/1,6,90,0,18,17,0,0,3,0,9,0,3,1,0,6,1,10,0,0,0,0,1,0,91,0,0,
pianoSvg/CS1005.svg,old,1/1,10,217,0,33,25,1,0,10,0,57,2,24,1,0,10,1,32,0,0,0,0,1,6,76,0,0,3 | 3 | 3 | 3
pianoSvg/CS103.svg,old,1/1,2,31,0,2,2,0,0,1,0,0,0,5,2,0,2,1,3,0,0,0,0,1,0,33,0,0,
pianoSvg/CS104.svg,old,1/1,6,97,0,7,9,1,0,34,0,1,0,2,1,0,6,1,1,0,0,0,0,1,0,79,0,0,
pianoSvg/CS105.svg,old,1/1,4,63,0,4,0,0,0,3,0,0,2,15,2,0,4,1,6,0,0,0,0,1,0,49,0,0,
pianoSvg/CS106.svg,old,1/1,2,28,0,2,1,0,0,2,0,2,1,3,1,0,2,1,1,0,0,0,0,1,0,17,0,0,
pianoSvg/CS107.svg,old,1/1,4,56,0,6,6,2,0,4,0,19,9,18,1,0,4,2,1,0,0,0,0,1,0,78,0,0,
pianoSvg/CS11.svg,old,1/1,4,60,0,4,4,0,0,1,0,8,1,6,1,0,4,1,0,0,0,0,0,1,0,25,0,0,
pianoSvg/CS111.svg,old,1/1,4,66,0,16,30,0,0,7,0,17,3,16,1,0,4,1,0,0,0,0,0,1,0,45,0,0,
pianoSvg/CS112.svg,old,1/1,4,83,0,0,0,0,0,8,0,18,1,12,1,0,4,1,4,0,0,0,0,1,0,21,0,0,
pianoSvg/CS113.svg,old,1/1,4,47,0,4,1,0,0,0,0,26,0,12,1,0,4,1,3,0,0,0,0,1,2,22,0,0,3 | 3
pianoSvg/CS114.svg,old,1/1,4,44,0,4,3,0,0,0,0,13,1,3,1,0,4,1,0,0,0,0,0,2,0,26,0,0,
pianoSvg/CS115.svg,old,1/1,4,66,0,4,4,0,0,0,0,36,4,22,1,0,4,1,1,1,0,0,0,1,0,30,0,0,
pianoSvg/CS117.svg,old,1/1,3,46,0,6,0,0,0,0,0,12,2,2,1,0,3,1,8,0,0,0,0,1,0,10,0,0,
pianoSvg/CS118.svg,old,1/1,4,46,0,16,19,0,0,3,0,14,1,4,2,0,4,1,4,1,0,0,0,1,0,39,0,0,
pianoSvg/CS119.svg,old,1/1,4,48,0,0,0,0,0,2,0,0,2,4,1,0,4,1,0,0,0,0,0,1,0,26,0,0,
pianoSvg/CS12.svg,old,1/1,4,59,0,0,0,0,0,2,0,10,2,7,1,0,4,1,2,0,0,0,0,1,0,29,0,0,
pianoSvg/CS121.svg,old,1/1,1,36,0,2,1,0,0,0,0,6,1,1,1,0,1,1,2,0,0,0,0,1,0,30,0,0,
pianoSvg/CS123.svg,old,1/1,4,35,0,13,11,1,0,0,0,14,1,8,1,0,4,1,2,0,0,0,0,1,0,13,0,0,
pianoSvg/CS124.svg,old,1/1,4,61,0,6,5,0,0,2,0,7,1,4,1,0,4,1,1,0,0,0,0,1,0,62,0,0,
pianoSvg/CS126.svg,old,1/1,3,37,0,6,0,0,0,0,0,13,0,0,1,0,3,1,0,0,0,0,0,1,0,8,0,0,
pianoSvg/CS127.svg,old,1/1,4,68,0,13,6,1,0,8,0,11,3,9,1,0,4,1,7,0,0,0,0,1,0,32,0,0,
pianoSvg/CS128.svg,old,1/1,10,172,0,0,0,0,0,12,0,66,10,23,2,0,10,1,4,0,0,0,0,1,0,57,0,0,
pianoSvg/CS129.svg,old,1/1,3,44,0,4,2,0,0,1,0,8,1,1,1,0,3,1,6,0,0,0,0,1,0,15,0,0,
pianoSvg/CS13.svg,old,1/1,4,76,0,0,0,0,0,0,0,24,1,10,1,0,4,1,2,0,0,0,0,1,0,61,0,0,
pianoSvg/CS130.svg,old,1/1,4,58,0,12,15,0,0,0,0,10,0,0,1,0,4,1,6,0,0,0,0,1,0,18,0,0,
pianoSvg/CS134.svg,old,1/1,8,93,0,33,31,1,0,9,0,2,2,10,1,0,8,1,21,0,0,0,0,1,0,53,0,0,
pianoSvg/CS135.svg,old,1/1,8,91,0,24,10,0,0,8,0,4,3,18,1,0,8,1,14,0,0,0,0,1,0,52,0,0,
pianoSvg/CS136.svg,old,1/1,4,87,0,4,5,0,0,4,0,23,1,9,1,0,4,1,3,0,0,0,0,1,0,58,0,0,
pianoSvg/CS137.svg,old,1/1,6,103,0,10,2,2,0,8,0,17,5,11,1,0,6,1,6,0,0,0,0,1,1,30,0,0,（重複一至八行）
pianoSvg/CS14.svg,old,1/1,4,61,0,8,15,0,0,4,0,12,4,11,1,0,4,1,1,0,0,0,0,1,2,31,0,0,3 | 3
pianoSvg/CS146.svg,old,1/1,2,37,0,2,3,0,0,0,0,10,1,4,1,0,2,1,9,0,0,0,0,1,0,33,0,0,
pianoSvg/CS147.svg,old,1/1,4,74,0,4,0,0,0,0,0,0,2,7,2,0,4,1,3,0,0,0,0,1,0,22,0,0,
pianoSvg/CS149.svg,old,1/1,8,117,0,0,0,0,0,0,0,3,0,17,2,0,8,1,15,0,0,0,0,1,0,50,0,0,
pianoSvg/CS15.svg,old,1/1,4,111,0,10,0,0,0,4,0,10,6,4,1,0,4,1,11,0,0,0,0,1,0,41,0,0,
pianoSvg/CS150.svg,old,1/1,8,144,0,16,0,0,0,8,0,30,4,14,1,0,8,1,6,0,0,0,0,1,0,46,0,0,
pianoSvg/CS17.svg,old,1/1,4,50,0,4,0,0,0,2,0,12,0,2,1,0,4,1,0,0,0,0,0,1,0,20,0,0,
pianoSvg/CS203.svg,old,1/1,8,152,0,9,1,1,0,0,0,45,1,5,16,0,8,1,2,0,0,0,0,1,0,44,0,0,
pianoSvg/CS204.svg,old,1/1,8,96,0,32,8,0,0,0,0,32,0,0,2,0,8,1,0,0,0,0,0,1,0,52,0,0,
pianoSvg/CS205.svg,old,1/1,4,55,0,8,10,0,0,1,0,13,0,1,1,0,4,1,0,0,0,0,0,1,0,15,0,0,
pianoSvg/CS206.svg,old,1/1,4,56,0,4,4,0,0,0,0,14,1,0,2,0,4,1,0,1,0,0,0,1,0,34,0,0,
pianoSvg/CS207.svg,old,1/1,8,99,0,14,3,3,0,7,0,5,2,13,1,0,8,1,14,0,0,0,0,1,0,41,0,0,
pianoSvg/CS208.svg,old,1/1,4,56,0,4,5,0,0,0,0,7,1,6,1,0,4,1,0,0,0,0,0,1,0,27,0,0,
pianoSvg/CS21.svg,old,1/1,3,37,0,3,3,0,0,2,0,10,1,6,1,0,3,1,2,0,0,0,0,1,0,32,0,0,
pianoSvg/CS211.svg,old,1/1,2,38,0,6,17,0,0,0,0,0,1,1,1,0,2,1,8,0,0,0,0,2,0,41,0,0,
pianoSvg/CS213.svg,old,1/1,2,46,0,6,18,0,0,4,0,0,0,4,1,0,2,1,0,0,0,0,0,1,0,31,0,0,
pianoSvg/CS219.svg,old,1/1,8,143,0,29,1,0,0,0,0,0,25,8,2,0,8,1,13,3,0,0,0,1,0,53,0,0,
pianoSvg/CS222.svg,old,1/1,4,57,0,0,0,0,0,7,0,25,0,11,2,0,4,1,5,0,0,0,0,1,0,36,0,0,
pianoSvg/CS223.svg,old,1/1,4,63,0,4,0,0,0,3,0,0,2,15,2,0,4,1,6,0,0,0,0,1,0,49,0,0,
pianoSvg/CS224.svg,old,1/1,4,52,0,17,2,1,0,2,0,30,0,18,1,0,4,1,3,0,0,0,0,1,2,22,0,0,3 | 3
pianoSvg/CS226.svg,old,1/1,3,69,0,3,5,0,0,6,0,0,2,16,1,0,3,1,9,0,0,0,0,1,0,54,0,0,
pianoSvg/CS228.svg,old,1/1,6,72,0,6,5,0,0,1,0,0,1,4,1,0,6,1,0,0,0,0,0,1,0,82,0,0,
pianoSvg/CS229.svg,old,1/1,3,30,0,3,0,0,0,1,0,16,1,9,2,0,3,1,1,0,0,0,0,1,0,9,0,0,
pianoSvg/CS230.svg,old,1/1,8,81,0,16,20,0,0,3,0,41,3,31,1,0,8,1,0,0,0,0,0,1,0,40,0,0,
pianoSvg/CS231.svg,old,1/1,4,65,0,1,0,0,0,0,0,2,1,4,2,0,4,1,11,0,0,0,0,1,0,38,0,0,
pianoSvg/CS232.svg,old,1/1,5,78,0,5,5,0,0,1,0,19,1,1,1,0,5,1,9,0,0,0,0,1,0,16,0,0,
pianoSvg/CS233.svg,old,1/1,5,67,0,5,3,0,0,0,0,13,1,2,1,0,5,1,3,0,0,0,0,1,0,26,0,0,
pianoSvg/CS234.svg,old,1/1,4,49,0,0,2,0,0,0,0,0,1,3,1,0,4,1,0,0,0,0,0,1,0,80,0,0,
pianoSvg/CS235.svg,old,1/1,8,101,0,11,6,2,0,0,0,42,17,25,1,0,8,1,7,0,0,0,0,1,0,53,0,0,
pianoSvg/CS236.svg,old,1/1,4,59,0,14,9,0,0,0,0,15,1,13,1,0,4,1,0,0,0,0,0,1,0,18,0,0,
pianoSvg/CS237.svg,old,1/1,8,168,0,8,0,0,0,0,0,36,0,0,1,0,8,1,2,0,0,0,0,1,0,44,0,0,
pianoSvg/CS238.svg,old,1/1,4,67,0,4,2,0,0,0,0,17,4,12,1,0,4,1,5,0,0,0,0,1,0,16,0,0,
pianoSvg/CS239.svg,old,1/1,6,67,0,12,8,0,0,2,0,3,0,4,2,0,6,1,0,5,0,0,0,1,0,23,0,0,
pianoSvg/CS240.svg,old,1/1,3,30,0,3,0,0,0,1,0,16,1,9,2,0,3,1,0,0,0,0,0,1,0,9,0,0,
pianoSvg/CS241.svg,old,1/1,2,38,0,2,0,0,0,2,0,7,1,6,1,0,2,1,0,0,0,0,0,1,0,24,0,0,
pianoSvg/CS242.svg,old,1/1,4,44,0,5,2,1,0,5,0,14,2,10,1,0,4,1,2,0,0,0,0,1,0,24,0,0,
pianoSvg/CS244.svg,old,1/1,5,67,0,5,3,0,0,0,0,13,1,2,1,0,5,1,3,0,0,0,0,1,0,26,0,0,
pianoSvg/CS246.svg,old,1/1,4,49,0,20,23,0,0,2,0,1,1,2,1,0,4,1,1,0,0,0,0,1,0,38,0,0,
pianoSvg/CS257.svg,old,1/1,4,60,0,16,34,0,0,9,0,0,1,21,2,0,4,1,0,0,0,0,0,1,0,64,0,0,
pianoSvg/CS26.svg,old,1/1,4,69,0,4,0,0,0,7,0,16,1,15,1,0,4,1,5,0,0,0,0,1,0,27,0,0,
pianoSvg/CS27.svg,old,1/1,5,66,0,20,40,0,0,3,0,1,1,5,1,0,5,1,5,0,0,0,0,1,0,62,0,0,
pianoSvg/CS303.svg,old,1/1,6,97,0,12,0,0,0,23,0,14,2,9,2,0,6,1,0,0,0,0,0,1,0,46,0,0,
pianoSvg/CS304.svg,old,1/1,2,41,0,6,19,0,0,0,0,0,0,0,1,0,2,1,0,0,0,0,0,1,0,42,0,0,
pianoSvg/CS306.svg,old,1/1,2,25,0,4,0,0,0,0,0,2,0,0,1,0,2,1,2,0,0,0,0,1,0,26,0,0,
pianoSvg/CS308.svg,old,1/1,8,179,0,26,43,0,0,12,0,43,11,16,11,2,8,2,28,0,0,0,0,2,0,156,0,0,
pianoSvg/CS309.svg,old,1/1,6,93,0,18,20,0,0,12,0,8,0,12,1,0,6,1,13,0,0,0,0,1,0,44,0,0,
pianoSvg/CS311.svg,old,1/1,8,81,0,40,24,0,0,5,0,13,1,7,2,0,8,1,4,0,0,0,0,1,0,32,0,0,
pianoSvg/CS312.svg,old,1/1,6,92,0,24,28,0,0,14,0,12,0,14,1,0,6,1,2,0,0,0,0,1,0,39,0,0,
pianoSvg/CS313.svg,old,1/1,11,146,0,27,15,3,0,0,0,0,2,5,1,2,11,3,27,0,0,0,0,2,3,59,0,0,3 | 3 | 3
pianoSvg/CS314.svg,old,1/1,7,102,0,10,0,0,0,0,0,40,0,16,2,0,7,1,3,0,0,0,0,1,1,47,0,0,3
pianoSvg/CS315.svg,old,1/1,4,65,0,4,6,0,0,2,0,16,7,3,1,0,4,1,3,0,0,0,0,1,0,62,0,0,
pianoSvg/CS316.svg,old,1/1,6,92,0,22,15,1,0,13,0,13,0,13,1,0,6,1,1,0,0,0,0,1,0,42,0,0,
pianoSvg/CS317.svg,old,1/1,4,79,0,8,1,0,0,5,0,14,1,8,1,0,4,1,11,2,0,0,0,1,0,30,0,0,
pianoSvg/CS318.svg,old,1/1,5,86,0,5,7,0,0,0,0,21,1,9,1,0,5,1,9,0,0,0,0,1,0,111,0,0,
pianoSvg/CS319.svg,old,1/1,4,54,0,8,0,0,0,0,0,11,0,21,2,0,4,1,3,0,0,0,0,1,0,32,0,0,
pianoSvg/CS320.svg,old,1/1,6,84,0,9,4,0,0,12,0,36,10,24,2,0,6,1,0,1,0,0,0,1,0,32,0,0,
pianoSvg/CS321.svg,old,1/1,4,44,0,17,19,1,0,0,0,0,0,0,1,0,4,1,0,0,0,0,0,1,0,28,0,0,
pianoSvg/CS322.svg,old,1/1,4,37,0,4,0,0,0,2,0,11,0,7,2,0,4,1,7,0,0,0,0,1,0,18,0,0,
pianoSvg/CS323.svg,old,1/1,2,47,0,10,3,0,0,4,0,7,0,7,1,0,2,1,4,0,0,0,0,1,0,38,0,0,
pianoSvg/CS324.svg,old,1/1,3,52,0,3,1,0,0,1,0,7,1,5,1,0,3,1,5,0,0,0,0,1,0,20,0,0,
pianoSvg/CS325.svg,old,1/1,4,77,0,9,13,0,0,0,0,7,0,6,1,0,4,1,2,0,0,0,0,1,3,115,0,0,3 | 3 | 3
pianoSvg/CS326.svg,old,1/1,5,88,0,0,0,0,0,10,0,29,2,11,2,0,5,1,0,0,0,0,0,1,0,32,0,0,
pianoSvg/CS327.svg,old,1/1,5,87,0,8,12,3,0,12,0,11,1,16,2,0,5,1,8,0,0,0,0,1,0,76,0,0,
pianoSvg/CS329.svg,old,1/1,4,77,0,4,4,0,0,0,0,13,1,2,1,0,4,1,14,0,0,0,0,1,0,34,0,0,
pianoSvg/CS334.svg,old,1/1,5,77,0,15,20,0,0,6,0,20,1,11,1,0,5,1,12,0,0,0,0,1,0,30,0,0,
pianoSvg/CS342.svg,old,1/1,6,119,0,21,25,1,0,19,0,41,6,10,2,0,6,1,21,0,0,0,0,1,1,51,0,0,3
pianoSvg/CS346.svg,old,1/1,5,72,0,0,0,0,0,4,0,18,0,7,1,0,5,1,13,0,0,0,0,1,0,32,0,0,
pianoSvg/CS347.svg,old,1/1,5,85,0,1,2,0,0,15,0,22,1,17,2,0,5,1,16,0,0,0,0,1,0,78,0,0,
pianoSvg/CS348.svg,old,1/1,3,43,0,9,10,0,0,0,0,12,0,1,1,0,3,1,3,1,0,0,0,1,0,17,0,0,
pianoSvg/CS349.svg,old,1/1,4,62,0,12,20,0,0,9,0,8,0,11,1,0,4,1,0,0,0,0,0,1,0,42,0,0,
pianoSvg/CS35.svg,old,1/1,8,134,0,16,0,0,0,16,0,33,13,21,1,0,8,1,11,0,0,0,0,1,0,35,0,0,
pianoSvg/CS4.svg,old,1/1,6,42,0,6,0,0,0,0,0,0,6,10,2,0,6,1,8,1,0,0,0,1,0,27,0,0,
pianoSvg/CS402.svg,old,1/1,4,46,0,17,16,1,0,0,0,0,0,0,1,0,4,1,0,0,0,0,0,1,0,19,0,0,
pianoSvg/CS403.svg,old,1/1,4,54,0,8,28,0,0,1,0,0,1,15,2,0,4,1,3,0,0,0,0,1,0,80,0,0,
pianoSvg/CS404.svg,old,1/1,4,63,0,8,7,0,0,0,0,19,1,0,2,0,4,1,3,0,0,0,0,1,0,52,0,0,
pianoSvg/CS407.svg,old,1/1,3,50,0,3,2,0,0,2,0,13,1,3,1,0,3,1,5,1,0,0,0,1,0,14,0,0,
pianoSvg/CS409.svg,old,1/1,5,148,0,16,47,0,0,0,0,3,5,2,1,0,5,1,9,0,0,0,0,1,0,114,0,0,
pianoSvg/CS410.svg,old,1/1,4,84,0,12,19,2,0,10,0,10,1,16,2,0,4,1,9,0,0,0,0,1,0,62,0,0,
pianoSvg/CS411.svg,old,1/1,4,62,0,14,4,5,0,0,0,20,3,13,1,0,4,1,0,0,0,0,0,1,0,21,0,0,
pianoSvg/CS412.svg,old,1/1,4,81,0,8,0,0,0,0,0,32,10,16,1,0,4,1,0,0,0,0,0,1,0,22,0,0,
pianoSvg/CS413.svg,old,1/1,4,59,0,4,5,0,0,12,0,3,1,16,1,0,4,1,3,0,0,0,0,1,0,57,0,0,
pianoSvg/CS415.svg,old,1/1,8,68,0,16,0,0,0,1,0,0,1,9,2,0,8,1,2,0,0,0,0,1,0,29,0,0,
pianoSvg/CS416.svg,old,1/1,4,49,0,4,2,0,0,0,0,0,1,4,1,0,4,1,1,0,0,0,0,1,0,37,0,0,
pianoSvg/CS417.svg,old,1/1,4,58,0,1,0,0,0,2,0,0,1,5,1,0,4,1,4,1,0,0,0,1,0,54,0,0,
pianoSvg/CS418.svg,old,1/1,4,48,0,4,3,0,0,3,0,11,1,3,1,0,4,1,10,0,0,0,0,1,0,23,0,0,
pianoSvg/CS419.svg,old,1/1,4,70,0,4,3,0,0,0,0,0,2,5,1,0,4,1,12,0,0,0,0,1,0,38,0,0,
pianoSvg/CS420.svg,old,1/1,8,119,0,16,17,0,0,6,0,68,3,22,2,0,8,1,13,0,0,0,0,1,2,27,0,0,3 | 3
pianoSvg/CS421.svg,old,1/1,10,112,0,31,0,0,0,4,0,55,1,22,2,0,10,1,9,0,0,0,0,1,0,40,0,0,
pianoSvg/CS422.svg,old,1/1,4,70,0,6,0,0,0,5,0,24,5,15,1,0,4,1,0,1,0,0,0,1,0,15,0,0,
pianoSvg/CS423.svg,old,1/1,5,65,0,0,0,0,0,6,0,0,2,11,1,0,5,1,11,0,0,0,0,1,0,62,0,0,
pianoSvg/CS425.svg,old,1/1,4,66,0,16,5,0,0,8,0,14,1,15,1,0,4,1,6,0,0,0,0,1,0,27,0,0,
pianoSvg/CS426.svg,old,1/1,6,105,0,6,0,0,0,6,0,25,0,11,1,0,6,1,14,0,0,0,0,1,0,41,0,0,
pianoSvg/CS427.svg,old,1/1,4,138,0,8,5,0,0,13,0,22,3,15,1,0,4,1,20,0,0,0,0,1,0,65,0,0,
pianoSvg/CS428.svg,old,1/1,11,284,0,17,1,0,0,2,0,83,1,7,1,0,11,1,39,2,0,0,0,1,0,132,0,0,
pianoSvg/CS429.svg,old,1/1,6,98,0,20,23,2,0,2,0,16,1,10,1,0,6,1,14,0,0,0,0,1,0,33,0,0,
pianoSvg/CS454.svg,old,1/1,4,69,0,4,2,0,0,5,0,22,1,20,1,0,4,1,21,0,0,0,0,1,0,37,0,0,
pianoSvg/CS456.svg,old,1/1,8,101,0,16,19,0,0,2,0,11,0,7,1,0,8,1,2,0,0,0,0,1,0,51,0,0,
pianoSvg/CS457.svg,old,1/1,3,55,0,0,0,0,0,5,0,10,1,7,1,0,3,1,7,0,0,0,0,1,0,25,0,0,
pianoSvg/CS458.svg,old,1/1,6,54,0,9,6,2,0,0,0,0,0,6,2,0,6,1,6,0,0,0,0,1,0,57,0,0,
pianoSvg/CS459.svg,old,1/1,4,60,0,17,2,0,0,0,0,7,1,4,1,0,4,1,8,1,0,0,0,1,0,25,0,0,
pianoSvg/CS460.svg,old,1/1,4,96,0,5,9,1,0,0,0,8,1,0,2,0,4,1,8,2,0,0,0,1,0,113,0,0,
pianoSvg/CS461.svg,old,1/1,4,74,0,8,0,0,0,5,0,15,1,8,1,0,4,1,6,0,0,0,0,1,0,29,0,0,
pianoSvg/CS462.svg,old,1/1,8,90,0,8,5,0,0,0,0,9,1,0,2,0,8,1,0,0,0,0,0,1,0,66,0,0,
pianoSvg/CS463.svg,old,1/1,4,80,0,16,9,0,0,1,0,6,0,1,1,0,4,1,0,0,0,0,0,1,18,39,0,0,3 | 3 | 3 | 3
pianoSvg/CS464.svg,old,1/1,4,65,0,4,4,0,0,2,0,14,0,4,1,0,4,1,4,0,0,0,0,1,0,28,0,0,
pianoSvg/CS466.svg,old,1/1,6,103,0,3,0,0,0,36,0,4,0,24,2,0,6,1,21,0,0,0,0,1,0,62,0,0,
pianoSvg/CS467.svg,old,1/1,7,155,0,9,0,0,0,6,0,29,0,0,1,0,7,1,4,0,0,0,0,1,0,62,0,0,
pianoSvg/CS468.svg,old,1/1,11,284,0,17,1,0,0,2,0,83,1,7,1,0,11,1,39,2,0,0,0,1,0,132,0,0,
pianoSvg/CS502.svg,old,1/1,4,116,0,4,3,0,0,7,0,29,16,6,1,0,4,1,2,0,0,0,0,1,0,38,0,0,
pianoSvg/CS509.svg,old,1/1,4,74,0,15,26,2,0,0,0,39,1,23,1,0,4,1,0,2,0,0,0,1,0,56,0,0,
pianoSvg/CS510.svg,old,1/1,4,71,0,13,32,1,0,6,0,10,0,6,1,0,4,1,11,0,0,0,0,1,0,58,0,0,
pianoSvg/CS517.svg,old,1/1,1,35,0,3,3,0,0,0,0,7,0,0,1,0,1,1,0,0,0,0,0,1,0,17,0,0,
pianoSvg/CS518.svg,old,1/1,8,91,0,8,1,0,0,3,0,3,2,4,1,0,8,1,19,0,0,0,0,1,0,36,0,0,
pianoSvg/CS519.svg,old,1/1,4,66,0,16,30,0,0,7,0,17,3,16,1,0,4,1,0,0,0,0,0,1,0,45,0,0,
pianoSvg/CS520.svg,old,1/1,5,85,0,24,13,4,0,17,0,0,6,17,1,0,5,1,0,0,0,0,0,1,0,91,0,0,
pianoSvg/CS521.svg,old,1/1,8,72,0,16,0,0,0,0,0,10,0,7,2,0,8,1,0,1,0,0,0,1,0,30,0,0,
pianoSvg/CS522.svg,old,1/1,4,66,0,8,0,0,0,8,0,10,1,14,1,0,4,1,0,0,0,0,0,1,0,21,0,0,
pianoSvg/CS524.svg,old,1/1,4,60,0,6,0,0,0,1,0,36,1,19,2,0,4,1,2,0,0,0,0,1,0,25,0,0,
pianoSvg/CS526.svg,old,1/1,8,94,0,24,13,0,0,7,0,0,3,12,1,0,8,1,5,0,0,0,0,1,0,43,0,0,
pianoSvg/CS527.svg,old,1/1,11,134,0,24,9,0,0,56,0,0,10,33,2,0,11,1,27,0,0,0,0,1,0,53,0,0,
pianoSvg/CS528.svg,old,1/1,4,44,0,9,1,0,0,0,0,0,6,2,1,0,4,1,0,0,0,0,0,1,0,21,0,0,
pianoSvg/CS531.svg,old,1/1,4,70,0,4,1,0,0,6,0,32,2,15,2,0,4,1,0,0,0,0,0,1,0,30,0,0,
pianoSvg/CS532.svg,old,1/1,5,79,0,5,7,0,0,6,0,6,1,6,1,0,5,1,2,0,0,0,0,1,0,58,0,0,
pianoSvg/CS533.svg,old,1/1,5,66,0,10,14,0,0,4,0,26,3,1,2,0,5,1,0,2,0,0,0,1,0,31,0,0,
pianoSvg/CS542.svg,old,1/1,8,126,0,24,30,0,0,15,0,2,5,16,1,0,8,1,2,1,0,0,0,1,2,54,0,0,3 | 3
pianoSvg/CS543.svg,old,1/1,10,105,0,20,19,0,0,0,0,0,0,6,1,0,10,1,7,0,0,0,0,1,0,43,0,0,
pianoSvg/CS601.svg,old,1/1,8,126,0,8,0,0,0,3,0,40,4,21,1,3,8,3,14,0,0,0,0,1,0,35,0,0,
pianoSvg/CS602.svg,old,1/1,2,37,0,4,6,0,0,6,0,1,8,6,1,0,2,1,3,0,0,0,0,1,0,41,0,0,
pianoSvg/CS604.svg,old,1/1,4,50,0,12,8,0,0,7,0,18,3,4,2,0,4,1,0,0,0,0,0,1,0,12,0,0,
pianoSvg/CS605.svg,old,1/1,4,95,0,8,5,0,0,6,6,61,1,47,1,0,4,1,7,2,0,0,0,1,1,61,0,0,3
pianoSvg/CS607.svg,old,1/1,4,57,0,0,0,0,0,7,0,25,0,11,2,0,4,1,11,0,0,0,0,1,0,36,0,0,
pianoSvg/CS608.svg,old,1/1,4,60,0,12,32,0,0,3,0,16,1,3,2,0,4,1,0,0,0,0,0,1,0,67,0,0,
pianoSvg/CS609.svg,old,1/1,5,83,0,10,11,0,0,8,0,18,1,12,1,0,5,1,4,0,0,0,0,1,0,25,0,0,
pianoSvg/CS610.svg,old,1/1,4,51,0,4,2,0,0,5,0,6,1,6,1,0,4,1,2,1,0,0,0,1,0,16,0,0,
pianoSvg/CS612.svg,old,1/1,6,83,0,6,0,0,0,12,0,7,2,16,1,0,6,1,7,0,0,0,0,1,0,25,0,0,
pianoSvg/CS613.svg,old,1/1,4,81,0,16,5,0,0,0,0,24,1,0,1,0,4,1,1,0,0,0,0,1,0,26,0,0,
pianoSvg/CS614.svg,old,1/1,6,109,0,6,0,0,0,15,0,20,7,4,1,0,6,1,13,0,0,0,0,1,0,64,0,0,
pianoSvg/CS615.svg,old,1/1,4,65,0,0,0,0,0,3,0,11,8,5,1,0,4,1,15,0,0,0,0,1,0,39,0,0,
pianoSvg/CS618.svg,old,1/1,6,72,0,6,2,0,0,5,0,32,1,0,2,0,6,1,8,0,0,0,0,1,1,33,0,0,3
pianoSvg/CS702.svg,old,1/1,6,131,0,15,7,0,0,1,0,71,0,19,2,0,6,2,27,0,0,0,0,2,0,66,0,0,
pianoSvg/CS703.svg,old,1/1,4,69,0,9,16,1,0,15,0,16,3,11,2,0,4,1,5,1,0,0,0,1,0,37,0,0,
pianoSvg/CS704.svg,old,1/1,4,39,0,5,0,1,0,1,0,0,1,10,2,0,4,1,8,0,0,0,0,1,0,26,0,0,
pianoSvg/CS705.svg,old,1/1,5,68,0,5,6,0,0,10,0,2,1,14,1,0,5,1,7,0,0,0,0,1,0,69,0,0,
pianoSvg/CS706.svg,old,1/1,4,72,0,4,3,0,0,3,0,27,1,19,1,0,4,1,11,0,0,0,0,1,0,26,0,0,
pianoSvg/CS707.svg,old,1/1,4,38,0,12,15,0,0,4,1,9,2,9,1,0,4,1,0,0,0,0,0,1,0,26,0,0,
pianoSvg/CS708.svg,old,1/1,4,33,0,4,5,0,0,2,0,9,1,3,1,0,4,1,0,0,0,0,0,1,0,36,0,0,
pianoSvg/CS710.svg,old,1/1,4,56,0,6,6,2,0,4,0,19,9,18,1,0,4,2,1,0,0,0,0,1,0,78,0,0,
pianoSvg/CS713.svg,old,1/1,8,93,0,32,22,0,0,0,0,0,4,2,1,0,8,1,13,0,0,0,0,1,0,26,0,0,
pianoSvg/CS714.svg,old,1/1,4,106,0,4,7,0,0,0,0,28,0,2,1,0,4,1,4,0,0,0,0,1,0,58,0,0,
pianoSvg/CS715.svg,old,1/1,4,65,0,16,21,0,0,6,0,10,1,7,1,0,4,1,0,0,0,0,0,1,0,29,0,0,
pianoSvg/CS717.svg,old,1/1,3,29,0,3,0,0,0,0,0,5,1,4,1,0,3,1,0,0,0,0,0,1,0,17,0,0,
pianoSvg/CS718.svg,old,1/1,8,136,0,8,0,0,0,8,0,53,1,10,2,0,8,1,8,0,0,0,0,1,0,31,0,0,
pianoSvg/CS719.svg,old,1/1,4,82,0,8,9,0,0,0,0,46,1,11,2,0,4,1,0,1,0,0,0,1,0,18,0,0,
pianoSvg/CS722.svg,old,1/1,4,83,0,4,0,0,0,0,0,20,5,5,1,0,4,1,0,0,0,0,0,1,0,27,0,0,
pianoSvg/CS723.svg,old,1/1,4,102,0,8,2,0,0,28,0,16,1,0,1,0,4,1,0,1,0,0,0,1,0,46,0,0,
pianoSvg/CS724.svg,old,1/1,4,82,0,12,21,0,0,0,0,54,1,18,2,0,4,1,4,0,0,0,0,1,0,52,0,0,
pianoSvg/CS725.svg,old,1/1,4,76,0,6,0,0,0,2,0,29,1,22,1,0,4,1,0,0,0,0,0,1,0,27,0,0,
pianoSvg/CS726.svg,old,1/1,4,53,0,13,20,1,0,1,0,2,0,6,1,0,4,1,1,0,0,0,0,1,0,41,0,0,
pianoSvg/CS727.svg,old,1/1,4,49,0,4,0,0,0,0,0,13,5,4,2,0,4,1,1,0,0,0,0,1,0,19,0,0,
pianoSvg/CS728.svg,old,1/1,4,57,0,0,0,0,0,7,0,25,0,11,2,0,4,1,11,0,0,0,0,1,0,36,0,0,
pianoSvg/CS729.svg,old,1/1,4,39,0,4,0,0,0,0,0,11,0,12,2,0,4,1,0,0,0,0,0,1,0,20,0,0,
pianoSvg/CS730.svg,old,1/1,4,57,0,8,23,0,0,3,0,0,1,6,1,0,4,1,0,0,0,0,0,1,0,65,0,0,
pianoSvg/CS731.svg,old,1/1,4,69,0,9,12,1,0,3,0,11,5,1,2,0,4,1,16,0,0,0,0,1,0,34,0,0,
pianoSvg/CS732.svg,old,1/1,4,86,0,12,23,0,0,18,0,11,1,18,1,0,4,1,0,0,0,0,0,1,0,35,0,0,
pianoSvg/CS733.svg,old,1/1,8,150,0,17,11,1,0,4,0,65,2,18,2,0,8,1,20,1,0,0,0,1,0,32,0,0,
pianoSvg/CS734.svg,old,1/1,6,91,0,6,6,0,0,16,0,12,0,16,2,0,6,1,7,1,0,0,0,1,0,46,0,0,
pianoSvg/CS735.svg,old,1/1,4,81,0,8,18,0,0,3,0,41,3,31,1,0,4,1,0,0,0,0,0,1,0,38,0,0,
pianoSvg/CS736.svg,old,1/1,4,48,0,11,1,0,0,0,0,3,0,3,1,0,4,1,7,0,0,0,0,1,0,29,0,0,
pianoSvg/CS737.svg,old,1/1,4,102,0,4,5,0,0,0,0,0,1,9,1,0,4,1,6,6,0,0,0,1,0,40,0,0,
pianoSvg/CS738.svg,old,1/1,2,32,0,2,3,0,0,0,0,8,1,0,2,0,2,1,0,0,0,0,0,1,0,33,0,0,
pianoSvg/CS739.svg,old,1/1,3,44,0,3,0,0,0,2,0,8,0,2,1,0,3,1,3,0,0,0,0,1,0,16,0,0,
pianoSvg/CS740.svg,old,1/1,4,66,0,10,34,1,0,2,0,0,0,2,1,0,4,1,0,0,0,0,0,1,0,92,0,0,
pianoSvg/CS741.svg,old,1/1,5,77,0,11,25,0,0,2,0,20,1,2,2,0,5,1,10,0,0,0,0,1,0,64,0,0,
pianoSvg/CS742.svg,old,1/1,4,49,0,20,23,0,0,2,0,1,1,2,1,0,4,1,1,0,0,0,0,1,0,38,0,0,
pianoSvg/CS743.svg,old,1/1,4,66,0,4,3,0,0,5,0,0,0,5,1,0,4,1,0,0,0,0,0,1,0,74,0,0,
pianoSvg/CS744.svg,old,1/1,5,86,0,27,38,6,0,10,0,10,2,33,2,0,5,1,11,0,0,0,0,1,0,103,0,0,
pianoSvg/CS745.svg,old,1/1,4,53,0,8,7,0,0,11,0,0,3,14,1,0,4,1,0,0,0,0,0,1,0,56,0,0,
pianoSvg/CS746.svg,old,1/1,3,46,0,3,4,0,0,0,0,16,1,2,1,0,3,1,0,1,0,0,0,1,0,24,0,0,
pianoSvg/CS747.svg,old,1/1,4,74,0,0,0,0,0,5,0,7,1,5,1,0,4,1,10,5,0,0,0,1,0,62,0,0,
pianoSvg/CS748.svg,old,1/1,6,94,0,6,0,0,0,10,0,19,1,10,1,0,6,1,0,0,0,0,0,1,0,35,0,0,
pianoSvg/CS749.svg,old,1/1,6,92,0,24,28,0,0,14,0,12,0,14,1,0,6,1,2,0,0,0,0,1,0,39,0,0,
pianoSvg/CS750.svg,old,1/1,4,62,0,4,1,0,0,7,0,32,1,22,2,0,4,1,2,0,0,0,0,1,0,42,0,0,
pianoSvg/CS751.svg,old,1/1,8,154,0,16,19,0,0,10,0,34,1,22,1,0,8,1,15,1,0,0,0,1,0,58,0,0,
pianoSvg/CS752.svg,old,1/1,8,146,0,16,22,0,0,9,0,37,1,20,1,0,8,1,2,2,0,0,0,1,0,57,0,0,
pianoSvg/CS761.svg,old,1/1,4,59,0,4,6,0,0,0,0,0,0,8,2,0,4,1,3,1,0,0,0,1,0,58,0,0,
pianoSvg/CS762.svg,old,1/1,6,116,0,24,26,0,0,8,0,33,6,12,1,0,6,1,3,1,0,0,0,1,0,42,0,0,
pianoSvg/CS801.svg,old,1/1,6,109,0,6,0,0,0,15,0,20,7,4,1,0,6,1,13,0,0,0,0,1,0,64,0,0,
pianoSvg/CS802.svg,old,1/1,4,64,0,4,4,0,0,0,0,16,1,17,2,0,4,1,0,0,0,0,0,1,0,59,0,0,
pianoSvg/CS803.svg,old,1/1,4,53,0,6,0,0,0,0,0,13,2,6,1,0,4,1,12,0,0,0,0,1,0,21,0,0,
pianoSvg/CS804.svg,old,1/1,4,88,0,9,18,1,0,0,0,28,0,12,1,0,4,1,0,0,0,0,0,1,0,51,0,0,
pianoSvg/CS805.svg,old,1/1,4,54,0,2,2,0,0,1,0,0,1,4,1,0,4,1,0,0,0,0,0,1,0,55,0,0,
pianoSvg/CS807.svg,old,1/1,4,49,0,4,2,0,0,0,0,0,1,3,1,0,4,1,6,0,0,0,0,1,0,30,0,0,
pianoSvg/CS808.svg,old,1/1,6,102,0,12,7,0,0,9,0,24,1,21,2,0,6,1,17,0,0,0,0,1,0,77,0,0,
pianoSvg/CS809.svg,old,1/1,5,78,0,15,19,0,0,4,0,14,2,5,1,0,5,1,1,0,0,0,0,1,0,25,0,0,
pianoSvg/CS811.svg,old,1/1,4,82,0,5,6,0,0,1,0,0,4,7,1,0,4,1,3,2,0,0,0,1,0,64,0,0,
pianoSvg/CS813.svg,old,1/1,9,208,0,23,2,0,0,14,0,57,14,2,1,0,9,1,36,0,0,0,0,1,0,37,0,0,
pianoSvg/CS814.svg,old,1/1,8,88,0,60,11,16,0,0,0,0,0,4,2,0,8,1,2,0,0,0,0,2,0,32,0,0,
pianoSvg/CS816.svg,old,1/1,4,74,0,4,7,0,0,3,0,20,2,11,1,0,4,1,6,0,0,0,0,1,0,80,0,0,
pianoSvg/CS817.svg,old,1/1,4,74,0,4,7,0,0,3,0,20,2,11,1,0,4,1,6,0,0,0,0,1,0,80,0,0,
pianoSvg/CS819.svg,old,1/1,8,88,0,16,0,0,0,11,0,9,1,15,2,0,8,1,7,0,0,0,0,1,0,46,0,0,
pianoSvg/CS820.svg,old,1/1,5,96,0,5,1,0,0,0,0,20,0,0,1,0,5,1,7,0,0,0,0,1,0,35,0,0,
pianoSvg/CS821.svg,old,1/1,4,34,0,12,1,0,0,2,0,0,0,6,2,0,4,1,2,0,0,0,0,3,0,20,0,0,
pianoSvg/CS822.svg,old,1/1,4,56,0,12,11,0,0,1,0,9,8,0,1,0,4,1,3,0,0,0,0,1,0,21,0,0,
pianoSvg/CS823.svg,old,1/1,6,131,0,12,10,0,0,0,0,18,2,7,2,0,6,1,8,0,0,0,0,1,0,75,0,0,
pianoSvg/CS824.svg,old,1/1,13,200,0,34,18,0,0,9,1,46,8,14,1,0,13,1,22,0,0,0,0,1,0,130,0,0,
pianoSvg/CS826.svg,old,1/1,7,81,0,7,4,0,0,0,0,11,2,1,1,0,7,1,26,0,0,0,0,1,0,31,0,0,
pianoSvg/CS827.svg,old,1/1,5,78,0,0,0,0,0,2,0,18,1,9,1,2,5,3,12,0,0,0,0,3,0,18,0,0,
pianoSvg/CS828.svg,old,1/1,4,58,0,4,0,0,0,8,0,2,2,7,1,0,4,1,7,0,0,0,0,1,0,40,0,0,
pianoSvg/CS829.svg,old,1/1,7,136,0,7,0,0,0,0,0,33,6,1,1,0,7,1,19,0,0,0,0,1,0,39,0,0,
pianoSvg/CS830.svg,old,1/1,4,68,0,16,29,0,0,8,0,24,3,23,1,0,4,1,0,0,0,0,0,1,0,44,0,0,
pianoSvg/CS831.svg,old,1/1,4,69,0,8,4,0,0,19,0,11,1,4,2,0,4,1,2,0,0,0,0,1,0,41,0,0,
pianoSvg/CS832.svg,old,1/1,4,68,0,13,6,1,0,8,0,11,3,9,1,0,4,1,10,0,0,0,0,1,0,32,0,0,
pianoSvg/CS833.svg,old,1/1,4,95,0,6,2,1,0,1,0,19,1,1,1,0,4,1,8,0,0,0,0,1,1,15,0,0,（第一節）
pianoSvg/CS835.svg,old,1/1,4,45,0,16,15,0,0,4,0,18,0,10,2,0,4,1,3,0,0,0,0,1,0,24,0,0,
pianoSvg/CS836.svg,old,1/1,8,104,0,13,9,2,0,15,0,1,1,15,1,0,8,1,8,2,0,0,0,1,0,53,0,0,
pianoSvg/CS837.svg,old,1/1,4,93,0,12,19,0,0,2,0,17,1,2,1,0,4,1,17,1,0,0,0,1,0,28,0,0,
pianoSvg/CS838.svg,old,1/1,5,96,0,5,8,0,0,15,0,21,1,23,1,0,5,1,3,0,0,0,0,1,0,66,0,0,
pianoSvg/CS839.svg,old,1/1,6,85,0,6,3,0,0,3,0,1,0,24,2,0,6,2,22,0,0,0,0,3,0,72,0,0,
pianoSvg/CS840.svg,old,1/1,4,65,0,16,21,0,0,6,0,10,1,7,1,0,4,1,0,0,0,0,0,1,0,29,0,0,
pianoSvg/CS841.svg,old,1/1,6,80,0,18,0,0,0,3,0,13,1,13,1,2,6,3,16,0,0,0,0,1,0,29,0,0,
pianoSvg/CS842.svg,old,1/1,4,68,0,8,0,0,0,4,0,8,2,5,1,0,4,1,15,0,0,0,0,1,0,20,0,0,
pianoSvg/CS843.svg,old,1/1,4,48,0,16,16,0,0,0,0,0,0,2,1,0,4,1,6,0,0,0,0,1,0,24,0,0,
pianoSvg/CS844.svg,old,1/1,6,106,0,6,3,0,0,6,0,18,6,10,1,0,6,1,12,0,0,0,0,1,0,50,0,0,
pianoSvg/CS845.svg,old,1/1,4,71,0,12,0,0,0,0,0,17,1,2,1,0,4,1,8,0,0,0,0,1,0,26,0,0,
pianoSvg/CS846.svg,old,1/1,6,85,0,7,2,0,0,15,0,5,1,20,1,0,6,1,6,0,0,0,0,1,0,72,0,0,
pianoSvg/CS847.svg,old,1/1,10,186,0,10,1,0,0,10,0,52,1,36,1,0,10,1,4,3,0,0,0,1,0,29,0,0,
pianoSvg/CS848.svg,old,1/1,4,53,0,12,9,0,0,2,0,31,1,31,1,0,4,1,0,0,0,0,0,1,1,29,0,0,3
pianoSvg/CS849.svg,old,1/1,4,60,0,8,12,0,0,4,0,10,1,13,1,0,4,1,4,0,0,0,0,1,0,31,0,0,
pianoSvg/CS860.svg,old,1/1,5,92,0,22,7,0,0,2,1,24,3,18,1,0,5,1,4,0,0,0,0,1,2,31,0,0,3 | 3
pianoSvg/CS861.svg,old,1/1,9,214,0,13,2,2,0,8,0,27,11,3,1,0,9,1,32,1,0,0,0,1,0,108,0,0,
pianoSvg/CS862.svg,old,1/1,3,36,0,6,1,0,0,5,0,5,0,7,1,0,3,1,4,0,0,0,0,1,0,18,0,0,
pianoSvg/CS863.svg,old,1/1,4,77,0,20,29,2,0,0,0,25,0,14,1,0,4,1,0,0,0,0,0,1,0,46,0,0,
pianoSvg/CS864.svg,old,1/1,11,155,0,44,40,0,0,8,0,15,4,17,1,0,11,1,18,0,0,0,0,1,1,58,0,0,3
pianoSvg/CS865.svg,old,1/1,8,141,0,8,0,0,0,20,0,17,4,19,1,0,8,1,10,0,0,0,0,1,3,53,0,0,3 | 3 | 3
pianoSvg/CS866.svg,old,1/1,4,59,0,4,0,0,0,5,0,19,3,20,1,0,4,1,6,0,0,0,0,1,1,25,0,0,3
pianoSvg/CS867.svg,old,1/1,6,154,0,12,4,0,0,24,0,8,1,26,1,0,6,1,10,0,0,0,0,1,7,59,0,0,3 | 3 | 3 | 3
pianoSvg/CS870.svg,old,1/1,6,101,0,1,0,0,0,12,0,12,4,18,1,0,6,1,5,0,0,0,0,1,3,45,0,0,3 | 3 | 3
pianoSvg/CS871.svg,old,1/1,8,111,0,1,0,0,0,10,0,5,5,12,1,0,8,1,6,0,0,0,0,1,7,62,0,0,3 | 3 | 3 | 3
pianoSvg/CS872.svg,old,1/1,6,118,0,12,8,0,0,14,0,34,1,26,1,0,6,1,0,0,0,0,0,1,0,48,0,0,
pianoSvg/CS873.svg,old,1/1,7,108,0,15,5,0,0,10,0,19,1,27,1,3,7,3,8,0,0,0,0,3,3,47,0,0,3 | 3 | 3
pianoSvg/CS874.svg,old,1/1,5,102,0,0,0,0,0,12,0,10,7,12,1,0,5,1,12,0,0,0,0,1,0,43,0,0,
pianoSvg/CS875.svg,old,1/1,4,70,0,16,15,0,0,0,0,34,4,21,1,0,4,1,1,0,0,0,0,1,0,21,0,0,
pianoSvg/CS878.svg,old,1/1,6,93,0,6,6,0,0,0,0,19,0,5,1,0,6,1,5,0,0,0,0,1,0,41,0,0,
pianoSvg/CS879.svg,old,1/1,6,94,0,14,11,1,0,7,0,20,1,18,1,0,6,1,14,0,0,0,0,1,0,35,0,0,
pianoSvg/CS880.svg,old,1/1,8,101,0,16,17,0,0,4,0,22,2,30,1,0,8,1,8,0,0,0,0,1,5,50,0,0,3 | 3 | 3 | 3
pianoSvg/CS902.svg,old,1/1,3,50,0,3,4,0,0,0,0,12,1,5,2,0,3,1,0,0,0,0,0,1,0,33,0,0,
pianoSvg/CS903.svg,old,1/1,3,46,0,6,0,0,0,0,0,12,2,2,1,0,3,1,8,0,0,0,0,1,0,10,0,0,
pianoSvg/CS904.svg,old,1/1,4,47,0,4,1,0,0,6,0,10,0,9,1,0,4,1,3,0,0,0,0,1,0,21,0,0,
pianoSvg/CS906.svg,old,1/1,6,120,0,2,1,0,0,9,3,14,17,15,1,0,6,1,25,0,0,0,0,1,0,60,0,0,
pianoSvg/CS907.svg,old,1/1,4,59,0,4,5,0,0,12,0,3,1,16,1,0,4,1,3,0,0,0,0,1,0,57,0,0,
pianoSvg/CS908.svg,old,1/1,3,64,0,0,0,0,0,0,0,20,4,0,2,0,3,1,8,0,0,0,0,1,0,31,0,0,
pianoSvg/CS910.svg,old,1/1,8,88,0,16,0,0,0,11,0,9,1,15,2,0,8,1,7,0,0,0,0,1,0,46,0,0,
pianoSvg/CS911.svg,old,1/1,3,63,0,9,3,0,0,0,0,19,1,1,1,0,3,1,0,0,0,0,0,1,0,37,0,0,
pianoSvg/CS913.svg,old,1/1,4,71,0,13,32,1,0,6,0,10,0,6,1,0,4,1,11,0,0,0,0,1,0,58,0,0,
pianoSvg/CS926.svg,old,1/1,8,229,0,16,0,0,0,11,0,42,3,19,1,3,8,3,14,0,0,0,0,1,0,0,0,0,
pianoSvg/CS927.svg,old,1/1,8,136,0,8,4,0,0,26,0,25,1,31,1,0,8,1,0,0,0,0,0,1,0,86,0,0,
pianoSvg/CS928.svg,old,1/1,8,99,0,32,31,0,0,8,0,1,1,8,1,0,8,1,12,0,0,0,0,1,13,49,0,0,3 | 3 | 3 | 3
pianoSvg/E1.svg,old,1/1,2,25,0,8,11,0,0,0,0,0,0,0,1,0,2,1,1,0,0,0,0,1,0,19,0,0,
pianoSvg/E10.svg,old,1/1,4,42,0,4,1,0,0,0,0,0,1,0,2,0,4,1,10,0,0,0,0,1,0,37,0,0,
pianoSvg/E100.svg,old,1/1,2,39,0,9,22,1,0,0,0,1,1,1,2,0,2,1,6,0,0,0,0,1,0,40,0,0,
pianoSvg/E1000.svg,old,1/1,4,60,0,8,13,0,0,0,0,0,0,0,1,0,4,1,0,0,0,0,0,1,0,81,0,0,
pianoSvg/E1001.svg,old,1/1,4,77,0,1,0,0,0,0,0,0,1,32,2,0,4,1,5,0,0,0,0,1,0,62,0,0,
pianoSvg/E1002.svg,old,1/1,4,51,0,16,24,0,0,0,0,28,4,5,2,0,4,1,4,0,0,0,0,1,0,39,0,0,
pianoSvg/E1003.svg,old,1/1,2,45,0,0,0,0,0,0,0,0,1,0,2,0,2,1,1,0,0,0,0,1,0,40,0,0,
pianoSvg/E1004.svg,old,1/1,4,50,0,8,5,0,0,4,0,4,0,4,1,0,4,1,2,0,0,0,0,1,0,73,0,0,
pianoSvg/E1005.svg,old,1/1,4,64,0,0,0,0,0,0,0,29,1,18,1,0,4,1,3,1,0,0,0,1,0,66,0,0,
pianoSvg/E1006.svg,old,1/1,4,67,0,8,28,0,0,12,0,9,1,16,1,0,4,1,11,0,0,0,0,1,0,68,0,0,
pianoSvg/E1007.svg,old,1/1,4,75,0,16,47,0,0,0,0,20,1,6,1,0,4,1,0,0,0,0,0,1,0,84,0,0,
pianoSvg/E1008.svg,old,1/1,4,57,0,4,7,0,0,0,0,3,0,0,1,0,4,1,1,0,0,0,0,1,0,68,0,0,
pianoSvg/E1009.svg,old,1/1,4,69,0,14,6,0,0,3,0,25,1,14,1,0,4,1,0,0,0,0,0,1,0,64,0,0,
pianoSvg/E101.svg,old,1/1,2,38,0,7,25,1,0,0,0,1,1,0,2,0,2,1,5,0,0,0,0,1,0,59,0,0,
pianoSvg/E1010.svg,old,1/1,4,60,0,12,34,0,0,0,0,0,1,0,2,0,4,1,0,1,0,0,0,1,0,76,0,0,
pianoSvg/E1011.svg,old,1/1,4,53,0,0,0,0,0,9,0,0,3,12,1,0,4,1,1,0,0,0,0,1,0,74,0,0,
pianoSvg/E1012.svg,old,1/1,4,60,0,16,38,0,0,0,0,9,2,4,1,0,4,1,0,0,0,0,0,1,0,68,0,0,
pianoSvg/E1013.svg,old,1/1,4,85,0,9,5,2,0,3,3,42,0,30,1,0,4,1,2,0,0,0,0,1,0,68,0,0,
pianoSvg/E1014.svg,old,1/1,4,74,0,4,6,0,0,0,0,23,0,7,1,0,4,1,0,0,0,0,0,1,0,102,0,0,
pianoSvg/E1015.svg,old,1/1,4,57,0,0,0,0,0,7,0,25,0,11,2,0,4,1,11,0,0,0,0,1,0,41,0,0,
pianoSvg/E1016.svg,old,1/1,4,62,0,8,5,0,0,10,0,12,4,6,2,0,4,1,0,0,0,0,0,1,0,57,0,0,
pianoSvg/E1017.svg,old,1/1,5,81,0,10,18,0,0,3,0,41,3,31,1,0,5,1,0,0,0,0,0,1,0,38,0,0,
pianoSvg/E1018.svg,old,1/1,4,73,0,6,3,2,0,11,0,15,1,6,2,0,4,1,0,2,0,0,0,1,0,72,0,0,
pianoSvg/E1019.svg,old,1/1,4,74,0,16,34,3,0,14,0,16,1,6,2,0,4,1,7,3,0,0,0,1,0,65,0,0,
pianoSvg/E102.svg,old,1/1,2,39,0,9,22,1,0,0,0,1,1,1,2,0,2,1,6,0,0,0,0,1,0,40,0,0,
pianoSvg/E1020.svg,old,1/1,4,45,0,12,25,0,0,6,0,0,1,6,1,0,4,1,7,4,0,0,0,1,0,57,0,0,
pianoSvg/E1021.svg,old,1/1,4,59,0,4,12,0,0,12,0,3,1,16,1,0,4,1,3,0,0,0,0,1,0,85,0,0,
pianoSvg/E1022.svg,old,1/1,2,31,0,2,1,0,0,8,0,12,1,14,2,0,2,1,0,1,0,0,0,1,0,33,0,0,
pianoSvg/E1023.svg,old,1/1,4,52,0,9,6,0,0,0,0,0,1,4,1,0,4,1,0,0,0,0,0,1,0,69,0,0,
pianoSvg/E1024.svg,old,1/1,4,85,0,8,11,0,0,3,0,0,2,12,1,0,4,1,1,0,0,0,0,1,0,103,0,0,
pianoSvg/E1025.svg,old,1/1,4,65,0,11,21,3,0,1,0,16,1,16,2,0,4,1,5,0,0,0,0,1,0,67,0,0,
pianoSvg/E1026.svg,old,1/1,2,20,0,7,12,1,0,0,0,0,1,4,1,0,2,1,0,0,0,0,0,1,0,21,0,0,
pianoSvg/E1027.svg,old,1/1,4,73,0,7,3,1,0,4,3,25,6,13,2,0,4,1,6,5,0,0,0,1,0,70,0,0,
pianoSvg/E1028.svg,old,1/1,4,64,0,9,23,1,0,1,0,0,4,13,2,0,4,1,8,0,0,0,0,1,0,69,0,0,
pianoSvg/E1029.svg,old,1/1,4,86,0,4,1,0,0,9,0,16,0,9,1,0,4,1,5,0,0,0,0,1,0,46,0,0,
pianoSvg/E103.svg,old,1/1,4,78,0,12,31,0,0,18,0,6,1,25,2,0,4,1,20,0,0,0,0,1,0,70,0,0,
pianoSvg/E1030.svg,old,1/1,4,73,0,14,42,0,0,5,0,15,1,8,1,0,4,1,6,2,0,0,0,1,0,82,0,0,
pianoSvg/E1031.svg,old,1/1,4,56,0,4,1,0,0,10,0,2,3,14,1,0,4,1,2,0,0,0,0,1,0,63,0,0,
pianoSvg/E1032.svg,old,1/1,3,51,0,12,41,0,0,0,0,6,0,0,1,0,3,1,6,0,0,0,0,1,0,69,0,0,
pianoSvg/E1033.svg,old,1/1,4,62,0,9,23,0,0,2,0,14,4,12,2,0,4,1,4,1,0,0,0,1,0,62,0,0,
pianoSvg/E1034.svg,old,1/1,4,78,0,0,1,0,0,0,0,28,2,16,1,0,4,1,0,2,0,0,0,1,0,60,0,0,
pianoSvg/E1035.svg,old,1/1,4,72,0,5,5,1,0,0,0,27,4,9,1,0,4,1,5,1,0,0,0,1,0,61,0,0,
pianoSvg/E1036.svg,old,1/1,6,71,0,6,3,0,0,0,0,29,0,3,2,0,6,1,1,0,0,0,0,1,0,58,0,0,
pianoSvg/E1037.svg,old,1/1,5,74,0,20,40,0,0,2,0,28,1,11,2,0,5,1,6,1,0,0,0,1,6,79,0,0,3 | 3 | 3 | 3
pianoSvg/E1038.svg,old,1/1,4,67,0,16,36,0,0,6,0,20,1,16,2,0,4,1,2,2,0,0,0,1,0,59,0,0,
pianoSvg/E1039.svg,old,1/1,4,46,0,8,22,0,0,0,0,7,4,11,1,0,4,1,2,0,0,0,0,1,0,48,0,0,
pianoSvg/E104.svg,old,1/1,2,33,0,2,2,0,0,0,0,3,1,1,2,0,2,1,5,0,0,0,0,1,0,57,0,0,
pianoSvg/E1040.svg,old,1/1,6,82,0,7,9,0,0,1,0,1,6,17,2,0,6,1,7,0,0,0,0,1,0,94,0,0,
pianoSvg/E1041.svg,old,1/1,4,63,0,8,2,0,0,7,0,15,0,16,2,0,4,1,2,2,0,0,0,1,0,48,0,0,
pianoSvg/E1042.svg,old,1/1,4,64,0,0,2,0,0,16,0,0,1,33,2,0,4,1,10,0,0,0,0,1,0,67,0,0,
pianoSvg/E1043.svg,old,1/1,4,95,0,8,6,0,0,6,6,61,1,47,1,0,4,1,6,2,0,0,0,1,1,71,0,0,3
pianoSvg/E1044.svg,old,1/1,3,39,0,6,19,0,0,3,0,0,2,5,1,0,3,1,0,0,0,0,0,1,0,43,0,0,
pianoSvg/E1045.svg,old,1/1,4,52,0,13,39,0,0,1,0,20,1,23,1,0,4,1,4,0,0,0,0,1,0,74,0,0,
pianoSvg/E1046.svg,old,1/1,2,43,0,2,2,0,0,11,0,0,0,21,2,0,2,1,3,1,0,0,0,1,0,56,0,0,
pianoSvg/E1047.svg,old,1/1,3,57,0,0,0,0,0,0,0,0,1,0,2,0,3,1,9,0,0,0,0,1,0,76,0,0,
pianoSvg/E1048.svg,old,1/1,2,41,0,6,28,0,0,5,0,2,1,8,2,0,2,1,9,0,0,0,0,1,0,62,0,0,
pianoSvg/E1049.svg,old,1/1,2,31,0,2,1,0,0,0,0,0,1,4,2,0,2,1,1,0,0,0,0,1,0,37,0,0,
pianoSvg/E105.svg,old,1/1,4,51,0,8,4,3,0,5,0,0,1,10,1,0,4,1,2,0,0,0,0,1,0,55,0,0,
pianoSvg/E1050.svg,old,1/1,4,67,0,9,4,0,0,14,0,0,2,23,2,0,4,1,2,0,0,0,0,1,0,79,0,0,
pianoSvg/E1051.svg,old,1/1,4,50,0,8,6,0,0,8,0,11,2,10,2,0,4,1,1,2,0,0,0,1,0,75,0,0,
pianoSvg/E1052.svg,old,1/1,4,52,0,16,40,0,0,17,0,0,6,18,1,0,4,1,3,0,0,0,0,1,0,75,0,0,
pianoSvg/E1053.svg,old,1/1,2,41,0,6,28,0,0,5,0,2,1,8,2,0,2,1,9,0,0,0,0,1,0,62,0,0,
pianoSvg/E1054.svg,old,1/1,4,49,0,4,1,0,0,7,0,9,4,17,1,0,4,1,1,0,0,0,0,1,0,78,0,0,
pianoSvg/E1055.svg,old,1/1,4,58,0,4,9,0,0,0,0,0,0,6,2,0,4,1,0,0,0,0,0,1,0,72,0,0,
pianoSvg/E1056.svg,old,1/1,4,62,0,8,4,0,0,26,0,2,1,4,2,0,4,1,6,0,0,0,0,1,0,69,0,0,
pianoSvg/E1057.svg,old,1/1,4,61,0,16,12,0,0,19,0,0,8,15,2,0,4,1,5,0,0,0,0,1,0,71,0,0,
pianoSvg/E1058.svg,old,1/1,3,42,0,6,22,0,0,4,0,20,1,12,2,0,3,1,0,0,0,0,0,1,0,55,0,0,
pianoSvg/E1059.svg,old,1/1,4,51,0,4,7,0,0,19,0,0,6,7,2,0,4,1,0,0,0,0,0,1,0,74,0,0,
pianoSvg/E106.svg,old,1/1,4,54,0,5,4,1,0,0,0,5,1,5,1,0,4,1,6,1,0,0,0,1,0,66,0,0,
pianoSvg/E1060.svg,old,1/1,4,77,0,4,8,0,0,0,0,22,1,6,1,0,4,1,7,1,0,0,0,1,0,74,0,0,
pianoSvg/E1061.svg,old,1/1,4,67,0,5,6,1,0,7,0,0,2,14,2,0,4,1,3,0,0,0,0,1,0,65,0,0,
pianoSvg/E1062.svg,old,1/1,4,56,0,4,6,0,0,8,0,24,1,16,2,0,4,1,0,0,0,0,0,1,0,75,0,0,
pianoSvg/E1063.svg,old,1/1,6,67,0,6,8,0,0,0,0,0,0,0,1,0,6,1,1,0,0,0,0,1,0,92,0,0,
pianoSvg/E1064.svg,old,1/1,6,85,0,7,5,0,0,15,0,5,1,20,1,0,6,1,6,0,0,0,0,1,0,95,0,0,
pianoSvg/E1065.svg,old,1/1,4,52,0,8,24,0,0,8,0,0,1,8,1,0,4,1,0,0,0,0,0,1,0,69,0,0,
pianoSvg/E1066.svg,old,1/1,4,60,0,4,0,0,0,6,0,16,4,16,1,0,4,1,2,0,0,0,0,1,0,57,0,0,
pianoSvg/E1067.svg,old,1/1,4,84,0,15,33,2,0,4,0,52,1,30,1,0,4,1,0,0,0,0,0,1,0,62,0,0,
pianoSvg/E1068.svg,old,1/1,5,77,0,6,7,0,0,31,0,0,1,15,2,0,5,1,5,1,0,0,0,1,0,103,0,0,
pianoSvg/E1069.svg,old,1/1,4,84,0,0,2,0,0,8,4,20,1,14,1,0,4,1,12,0,0,0,0,1,0,84,0,0,
pianoSvg/E107.svg,old,1/1,2,26,0,0,1,0,0,0,0,0,1,0,2,0,2,1,0,0,0,0,0,1,0,39,0,0,
pianoSvg/E1070.svg,old,1/1,8,98,0,16,42,0,0,24,0,5,6,29,2,0,8,1,12,0,0,0,0,1,0,133,0,0,
pianoSvg/E1071.svg,old,1/1,4,73,0,0,0,0,0,15,0,21,1,29,8,0,4,1,17,0,0,0,0,1,0,88,0,0,
pianoSvg/E1072.svg,old,1/1,4,65,0,2,0,0,0,17,0,13,1,1,2,0,4,1,5,0,0,0,0,1,0,63,0,0,
pianoSvg/E1073.svg,old,1/1,4,70,0,12,50,0,0,2,0,10,0,2,2,0,4,1,10,0,0,0,0,1,0,105,0,0,
pianoSvg/E1074.svg,old,1/1,4,56,0,0,2,0,0,5,0,7,4,11,1,0,4,1,0,0,0,0,0,1,0,88,0,0,
pianoSvg/E1075.svg,old,1/1,6,95,0,2,1,0,0,0,0,23,5,13,1,0,6,1,16,3,0,0,0,1,0,102,0,0,
pianoSvg/E1076.svg,old,1/1,4,59,0,15,23,3,0,2,0,5,1,6,1,0,4,1,7,0,0,0,0,1,1,68,0,0,* The Compilers prefer that the following three lines be used in place of the last three lines in verse 2: Had sinned bu
pianoSvg/E1077.svg,old,1/1,4,64,0,4,2,0,0,14,0,20,3,6,2,0,4,1,4,4,0,0,0,1,1,59,0,0,(Repeat the last line of each stanza)
pianoSvg/E1078.svg,old,1/1,4,87,0,1,1,0,0,9,0,16,4,11,1,0,4,1,3,0,0,0,0,1,0,65,0,0,
pianoSvg/E1079.svg,old,1/1,4,82,0,12,29,0,0,0,0,54,1,18,2,0,4,1,4,0,0,0,0,1,0,76,0,0,
pianoSvg/E108.svg,old,1/1,2,29,0,4,9,0,0,0,0,4,0,2,1,0,2,1,0,0,0,0,0,1,0,34,0,0,
pianoSvg/E1080.svg,old,1/1,4,53,0,13,39,0,0,1,0,22,1,24,1,0,4,1,2,0,0,0,0,1,0,74,0,0,
pianoSvg/E1081.svg,old,1/1,4,70,0,0,1,0,0,5,0,18,4,13,1,0,4,1,6,2,0,0,0,1,0,79,0,0,
pianoSvg/E1082.svg,old,1/1,2,48,0,2,3,0,0,0,0,3,1,1,2,0,2,1,4,0,0,0,0,1,0,59,0,0,
pianoSvg/E1083.svg,old,1/1,6,115,0,30,52,5,0,1,0,40,2,19,1,0,6,1,0,0,0,0,0,1,6,93,0,0,3 | 3 | 3 | 3
pianoSvg/E1084.svg,old,1/1,4,40,0,4,4,0,0,1,0,3,2,8,2,0,4,1,7,0,0,0,0,1,0,54,0,0,
pianoSvg/E1085.svg,old,1/1,4,83,0,5,5,1,0,9,0,9,1,13,2,0,4,1,2,0,0,0,0,1,0,113,0,0,
pianoSvg/E1086.svg,old,1/1,4,54,0,13,3,3,0,8,0,23,1,20,2,0,4,1,5,0,0,0,0,1,3,59,0,0,3 | 3 | 3
pianoSvg/E1087.svg,old,1/1,4,57,0,0,0,0,0,7,0,25,0,11,2,0,4,1,5,0,0,0,0,1,0,41,0,0,
pianoSvg/E1088.svg,old,1/1,4,61,0,4,8,0,0,6,0,26,1,15,2,0,4,1,3,0,0,0,0,1,0,77,0,0,
pianoSvg/E1089.svg,old,1/1,4,59,0,4,5,0,0,6,0,5,0,6,1,0,4,1,7,0,0,0,0,1,0,51,0,0,
pianoSvg/E109.svg,old,1/1,2,34,0,9,22,1,0,0,0,0,1,2,2,0,2,1,7,0,0,0,0,1,0,36,0,0,
pianoSvg/E1090.svg,old,1/1,2,29,0,6,26,0,0,0,0,0,1,3,1,0,2,1,1,0,0,0,0,1,0,54,0,0,
pianoSvg/E1091.svg,old,1/1,3,60,0,7,7,0,0,8,0,0,1,14,1,0,3,1,0,0,0,0,0,1,0,51,0,0,
pianoSvg/E1092.svg,old,1/1,4,55,0,5,3,0,0,6,0,1,1,10,1,0,4,1,3,0,0,0,0,1,0,67,0,0,
pianoSvg/E1093.svg,old,1/1,2,39,0,9,22,1,0,0,0,1,1,1,2,0,2,1,6,0,0,0,0,1,0,40,0,0,
pianoSvg/E1094.svg,old,1/1,4,72,0,4,6,0,0,2,0,1,0,6,2,0,4,1,12,0,0,0,0,1,0,76,0,0,
pianoSvg/E1095.svg,old,1/1,4,58,0,4,2,0,0,5,0,6,4,6,1,0,4,1,6,1,0,0,0,1,0,61,0,0,
pianoSvg/E1096.svg,old,1/1,4,52,0,4,14,0,0,10,0,0,3,13,1,0,4,1,0,0,0,0,0,1,0,102,0,0,
pianoSvg/E1097.svg,old,1/1,4,74,0,5,9,1,0,0,0,0,2,12,2,0,4,1,18,1,0,0,0,1,0,122,0,0,
pianoSvg/E1098.svg,old,1/1,4,55,0,9,6,0,0,0,0,1,1,2,1,0,4,1,3,0,0,0,0,1,0,69,0,0,
pianoSvg/E1099.svg,old,1/1,4,55,0,9,6,0,0,0,0,1,1,2,1,0,4,1,3,0,0,0,0,1,0,69,0,0,
pianoSvg/E11.svg,old,1/1,2,28,0,8,13,0,0,5,0,0,1,7,1,0,2,1,0,0,0,0,0,1,0,22,0,0,
pianoSvg/E110.svg,old,1/1,3,52,0,7,7,0,0,10,0,0,1,12,1,0,3,1,0,1,0,0,0,1,0,65,0,0,
pianoSvg/E1100.svg,old,1/1,4,61,0,4,8,0,0,6,0,26,1,15,2,0,4,1,2,0,0,0,0,1,0,77,0,0,
pianoSvg/E1101.svg,old,1/1,4,81,0,8,18,0,0,3,0,41,3,31,1,0,4,1,0,0,0,0,0,1,0,38,0,0,
pianoSvg/E1102.svg,old,1/1,4,59,0,15,23,3,0,2,0,5,1,6,1,0,4,1,7,0,0,0,0,1,0,68,0,0,
pianoSvg/E1103.svg,old,1/1,3,45,0,3,3,0,0,4,0,10,1,6,1,0,3,1,6,0,0,0,0,1,0,27,0,0,
pianoSvg/E1104.svg,old,1/1,4,80,0,4,10,0,0,14,0,0,1,20,1,0,4,1,0,0,0,0,0,1,0,87,0,0,
pianoSvg/E1105.svg,old,1/1,4,70,0,16,36,0,0,12,0,6,0,12,1,0,4,1,10,0,0,0,0,1,0,69,0,0,
pianoSvg/E1106.svg,old,1/1,4,48,0,0,0,0,0,10,0,2,1,10,2,0,4,1,1,0,0,0,0,1,0,67,0,0,
pianoSvg/E1107.svg,old,1/1,4,78,0,8,18,0,0,6,0,16,10,6,1,0,4,1,0,3,0,0,0,1,0,67,0,0,
pianoSvg/E1108.svg,old,1/1,4,73,0,12,33,0,0,7,0,14,3,8,1,0,4,1,5,0,0,0,0,1,1,75,0,0,(Do not repeat chorus after last verse)
pianoSvg/E1109.svg,old,1/1,4,49,0,4,2,0,0,0,0,0,1,4,1,0,4,1,1,0,0,0,0,1,0,54,0,0,
pianoSvg/E111.svg,old,1/1,2,28,0,2,4,0,0,0,0,0,1,3,2,0,2,1,2,0,0,0,0,1,0,41,0,0,
pianoSvg/E1110.svg,old,1/1,4,78,0,8,18,0,0,6,0,16,10,6,1,0,4,1,0,3,0,0,0,1,0,67,0,0,
pianoSvg/E1111.svg,old,1/1,4,59,0,4,11,0,0,0,0,0,0,8,2,0,4,1,3,1,0,0,0,1,0,78,0,0,
pianoSvg/E1112.svg,old,1/1,4,70,0,0,1,0,0,5,0,18,4,13,1,0,4,1,4,2,0,0,0,1,0,79,0,0,
pianoSvg/E1113.svg,old,1/1,4,80,0,9,5,0,0,15,0,15,1,7,1,0,4,1,1,4,0,0,0,1,0,69,0,0,
pianoSvg/E1114.svg,old,1/1,4,48,0,4,3,0,0,0,0,3,1,1,2,0,4,1,4,0,0,0,0,1,0,59,0,0,
pianoSvg/E1115.svg,old,1/1,2,44,0,2,2,0,0,0,0,11,0,0,1,0,2,1,0,0,0,0,0,1,0,43,0,0,
pianoSvg/E1116.svg,old,1/1,4,83,0,5,5,1,0,9,0,9,1,13,2,0,4,1,3,0,0,0,0,1,0,113,0,0,
pianoSvg/E1117.svg,old,1/1,4,50,0,4,6,0,0,0,0,12,1,5,2,0,4,1,0,0,0,0,0,1,0,57,0,0,
pianoSvg/E1118.svg,old,1/1,6,119,0,13,32,0,0,1,16,42,9,39,1,0,6,1,5,1,0,0,0,1,0,107,0,0,
pianoSvg/E1119.svg,old,1/1,5,79,0,5,7,0,0,6,0,6,1,6,1,0,5,1,2,0,0,0,0,1,0,54,0,0,
pianoSvg/E112.svg,old,1/1,8,90,0,8,5,0,0,0,0,9,1,0,2,0,8,1,0,0,0,0,0,1,0,92,0,0,
pianoSvg/E1120.svg,old,1/1,2,32,0,6,5,0,0,6,0,0,1,6,1,0,2,1,0,0,0,0,0,1,0,28,0,0,
pianoSvg/E1121.svg,old,1/1,2,40,0,4,3,0,0,8,0,4,1,13,2,0,2,1,10,0,0,0,0,1,0,36,0,0,
pianoSvg/E1122.svg,old,1/1,5,70,0,7,4,1,0,2,0,18,1,10,2,0,5,1,3,1,0,0,0,1,0,67,0,0,
pianoSvg/E1123.svg,old,1/1,4,72,0,4,6,0,0,2,0,1,0,6,2,0,4,1,12,0,0,0,0,1,0,76,0,0,
pianoSvg/E1124.svg,old,1/1,2,28,0,2,5,0,0,6,0,1,0,6,1,0,2,1,0,0,0,0,0,1,0,46,0,0,
pianoSvg/E1125.svg,old,1/1,4,60,0,4,0,0,0,6,0,16,4,16,1,0,4,1,2,0,0,0,0,1,0,57,0,0,
pianoSvg/E1126.svg,old,1/1,4,60,0,13,27,1,0,28,0,0,1,4,2,0,4,1,4,1,0,0,0,1,0,67,0,0,
pianoSvg/E1127.svg,old,1/1,4,60,0,4,6,0,0,8,0,4,0,0,1,0,4,1,2,0,0,0,0,1,0,76,0,0,
pianoSvg/E1128.svg,old,1/1,4,96,0,9,6,0,0,1,0,31,0,8,1,0,4,1,4,1,0,0,0,1,0,54,0,0,
pianoSvg/E1129.svg,old,1/1,4,47,0,4,1,0,0,0,0,0,2,0,1,0,4,1,3,0,0,0,0,1,0,69,0,0,
pianoSvg/E113.svg,old,1/1,4,39,0,14,22,1,0,0,0,0,0,1,1,0,4,1,7,0,0,0,0,1,0,51,0,0,
pianoSvg/E1130.svg,old,1/1,4,58,0,21,47,1,0,2,0,0,1,2,2,0,4,1,5,0,0,0,0,1,0,84,0,0,
pianoSvg/E1131.svg,old,1/1,4,87,0,4,2,0,0,24,0,9,2,0,1,0,4,1,3,0,0,0,0,1,0,73,0,0,
pianoSvg/E1132.svg,old,1/1,3,44,0,9,27,0,0,3,0,0,0,3,2,0,3,1,9,0,0,0,0,1,0,51,0,0,
pianoSvg/E1133.svg,old,1/1,2,48,0,2,3,0,0,0,0,3,1,1,2,0,2,1,4,0,0,0,0,1,0,59,0,0,
pianoSvg/E1134.svg,old,1/1,4,67,0,5,6,1,0,7,0,0,2,14,2,0,4,1,2,0,0,0,0,1,0,65,0,0,
pianoSvg/E1135.svg,old,1/1,4,85,0,12,30,0,0,1,0,32,1,17,1,0,4,1,5,2,0,0,0,1,0,62,0,0,
pianoSvg/E1136.svg,old,1/1,4,62,0,12,34,0,0,11,0,2,0,11,2,0,4,1,2,1,0,0,0,1,0,80,0,0,
pianoSvg/E1137.svg,old,1/1,5,89,0,0,0,0,0,9,0,37,1,18,2,0,5,1,5,0,0,0,0,1,0,70,0,0,
pianoSvg/E1138.svg,old,1/1,4,63,0,8,10,0,0,0,0,19,1,0,2,0,4,1,3,0,0,0,0,1,0,64,0,0,
pianoSvg/E1139.svg,old,1/1,4,62,0,12,20,0,0,9,0,8,0,11,1,0,4,1,0,0,0,0,0,1,0,41,0,0,
pianoSvg/E114.svg,old,1/1,5,77,0,5,8,0,0,2,0,2,0,6,2,0,5,1,16,0,0,0,0,1,0,97,0,0,
pianoSvg/E1140.svg,old,1/1,3,44,0,8,15,2,0,8,0,4,1,9,1,0,3,1,0,0,0,0,0,1,0,39,0,0,
pianoSvg/E1141.svg,old,1/1,2,40,0,2,2,0,0,1,0,13,1,3,1,0,2,1,2,0,0,0,0,1,0,36,0,0,
pianoSvg/E1142.svg,old,1/1,4,52,0,0,0,0,0,0,0,34,3,12,2,0,4,1,0,0,0,0,0,1,0,45,0,0,
pianoSvg/E1143.svg,old,1/1,4,36,0,4,2,0,0,2,0,5,1,3,2,0,4,1,8,0,0,0,0,1,0,38,0,0,
pianoSvg/E1144.svg,old,1/1,4,64,0,4,0,0,0,0,0,16,0,8,1,0,4,1,0,0,0,0,0,1,0,59,0,0,
pianoSvg/E1145.svg,old,1/1,4,62,0,8,4,0,0,26,0,2,1,4,2,0,4,1,6,0,0,0,0,1,0,69,0,0,
pianoSvg/E1146.svg,old,1/1,4,60,0,4,2,0,0,12,0,16,0,20,2,0,4,1,0,0,0,0,0,1,0,78,0,0,
pianoSvg/E1147.svg,old,1/1,2,35,0,6,21,0,0,0,0,7,1,2,1,0,2,1,9,0,0,0,0,1,0,39,0,0,
pianoSvg/E1148.svg,old,1/1,3,47,0,6,10,0,0,0,0,18,1,8,1,0,3,1,0,0,0,0,0,1,0,30,0,0,
pianoSvg/E1149.svg,old,1/1,4,50,0,8,2,0,0,6,0,20,1,6,2,0,4,1,0,0,0,0,0,1,0,42,0,0,
pianoSvg/E115.svg,old,1/1,2,22,0,2,1,0,0,0,0,0,0,0,1,0,2,1,0,0,0,0,0,1,0,25,0,0,
pianoSvg/E1150.svg,old,1/1,4,84,0,0,2,0,0,8,4,20,1,14,1,0,4,1,12,0,0,0,0,1,0,84,0,0,
pianoSvg/E1151.svg,old,1/1,5,87,0,20,31,0,0,19,0,15,2,6,1,0,5,1,1,0,0,0,0,1,0,51,0,0,
pianoSvg/E1152.svg,old,1/1,4,86,0,8,26,0,0,5,0,45,1,36,1,0,4,1,3,1,0,0,0,1,0,88,0,0,
pianoSvg/E1153.svg,old,1/1,4,73,0,16,44,0,0,0,0,10,1,3,1,0,4,1,0,0,0,0,0,1,0,72,0,0,
pianoSvg/E1154.svg,old,1/1,5,76,0,10,15,0,0,4,0,0,6,11,1,0,5,1,0,0,0,0,0,1,3,90,0,0,3 | 3 | (Repeat the last three lines of each stanza)
pianoSvg/E1155.svg,old,1/1,4,60,0,4,2,0,0,2,0,17,1,3,2,0,4,1,0,2,0,0,0,1,0,57,0,0,
pianoSvg/E1156.svg,old,1/1,4,62,0,12,20,0,0,9,0,8,0,11,1,0,4,1,0,0,0,0,0,1,0,41,0,0,
pianoSvg/E1157.svg,old,1/1,4,66,0,0,0,0,0,0,0,23,1,19,1,0,4,1,0,0,0,0,0,1,0,82,0,0,
pianoSvg/E1158.svg,old,1/1,3,46,0,13,30,1,0,2,0,12,1,2,2,0,3,1,0,0,0,0,0,1,0,52,0,0,
pianoSvg/E1159.svg,old,1/1,4,76,0,12,30,0,0,8,0,17,8,9,1,0,4,1,0,0,0,0,0,1,0,60,0,0,
pianoSvg/E116.svg,old,1/1,4,60,0,13,27,1,0,28,0,0,1,4,2,0,4,1,4,1,0,0,0,1,0,67,0,0,
pianoSvg/E1160.svg,old,1/1,4,60,0,4,2,0,0,8,0,16,1,8,2,0,4,1,0,0,0,0,0,1,0,62,0,0,
pianoSvg/E1161.svg,old,1/1,4,60,0,4,2,0,0,2,0,17,1,3,2,0,4,1,0,2,0,0,0,1,0,57,0,0,
pianoSvg/E1162.svg,old,1/1,4,78,0,19,30,3,0,21,0,13,0,5,1,0,4,1,3,0,0,0,0,1,0,57,0,0,
pianoSvg/E1163.svg,old,1/1,4,57,0,4,2,0,0,6,0,32,1,22,2,0,4,1,0,0,0,0,0,1,0,42,0,0,
pianoSvg/E1164.svg,old,1/1,4,59,0,16,32,0,0,15,0,7,2,10,2,0,4,1,4,1,0,0,0,1,0,62,0,0,
pianoSvg/E1165.svg,old,1/1,4,64,0,4,5,0,0,7,0,32,6,18,2,0,4,1,0,0,0,0,0,1,0,80,0,0,
pianoSvg/E1166.svg,old,1/1,4,61,0,4,8,0,0,6,0,26,1,15,2,0,4,1,3,0,0,0,0,1,0,77,0,0,
pianoSvg/E1167.svg,old,1/1,4,88,0,9,22,1,0,0,0,28,0,12,1,0,4,1,0,0,0,0,0,1,0,64,0,0,
pianoSvg/E1168.svg,old,1/1,5,93,0,5,11,0,0,0,0,0,4,8,1,0,5,1,0,1,0,0,0,1,0,111,0,0,
pianoSvg/E1169.svg,old,1/1,2,37,0,2,2,0,0,0,0,5,1,0,1,0,2,1,5,1,0,0,0,1,0,48,0,0,
pianoSvg/E117.svg,old,1/1,5,74,0,25,17,0,0,0,0,9,0,0,1,0,5,1,17,0,0,0,0,1,0,46,0,0,
pianoSvg/E1170.svg,old,1/1,6,142,0,23,59,1,0,4,0,41,1,25,2,0,6,1,27,0,0,0,0,1,2,127,0,0,3 | 3
pianoSvg/E1171.svg,old,1/1,2,30,0,7,7,2,0,3,0,6,0,4,1,0,2,1,0,0,0,0,0,1,0,20,0,0,
pianoSvg/E1172.svg,old,1/1,6,112,0,2,1,0,0,1,0,50,1,25,2,0,6,1,0,0,0,0,0,1,0,115,0,0,
pianoSvg/E1173.svg,old,1/1,4,62,0,18,32,2,0,14,0,8,0,10,2,0,4,1,1,2,0,0,0,1,0,67,0,0,
pianoSvg/E1174.svg,old,1/1,3,47,0,15,14,0,0,3,0,2,0,3,1,0,3,1,2,0,0,0,0,1,0,41,0,0,
pianoSvg/E1175.svg,old,1/1,4,69,0,14,6,0,0,3,0,25,1,14,1,0,4,1,0,0,0,0,0,1,0,64,0,0,
pianoSvg/E1176.svg,old,1/1,4,76,0,20,31,2,0,0,0,25,0,14,1,0,4,1,1,0,0,0,0,1,0,49,0,0,
pianoSvg/E1177.svg,old,1/1,4,113,0,18,57,2,0,45,0,2,1,17,2,0,4,1,15,2,0,0,0,1,0,97,0,0,
pianoSvg/E1178.svg,old,1/1,5,138,0,12,34,0,0,12,0,30,15,12,1,0,5,1,0,0,0,0,0,1,0,145,0,0,
pianoSvg/E1179.svg,old,1/1,3,44,0,8,15,2,0,8,0,4,1,9,1,0,3,1,0,0,0,0,0,1,0,39,0,0,
pianoSvg/E118.svg,old,1/1,6,90,0,6,2,0,0,12,0,0,0,12,1,0,6,1,0,0,0,0,0,1,0,74,0,0,
pianoSvg/E1180.svg,old,1/1,5,138,0,12,34,0,0,12,0,31,15,12,1,0,5,1,1,0,0,0,0,1,0,145,0,0,
pianoSvg/E1181.svg,old,1/1,6,89,0,22,44,4,0,24,0,3,1,21,1,0,6,1,4,0,0,0,0,1,0,86,0,0,
pianoSvg/E1182.svg,old,1/1,4,56,0,9,12,1,0,8,0,0,1,12,1,0,4,1,0,0,0,0,0,1,0,39,0,0,
pianoSvg/E1183.svg,old,1/1,4,71,0,13,44,1,0,6,0,10,0,6,1,0,4,1,11,0,0,0,0,1,0,76,0,0,
pianoSvg/E1184.svg,old,1/1,4,38,0,8,5,0,0,0,0,0,0,1,1,0,4,1,6,0,0,0,0,1,0,43,0,0,
pianoSvg/E1185.svg,old,1/1,4,60,0,5,7,0,0,8,0,8,8,12,1,0,4,1,0,0,0,0,0,1,0,76,0,0,
pianoSvg/E1186.svg,old,1/1,4,74,0,5,9,1,0,0,0,0,2,12,2,0,4,1,18,1,0,0,0,1,0,122,0,0,
pianoSvg/E1187.svg,old,1/1,2,40,0,1,0,0,0,0,0,0,1,5,1,0,2,1,0,0,0,0,0,1,0,76,0,0,
pianoSvg/E1188.svg,old,1/1,4,57,0,4,1,0,0,0,0,12,1,0,2,0,4,1,1,0,0,0,0,1,0,56,0,0,
pianoSvg/E1189.svg,old,1/1,2,44,0,2,2,0,0,0,0,11,0,0,1,0,2,1,0,0,0,0,0,1,0,43,0,0,
pianoSvg/E119.svg,old,1/1,4,60,0,4,6,0,0,8,0,32,1,24,2,0,4,1,0,0,0,0,0,1,0,56,0,0,
pianoSvg/E1190.svg,old,1/1,4,85,0,12,30,0,0,1,0,32,1,17,1,0,4,1,5,2,0,0,0,1,0,62,0,0,
pianoSvg/E1191.svg,old,1/1,4,83,0,12,19,2,0,10,0,9,1,16,2,0,4,1,9,0,0,0,0,1,0,66,0,0,
pianoSvg/E1192.svg,old,1/1,2,31,0,2,2,0,0,1,0,0,0,5,2,0,2,1,3,0,0,0,0,1,0,33,0,0,
pianoSvg/E1193.svg,old,1/1,2,43,0,4,2,0,0,1,0,17,0,1,2,0,2,1,4,0,0,0,0,1,0,26,0,0,
pianoSvg/E1194.svg,old,1/1,5,102,0,10,7,0,0,28,0,16,1,0,1,0,5,1,0,1,0,0,0,1,0,82,0,0,
pianoSvg/E1195.svg,old,1/1,4,40,0,5,6,1,0,0,0,0,0,0,1,0,4,1,0,0,0,0,0,1,0,63,0,0,
pianoSvg/E1196.svg,old,1/1,2,38,0,2,0,0,0,2,0,7,1,6,1,0,2,1,0,0,0,0,0,1,0,26,0,0,
pianoSvg/E1197.svg,old,1/1,7,134,0,21,51,0,0,4,0,35,1,5,1,0,7,1,2,0,0,0,0,1,0,109,0,0,
pianoSvg/E1198.svg,old,1/1,4,71,0,1,1,0,0,0,0,7,1,4,1,0,4,1,7,5,0,0,0,1,0,95,0,0,
pianoSvg/E1199.svg,old,1/1,4,81,0,8,18,0,0,3,0,41,3,31,1,0,4,1,0,0,0,0,0,1,0,38,0,0,
pianoSvg/E12.svg,old,1/1,2,34,0,4,5,0,0,0,0,0,1,1,2,0,2,1,6,0,0,0,0,1,0,47,0,0,
pianoSvg/E120.svg,old,1/1,4,40,0,16,21,0,0,3,0,0,1,7,1,0,4,1,0,0,0,0,0,1,0,33,0,0,
pianoSvg/E1200.svg,old,1/1,4,70,0,4,6,0,0,0,0,20,1,10,1,0,4,1,4,0,0,0,0,1,0,84,0,0,
pianoSvg/E1201.svg,old,1/1,4,60,0,12,32,0,0,3,0,16,1,3,2,0,4,1,0,0,0,0,0,1,0,63,0,0,
pianoSvg/E1202.svg,old,1/1,4,41,0,12,26,0,0,1,0,0,0,2,1,0,4,1,1,0,0,0,0,1,0,54,0,0,
pianoSvg/E1203.svg,old,1/1,4,71,0,13,44,1,0,6,0,10,0,6,1,0,4,1,11,0,0,0,0,1,0,76,0,0,
pianoSvg/E1204.svg,old,1/1,6,95,0,15,20,2,0,7,0,30,1,25,1,0,6,1,12,1,0,0,0,1,0,83,0,0,
pianoSvg/E1205.svg,old,1/1,5,65,0,0,0,0,0,6,0,0,2,11,1,0,5,1,11,0,0,0,0,1,0,79,0,0,
pianoSvg/E1206.svg,old,1/1,4,75,0,5,5,1,0,0,0,26,1,13,1,0,4,1,1,0,0,0,0,1,0,70,0,0,
pianoSvg/E1207.svg,old,1/1,4,70,0,4,6,0,0,0,0,20,1,10,1,0,4,1,4,0,0,0,0,1,0,84,0,0,
pianoSvg/E1208.svg,old,1/1,4,62,0,0,0,0,0,6,0,18,2,20,1,0,4,1,0,0,0,0,0,1,0,60,0,0,
pianoSvg/E1209.svg,old,1/1,4,49,0,4,2,0,0,0,0,0,1,4,1,0,4,1,1,0,0,0,0,1,1,54,0,0,(Repeat the last line of each stanza)
pianoSvg/E121.svg,old,1/1,6,77,0,20,30,2,0,5,0,7,0,5,1,0,6,1,13,0,0,0,0,1,0,75,0,0,
pianoSvg/E1210.svg,old,1/1,4,76,0,12,30,0,0,8,0,17,8,9,1,0,4,1,0,0,0,0,0,1,0,60,0,0,
pianoSvg/E1211.svg,old,1/1,2,44,0,2,2,0,0,0,0,11,0,0,1,0,2,1,0,0,0,0,0,1,0,43,0,0,
pianoSvg/E1212.svg,old,1/1,4,56,0,16,20,0,0,12,0,0,1,16,1,0,4,1,0,0,0,0,0,1,0,83,0,0,
pianoSvg/E1213.svg,old,1/1,4,60,0,12,34,0,0,0,0,24,5,18,1,0,4,1,0,0,0,0,0,1,0,62,0,0,
pianoSvg/E1214.svg,old,1/1,4,72,0,8,23,0,0,0,0,42,1,29,1,0,4,1,0,1,0,0,0,1,0,73,0,0,
pianoSvg/E1215.svg,old,1/1,4,69,0,14,6,0,0,3,0,25,1,14,1,0,4,1,0,0,0,0,0,1,0,64,0,0,
pianoSvg/E1216.svg,old,1/1,4,45,0,16,22,0,0,6,0,0,6,7,1,0,4,1,2,0,0,0,0,1,0,57,0,0,
pianoSvg/E1217.svg,old,1/1,4,60,0,1,0,0,0,7,0,16,1,7,2,0,4,1,0,0,0,0,0,1,0,74,0,0,
pianoSvg/E1218.svg,old,1/1,4,60,0,12,34,0,0,0,0,24,5,18,1,0,4,1,0,0,0,0,0,1,0,62,0,0,
pianoSvg/E1219.svg,old,1/1,4,77,0,5,1,0,0,22,0,12,1,6,1,0,4,1,1,3,0,0,0,1,0,56,0,0,
pianoSvg/E122.svg,old,1/1,4,43,0,4,2,0,0,0,0,0,0,0,1,0,4,1,0,0,0,0,0,1,0,39,0,0,
pianoSvg/E1220.svg,old,1/1,4,78,0,4,1,0,0,1,0,16,1,5,1,0,4,1,17,0,0,0,0,1,1,53,0,0,(Repeat the last two lines of each stanza)
pianoSvg/E1221.svg,old,1/1,4,58,0,9,20,0,0,0,0,15,0,13,2,0,4,1,1,0,0,0,0,1,0,71,0,0,
pianoSvg/E1222.svg,old,1/1,4,82,0,4,3,0,0,0,0,16,2,1,1,0,4,1,0,0,0,0,0,1,0,63,0,0,
pianoSvg/E1223.svg,old,1/1,3,46,0,0,0,0,0,8,0,11,1,5,2,0,3,1,7,0,0,0,0,1,0,27,0,0,
pianoSvg/E1224.svg,old,1/1,4,62,0,8,4,0,0,26,0,2,1,4,2,0,4,1,6,0,0,0,0,1,0,69,0,0,
pianoSvg/E1225.svg,old,1/1,4,60,0,5,5,1,0,5,0,29,1,18,2,0,4,1,0,0,0,0,0,1,0,59,0,0,
pianoSvg/E1226.svg,old,1/1,4,90,0,4,3,0,0,0,0,61,1,41,1,0,4,1,3,0,0,0,0,1,0,102,0,0,
pianoSvg/E1227.svg,old,1/1,4,59,0,10,12,1,0,3,0,16,0,3,2,0,4,1,0,3,0,0,0,1,0,55,0,0,
pianoSvg/E1228.svg,old,1/1,5,75,0,9,4,0,0,0,0,13,1,5,1,0,5,1,1,0,0,0,0,1,0,60,0,0,
pianoSvg/E1229.svg,old,1/1,4,52,0,12,19,0,0,1,0,0,1,5,1,0,4,1,0,0,0,0,0,1,0,39,0,0,
pianoSvg/E123.svg,old,1/1,4,72,0,9,28,1,0,0,0,25,0,18,1,0,4,1,0,0,0,0,0,1,0,56,0,0,
pianoSvg/E1230.svg,old,1/1,4,65,0,5,10,1,0,3,0,12,0,9,1,0,4,1,1,0,0,0,0,1,0,119,0,0,
pianoSvg/E1231.svg,old,1/1,4,57,0,0,0,0,0,7,0,25,0,11,2,0,4,1,6,0,0,0,0,1,0,41,0,0,
pianoSvg/E1232.svg,old,1/1,4,76,0,4,0,0,0,3,0,44,3,27,5,0,4,1,1,0,0,0,0,1,0,61,0,0,
pianoSvg/E1233.svg,old,1/1,4,79,0,4,2,0,0,7,0,7,1,14,2,0,4,1,7,0,0,0,0,1,0,90,0,0,
pianoSvg/E1234.svg,old,1/1,4,85,0,4,4,0,0,4,0,18,2,9,1,0,4,1,0,0,0,0,0,1,0,67,0,0,
pianoSvg/E1235.svg,old,1/1,5,65,0,0,0,0,0,6,0,0,2,11,1,0,5,1,12,0,0,0,0,1,0,79,0,0,
pianoSvg/E1236.svg,old,1/1,6,103,0,12,42,0,0,9,0,10,2,20,1,0,6,1,0,0,0,0,0,1,0,123,0,0,
pianoSvg/E1237.svg,old,1/1,4,96,0,6,4,0,0,1,0,24,2,5,1,0,4,1,1,0,0,0,0,1,0,64,0,0,
pianoSvg/E1238.svg,old,1/1,4,73,0,0,0,0,0,15,0,21,1,29,8,0,4,1,17,0,0,0,0,1,0,88,0,0,
pianoSvg/E1239.svg,old,1/1,2,31,0,2,2,0,0,1,0,0,0,5,2,0,2,1,3,0,0,0,0,1,0,33,0,0,
pianoSvg/E124.svg,old,1/1,3,46,0,6,14,0,0,4,0,1,0,4,1,0,3,1,1,0,0,0,0,1,0,44,0,0,
pianoSvg/E1240.svg,old,1/1,3,61,0,12,48,0,0,3,0,16,5,13,1,0,3,1,6,0,0,0,0,1,0,80,0,0,
pianoSvg/E1241.svg,old,1/1,2,38,0,2,1,0,0,16,0,2,1,3,2,0,2,1,4,0,0,0,0,1,0,44,0,0,
pianoSvg/E1242.svg,old,1/1,4,86,0,8,26,0,0,5,0,45,1,36,1,0,4,1,3,1,0,0,0,1,0,88,0,0,
pianoSvg/E1243.svg,old,1/1,4,80,0,16,6,0,0,0,0,24,1,0,1,0,4,1,1,0,0,0,0,1,0,36,0,0,
pianoSvg/E1244.svg,old,1/1,4,49,0,4,2,0,0,0,0,0,1,4,1,0,4,1,1,0,0,0,0,1,1,54,0,0,(Repeat the last line of each stanza)
pianoSvg/E1245.svg,old,1/1,4,76,0,5,2,1,0,0,0,16,1,29,2,0,4,1,16,1,0,0,0,1,0,62,0,0,
pianoSvg/E1246.svg,old,1/1,4,58,0,16,36,0,0,0,0,19,2,11,1,0,4,1,0,0,0,0,0,1,0,76,0,0,
pianoSvg/E1247.svg,old,1/1,4,60,0,4,2,0,0,2,0,17,1,3,2,0,4,1,0,2,0,0,0,1,0,57,0,0,
pianoSvg/E1248.svg,old,1/1,4,60,0,12,24,0,0,9,0,3,3,14,1,0,4,1,8,1,0,0,0,1,1,52,0,0,(Repeat the last four lines)
pianoSvg/E1249.svg,old,1/1,4,62,0,4,4,0,0,4,0,26,1,16,2,0,4,1,2,2,0,0,0,1,0,44,0,0,
pianoSvg/E125.svg,old,1/1,4,68,0,9,29,0,0,0,0,8,0,0,1,0,4,1,8,0,0,0,0,1,0,67,0,0,
pianoSvg/E1250.svg,old,1/1,4,74,0,5,9,1,0,0,0,0,2,12,2,0,4,1,18,1,0,0,0,1,0,122,0,0,
pianoSvg/E1251.svg,old,1/1,4,96,0,12,10,0,0,0,0,64,1,39,1,0,4,1,0,1,0,0,0,1,0,80,0,0,
pianoSvg/E1252.svg,old,1/1,4,64,0,4,0,0,0,0,0,16,0,8,1,0,4,1,0,0,0,0,0,1,0,59,0,0,
pianoSvg/E1253.svg,old,1/1,4,72,0,4,6,0,0,2,0,1,0,6,2,0,4,1,12,0,0,0,0,1,0,76,0,0,
pianoSvg/E1254.svg,old,1/1,7,113,0,30,57,2,0,45,0,2,1,17,2,0,7,1,15,2,0,0,0,1,0,97,0,0,
pianoSvg/E1255.svg,old,1/1,6,92,0,7,4,0,0,5,0,18,0,12,1,0,6,1,1,0,0,0,0,1,0,96,0,0,
pianoSvg/E1256.svg,old,1/1,8,90,0,37,44,5,0,10,0,11,4,33,2,0,8,1,12,0,0,0,0,1,0,112,0,0,
pianoSvg/E1257.svg,old,1/1,4,66,0,16,28,0,0,7,0,17,3,16,1,0,4,1,0,0,0,0,0,1,0,39,0,0,
pianoSvg/E1258.svg,old,1/1,4,77,0,4,8,0,0,2,0,2,0,6,2,0,4,1,15,0,0,0,0,1,0,97,0,0,
pianoSvg/E1259.svg,old,1/1,4,74,0,13,43,1,0,3,0,2,0,3,1,0,4,1,7,1,0,0,0,1,0,102,0,0,
pianoSvg/E126.svg,old,1/1,4,64,0,15,35,2,0,0,0,0,1,9,2,0,4,1,8,0,0,0,0,1,0,76,0,0,
pianoSvg/E1260.svg,old,1/1,4,54,0,3,3,0,0,2,0,0,0,4,1,0,4,1,4,0,0,0,0,1,0,141,0,0,
pianoSvg/E1261.svg,old,1/1,4,76,0,20,31,2,0,0,0,25,0,14,1,0,4,1,1,0,0,0,0,1,1,49,0,0,"The name of the city may be replaced with any three-syllable name; or in the place of “in Chicago,” “here in Akron,” or "
pianoSvg/E1262.svg,old,1/1,4,60,0,13,27,1,0,28,0,0,1,4,2,0,4,1,5,1,0,0,0,1,0,67,0,0,
pianoSvg/E1263.svg,old,1/1,4,71,0,13,44,1,0,6,0,10,0,6,1,0,4,1,11,0,0,0,0,1,0,76,0,0,
pianoSvg/E1264.svg,old,1/1,8,109,0,0,1,0,0,0,0,33,0,3,1,0,8,1,1,0,0,0,0,1,0,107,0,0,
pianoSvg/E1265.svg,old,1/1,6,82,0,7,10,0,0,0,0,0,3,5,1,0,6,1,1,2,0,0,0,1,0,149,0,0,
pianoSvg/E1266.svg,old,1/1,4,109,0,0,1,0,0,0,0,33,0,3,1,0,4,1,1,0,0,0,0,1,0,107,0,0,
pianoSvg/E1267.svg,old,1/1,2,37,0,2,1,0,0,1,0,7,1,15,2,0,2,1,7,0,0,0,0,1,0,36,0,0,
pianoSvg/E1268.svg,old,1/1,6,86,0,12,26,0,0,5,0,45,1,36,1,0,6,1,3,1,0,0,0,1,0,88,0,0,
pianoSvg/E1269.svg,old,1/1,6,74,0,19,45,1,0,3,0,2,0,3,1,0,6,1,7,1,0,0,0,1,0,104,0,0,
pianoSvg/E127.svg,old,1/1,2,37,0,2,1,0,0,1,0,7,1,15,2,0,2,1,7,0,0,0,0,1,0,36,0,0,
pianoSvg/E1270.svg,old,1/1,4,65,0,0,0,0,0,6,0,0,2,11,1,0,4,1,9,0,0,0,0,1,0,79,0,0,
pianoSvg/E1271.svg,old,1/1,4,82,0,4,3,0,0,0,0,16,2,1,1,0,4,1,0,0,0,0,0,1,0,63,0,0,
pianoSvg/E1272.svg,old,1/1,2,37,0,2,2,0,0,0,0,5,1,0,1,0,2,1,5,1,0,0,0,1,0,48,0,0,
pianoSvg/E1273.svg,old,1/1,4,95,0,8,6,0,0,6,6,61,1,47,1,0,4,1,6,2,0,0,0,1,1,71,0,0,3
pianoSvg/E1274.svg,old,1/1,2,37,0,2,2,0,0,0,0,5,1,0,1,0,2,1,5,1,0,0,0,1,0,48,0,0,
pianoSvg/E1275.svg,old,1/1,4,71,0,13,44,1,0,6,0,10,0,6,1,0,4,1,11,0,0,0,0,1,0,76,0,0,
pianoSvg/E1276.svg,old,1/1,2,40,0,4,3,0,0,8,0,4,1,13,2,0,2,1,10,0,0,0,0,1,0,36,0,0,
pianoSvg/E1277.svg,old,1/1,4,52,0,4,14,0,0,10,0,0,3,13,1,0,4,1,0,0,0,0,0,1,0,102,0,0,
pianoSvg/E1278.svg,old,1/1,4,46,0,20,30,0,0,3,0,0,1,5,1,0,4,1,2,0,0,0,0,1,0,55,0,0,
pianoSvg/E1279.svg,old,1/1,3,44,0,3,3,0,0,4,0,9,1,6,1,0,3,1,5,0,0,0,0,1,0,27,0,0,
pianoSvg/E128.svg,old,1/1,4,78,0,19,41,3,0,0,0,1,0,9,2,0,4,1,0,2,0,0,0,1,0,70,0,0,
pianoSvg/E1280.svg,old,1/1,6,91,0,10,1,3,0,0,0,36,0,24,1,0,6,1,1,0,0,0,0,1,0,102,0,0,
pianoSvg/E1281.svg,old,1/1,4,60,0,12,32,0,0,3,0,16,1,3,2,0,4,1,0,0,0,0,0,1,0,63,0,0,
pianoSvg/E1282.svg,old,1/1,4,87,0,0,0,0,0,0,0,0,6,2,1,0,4,1,7,0,0,0,0,1,0,134,0,0,
pianoSvg/E1283.svg,old,1/1,8,134,0,28,6,0,0,38,0,3,0,3,1,0,8,1,2,0,0,0,0,1,0,112,0,0,
pianoSvg/E1284.svg,old,1/1,6,82,0,7,10,0,0,0,0,0,3,5,1,0,6,1,2,2,0,0,0,1,0,149,0,0,
pianoSvg/E1285.svg,old,1/1,4,70,0,8,8,0,0,5,0,10,1,12,1,0,4,1,8,0,0,0,0,1,0,62,0,0,
pianoSvg/E1286.svg,old,1/1,4,90,0,14,35,2,0,12,0,45,2,30,2,0,4,1,2,0,0,0,0,1,0,67,0,0,
pianoSvg/E1287.svg,old,1/1,6,119,0,13,32,0,0,1,16,42,9,39,1,0,6,1,5,1,0,0,0,1,0,107,0,0,
pianoSvg/E1288.svg,old,1/1,5,71,0,1,1,0,0,0,0,7,1,4,1,0,5,1,7,5,0,0,0,1,0,93,0,0,
pianoSvg/E1289.svg,old,1/1,7,119,0,15,32,0,0,1,16,42,9,39,1,0,7,1,5,1,0,0,0,1,0,107,0,0,
pianoSvg/E129.svg,old,1/1,2,29,0,3,2,0,0,0,0,1,1,2,1,0,2,1,1,0,0,0,0,1,0,30,0,0,
pianoSvg/E1290.svg,old,1/1,5,54,0,12,4,0,0,1,0,0,1,4,1,0,5,1,2,0,0,0,0,1,0,55,0,0,
pianoSvg/E1291.svg,old,1/1,5,102,0,10,7,0,0,28,0,16,1,0,1,0,5,1,1,1,0,0,0,1,0,82,0,0,
pianoSvg/E1292.svg,old,1/1,4,64,0,4,7,0,0,0,0,16,1,17,2,0,4,1,0,0,0,0,0,1,0,64,0,0,
pianoSvg/E1293.svg,old,1/1,3,51,0,13,20,0,0,0,0,14,3,2,1,0,3,1,4,0,0,0,0,1,0,38,0,0,
pianoSvg/E1294.svg,old,1/1,3,51,0,13,20,0,0,0,0,14,3,2,1,0,3,1,4,0,0,0,0,1,0,38,0,0,
pianoSvg/E1295.svg,old,1/1,4,65,0,18,41,2,0,0,0,25,4,16,1,0,4,1,1,0,0,0,0,1,0,75,0,0,
pianoSvg/E1296.svg,old,1/1,4,56,0,8,19,0,0,8,0,0,1,12,1,0,4,1,0,0,0,0,0,1,0,57,0,0,
pianoSvg/E1297.svg,old,1/1,6,102,0,12,7,0,0,9,0,24,1,21,2,0,6,1,18,0,0,0,0,1,0,98,0,0,
pianoSvg/E1298.svg,old,1/1,4,39,0,17,22,1,0,0,0,1,1,1,2,0,4,1,6,0,0,0,0,1,0,40,0,0,
pianoSvg/E1299.svg,old,1/1,4,68,0,9,29,0,0,0,0,8,0,0,1,0,4,1,8,0,0,0,0,1,0,67,0,0,
pianoSvg/E13.svg,old,1/1,4,58,0,4,2,0,0,7,0,32,1,23,2,0,4,1,0,0,0,0,0,1,0,42,0,0,
pianoSvg/E130.svg,old,1/1,4,72,0,5,2,1,0,6,0,7,0,10,1,0,4,1,5,0,0,0,0,1,1,68,0,0,3
pianoSvg/E1300.svg,old,1/1,4,64,0,4,2,0,0,14,0,16,1,15,2,0,4,1,0,0,0,0,0,1,0,63,0,0,
pianoSvg/E1301.svg,old,1/1,4,76,0,19,41,3,0,0,0,0,0,10,2,0,4,1,0,2,0,0,0,1,0,70,0,0,
pianoSvg/E1302.svg,old,1/1,6,85,0,16,32,2,0,0,0,1,0,25,2,0,6,1,9,0,0,0,0,1,0,123,0,0,
pianoSvg/E1303.svg,old,1/1,4,64,0,4,7,0,0,0,0,16,1,17,2,0,4,1,0,0,0,0,0,1,0,64,0,0,
pianoSvg/E1304.svg,old,1/1,4,95,0,8,6,0,0,6,6,61,1,47,1,0,4,1,6,2,0,0,0,1,1,71,0,0,3
pianoSvg/E1305.svg,old,1/1,4,94,0,5,7,0,0,0,0,0,2,7,1,0,4,1,0,0,0,0,0,1,0,132,0,0,
pianoSvg/E1306.svg,old,1/1,2,30,0,2,4,0,0,0,0,4,1,3,1,0,2,1,4,0,0,0,0,1,0,63,0,0,
pianoSvg/E1307.svg,old,1/1,4,87,0,1,1,0,0,9,0,16,4,11,1,0,4,1,3,0,0,0,0,1,0,65,0,0,
pianoSvg/E1308.svg,old,1/1,4,71,0,12,29,0,0,8,0,12,1,10,1,0,4,1,2,0,0,0,0,1,0,47,0,0,
pianoSvg/E1309.svg,old,1/1,4,76,0,8,2,1,0,6,0,30,1,26,1,0,4,1,0,0,0,0,0,1,0,53,0,0,
pianoSvg/E131.svg,old,1/1,2,44,0,7,22,1,0,2,0,0,1,2,2,0,2,1,0,0,0,0,0,1,0,42,0,0,
pianoSvg/E1310.svg,old,1/1,4,29,0,12,27,0,0,0,0,0,1,3,1,0,4,1,1,0,0,0,0,1,0,55,0,0,
pianoSvg/E1311.svg,old,1/1,5,91,0,15,31,0,0,10,0,17,1,10,1,0,5,1,5,5,0,0,0,1,0,73,0,0,
pianoSvg/E1312.svg,old,1/1,4,78,0,0,0,0,0,3,0,14,1,11,2,0,4,1,0,2,0,0,0,1,0,92,0,0,
pianoSvg/E1313.svg,old,1/1,5,95,0,15,9,0,0,0,0,35,1,13,1,0,5,1,1,0,0,0,0,1,0,82,0,0,
pianoSvg/E1314.svg,old,1/1,4,41,0,12,23,0,0,0,0,0,0,0,1,0,4,1,3,0,0,0,0,1,0,52,0,0,
pianoSvg/E1315.svg,old,1/1,6,103,0,6,4,0,0,0,0,12,1,5,1,0,6,1,7,0,0,0,0,1,0,111,0,0,
pianoSvg/E1316.svg,old,1/1,5,104,0,6,11,0,0,8,5,34,1,17,1,0,5,1,1,1,0,0,0,1,0,79,0,0,
pianoSvg/E1317.svg,old,1/1,5,88,0,5,2,0,0,0,0,24,1,4,1,0,5,1,2,0,0,0,0,1,0,70,0,0,
pianoSvg/E1318.svg,old,1/1,4,96,0,6,4,0,0,1,0,24,2,5,1,0,4,1,1,0,0,0,0,1,0,64,0,0,
pianoSvg/E1319.svg,old,1/1,4,70,0,8,8,0,0,5,0,10,1,12,1,0,4,1,8,0,0,0,0,1,0,62,0,0,
pianoSvg/E132.svg,old,1/1,2,37,0,2,1,0,0,1,0,7,1,15,2,0,2,1,7,0,0,0,0,1,0,36,0,0,
pianoSvg/E1320.svg,old,1/1,4,66,0,16,28,0,0,7,0,17,3,16,1,0,4,1,0,0,0,0,0,1,0,39,0,0,
pianoSvg/E1321.svg,old,1/1,4,70,0,18,24,2,0,18,0,10,1,4,2,0,4,1,14,0,0,0,0,1,0,47,0,0,
pianoSvg/E1322.svg,old,1/1,2,41,0,8,26,0,0,1,0,2,1,2,2,0,2,1,9,0,0,0,0,1,0,48,0,0,
pianoSvg/E1323.svg,old,1/1,4,55,0,4,5,0,0,7,0,2,1,11,1,0,4,1,3,0,0,0,0,1,0,52,0,0,
pianoSvg/E1324.svg,old,1/1,4,62,0,4,6,0,0,3,0,2,0,3,1,0,4,1,2,0,0,0,0,1,0,92,0,0,
pianoSvg/E1325.svg,old,1/1,4,62,0,12,34,0,0,11,0,2,0,11,2,0,4,1,2,1,0,0,0,1,0,80,0,0,
pianoSvg/E1326.svg,old,1/1,9,143,0,8,4,0,0,18,0,23,1,18,2,0,9,1,13,0,0,0,0,1,0,133,0,0,
pianoSvg/E1327.svg,old,1/1,6,98,0,6,4,0,0,3,0,20,6,6,1,0,6,1,7,0,0,0,0,1,0,103,0,0,
pianoSvg/E1328.svg,old,1/1,5,115,0,5,17,0,0,13,0,27,2,16,1,0,5,1,23,0,0,0,0,1,0,93,0,0,
pianoSvg/E1329.svg,old,1/1,4,87,0,1,1,0,0,9,0,16,4,11,1,0,4,1,3,0,0,0,0,1,0,65,0,0,
pianoSvg/E133.svg,old,1/1,2,33,0,8,23,0,0,0,0,4,1,2,1,0,2,1,5,0,0,0,0,1,0,35,0,0,
pianoSvg/E1330.svg,old,1/1,4,62,0,16,41,0,0,3,0,21,2,17,1,0,4,1,5,0,0,0,0,1,0,73,0,0,
pianoSvg/E1331.svg,old,1/1,4,45,0,8,5,0,0,1,0,12,1,1,1,0,4,1,8,0,0,0,0,1,0,70,0,0,
pianoSvg/E1332.svg,old,1/1,4,60,0,5,7,0,0,8,0,8,8,12,1,0,4,1,0,0,0,0,0,1,0,76,0,0,
pianoSvg/E1333.svg,old,1/1,2,34,0,2,7,0,0,4,0,8,3,4,2,0,2,1,2,0,0,0,0,1,0,33,0,0,
pianoSvg/E1334.svg,old,1/1,4,69,0,25,40,7,0,7,0,9,1,1,1,0,4,1,0,0,0,0,0,1,0,69,0,0,
pianoSvg/E1335.svg,old,1/1,5,76,0,5,9,0,0,1,0,10,0,5,1,0,5,1,1,0,0,0,0,1,0,92,0,0,
pianoSvg/E1336.svg,old,1/1,4,47,0,8,2,0,0,6,0,0,8,6,4,0,4,1,7,0,0,0,0,1,0,41,0,0,
pianoSvg/E1337.svg,old,1/1,6,102,0,6,7,0,0,5,0,45,5,13,2,0,6,1,17,0,0,0,0,1,0,64,0,0,
pianoSvg/E1338.svg,old,1/1,4,74,0,5,2,1,0,2,0,9,1,14,2,0,4,1,6,0,0,0,0,1,0,78,0,0,
pianoSvg/E1339.svg,old,1/1,9,192,0,27,101,0,0,11,0,25,0,20,2,0,9,1,23,0,0,0,0,1,0,163,0,0,
pianoSvg/E134.svg,old,1/1,4,60,0,1,0,0,0,4,0,0,0,4,1,0,4,1,0,0,0,0,0,1,0,67,0,0,
pianoSvg/E1340.svg,old,1/1,8,138,0,16,23,0,0,35,0,0,3,71,3,0,8,1,35,0,0,0,0,1,1,79,0,0,3
pianoSvg/E1341.svg,old,1/1,7,124,0,14,53,0,0,18,0,46,9,27,4,0,7,1,10,0,0,0,0,1,0,142,0,0,
pianoSvg/E1342.svg,old,1/1,6,90,0,7,7,1,0,0,0,21,1,0,2,0,6,1,20,0,0,0,0,1,0,117,0,0,
pianoSvg/E1343.svg,old,1/1,7,76,0,14,15,0,0,4,0,0,6,11,1,0,7,1,0,0,0,0,0,1,2,90,0,0,3 | 3
pianoSvg/E1344.svg,old,1/1,6,98,0,4,0,0,0,5,0,4,3,9,2,0,6,1,10,0,0,0,0,1,0,110,0,0,
pianoSvg/E1345.svg,old,1/1,4,91,0,4,11,0,0,4,0,16,1,8,2,0,4,1,14,0,0,0,0,1,0,95,0,0,
pianoSvg/E1346.svg,old,1/1,4,58,0,4,3,0,0,0,0,12,1,5,1,0,4,1,3,0,0,0,0,1,0,65,0,0,
pianoSvg/E1347.svg,old,1/1,7,94,0,0,1,0,0,0,0,11,0,3,1,0,7,1,11,0,0,0,0,1,0,121,0,0,
pianoSvg/E1348.svg,old,1/1,8,107,0,8,11,0,0,0,0,4,2,13,1,0,8,1,5,0,0,0,0,1,0,101,0,0,
pianoSvg/E1349.svg,old,1/1,4,88,0,9,18,1,0,0,0,28,0,12,1,0,4,1,0,0,0,0,0,1,0,51,0,0,
pianoSvg/E135.svg,old,1/1,2,31,0,2,2,0,0,1,0,0,0,5,2,0,2,1,3,0,0,0,0,1,0,33,0,0,
pianoSvg/E1350.svg,old,1/1,4,52,0,8,16,0,0,0,0,10,1,7,1,0,4,1,1,0,0,0,0,1,0,48,0,0,
pianoSvg/E1351.svg,old,1/1,4,45,0,16,15,0,0,4,0,18,0,10,2,0,4,1,3,0,0,0,0,1,0,24,0,0,
pianoSvg/E1352.svg,old,1/1,4,40,0,8,10,0,0,0,0,0,1,1,1,0,4,1,0,0,0,0,0,1,0,39,0,0,
pianoSvg/E1353.svg,old,1/1,4,43,0,20,11,0,0,6,0,6,1,7,2,0,4,1,1,0,0,0,0,1,0,39,0,0,
pianoSvg/E1354.svg,old,1/1,6,90,0,6,0,0,0,0,0,61,1,41,1,0,6,1,3,0,0,0,0,1,0,54,0,0,
pianoSvg/E1355.svg,old,1/1,4,67,0,6,2,1,0,10,0,11,3,14,5,0,4,1,2,0,0,0,0,1,0,68,0,0,
pianoSvg/E1356.svg,old,1/1,2,38,0,8,16,0,0,0,0,18,2,13,1,0,2,1,0,0,0,0,0,1,0,34,0,0,
pianoSvg/E1357.svg,old,1/1,4,60,0,8,3,0,0,6,0,12,1,12,2,0,4,1,13,1,0,0,0,1,0,47,0,0,
pianoSvg/E1358.svg,old,1/1,3,63,0,9,3,0,0,0,0,19,1,1,1,0,3,1,0,0,0,0,0,1,0,37,0,0,
pianoSvg/E1359.svg,old,1/1,4,64,0,0,0,0,0,1,0,33,7,30,1,0,4,1,0,0,0,0,0,1,0,36,0,0,
pianoSvg/E136.svg,old,1/1,2,30,0,2,2,0,0,3,0,4,0,3,1,0,2,1,0,0,0,0,0,1,0,22,0,0,
pianoSvg/E1360.svg,old,1/1,4,58,0,4,9,0,0,0,0,0,0,6,2,0,4,1,0,0,0,0,0,1,0,69,0,0,
pianoSvg/E137.svg,old,1/1,3,49,0,4,2,1,0,1,0,2,1,4,1,0,3,1,6,0,0,0,0,1,1,47,0,0,(Repeat the last two lines of each stanza)
pianoSvg/E138.svg,old,1/1,3,37,0,6,16,0,0,0,0,3,0,1,1,0,3,1,3,1,0,0,0,1,0,42,0,0,
pianoSvg/E139.svg,old,1/1,4,68,0,16,42,0,0,4,0,12,4,7,2,0,4,1,11,0,0,0,0,1,0,69,0,0,
pianoSvg/E14.svg,old,1/1,4,47,0,4,0,0,0,0,0,3,1,0,2,0,4,1,3,0,0,0,0,1,0,32,0,0,
pianoSvg/E140.svg,old,1/1,3,47,0,15,14,0,0,3,0,2,0,3,1,0,3,1,2,0,0,0,0,1,0,41,0,0,
pianoSvg/E1403.svg,old,1/1,4,74,0,5,3,0,0,16,0,22,1,7,2,0,4,1,9,3,0,0,0,1,0,59,0,0,
pianoSvg/E1404.svg,old,1/1,2,28,0,2,4,0,0,6,0,1,0,6,1,0,2,1,0,0,0,0,0,1,0,36,0,0,
pianoSvg/E141.svg,old,1/1,2,34,0,8,17,0,0,0,0,2,1,2,2,0,2,1,6,0,0,0,0,1,0,30,0,0,
pianoSvg/E142.svg,old,1/1,4,53,0,13,26,1,0,1,0,2,0,6,1,0,4,1,1,0,0,0,0,1,0,57,0,0,
pianoSvg/E143.svg,old,1/1,3,45,0,7,15,1,0,2,0,0,0,2,1,0,3,1,0,0,0,0,0,1,0,41,0,0,
pianoSvg/E144.svg,old,1/1,3,44,0,3,5,0,0,0,0,0,0,0,1,0,3,1,0,0,0,0,0,1,0,60,0,0,
pianoSvg/E145.svg,old,1/1,4,38,0,8,5,0,0,0,0,0,0,1,1,0,4,1,6,0,0,0,0,1,0,43,0,0,
pianoSvg/E146.svg,old,1/1,3,40,0,1,0,0,0,0,0,0,1,5,1,0,3,1,0,0,0,0,0,1,0,76,0,0,
pianoSvg/E147.svg,old,1/1,4,67,0,0,0,0,0,0,0,5,1,7,2,0,4,1,15,0,0,0,0,1,0,58,0,0,
pianoSvg/E148.svg,old,1/1,3,49,0,3,3,0,0,5,0,0,0,10,2,0,3,1,7,0,0,0,0,1,0,51,0,0,
pianoSvg/E149.svg,old,1/1,3,62,0,3,3,0,0,2,0,0,3,10,2,0,3,1,3,0,0,0,0,1,0,59,0,0,
pianoSvg/E15.svg,old,1/1,4,55,0,9,6,0,0,0,0,1,1,2,1,0,4,1,3,0,0,0,0,1,0,69,0,0,
pianoSvg/E150.svg,old,1/1,4,87,0,12,26,0,0,0,0,20,1,0,2,0,4,1,14,0,0,0,0,1,0,46,0,0,
pianoSvg/E151.svg,old,1/1,6,76,0,27,41,3,0,0,0,0,0,10,2,0,6,1,0,1,0,0,0,1,0,70,0,0,
pianoSvg/E152.svg,old,1/1,4,95,0,16,17,0,0,9,0,0,0,9,2,0,4,1,22,1,0,0,0,1,13,96,0,0,3 | 3 | 3 | 3
pianoSvg/E153.svg,old,1/1,2,40,0,8,22,0,0,1,0,2,1,2,2,0,2,1,12,0,0,0,0,1,0,47,0,0,
pianoSvg/E154.svg,old,1/1,4,44,0,10,15,2,0,8,0,4,1,9,1,0,4,1,0,0,0,0,0,1,0,39,0,0,
pianoSvg/E155.svg,old,1/1,2,28,0,8,19,0,0,3,0,0,0,3,1,0,2,1,0,0,0,0,0,1,0,30,0,0,
pianoSvg/E156.svg,old,1/1,4,56,0,16,20,0,0,1,0,0,1,12,2,0,4,1,0,0,0,0,0,1,0,73,0,0,
pianoSvg/E157.svg,old,1/1,2,32,0,6,6,0,0,0,0,0,1,4,2,0,2,1,4,0,0,0,0,1,0,30,0,0,
pianoSvg/E158.svg,old,1/1,3,46,0,3,2,0,0,8,0,2,0,8,1,0,3,1,2,0,0,0,0,1,0,35,0,0,
pianoSvg/E159.svg,old,1/1,4,62,0,4,2,0,0,21,0,7,1,6,2,0,4,1,5,4,0,0,0,1,0,43,0,0,
pianoSvg/E16.svg,old,1/1,4,65,0,2,0,0,0,17,0,13,1,1,2,0,4,1,9,0,0,0,0,1,0,63,0,0,
pianoSvg/E160.svg,old,1/1,4,58,0,12,26,0,0,2,0,16,3,13,1,0,4,1,0,0,0,0,0,1,0,52,0,0,
pianoSvg/E161.svg,old,1/1,2,29,0,2,2,0,0,0,0,14,1,7,2,0,2,1,0,0,0,0,0,1,0,25,0,0,
pianoSvg/E162.svg,old,1/1,4,51,0,12,3,0,0,0,0,14,1,7,2,0,4,1,4,0,0,0,0,1,0,32,0,0,
pianoSvg/E163.svg,old,1/1,2,29,0,2,2,0,0,0,0,0,1,0,2,0,2,1,1,0,0,0,0,1,0,38,0,0,
pianoSvg/E164.svg,old,1/1,4,41,0,10,1,0,0,0,0,5,4,2,2,0,4,1,3,0,0,0,0,1,0,34,0,0,
pianoSvg/E165.svg,old,1/1,4,56,0,13,23,1,0,0,0,4,1,4,1,0,4,1,4,0,0,0,0,1,0,55,0,0,
pianoSvg/E166.svg,old,1/1,4,47,0,4,6,0,0,2,0,0,0,10,2,0,4,1,0,0,0,0,0,1,0,53,0,0,
pianoSvg/E167.svg,old,1/1,3,36,0,3,1,0,0,0,0,14,1,9,1,0,3,1,4,0,0,0,0,1,0,29,0,0,
pianoSvg/E168.svg,old,1/1,4,68,0,12,35,0,0,0,0,8,0,4,1,0,4,1,2,4,0,0,0,1,0,77,0,0,
pianoSvg/E169.svg,old,1/1,4,55,0,4,5,0,0,7,0,2,1,11,1,0,4,1,3,0,0,0,0,1,0,52,0,0,
pianoSvg/E17.svg,old,1/1,4,78,0,8,18,0,0,6,0,16,10,6,1,0,4,1,0,3,0,0,0,1,0,67,0,0,
pianoSvg/E170.svg,old,1/1,2,30,0,0,0,0,0,2,0,0,0,2,1,0,2,1,0,0,0,0,0,1,0,23,0,0,
pianoSvg/E171.svg,old,1/1,4,67,0,16,29,0,0,19,0,8,1,5,2,0,4,1,8,0,0,0,0,1,1,59,0,0,"* An Old World plant, prized for its fragrant yellow and white flowers. (Song of Sol. 1:14, A.S.V.)"
pianoSvg/E172.svg,old,1/1,3,42,0,3,1,0,0,9,0,11,1,12,2,0,3,1,0,0,0,0,0,1,1,28,0,0,"* An Old World plant, prized for its fragrant yellow and white flowers. (Song of Sol. 1:14, A.S.V.)"
pianoSvg/E173.svg,old,1/1,4,64,0,5,0,0,0,0,0,30,2,23,1,0,4,1,2,0,0,0,0,1,0,53,0,0,
pianoSvg/E174.svg,old,1/1,3,70,0,6,7,0,0,0,0,0,1,0,1,0,3,1,0,4,0,0,0,1,0,72,0,0,
pianoSvg/E175.svg,old,1/1,2,42,0,6,23,0,0,1,0,0,0,1,1,0,2,1,5,0,0,0,0,1,0,52,0,0,
pianoSvg/E176.svg,old,1/1,4,44,0,10,5,0,0,0,0,0,4,10,2,0,4,1,0,0,0,0,0,1,0,49,0,0,
pianoSvg/E177.svg,old,1/1,2,38,0,2,1,0,0,16,0,2,1,3,2,0,2,1,4,0,0,0,0,1,0,44,0,0,
pianoSvg/E178.svg,old,1/1,3,60,0,6,7,0,0,2,0,0,1,2,2,0,3,1,12,0,0,0,0,1,0,70,0,0,
pianoSvg/E179.svg,old,1/1,2,41,0,2,1,0,0,3,0,1,1,6,2,0,2,1,2,0,0,0,0,1,0,21,0,0,
pianoSvg/E18.svg,old,1/1,4,56,0,9,12,1,0,8,0,0,1,12,1,0,4,1,0,0,0,0,0,1,0,39,0,0,
pianoSvg/E180.svg,old,1/1,4,84,0,4,0,0,0,5,0,39,2,19,1,0,4,1,1,0,0,0,0,1,0,86,0,0,
pianoSvg/E181.svg,old,1/1,4,52,0,16,35,0,0,7,0,0,0,7,1,0,4,1,0,0,0,0,0,1,0,55,0,0,
pianoSvg/E182.svg,old,1/1,2,37,0,2,3,0,0,2,0,7,0,2,2,0,2,1,7,0,0,0,0,1,0,45,0,0,
pianoSvg/E183.svg,old,1/1,2,33,0,8,23,0,0,0,0,4,1,2,1,0,2,1,5,0,0,0,0,1,0,35,0,0,
pianoSvg/E184.svg,old,1/1,4,38,0,8,5,0,0,0,0,0,0,1,1,0,4,1,6,0,0,0,0,1,0,43,0,0,
pianoSvg/E185.svg,old,1/1,4,52,0,0,0,0,0,0,0,34,3,12,2,0,4,1,0,0,0,0,0,1,0,45,0,0,
pianoSvg/E186.svg,old,1/1,3,46,0,6,14,0,0,4,0,1,0,4,1,0,3,1,1,0,0,0,0,1,0,44,0,0,
pianoSvg/E187.svg,old,1/1,2,33,0,2,1,0,0,2,0,2,1,2,1,0,2,1,3,0,0,0,0,1,0,45,0,0,
pianoSvg/E188.svg,old,1/1,2,33,0,2,1,0,0,2,0,2,1,2,1,0,2,1,3,0,0,0,0,1,0,45,0,0,
pianoSvg/E189.svg,old,1/1,4,53,0,20,29,0,0,2,0,1,1,6,1,0,4,1,1,0,0,0,0,1,0,50,0,0,
pianoSvg/E19.svg,old,1/1,4,85,0,9,6,0,0,6,0,4,1,11,2,0,4,1,0,1,0,0,0,1,0,66,0,0,
pianoSvg/E190.svg,old,1/1,4,70,0,18,34,2,0,8,0,11,3,12,1,0,4,1,6,0,0,0,0,1,0,62,0,0,
pianoSvg/E191.svg,old,1/1,4,70,0,16,36,0,0,12,0,6,0,12,1,0,4,1,10,0,0,0,0,1,0,69,0,0,
pianoSvg/E192.svg,old,1/1,3,40,0,1,0,0,0,0,0,0,1,5,1,0,3,1,0,0,0,0,0,1,0,76,0,0,
pianoSvg/E193.svg,old,1/1,4,70,0,10,17,1,0,18,0,10,1,4,2,0,4,1,14,0,0,0,0,1,0,54,0,0,
pianoSvg/E194.svg,old,1/1,4,62,0,9,5,0,0,26,0,3,1,4,2,0,4,1,6,0,0,0,0,1,0,61,0,0,
pianoSvg/E195.svg,old,1/1,4,53,0,20,29,0,0,2,0,1,1,6,1,0,4,1,1,0,0,0,0,1,0,50,0,0,
pianoSvg/E196.svg,old,1/1,4,70,0,16,36,0,0,12,0,6,0,12,1,0,4,1,10,0,0,0,0,1,0,69,0,0,
pianoSvg/E197.svg,old,1/1,2,36,0,2,5,0,0,0,0,0,1,2,2,0,2,1,9,0,0,0,0,1,0,39,0,0,
pianoSvg/E198.svg,old,1/1,2,35,0,3,3,1,0,0,0,3,1,2,2,0,2,1,7,0,0,0,0,1,0,42,0,0,
pianoSvg/E199.svg,old,1/1,6,92,0,19,43,1,0,0,0,48,5,29,1,0,6,1,2,0,0,0,0,1,0,94,0,0,
pianoSvg/E2.svg,old,1/1,4,47,0,5,3,1,0,2,0,0,0,2,1,0,4,1,0,0,0,0,0,1,0,37,0,0,
pianoSvg/E20.svg,old,1/1,4,71,0,13,44,1,0,6,0,10,0,6,1,0,4,1,11,0,0,0,0,1,0,76,0,0,
pianoSvg/E200.svg,old,1/1,2,36,0,2,5,0,0,0,0,0,1,1,2,0,2,1,7,0,0,0,0,1,0,36,0,0,
pianoSvg/E201.svg,old,1/1,2,35,0,7,5,0,0,0,0,0,1,1,2,0,2,1,7,0,0,0,0,1,0,47,0,0,
pianoSvg/E202.svg,old,1/1,4,53,0,20,29,0,0,2,0,1,1,6,1,0,4,1,1,0,0,0,0,1,0,50,0,0,
pianoSvg/E203.svg,old,1/1,4,72,0,4,6,0,0,2,0,1,0,6,2,0,4,1,12,0,0,0,0,1,0,76,0,0,
pianoSvg/E204.svg,old,1/1,2,33,0,4,18,0,0,5,0,2,2,3,2,0,2,1,3,1,0,0,0,1,0,40,0,0,
pianoSvg/E205.svg,old,1/1,2,35,0,6,23,0,0,0,0,0,0,3,2,0,2,1,3,0,0,0,0,1,0,51,0,0,
pianoSvg/E206.svg,old,1/1,4,55,0,4,5,0,0,7,0,2,1,11,1,0,4,1,3,0,0,0,0,1,0,52,0,0,
pianoSvg/E207.svg,old,1/1,2,38,0,2,4,0,0,0,0,5,1,3,2,0,2,1,7,0,0,0,0,1,0,56,0,0,
pianoSvg/E208.svg,old,1/1,4,65,0,1,1,0,0,0,0,0,1,3,2,0,4,1,7,0,0,0,0,1,0,67,0,0,
pianoSvg/E209.svg,old,1/1,2,29,0,2,2,0,0,0,0,0,1,4,2,0,2,1,1,0,0,0,0,1,0,47,0,0,
pianoSvg/E21.svg,old,1/1,2,45,0,0,0,0,0,0,0,0,1,0,2,0,2,1,1,0,0,0,0,1,0,41,0,0,
pianoSvg/E210.svg,old,1/1,4,99,0,4,8,0,0,8,0,23,1,4,1,0,4,1,5,0,0,0,0,1,0,69,0,0,
pianoSvg/E211.svg,old,1/1,4,38,0,8,5,0,0,0,0,0,0,1,1,0,4,1,6,0,0,0,0,1,0,43,0,0,
pianoSvg/E212.svg,old,1/1,4,40,0,5,6,1,0,0,0,0,0,0,1,0,4,1,0,0,0,0,0,1,0,50,0,0,
pianoSvg/E213.svg,old,1/1,4,55,0,12,34,0,0,1,0,3,1,5,1,0,4,1,3,0,0,0,0,1,0,64,0,0,
pianoSvg/E214.svg,old,1/1,2,33,0,2,3,0,0,0,0,2,1,2,2,0,2,1,6,0,0,0,0,1,0,35,0,0,
pianoSvg/E215.svg,old,1/1,4,63,0,8,10,0,0,0,0,19,1,0,2,0,4,1,3,0,0,0,0,1,0,64,0,0,
pianoSvg/E216.svg,old,1/1,2,28,0,8,21,0,0,0,0,0,1,0,2,0,2,1,0,0,0,0,0,1,0,40,0,0,
pianoSvg/E217.svg,old,1/1,2,26,0,2,2,0,0,3,0,2,0,3,1,0,2,1,2,0,0,0,0,1,0,26,0,0,
pianoSvg/E218.svg,old,1/1,2,38,0,3,6,1,0,0,0,0,1,1,2,0,2,1,10,0,0,0,0,1,0,43,0,0,
pianoSvg/E219.svg,old,1/1,4,40,0,5,4,0,0,0,0,0,0,0,1,0,4,1,0,0,0,0,0,1,0,56,0,0,
pianoSvg/E22.svg,old,1/1,2,30,0,0,0,0,0,2,0,0,0,2,1,0,2,1,0,0,0,0,0,1,0,23,0,0,
pianoSvg/E220.svg,old,1/1,2,35,0,7,5,0,0,0,0,0,1,1,2,0,2,1,7,0,0,0,0,1,0,47,0,0,
pianoSvg/E221.svg,old,1/1,6,89,0,22,44,4,0,24,0,3,1,21,1,0,6,1,4,0,0,0,0,1,0,86,0,0,
pianoSvg/E222.svg,old,1/1,2,38,0,4,14,0,0,2,0,4,1,4,2,0,2,1,10,0,0,0,0,1,0,59,0,0,
pianoSvg/E223.svg,old,1/1,4,59,0,4,11,0,0,0,0,0,0,8,2,0,4,1,3,1,0,0,0,1,0,78,0,0,
pianoSvg/E224.svg,old,1/1,4,56,0,5,10,1,0,7,0,0,0,7,1,0,4,1,0,0,0,0,0,1,0,80,0,0,
pianoSvg/E225.svg,old,1/1,4,40,0,4,6,0,0,1,0,0,0,1,1,0,4,1,0,0,0,0,0,1,0,53,0,0,
pianoSvg/E226.svg,old,1/1,2,27,0,2,1,0,0,5,0,0,0,5,1,0,2,1,0,0,0,0,0,1,0,34,0,0,
pianoSvg/E227.svg,old,1/1,6,89,0,22,44,4,0,24,0,3,1,21,1,0,6,1,4,0,0,0,0,1,0,86,0,0,
pianoSvg/E228.svg,old,1/1,2,29,0,2,2,0,0,5,0,2,1,7,1,0,2,1,3,0,0,0,0,1,0,43,0,0,
pianoSvg/E229.svg,old,1/1,2,32,0,2,0,0,0,0,0,0,1,2,2,0,2,1,8,0,0,0,0,1,0,26,0,0,
pianoSvg/E23.svg,old,1/1,4,56,0,9,12,1,0,8,0,0,1,12,1,0,4,1,0,0,0,0,0,1,0,39,0,0,
pianoSvg/E230.svg,old,1/1,2,28,0,8,21,0,0,0,0,0,1,0,2,0,2,1,0,0,0,0,0,1,0,40,0,0,
pianoSvg/E231.svg,old,1/1,2,37,0,2,0,0,0,0,0,0,1,0,2,0,2,1,5,0,0,0,0,1,0,35,0,0,
pianoSvg/E232.svg,old,1/1,2,29,0,6,4,1,0,0,0,1,1,1,1,0,2,1,1,0,0,0,0,1,0,31,0,0,
pianoSvg/E233.svg,old,1/1,2,36,0,0,0,0,0,5,0,4,0,6,1,0,2,1,4,0,0,0,0,1,0,44,0,0,
pianoSvg/E234.svg,old,1/1,3,44,0,3,2,0,0,6,0,12,1,6,2,0,3,1,0,0,0,0,0,1,0,46,0,0,
pianoSvg/E235.svg,old,1/1,4,91,0,4,3,0,0,6,0,11,3,43,2,0,4,1,4,0,0,0,0,1,0,96,0,0,
pianoSvg/E236.svg,old,1/1,4,60,0,12,23,0,0,0,0,0,0,0,1,0,4,1,0,0,0,0,0,1,0,49,0,0,
pianoSvg/E237.svg,old,1/1,4,40,0,24,11,0,2,0,0,0,0,0,1,0,4,1,0,0,0,0,0,1,0,35,0,0,
pianoSvg/E238.svg,old,1/1,2,38,0,4,8,0,0,1,0,0,1,6,1,0,2,1,2,0,0,0,0,1,0,29,0,0,
pianoSvg/E239.svg,old,1/1,6,80,0,6,10,0,0,14,0,0,1,20,1,0,6,1,0,0,0,0,0,1,0,87,0,0,
pianoSvg/E24.svg,old,1/1,3,49,0,4,2,1,0,1,0,2,1,4,1,0,3,1,6,0,0,0,0,1,0,47,0,0,
pianoSvg/E240.svg,old,1/1,2,44,0,2,4,0,0,1,0,4,0,1,1,0,2,1,4,0,0,0,0,1,0,35,0,0,
pianoSvg/E241.svg,old,1/1,6,97,0,7,12,1,0,34,0,1,0,2,1,0,6,1,1,0,0,0,0,1,0,93,0,0,
pianoSvg/E242.svg,old,1/1,2,37,0,2,3,0,0,0,0,10,1,4,1,0,2,1,9,0,0,0,0,1,0,33,0,0,
pianoSvg/E243.svg,old,1/1,2,40,0,2,2,0,0,2,0,0,1,2,2,0,2,1,8,0,0,0,0,1,0,32,0,0,
pianoSvg/E244.svg,old,1/1,2,32,0,6,5,0,0,6,0,0,1,6,1,0,2,1,0,0,0,0,0,1,0,28,0,0,
pianoSvg/E245.svg,old,1/1,4,84,0,8,18,0,0,12,0,12,1,12,2,0,4,1,0,2,0,0,0,1,0,52,0,0,
pianoSvg/E246.svg,old,1/1,4,68,0,8,16,0,0,4,0,25,1,5,2,0,4,1,4,0,0,0,0,1,0,45,0,0,
pianoSvg/E247.svg,old,1/1,2,26,0,1,0,0,0,3,0,0,1,6,1,0,2,1,0,0,0,0,0,1,0,22,0,0,
pianoSvg/E248.svg,old,1/1,5,89,0,28,40,3,0,3,1,33,1,13,5,0,5,1,0,0,0,0,0,1,0,60,0,0,
pianoSvg/E249.svg,old,1/1,4,43,0,12,11,0,0,2,0,0,0,5,1,0,4,1,1,0,0,0,0,1,0,37,0,0,
pianoSvg/E25.svg,old,1/1,4,55,0,16,32,0,0,5,0,14,0,7,2,0,4,1,7,0,0,0,0,1,0,50,0,0,
pianoSvg/E250.svg,old,1/1,2,24,0,5,3,1,0,4,0,0,0,4,1,0,2,1,0,0,0,0,0,1,0,28,0,0,
pianoSvg/E251.svg,old,1/1,4,60,0,6,7,1,0,0,0,0,0,12,2,0,4,1,4,0,0,0,0,1,0,55,0,0,
pianoSvg/E252.svg,old,1/1,3,63,0,0,0,0,0,0,0,0,1,0,2,0,3,1,15,0,0,0,0,1,0,64,0,0,
pianoSvg/E253.svg,old,1/1,2,28,0,2,4,0,0,0,0,0,1,3,2,0,2,1,2,0,0,0,0,1,0,41,0,0,
pianoSvg/E254.svg,old,1/1,2,33,0,6,19,0,0,1,0,0,0,5,2,0,2,1,1,0,0,0,0,1,0,46,0,0,
pianoSvg/E255.svg,old,1/1,4,56,0,8,16,0,0,7,0,14,1,7,2,0,4,1,0,0,0,0,0,1,0,52,0,0,
pianoSvg/E256.svg,old,1/1,4,85,0,12,30,0,0,1,0,32,1,17,1,0,4,1,5,2,0,0,0,1,0,62,0,0,
pianoSvg/E257.svg,old,1/1,4,56,0,8,5,0,0,10,0,0,1,14,1,0,4,1,0,0,0,0,0,1,0,68,0,0,
pianoSvg/E258.svg,old,1/1,4,40,0,5,4,0,0,0,0,0,0,0,1,0,4,1,0,0,0,0,0,1,0,56,0,0,
pianoSvg/E259.svg,old,1/1,3,43,0,3,4,0,0,0,0,0,0,5,2,0,3,1,0,4,0,0,0,1,0,62,0,0,
pianoSvg/E26.svg,old,1/1,4,54,0,24,12,0,2,9,0,3,1,10,1,0,4,1,1,0,0,0,0,1,0,66,0,0,
pianoSvg/E260.svg,old,1/1,4,58,0,9,20,0,0,0,0,15,0,13,2,0,4,1,1,0,0,0,0,1,0,71,0,0,
pianoSvg/E261.svg,old,1/1,4,72,0,12,44,0,0,0,0,0,4,4,2,0,4,1,16,0,0,0,0,1,0,82,0,0,
pianoSvg/E262.svg,old,1/1,5,70,0,7,4,1,0,2,0,18,1,10,2,0,5,1,3,1,0,0,0,1,0,67,0,0,
pianoSvg/E263.svg,old,1/1,5,96,0,10,25,0,0,14,0,22,1,20,1,0,5,1,0,0,0,0,0,1,0,73,0,0,
pianoSvg/E264.svg,old,1/1,2,38,0,2,1,0,0,16,0,2,1,3,2,0,2,1,4,0,0,0,0,1,0,44,0,0,
pianoSvg/E265.svg,old,1/1,2,33,0,2,3,0,0,0,0,2,0,0,1,0,2,1,3,0,0,0,0,1,0,27,0,0,
pianoSvg/E266.svg,old,1/1,4,71,0,8,1,0,0,0,0,14,0,2,1,0,4,1,0,2,0,0,0,1,0,61,0,0,
pianoSvg/E267.svg,old,1/1,4,58,0,4,9,0,0,0,0,0,0,6,2,0,4,1,0,0,0,0,0,1,0,72,0,0,
pianoSvg/E268.svg,old,1/1,4,60,0,4,2,0,0,2,0,17,1,3,2,0,4,1,0,2,0,0,0,1,0,57,0,0,
pianoSvg/E269.svg,old,1/1,3,48,0,6,5,0,0,0,0,0,0,6,2,0,3,1,6,0,0,0,0,1,0,60,0,0,
pianoSvg/E27.svg,old,1/1,4,68,0,0,0,0,0,6,0,10,1,6,1,0,4,1,10,2,0,0,0,1,0,51,0,0,
pianoSvg/E270.svg,old,1/1,4,40,0,8,10,0,0,0,0,0,1,1,1,0,4,1,0,0,0,0,0,1,0,39,0,0,
pianoSvg/E271.svg,old,1/1,4,72,0,4,6,0,0,2,0,1,0,6,2,0,4,1,12,0,0,0,0,1,0,76,0,0,
pianoSvg/E272.svg,old,1/1,4,62,0,20,33,3,0,0,0,0,1,7,2,0,4,1,2,0,0,0,0,1,0,64,0,0,
pianoSvg/E273.svg,old,1/1,4,76,0,20,31,2,0,0,0,25,0,14,1,0,4,1,1,0,0,0,0,1,0,49,0,0,
pianoSvg/E274.svg,old,1/1,4,66,0,16,40,0,0,2,0,22,2,14,1,0,4,1,0,0,0,0,0,1,0,59,0,0,
pianoSvg/E275.svg,old,1/1,4,60,0,5,5,1,0,0,0,0,2,6,2,0,4,1,4,1,0,0,0,1,0,67,0,0,
pianoSvg/E276.svg,old,1/1,4,63,0,4,0,0,0,0,0,16,0,8,1,0,4,1,0,0,0,0,0,1,0,59,0,0,
pianoSvg/E277.svg,old,1/1,3,46,0,6,14,0,0,4,0,1,0,4,1,0,3,1,1,0,0,0,0,1,0,44,0,0,
pianoSvg/E278.svg,old,1/1,4,48,0,4,3,0,0,0,0,3,1,1,2,0,4,1,4,0,0,0,0,1,0,59,0,0,
pianoSvg/E279.svg,old,1/1,4,90,0,4,6,0,0,13,0,41,1,30,2,0,4,1,2,0,0,0,0,1,1,70,0,0,3
pianoSvg/E28.svg,old,1/1,6,98,0,0,0,0,0,14,0,46,1,35,2,0,6,1,10,0,0,0,0,1,0,60,0,0,
pianoSvg/E280.svg,old,1/1,6,79,0,0,3,0,0,9,0,0,5,14,1,0,6,1,1,0,0,0,0,1,0,93,0,0,
pianoSvg/E281.svg,old,1/1,2,46,0,2,3,0,0,0,0,9,0,0,2,0,2,1,11,0,0,0,0,1,1,58,0,0,(Repeat the last line of each stanza)
pianoSvg/E282.svg,old,1/1,2,35,0,2,2,0,0,0,0,4,0,6,2,0,2,1,7,0,0,0,0,1,0,22,0,0,
pianoSvg/E283.svg,old,1/1,3,43,0,3,4,0,0,0,0,0,0,5,2,0,3,1,0,4,0,0,0,1,0,62,0,0,
pianoSvg/E284.svg,old,1/1,5,70,0,16,47,1,0,0,0,0,1,10,2,0,5,1,0,0,0,0,0,1,0,91,0,0,
pianoSvg/E285.svg,old,1/1,2,28,0,2,4,0,0,0,0,0,1,3,2,0,2,1,2,0,0,0,0,1,0,41,0,0,
pianoSvg/E286.svg,old,1/1,5,88,0,25,45,4,0,8,0,24,3,20,4,0,5,1,3,2,0,0,0,1,0,78,0,0,
pianoSvg/E287.svg,old,1/1,2,26,0,8,16,0,0,0,0,0,0,0,1,0,2,1,4,1,0,0,0,1,0,28,0,0,
pianoSvg/E288.svg,old,1/1,4,62,0,4,4,0,0,4,0,26,1,16,2,0,4,1,2,2,0,0,0,1,0,44,0,0,
pianoSvg/E289.svg,old,1/1,6,81,0,26,38,1,0,3,0,22,3,13,2,0,6,1,0,1,0,0,0,1,0,63,0,0,
pianoSvg/E29.svg,old,1/1,4,63,0,4,1,0,0,0,0,2,1,5,2,0,4,1,17,0,0,0,0,1,0,60,0,0,
pianoSvg/E290.svg,old,1/1,4,61,0,4,2,0,0,2,0,17,2,12,1,0,4,1,1,1,0,0,0,1,0,65,0,0,
pianoSvg/E291.svg,old,1/1,4,73,0,4,2,0,0,3,0,19,0,10,2,0,4,1,1,0,0,0,0,1,0,75,0,0,
pianoSvg/E292.svg,old,1/1,4,64,0,4,7,0,0,0,0,16,1,17,2,0,4,1,0,0,0,0,0,1,0,65,0,0,
pianoSvg/E293.svg,old,1/1,2,33,0,6,13,0,0,0,0,7,0,2,1,0,2,1,1,1,0,0,0,1,0,32,0,0,
pianoSvg/E294.svg,old,1/1,4,66,0,0,0,0,0,8,0,12,3,12,1,0,4,1,1,0,0,0,0,1,0,60,0,0,
pianoSvg/E295.svg,old,1/1,4,39,0,17,22,1,0,0,0,1,1,1,2,0,4,1,6,0,0,0,0,1,0,40,0,0,
pianoSvg/E296.svg,old,1/1,4,84,0,4,2,0,0,2,0,0,0,8,1,0,4,1,16,0,0,0,0,1,0,98,0,0,
pianoSvg/E297.svg,old,1/1,2,34,0,4,5,0,0,0,0,5,1,1,1,0,2,1,6,0,0,0,0,1,0,46,0,0,
pianoSvg/E298.svg,old,1/1,4,56,0,4,4,0,0,0,0,14,1,0,2,0,4,1,0,1,0,0,0,1,0,34,0,0,
pianoSvg/E299.svg,old,1/1,2,33,0,2,2,0,0,0,0,3,1,1,2,0,2,1,5,0,0,0,0,1,0,57,0,0,
pianoSvg/E3.svg,old,1/1,3,41,0,3,1,0,0,3,0,1,1,6,2,0,3,1,2,0,0,0,0,1,0,21,0,0,
pianoSvg/E30.svg,old,1/1,2,28,0,8,13,0,0,5,0,0,1,7,1,0,2,1,0,0,0,0,0,1,0,22,0,0,
pianoSvg/E300.svg,old,1/1,4,70,0,9,3,0,0,0,0,23,1,10,2,0,4,1,20,2,0,0,0,1,0,62,0,0,
pianoSvg/E301.svg,old,1/1,4,66,0,4,2,0,0,10,0,12,1,10,2,0,4,1,8,1,0,0,0,1,0,51,0,0,
pianoSvg/E302.svg,old,1/1,4,71,0,4,5,0,0,4,0,12,1,9,1,0,4,1,9,0,0,0,0,1,0,50,0,0,
pianoSvg/E303.svg,old,1/1,4,81,0,1,0,0,0,9,0,23,1,9,1,0,4,1,3,1,0,0,0,1,2,49,0,0,3 | 3
pianoSvg/E304.svg,old,1/1,6,61,0,1,0,0,0,0,0,0,0,0,1,0,6,1,1,0,0,0,0,1,0,80,0,0,
pianoSvg/E305.svg,old,1/1,4,85,0,4,2,0,0,13,0,12,1,27,5,0,4,1,25,0,0,0,0,1,0,57,0,0,
pianoSvg/E306.svg,old,1/1,2,23,0,2,2,0,0,1,0,0,3,3,1,0,2,1,0,0,0,0,0,1,0,32,0,0,
pianoSvg/E307.svg,old,1/1,4,71,0,18,34,2,0,1,1,34,1,23,1,0,4,1,7,2,0,0,0,1,0,63,0,0,
pianoSvg/E308.svg,old,1/1,4,81,0,21,35,1,0,1,0,17,1,33,2,0,4,1,8,0,0,0,0,1,0,60,0,0,
pianoSvg/E309.svg,old,1/1,4,77,0,5,1,0,0,22,0,12,1,6,1,0,4,1,1,3,0,0,0,1,0,56,0,0,
pianoSvg/E31.svg,old,1/1,2,38,0,1,0,0,0,0,0,0,1,2,2,0,2,1,11,0,0,0,0,1,0,45,0,0,
pianoSvg/E310.svg,old,1/1,4,80,0,8,5,0,0,0,0,16,1,33,2,0,4,1,4,0,0,0,0,1,0,69,0,0,
pianoSvg/E311.svg,old,1/1,4,74,0,8,24,0,0,14,0,24,0,18,1,0,4,1,0,1,0,0,0,1,0,62,0,0,
pianoSvg/E312.svg,old,1/1,4,49,0,1,0,0,0,8,0,10,4,8,2,0,4,1,0,2,0,0,0,1,0,67,0,0,
pianoSvg/E313.svg,old,1/1,4,36,0,4,2,0,0,2,0,5,1,3,2,0,4,1,8,0,0,0,0,1,0,38,0,0,
pianoSvg/E314.svg,old,1/1,4,64,0,8,5,0,0,1,0,10,2,5,1,0,4,1,4,1,0,0,0,1,0,68,0,0,
pianoSvg/E315.svg,old,1/1,4,72,0,5,4,1,0,2,0,26,1,17,2,0,4,1,1,0,0,0,0,1,0,55,0,0,
pianoSvg/E316.svg,old,1/1,4,64,0,12,21,0,0,16,0,17,1,18,2,0,4,1,0,0,0,0,0,1,0,44,0,0,
pianoSvg/E317.svg,old,1/1,4,43,0,16,28,0,0,0,0,0,3,7,1,0,4,1,1,0,0,0,0,1,0,43,0,0,
pianoSvg/E318.svg,old,1/1,4,61,0,4,4,0,0,0,0,0,1,8,2,0,4,1,1,0,0,0,0,1,0,80,0,0,
pianoSvg/E319.svg,old,1/1,4,63,0,8,10,0,0,0,0,19,1,0,2,0,4,1,3,0,0,0,0,1,0,64,0,0,
pianoSvg/E32.svg,old,1/1,4,43,0,16,23,0,0,0,0,2,0,1,2,0,4,1,11,0,0,0,0,1,0,44,0,0,
pianoSvg/E320.svg,old,1/1,4,63,0,4,2,0,0,14,0,16,1,14,2,0,4,1,1,1,0,0,0,1,0,51,0,0,
pianoSvg/E321.svg,old,1/1,4,59,0,4,5,0,0,6,0,5,0,6,1,0,4,1,7,0,0,0,0,1,0,51,0,0,
pianoSvg/E322.svg,old,1/1,4,79,0,9,20,1,0,1,0,16,3,4,1,0,4,1,0,0,0,0,0,1,0,70,0,0,
pianoSvg/E323.svg,old,1/1,4,58,0,16,10,5,0,5,0,2,1,9,1,0,4,1,2,1,0,0,0,1,0,38,0,0,
pianoSvg/E324.svg,old,1/1,7,103,0,14,42,0,0,9,0,10,2,20,1,0,7,1,0,0,0,0,0,1,0,123,0,0,
pianoSvg/E325.svg,old,1/1,4,60,0,12,32,0,0,3,0,16,1,3,2,0,4,1,0,0,0,0,0,1,0,63,0,0,
pianoSvg/E326.svg,old,1/1,4,39,0,14,22,1,0,0,0,0,0,1,1,0,4,1,7,0,0,0,0,1,0,51,0,0,
pianoSvg/E327.svg,old,1/1,2,37,0,1,0,0,0,0,0,5,1,0,1,0,2,1,5,0,0,0,0,1,0,51,0,0,
pianoSvg/E328.svg,old,1/1,4,64,0,5,6,0,0,1,0,0,1,18,2,0,4,1,0,0,0,0,0,1,0,69,0,0,
pianoSvg/E329.svg,old,1/1,2,32,0,5,3,0,0,0,0,6,0,1,1,0,2,1,0,0,0,0,0,1,0,34,0,0,
pianoSvg/E33.svg,old,1/1,4,59,0,4,5,0,0,6,0,5,0,6,1,0,4,1,7,0,0,0,0,1,0,51,0,0,
pianoSvg/E330.svg,old,1/1,4,57,0,4,1,0,0,0,0,12,1,0,2,0,4,1,1,0,0,0,0,1,0,56,0,0,
pianoSvg/E331.svg,old,1/1,4,78,0,4,6,0,0,2,0,24,1,10,1,0,4,1,3,1,0,0,0,1,0,65,0,0,
pianoSvg/E332.svg,old,1/1,2,26,0,2,1,0,0,0,0,0,1,3,1,0,2,1,0,1,0,0,0,1,0,34,0,0,
pianoSvg/E333.svg,old,1/1,4,70,0,8,8,0,0,5,0,10,1,12,1,0,4,1,8,0,0,0,0,1,0,62,0,0,
pianoSvg/E334.svg,old,1/1,5,89,0,0,0,0,0,9,0,37,1,18,2,0,5,1,5,0,0,0,0,1,0,70,0,0,
pianoSvg/E335.svg,old,1/1,4,80,0,9,5,0,0,15,0,15,1,7,1,0,4,1,1,4,0,0,0,1,0,69,0,0,
pianoSvg/E336.svg,old,1/1,4,80,0,12,42,0,0,0,0,0,2,2,2,0,4,1,0,0,0,0,0,1,0,94,0,0,
pianoSvg/E337.svg,old,1/1,4,68,0,0,0,0,0,4,0,34,1,22,4,0,4,1,8,1,0,0,0,1,2,67,0,0,3 | 3
pianoSvg/E338.svg,old,1/1,4,38,0,10,5,0,0,1,0,1,0,6,2,0,4,1,0,0,0,0,0,1,0,42,0,0,
pianoSvg/E339.svg,old,1/1,5,65,0,20,60,0,0,3,0,0,1,5,1,0,5,1,9,0,0,0,0,1,0,101,0,0,
pianoSvg/E34.svg,old,1/1,4,54,0,24,12,0,2,9,0,3,1,10,1,0,4,1,1,0,0,0,0,1,0,66,0,0,
pianoSvg/E340.svg,old,1/1,6,72,0,24,40,0,0,1,0,36,1,26,1,0,6,1,0,1,0,0,0,1,0,69,0,0,
pianoSvg/E341.svg,old,1/1,4,58,0,1,1,0,0,2,0,0,1,5,1,0,4,1,4,1,0,0,0,1,0,108,0,0,
pianoSvg/E342.svg,old,1/1,5,62,0,0,0,0,0,6,0,18,2,20,1,0,5,1,0,0,0,0,0,1,0,60,0,0,
pianoSvg/E343.svg,old,1/1,4,67,0,5,0,0,0,3,0,24,1,21,1,0,4,1,6,0,0,0,0,1,1,67,0,0,3
pianoSvg/E344.svg,old,1/1,3,32,0,4,3,0,0,5,0,4,1,6,1,0,3,1,1,0,0,0,0,1,0,34,0,0,
pianoSvg/E345.svg,old,1/1,6,68,0,12,6,0,0,2,0,36,1,25,1,0,6,1,0,1,0,0,0,1,0,53,0,0,
pianoSvg/E346.svg,old,1/1,2,32,0,6,11,0,0,0,0,8,1,0,2,0,2,1,1,1,0,0,0,1,0,23,0,0,
pianoSvg/E347.svg,old,1/1,5,76,0,5,6,0,0,4,0,0,3,23,2,0,5,1,0,0,0,0,0,1,0,85,0,0,
pianoSvg/E348.svg,old,1/1,4,64,0,4,2,0,0,16,0,25,1,26,2,0,4,1,0,0,0,0,0,1,0,61,0,0,
pianoSvg/E349.svg,old,1/1,2,33,0,2,2,0,0,0,0,3,1,1,2,0,2,1,5,0,0,0,0,1,0,57,0,0,
pianoSvg/E35.svg,old,1/1,2,34,0,2,3,0,0,0,0,0,1,0,2,0,2,1,0,0,0,0,0,1,0,31,0,0,
pianoSvg/E350.svg,old,1/1,4,40,0,10,4,0,0,0,0,0,0,0,1,0,4,1,0,0,0,0,0,1,0,47,0,0,
pianoSvg/E351.svg,old,1/1,4,44,0,17,22,1,0,4,0,9,2,6,1,0,4,1,3,0,0,0,0,1,0,37,0,0,
pianoSvg/E352.svg,old,1/1,4,31,0,4,2,0,0,1,0,0,0,5,2,0,4,1,3,0,0,0,0,1,0,33,0,0,
pianoSvg/E353.svg,old,1/1,5,85,0,10,11,0,0,3,0,0,2,12,1,0,5,1,1,0,0,0,0,1,0,103,0,0,
pianoSvg/E354.svg,old,1/1,4,40,0,8,10,0,0,0,0,0,1,1,1,0,4,1,0,0,0,0,0,1,0,39,0,0,
pianoSvg/E355.svg,old,1/1,2,34,0,7,20,1,0,0,0,2,1,3,2,0,2,1,9,0,0,0,0,1,0,39,0,0,
pianoSvg/E356.svg,old,1/1,2,28,0,2,4,0,0,0,0,0,1,3,2,0,2,1,2,0,0,0,0,1,0,41,0,0,
pianoSvg/E357.svg,old,1/1,6,55,0,8,5,2,0,0,0,0,1,1,2,0,6,1,11,0,0,0,0,1,0,72,0,0,
pianoSvg/E358.svg,old,1/1,4,68,0,9,29,0,0,0,0,8,0,0,1,0,4,1,8,0,0,0,0,1,0,67,0,0,
pianoSvg/E359.svg,old,1/1,4,50,0,7,5,1,0,7,0,8,1,7,2,0,4,1,0,1,0,0,0,1,0,63,0,0,
pianoSvg/E36.svg,old,1/1,4,54,0,10,4,0,0,1,0,0,1,4,1,0,4,1,2,0,0,0,0,1,0,55,0,0,
pianoSvg/E360.svg,old,1/1,2,26,0,4,4,0,0,0,0,0,1,0,2,0,2,1,0,0,0,0,0,1,0,47,0,0,
pianoSvg/E361.svg,old,1/1,2,42,0,5,7,0,0,0,0,0,1,0,2,0,2,1,10,0,0,0,0,1,0,59,0,0,
pianoSvg/E362.svg,old,1/1,4,71,0,16,45,0,0,13,0,11,2,8,4,0,4,1,10,1,0,0,0,1,0,79,0,0,
pianoSvg/E363.svg,old,1/1,7,84,0,18,6,0,0,10,0,0,0,18,1,0,7,1,0,1,0,0,0,1,0,84,0,0,
pianoSvg/E364.svg,old,1/1,2,29,0,2,1,0,0,5,0,7,1,6,2,0,2,1,1,1,0,0,0,1,0,33,0,0,
pianoSvg/E365.svg,old,1/1,2,32,0,2,1,0,0,0,0,0,1,5,2,0,2,1,6,0,0,0,0,1,0,50,0,0,
pianoSvg/E366.svg,old,1/1,3,44,0,3,4,0,0,1,0,2,0,1,1,0,3,1,2,0,0,0,0,1,0,69,0,0,
pianoSvg/E367.svg,old,1/1,2,37,0,2,5,0,0,0,0,0,1,2,2,0,2,1,10,0,0,0,0,1,0,53,0,0,
pianoSvg/E368.svg,old,1/1,4,40,0,16,37,0,0,4,0,0,4,8,1,0,4,1,0,0,0,0,0,1,0,76,0,0,
pianoSvg/E369.svg,old,1/1,6,89,0,22,44,4,0,24,0,3,1,21,1,0,6,1,5,0,0,0,0,1,0,86,0,0,
pianoSvg/E37.svg,old,1/1,2,42,0,2,1,0,0,0,0,0,1,0,2,0,2,1,10,0,0,0,0,1,0,37,0,0,
pianoSvg/E370.svg,old,1/1,4,40,0,17,16,0,0,0,0,0,0,0,1,0,4,1,0,0,0,0,0,1,0,68,0,0,
pianoSvg/E371.svg,old,1/1,4,49,0,4,5,0,0,8,0,7,1,8,2,0,4,1,5,0,0,0,0,1,0,64,0,0,
pianoSvg/E372.svg,old,1/1,4,77,0,4,8,0,0,10,0,20,5,2,2,0,4,1,2,0,0,0,0,1,0,80,0,0,
pianoSvg/E373.svg,old,1/1,5,35,0,5,3,0,0,0,0,0,0,6,2,0,5,1,0,1,0,0,0,1,0,35,0,0,
pianoSvg/E374.svg,old,1/1,4,37,0,4,4,0,0,0,0,0,0,4,2,0,4,1,5,0,0,0,0,1,0,48,0,0,
pianoSvg/E375.svg,old,1/1,4,54,0,2,0,0,0,6,0,4,1,10,1,0,4,1,0,0,0,0,0,1,0,45,0,0,
pianoSvg/E376.svg,old,1/1,2,38,0,2,4,0,0,0,0,1,1,1,2,0,2,1,9,0,0,0,0,1,0,56,0,0,
pianoSvg/E377.svg,old,1/1,4,44,0,10,5,0,0,0,0,0,4,10,2,0,4,1,0,0,0,0,0,1,0,49,0,0,
pianoSvg/E378.svg,old,1/1,4,60,0,16,35,0,0,9,0,0,1,21,2,0,4,1,0,0,0,0,0,1,0,66,0,0,
pianoSvg/E379.svg,old,1/1,2,27,0,10,20,0,0,0,0,0,1,1,4,0,2,1,3,3,0,0,0,1,0,36,0,0,
pianoSvg/E38.svg,old,1/1,2,38,0,3,6,1,0,0,0,0,1,1,2,0,2,1,10,0,0,0,0,1,0,43,0,0,
pianoSvg/E380.svg,old,1/1,4,58,0,4,2,0,0,5,0,6,4,6,1,0,4,1,6,1,0,0,0,1,0,61,0,0,
pianoSvg/E381.svg,old,1/1,4,83,0,4,7,0,0,3,0,16,4,27,2,0,4,1,8,0,0,0,0,1,0,54,0,0,
pianoSvg/E382.svg,old,1/1,4,60,0,4,2,0,0,12,0,16,0,20,2,0,4,1,0,0,0,0,0,1,0,78,0,0,
pianoSvg/E383.svg,old,1/1,6,87,0,12,22,0,0,8,0,13,4,10,3,0,6,1,19,0,0,0,0,1,0,84,0,0,
pianoSvg/E384.svg,old,1/1,4,61,0,13,24,1,0,4,0,16,6,8,1,0,4,1,13,1,0,0,0,1,0,62,0,0,
pianoSvg/E385.svg,old,1/1,4,48,0,12,31,0,0,0,0,0,1,7,1,0,4,1,0,0,0,0,0,1,0,67,0,0,
pianoSvg/E386.svg,old,1/1,4,57,0,4,2,0,0,6,0,32,1,22,2,0,4,1,0,0,0,0,0,1,0,42,0,0,
pianoSvg/E387.svg,old,1/1,4,69,0,4,1,0,0,3,0,22,5,12,1,0,4,1,1,1,0,0,0,1,0,66,0,0,
pianoSvg/E388.svg,old,1/1,4,42,0,6,1,0,0,2,0,13,0,3,2,0,4,1,0,0,0,0,0,1,0,48,0,0,
pianoSvg/E389.svg,old,1/1,4,96,0,5,9,1,0,0,0,8,1,0,2,0,4,1,8,2,0,0,0,1,0,114,0,0,
pianoSvg/E39.svg,old,1/1,8,90,0,8,5,0,0,0,0,9,1,0,2,0,8,1,0,0,0,0,0,1,0,92,0,0,
pianoSvg/E390.svg,old,1/1,4,55,0,1,1,0,0,7,0,7,7,13,1,0,4,1,1,1,0,0,0,1,0,65,0,0,
pianoSvg/E391.svg,old,1/1,3,52,0,0,0,0,0,0,0,28,1,14,2,0,3,1,0,1,0,0,0,1,0,60,0,0,
pianoSvg/E392.svg,old,1/1,3,44,0,12,24,0,0,6,0,18,1,12,2,0,3,1,2,0,0,0,0,1,2,39,0,0,3 | 3
pianoSvg/E393.svg,old,1/1,2,27,0,10,20,0,0,0,0,0,1,1,4,0,2,1,3,3,0,0,0,1,0,36,0,0,
pianoSvg/E394.svg,old,1/1,3,56,0,4,4,0,0,5,0,7,0,5,1,0,3,1,12,0,0,0,0,1,0,48,0,0,
pianoSvg/E395.svg,old,1/1,4,72,0,12,43,0,0,0,0,0,4,4,2,0,4,1,16,0,0,0,0,1,0,81,0,0,
pianoSvg/E396.svg,old,1/1,4,64,0,4,2,0,0,14,0,16,1,15,2,0,4,1,0,0,0,0,0,1,0,63,0,0,
pianoSvg/E397.svg,old,1/1,6,76,0,6,3,0,0,4,0,12,0,32,2,0,6,1,5,0,0,0,0,1,0,71,0,0,
pianoSvg/E398.svg,old,1/1,4,76,0,2,0,0,0,0,0,16,1,0,2,0,4,1,0,1,0,0,0,1,16,65,0,0,3 | 3 | 3 | 3
pianoSvg/E399.svg,old,1/1,2,22,0,6,1,0,0,4,0,0,0,4,1,0,2,1,0,0,0,0,0,1,0,27,0,0,
pianoSvg/E4.svg,old,1/1,2,32,0,4,1,0,0,0,0,0,0,3,2,0,2,1,0,0,0,0,0,1,0,24,0,0,
pianoSvg/E40.svg,old,1/1,3,50,0,3,6,0,0,0,0,12,1,5,2,0,3,1,0,0,0,0,0,1,0,57,0,0,
pianoSvg/E400.svg,old,1/1,4,55,0,6,2,0,0,23,0,0,0,9,2,0,4,1,0,2,0,0,0,1,0,57,0,0,
pianoSvg/E401.svg,old,1/1,2,30,0,7,22,1,0,0,0,2,0,0,1,0,2,1,2,0,0,0,0,1,0,44,0,0,
pianoSvg/E402.svg,old,1/1,3,36,0,3,2,0,0,0,0,0,1,1,2,0,3,1,1,0,0,0,0,1,0,39,0,0,
pianoSvg/E403.svg,old,1/1,4,61,0,9,6,0,0,6,0,0,1,14,2,0,4,1,1,0,0,0,0,1,0,63,0,0,
pianoSvg/E404.svg,old,1/1,2,33,0,4,4,0,0,0,0,0,1,2,2,0,2,1,1,0,0,0,0,1,0,35,0,0,
pianoSvg/E405.svg,old,1/1,4,60,0,12,27,0,0,8,0,8,4,12,1,0,4,1,0,0,0,0,0,1,0,67,0,0,
pianoSvg/E406.svg,old,1/1,4,43,0,6,2,2,0,5,0,0,0,7,2,0,4,1,1,1,0,0,0,1,0,26,0,0,
pianoSvg/E407.svg,old,1/1,2,28,0,8,21,0,0,0,0,0,1,0,2,0,2,1,0,0,0,0,0,1,0,40,0,0,
pianoSvg/E408.svg,old,1/1,6,65,0,6,3,0,0,6,0,1,1,7,2,0,6,1,1,0,0,0,0,1,0,58,0,0,
pianoSvg/E409.svg,old,1/1,4,65,0,11,23,2,0,7,0,0,2,24,2,0,4,1,1,0,0,0,0,1,0,68,0,0,
pianoSvg/E41.svg,old,1/1,5,96,0,11,6,0,0,1,0,31,0,8,1,0,5,1,4,1,0,0,0,1,0,54,0,0,
pianoSvg/E410.svg,old,1/1,2,38,0,1,0,0,0,0,0,0,1,2,2,0,2,1,11,0,0,0,0,1,0,45,0,0,
pianoSvg/E411.svg,old,1/1,2,35,0,6,21,0,0,0,0,7,1,2,1,0,2,1,9,0,0,0,0,1,0,39,0,0,
pianoSvg/E412.svg,old,1/1,4,61,0,16,12,0,0,19,0,0,8,15,2,0,4,1,5,0,0,0,0,1,0,71,0,0,
pianoSvg/E413.svg,old,1/1,2,31,0,2,2,0,0,1,0,0,0,5,2,0,2,1,3,0,0,0,0,1,0,33,0,0,
pianoSvg/E414.svg,old,1/1,2,28,0,2,0,0,0,0,0,0,1,0,2,0,2,1,0,2,0,0,0,1,0,33,0,0,
pianoSvg/E415.svg,old,1/1,4,57,0,23,29,3,0,0,0,9,4,5,1,0,4,1,1,0,0,0,0,1,0,48,0,0,
pianoSvg/E416.svg,old,1/1,4,77,0,8,21,0,0,2,0,1,6,10,2,0,4,1,0,0,0,0,0,1,0,78,0,0,
pianoSvg/E417.svg,old,1/1,2,36,0,3,2,0,0,2,0,0,1,7,1,0,2,1,0,0,0,0,0,1,0,41,0,0,
pianoSvg/E418.svg,old,1/1,3,50,0,13,13,1,0,9,0,2,1,11,1,0,3,1,2,1,0,0,0,1,0,41,0,0,
pianoSvg/E419.svg,old,1/1,3,63,0,0,0,0,0,0,0,0,1,0,2,0,3,1,13,0,0,0,0,1,0,64,0,0,
pianoSvg/E42.svg,old,1/1,4,53,0,20,29,0,0,2,0,1,1,6,1,0,4,1,1,0,0,0,0,1,0,50,0,0,
pianoSvg/E420.svg,old,1/1,4,42,0,8,18,0,0,0,0,0,0,0,1,0,4,1,0,0,0,0,0,1,0,48,0,0,
pianoSvg/E421.svg,old,1/1,2,22,0,2,1,0,0,0,0,0,0,0,1,0,2,1,0,0,0,0,0,1,0,25,0,0,
pianoSvg/E422.svg,old,1/1,4,53,0,13,26,1,0,1,0,2,0,6,1,0,4,1,1,0,0,0,0,1,0,57,0,0,
pianoSvg/E423.svg,old,1/1,3,54,0,3,2,0,0,0,0,0,0,6,2,0,3,1,6,0,0,0,0,1,0,62,0,0,
pianoSvg/E424.svg,old,1/1,2,28,0,8,21,0,0,0,0,0,1,0,2,0,2,1,0,0,0,0,0,1,0,40,0,0,
pianoSvg/E425.svg,old,1/1,2,31,0,2,2,0,0,1,0,0,0,5,2,0,2,1,3,0,0,0,0,1,0,33,0,0,
pianoSvg/E426.svg,old,1/1,4,50,0,7,5,1,0,7,0,8,1,7,2,0,4,1,0,1,0,0,0,1,0,63,0,0,
pianoSvg/E427.svg,old,1/1,3,44,0,10,22,1,0,2,0,0,1,2,2,0,3,1,0,0,0,0,0,1,0,42,0,0,
pianoSvg/E428.svg,old,1/1,3,60,0,6,7,0,0,2,0,0,1,2,2,0,3,1,12,0,0,0,0,1,0,70,0,0,
pianoSvg/E429.svg,old,1/1,3,38,0,6,4,0,0,5,0,0,0,5,1,0,3,1,0,0,0,0,0,1,0,47,0,0,
pianoSvg/E43.svg,old,1/1,4,71,0,13,44,1,0,6,0,10,0,6,1,0,4,1,11,0,0,0,0,1,0,76,0,0,
pianoSvg/E430.svg,old,1/1,4,30,0,4,6,0,0,0,0,0,0,5,2,0,4,1,2,0,0,0,0,1,0,44,0,0,
pianoSvg/E431.svg,old,1/1,4,41,0,12,26,0,0,1,0,0,0,2,1,0,4,1,1,0,0,0,0,1,0,54,0,0,
pianoSvg/E432.svg,old,1/1,2,41,0,2,2,0,0,5,0,4,1,7,1,0,2,1,3,0,0,0,0,1,0,33,0,0,
pianoSvg/E433.svg,old,1/1,4,42,0,8,6,0,0,0,0,0,0,0,1,0,4,1,0,0,0,0,0,1,0,41,0,0,
pianoSvg/E434.svg,old,1/1,5,59,0,5,4,0,0,1,0,0,3,4,1,0,5,1,15,0,0,0,0,1,0,66,0,0,
pianoSvg/E435.svg,old,1/1,6,56,0,6,2,0,0,1,0,0,3,4,2,0,6,1,11,0,0,0,0,1,0,48,0,0,
pianoSvg/E436.svg,old,1/1,4,65,0,8,23,0,0,19,0,7,1,6,2,0,4,1,11,0,0,0,0,1,0,66,0,0,
pianoSvg/E437.svg,old,1/1,4,60,0,4,0,0,0,7,0,0,0,7,1,0,4,1,0,0,0,0,0,1,0,59,0,0,
pianoSvg/E438.svg,old,1/1,6,85,0,28,13,4,0,17,0,0,6,17,1,0,6,1,0,0,0,0,0,1,0,91,0,0,
pianoSvg/E439.svg,old,1/1,3,66,0,3,6,0,0,5,0,0,0,5,1,0,3,1,0,0,0,0,0,1,0,115,0,0,
pianoSvg/E44.svg,old,1/1,3,60,0,7,7,0,0,8,0,0,1,14,1,0,3,1,0,0,0,0,0,1,0,51,0,0,
pianoSvg/E440.svg,old,1/1,4,56,0,4,2,0,0,1,0,0,3,4,2,0,4,1,11,0,0,0,0,1,0,46,0,0,
pianoSvg/E441.svg,old,1/1,4,53,0,8,9,0,0,11,0,0,3,14,1,0,4,1,0,0,0,0,0,1,0,61,0,0,
pianoSvg/E442.svg,old,1/1,2,50,0,6,17,2,0,4,0,7,0,21,2,0,2,1,10,0,0,0,0,1,0,40,0,0,
pianoSvg/E443.svg,old,1/1,2,30,0,4,1,0,0,0,0,4,1,2,1,0,2,1,4,0,0,0,0,1,0,21,0,0,
pianoSvg/E444.svg,old,1/1,4,60,0,12,27,0,0,8,0,8,4,12,1,0,4,1,0,0,0,0,0,1,0,67,0,0,
pianoSvg/E445.svg,old,1/1,2,46,0,2,3,0,0,0,0,7,0,0,2,0,2,1,11,0,0,0,0,1,0,58,0,0,
pianoSvg/E446.svg,old,1/1,6,89,0,23,10,1,0,0,0,0,5,14,2,0,6,1,6,0,0,0,0,1,0,91,0,0,
pianoSvg/E447.svg,old,1/1,4,52,0,8,4,0,0,0,0,0,4,9,2,0,4,1,0,0,0,0,0,1,0,51,0,0,
pianoSvg/E448.svg,old,1/1,4,88,0,12,33,0,0,14,0,10,1,17,2,0,4,1,7,0,0,0,0,1,0,65,0,0,
pianoSvg/E449.svg,old,1/1,2,40,0,8,21,2,0,0,0,0,1,17,2,0,2,1,4,0,0,0,0,1,0,40,0,0,
pianoSvg/E45.svg,old,1/1,4,68,0,12,31,0,0,1,0,8,0,1,1,0,4,1,8,0,0,0,0,1,0,50,0,0,
pianoSvg/E450.svg,old,1/1,4,43,0,12,28,0,0,0,0,0,3,6,2,0,4,1,1,0,0,0,0,1,0,63,0,0,
pianoSvg/E451.svg,old,1/1,2,32,0,3,4,1,0,0,0,0,1,2,2,0,2,1,6,0,0,0,0,1,0,38,0,0,
pianoSvg/E452.svg,old,1/1,6,86,0,26,11,3,0,8,0,25,11,28,1,0,6,1,4,0,0,0,0,1,0,96,0,0,
pianoSvg/E453.svg,old,1/1,2,26,0,10,14,0,0,0,0,2,2,1,1,0,2,1,4,2,0,0,0,1,0,26,0,0,
pianoSvg/E454.svg,old,1/1,4,40,0,5,6,1,0,0,0,0,0,0,1,0,4,1,0,0,0,0,0,1,0,63,0,0,
pianoSvg/E455.svg,old,1/1,3,48,0,1,1,0,0,6,0,4,0,6,1,0,3,1,4,0,0,0,0,1,0,89,0,0,
pianoSvg/E456.svg,old,1/1,6,93,0,6,10,0,0,0,0,0,4,8,1,0,6,1,0,1,0,0,0,1,1,110,0,0,"The Compilers prefer that the New Testament word, “redemption,” be used and sung instead of “atonement.”"
pianoSvg/E457.svg,old,1/1,4,60,0,4,3,0,0,10,0,24,1,20,2,0,4,1,0,4,0,0,0,1,0,55,0,0,
pianoSvg/E458.svg,old,1/1,4,72,0,17,29,4,0,8,0,8,8,24,2,0,4,1,8,0,0,0,0,1,0,58,0,0,
pianoSvg/E459.svg,old,1/1,2,26,0,2,1,0,0,0,0,0,1,3,1,0,2,1,0,1,0,0,0,1,0,34,0,0,
pianoSvg/E46.svg,old,1/1,4,54,0,10,4,0,0,1,0,0,1,4,1,0,4,1,2,0,0,0,0,1,0,55,0,0,
pianoSvg/E460.svg,old,1/1,4,70,0,16,36,0,0,12,0,6,0,12,1,0,4,1,10,0,0,0,0,1,0,69,0,0,
pianoSvg/E461.svg,old,1/1,4,92,0,4,1,0,0,0,0,25,0,5,1,0,4,1,2,0,0,0,0,1,0,64,0,0,
pianoSvg/E462.svg,old,1/1,4,39,0,17,22,1,0,0,0,1,1,1,2,0,4,1,6,0,0,0,0,1,0,40,0,0,
pianoSvg/E463.svg,old,1/1,4,52,0,1,0,0,0,2,0,0,1,6,1,0,4,1,0,0,0,0,0,1,0,48,0,0,
pianoSvg/E464.svg,old,1/1,2,40,0,6,7,0,0,0,0,1,1,0,2,0,2,1,8,0,0,0,0,1,0,62,0,0,
pianoSvg/E465.svg,old,1/1,4,52,0,5,1,0,0,8,0,0,1,12,1,0,4,1,0,0,0,0,0,1,0,37,0,0,
pianoSvg/E466.svg,old,1/1,2,30,0,8,17,0,0,0,0,0,1,1,2,0,2,1,0,0,0,0,0,1,0,32,0,0,
pianoSvg/E467.svg,old,1/1,2,27,0,3,4,0,0,0,0,0,2,5,2,0,2,1,1,0,0,0,0,1,0,43,0,0,
pianoSvg/E468.svg,old,1/1,4,57,0,0,1,0,0,2,0,14,1,18,1,0,4,1,2,0,0,0,0,1,0,72,0,0,
pianoSvg/E469.svg,old,1/1,4,66,0,10,36,1,0,2,0,0,0,2,1,0,4,1,0,0,0,0,0,1,0,99,0,0,
pianoSvg/E47.svg,old,1/1,2,38,0,3,6,1,0,0,0,0,1,1,2,0,2,1,10,0,0,0,0,1,0,43,0,0,
pianoSvg/E470.svg,old,1/1,3,44,0,3,4,0,0,1,0,2,0,1,1,0,3,1,2,0,0,0,0,1,0,69,0,0,
pianoSvg/E471.svg,old,1/1,2,45,0,0,0,0,0,0,0,0,1,0,2,0,2,1,1,0,0,0,0,1,0,41,0,0,
pianoSvg/E472.svg,old,1/1,4,62,0,12,10,0,0,18,0,6,0,8,2,0,4,1,10,0,0,0,0,1,0,71,0,0,
pianoSvg/E473.svg,old,1/1,4,66,0,5,6,1,0,22,0,6,1,4,2,0,4,1,10,1,0,0,0,1,0,66,0,0,
pianoSvg/E474.svg,old,1/1,4,57,0,4,2,0,0,6,0,32,1,22,2,0,4,1,0,0,0,0,0,1,0,42,0,0,
pianoSvg/E475.svg,old,1/1,4,70,0,16,36,0,0,12,0,6,0,12,1,0,4,1,10,0,0,0,0,1,0,69,0,0,
pianoSvg/E476.svg,old,1/1,4,41,0,16,21,2,0,0,0,0,0,0,1,0,4,1,1,0,0,0,0,1,0,56,0,0,
pianoSvg/E477.svg,old,1/1,6,89,0,27,48,2,0,30,0,6,1,12,2,0,6,1,12,2,0,0,0,1,0,83,0,0,
pianoSvg/E478.svg,old,1/1,5,75,0,5,4,0,0,2,0,0,1,10,2,0,5,1,0,0,0,0,0,1,0,76,0,0,
pianoSvg/E479.svg,old,1/1,7,103,0,1,0,0,0,4,0,0,5,27,2,0,7,1,13,0,0,0,0,1,0,111,0,0,
pianoSvg/E48.svg,old,1/1,4,52,0,1,0,0,0,2,0,0,1,6,1,0,4,1,0,0,0,0,0,1,0,48,0,0,
pianoSvg/E480.svg,old,1/1,2,35,0,3,3,1,0,0,0,3,1,2,2,0,2,1,7,0,0,0,0,1,0,42,0,0,
pianoSvg/E481.svg,old,1/1,6,90,0,6,6,0,0,13,0,41,1,30,2,0,6,1,2,0,0,0,0,1,1,70,0,0,3
pianoSvg/E482.svg,old,1/1,4,69,0,4,5,0,0,25,0,5,2,4,2,0,4,1,8,0,0,0,0,1,0,67,0,0,
pianoSvg/E483.svg,old,1/1,2,41,0,5,10,1,0,0,0,0,1,14,2,0,2,1,1,1,0,0,0,1,0,34,0,0,
pianoSvg/E484.svg,old,1/1,5,84,0,11,5,2,0,2,0,45,1,31,1,0,5,1,3,2,0,0,0,1,2,65,0,0,3 | 3
pianoSvg/E485.svg,old,1/1,2,33,0,6,19,0,0,1,0,0,0,5,2,0,2,1,1,0,0,0,0,1,0,46,0,0,
pianoSvg/E486.svg,old,1/1,4,80,0,6,5,1,0,7,0,0,6,9,2,0,4,1,0,1,0,0,0,1,0,64,0,0,
pianoSvg/E487.svg,old,1/1,4,76,0,4,7,0,0,3,0,30,5,28,1,0,4,1,0,0,0,0,0,1,0,74,0,0,
pianoSvg/E488.svg,old,1/1,4,39,0,4,4,0,0,0,0,0,0,0,1,0,4,1,7,0,0,0,0,1,0,47,0,0,
pianoSvg/E489.svg,old,1/1,4,37,0,1,1,0,0,0,0,0,1,0,2,0,4,1,5,0,0,0,0,1,0,69,0,0,
pianoSvg/E49.svg,old,1/1,2,28,0,2,2,0,0,3,0,0,0,3,1,0,2,1,1,0,0,0,0,1,0,24,0,0,
pianoSvg/E490.svg,old,1/1,4,32,0,8,1,0,0,0,0,0,0,3,2,0,4,1,0,0,0,0,0,1,0,24,0,0,
pianoSvg/E491.svg,old,1/1,4,42,0,9,7,0,0,0,0,0,1,0,2,0,4,1,10,0,0,0,0,1,0,59,0,0,
pianoSvg/E492.svg,old,1/1,4,38,0,8,5,0,0,0,0,0,0,1,1,0,4,1,6,0,0,0,0,1,0,43,0,0,
pianoSvg/E493.svg,old,1/1,4,38,0,4,4,0,0,0,0,0,1,1,2,0,4,1,6,0,0,0,0,1,0,66,0,0,
pianoSvg/E494.svg,old,1/1,4,38,0,8,5,0,0,0,0,0,0,1,1,0,4,1,6,0,0,0,0,1,0,43,0,0,
pianoSvg/E495.svg,old,1/1,2,31,0,2,2,0,0,1,0,0,0,5,2,0,2,1,2,0,0,0,0,1,0,33,0,0,
pianoSvg/E496.svg,old,1/1,4,41,0,1,2,0,0,2,0,0,0,2,1,0,4,1,1,0,0,0,0,1,0,60,0,0,
pianoSvg/E497.svg,old,1/1,4,40,0,10,4,0,0,0,0,0,0,0,1,0,4,1,0,0,0,0,0,1,0,47,0,0,
pianoSvg/E498.svg,old,1/1,4,68,0,10,8,1,0,6,0,13,3,17,6,0,4,1,11,0,0,0,0,1,0,72,0,0,
pianoSvg/E499.svg,old,1/1,4,84,0,4,2,0,0,2,0,0,0,8,1,0,4,1,16,0,0,0,0,1,1,98,0,0,(Repeat the last two lines of each stanza)
pianoSvg/E5.svg,old,1/1,4,68,0,9,29,0,0,0,0,8,0,0,1,0,4,1,8,0,0,0,0,1,0,67,0,0,
pianoSvg/E50.svg,old,1/1,4,40,0,8,10,0,0,0,0,0,1,1,1,0,4,1,0,0,0,0,0,1,0,39,0,0,
pianoSvg/E500.svg,old,1/1,4,84,0,4,2,0,0,2,0,0,0,8,1,0,4,1,16,0,0,0,0,1,1,97,0,0,(Repeat the last two lines of each stanza)
pianoSvg/E501.svg,old,1/1,4,74,0,5,7,0,0,16,0,22,1,7,2,0,4,1,9,3,0,0,0,1,0,73,0,0,
pianoSvg/E502.svg,old,1/1,4,65,0,8,23,0,0,19,0,7,1,6,2,0,4,1,11,0,0,0,0,1,0,66,0,0,
pianoSvg/E503.svg,old,1/1,5,113,0,22,57,2,0,45,0,2,1,17,2,0,5,1,15,2,0,0,0,1,0,97,0,0,
pianoSvg/E504.svg,old,1/1,2,28,0,2,4,0,0,0,0,0,1,3,2,0,2,1,2,0,0,0,0,1,0,41,0,0,
pianoSvg/E505.svg,new,,5,66,0,20,27,0,0,3,0,1,1,5,1,0,5,1,11,0,0,0,0,1,0,0,0,0,
pianoSvg/E506.svg,old,1/1,3,34,0,15,17,0,0,2,0,0,0,4,8,0,3,1,0,0,0,0,0,1,0,44,0,0,
pianoSvg/E507.svg,old,1/1,4,57,0,4,8,0,0,0,0,0,0,13,2,0,4,1,6,0,0,0,0,1,0,61,0,0,
pianoSvg/E508.svg,old,1/1,4,59,0,15,23,3,0,2,0,5,1,6,1,0,4,1,7,0,0,0,0,1,0,70,0,0,
pianoSvg/E509.svg,old,1/1,4,74,0,20,39,4,0,4,0,11,9,26,2,0,4,1,11,1,0,0,0,1,0,71,0,0,
pianoSvg/E51.svg,old,1/1,4,48,0,12,31,0,0,0,0,0,1,7,1,0,4,1,0,0,0,0,0,1,0,67,0,0,
pianoSvg/E510.svg,old,1/1,2,34,0,4,4,0,0,0,0,3,1,1,2,0,2,1,6,1,0,0,0,1,0,55,0,0,
pianoSvg/E511.svg,old,1/1,4,82,0,5,3,0,0,2,0,16,1,31,2,0,4,1,20,0,0,0,0,1,0,75,0,0,
pianoSvg/E512.svg,old,1/1,3,40,0,2,1,0,0,5,0,0,0,5,1,0,3,1,0,0,0,0,0,1,0,57,0,0,
pianoSvg/E513.svg,old,1/1,4,75,0,12,40,0,0,25,0,1,6,16,2,0,4,1,8,1,0,0,0,1,0,91,0,0,
pianoSvg/E514.svg,old,1/1,5,88,0,22,36,2,0,11,0,30,2,17,1,0,5,1,0,1,0,0,0,1,0,55,0,0,
pianoSvg/E515.svg,old,1/1,5,89,0,15,13,0,0,0,0,3,0,6,2,0,5,1,17,2,0,0,0,1,0,109,0,0,
pianoSvg/E516.svg,old,1/1,4,38,0,8,5,0,0,0,0,0,0,1,1,0,4,1,6,0,0,0,0,1,0,43,0,0,
pianoSvg/E517.svg,old,1/1,6,57,0,0,1,0,0,5,0,0,3,10,2,0,6,1,0,0,0,0,0,1,0,58,0,0,
pianoSvg/E518.svg,old,1/1,4,59,0,0,0,0,0,0,0,9,0,3,1,0,4,1,1,1,0,0,0,1,0,48,0,0,
pianoSvg/E519.svg,old,1/1,4,78,0,12,31,0,0,18,0,6,1,25,2,0,4,1,20,0,0,0,0,1,0,70,0,0,
pianoSvg/E52.svg,old,1/1,4,55,0,16,32,0,0,5,0,14,0,7,2,0,4,1,7,0,0,0,0,1,0,50,0,0,
pianoSvg/E520.svg,old,1/1,2,33,0,0,3,0,0,0,0,0,1,1,2,0,2,1,1,0,0,0,0,1,0,41,0,0,
pianoSvg/E521.svg,old,1/1,3,44,0,6,6,0,0,1,0,0,1,5,1,0,3,1,0,0,0,0,0,1,0,46,0,0,
pianoSvg/E522.svg,old,1/1,4,74,0,5,9,1,0,0,0,0,2,12,2,0,4,1,18,1,0,0,0,1,0,122,0,0,
pianoSvg/E523.svg,old,1/1,6,114,0,2,0,0,0,2,0,5,1,14,2,0,6,1,14,0,0,0,0,1,0,116,0,0,
pianoSvg/E524.svg,old,1/1,4,56,0,5,3,1,0,0,0,7,6,5,1,0,4,1,1,0,0,0,0,1,0,62,0,0,
pianoSvg/E525.svg,old,1/1,6,48,0,12,5,0,0,0,0,0,0,6,2,0,6,1,6,0,0,0,0,1,0,60,0,0,
pianoSvg/E526.svg,old,1/1,3,54,0,3,2,0,0,0,0,0,0,6,2,0,3,1,6,0,0,0,0,1,0,62,0,0,
pianoSvg/E527.svg,old,1/1,2,35,0,3,3,1,0,0,0,3,1,2,2,0,2,1,7,0,0,0,0,1,0,42,0,0,
pianoSvg/E528.svg,old,1/1,2,33,0,2,1,0,0,2,0,2,1,2,1,0,2,1,3,0,0,0,0,1,0,45,0,0,
pianoSvg/E529.svg,old,1/1,4,64,0,4,7,0,0,0,0,16,1,17,2,0,4,1,0,0,0,0,0,1,0,61,0,0,
pianoSvg/E53.svg,old,1/1,4,44,0,17,22,1,0,4,0,9,2,6,1,0,4,1,4,0,0,0,0,1,0,37,0,0,
pianoSvg/E530.svg,old,1/1,4,59,0,16,32,0,0,15,0,7,2,10,2,0,4,1,4,1,0,0,0,1,0,62,0,0,
pianoSvg/E531.svg,old,1/1,4,47,0,12,34,0,0,17,0,0,0,13,2,0,4,1,5,0,0,0,0,1,0,56,0,0,
pianoSvg/E532.svg,old,1/1,6,54,0,9,8,2,0,0,0,0,0,6,2,0,6,1,6,0,0,0,0,1,0,78,0,0,
pianoSvg/E533.svg,old,1/1,2,32,0,3,2,1,0,0,0,0,0,5,2,0,2,1,2,0,0,0,0,1,0,40,0,0,
pianoSvg/E534.svg,old,1/1,4,69,0,13,25,1,0,2,0,16,1,4,1,0,4,1,0,0,0,0,0,1,0,51,0,0,
pianoSvg/E535.svg,old,1/1,6,54,0,6,2,0,0,0,0,0,0,6,2,0,6,1,6,0,0,0,0,1,0,62,0,0,
pianoSvg/E536.svg,old,1/1,4,48,0,4,3,0,0,0,0,3,1,1,2,0,4,1,4,0,0,0,0,1,0,59,0,0,
pianoSvg/E537.svg,old,1/1,4,69,0,4,5,0,0,25,0,5,2,4,2,0,4,1,7,0,0,0,0,1,0,67,0,0,
pianoSvg/E538.svg,old,1/1,4,60,0,4,2,0,0,6,0,24,1,14,2,0,4,1,0,0,0,0,0,1,0,65,0,0,
pianoSvg/E539.svg,old,1/1,4,65,0,2,0,0,0,17,0,13,1,1,2,0,4,1,10,0,0,0,0,1,0,63,0,0,
pianoSvg/E54.svg,old,1/1,4,41,0,12,26,0,0,3,0,0,1,4,1,0,4,1,1,0,0,0,0,1,0,63,0,0,
pianoSvg/E540.svg,old,1/1,4,60,0,16,35,0,0,9,0,0,1,21,2,0,4,1,0,0,0,0,0,1,0,66,0,0,
pianoSvg/E541.svg,old,1/1,4,44,0,12,10,0,0,3,0,0,0,3,1,0,4,1,0,0,0,0,0,1,0,68,0,0,
pianoSvg/E542.svg,old,1/1,4,60,0,4,2,0,0,8,0,16,1,8,2,0,4,1,0,0,0,0,0,1,0,62,0,0,
pianoSvg/E543.svg,old,1/1,2,28,0,2,4,0,0,0,0,0,1,3,2,0,2,1,2,0,0,0,0,1,0,41,0,0,
pianoSvg/E544.svg,old,1/1,4,51,0,4,7,0,0,3,0,0,1,6,1,0,4,1,7,0,0,0,0,1,0,72,0,0,
pianoSvg/E545.svg,old,1/1,3,42,0,9,25,0,0,3,0,0,0,3,1,0,3,1,0,0,0,0,0,1,0,53,0,0,
pianoSvg/E546.svg,old,1/1,4,52,0,16,37,0,0,0,0,0,0,2,1,0,4,1,0,0,0,0,0,1,0,62,0,0,
pianoSvg/E547.svg,old,1/1,2,33,0,2,3,0,0,0,0,2,0,0,1,0,2,1,3,0,0,0,0,1,0,27,0,0,
pianoSvg/E548.svg,old,1/1,2,28,0,2,5,0,0,6,0,1,0,6,1,0,2,1,0,0,0,0,0,1,0,46,0,0,
pianoSvg/E549.svg,old,1/1,4,40,0,5,6,1,0,0,0,0,0,0,1,0,4,1,0,0,0,0,0,1,0,63,0,0,
pianoSvg/E55.svg,old,1/1,4,44,0,17,22,1,0,4,0,9,2,6,1,0,4,1,4,0,0,0,0,1,0,37,0,0,
pianoSvg/E550.svg,old,1/1,4,52,0,13,33,1,0,12,0,0,0,12,1,0,4,1,0,0,0,0,0,1,0,62,0,0,
pianoSvg/E551.svg,old,1/1,6,96,0,18,10,0,0,0,0,64,1,39,1,0,6,1,0,1,0,0,0,1,0,82,0,0,
pianoSvg/E552.svg,old,1/1,4,60,0,5,5,1,0,5,0,29,1,18,2,0,4,1,0,0,0,0,0,1,0,59,0,0,
pianoSvg/E553.svg,old,1/1,5,67,0,7,6,0,0,0,0,36,1,5,2,0,5,1,0,1,0,0,0,1,1,60,0,0,(Repeat the last line of each stanza)
pianoSvg/E554.svg,old,1/1,4,75,0,17,26,1,0,15,0,23,1,7,2,0,4,1,6,1,0,0,0,1,0,45,0,0,
pianoSvg/E555.svg,old,1/1,4,43,0,12,11,0,0,2,0,0,0,5,1,0,4,1,1,0,0,0,0,1,0,37,0,0,
pianoSvg/E556.svg,old,1/1,4,40,0,0,1,0,0,12,0,0,0,16,2,0,4,1,1,0,0,0,0,1,1,78,0,0,"Old World plant, prized for its fragrant yellow and white flowers. (Song of Sol. 1:14, A.S.V.)"
pianoSvg/E557.svg,old,1/1,3,34,0,3,1,0,0,0,0,0,1,7,1,0,3,1,0,1,0,0,0,1,0,19,0,0,
pianoSvg/E558.svg,old,1/1,4,63,0,4,0,0,0,0,0,16,0,8,1,0,4,1,0,0,0,0,0,1,0,59,0,0,
pianoSvg/E559.svg,old,1/1,4,60,0,1,0,0,0,7,0,16,1,7,2,0,4,1,0,0,0,0,0,1,0,74,0,0,
pianoSvg/E56.svg,old,1/1,4,38,0,8,14,0,0,2,0,4,1,4,2,0,4,1,10,0,0,0,0,1,0,59,0,0,
pianoSvg/E560.svg,old,1/1,3,48,0,5,2,0,0,6,0,0,1,6,1,0,3,1,0,0,0,0,0,1,0,63,0,0,
pianoSvg/E561.svg,old,1/1,2,33,0,3,4,0,0,0,0,3,0,0,2,0,2,1,3,0,0,0,0,1,0,56,0,0,
pianoSvg/E562.svg,old,1/1,4,62,0,4,6,0,0,0,0,0,1,9,2,0,4,1,9,0,0,0,0,1,0,74,0,0,
pianoSvg/E563.svg,old,1/1,4,40,0,12,37,0,0,0,0,0,0,1,1,0,4,1,0,0,0,0,0,1,0,86,0,0,
pianoSvg/E564.svg,old,1/1,5,111,0,10,15,0,0,7,0,0,2,7,1,0,5,1,1,0,0,0,0,1,0,130,0,0,
pianoSvg/E565.svg,old,1/1,4,76,0,23,39,3,0,0,0,1,2,6,2,0,4,1,3,0,0,0,0,1,0,68,0,0,
pianoSvg/E566.svg,old,1/1,6,65,0,19,32,1,0,5,0,0,3,12,1,0,6,1,2,0,0,0,0,1,0,72,0,0,
pianoSvg/E567.svg,old,1/1,2,26,0,2,4,0,0,4,0,0,1,6,1,0,2,1,0,0,0,0,0,1,0,42,0,0,
pianoSvg/E568.svg,old,1/1,4,60,0,4,0,0,0,7,0,0,0,7,1,0,4,1,0,0,0,0,0,1,0,59,0,0,
pianoSvg/E569.svg,old,1/1,4,59,0,4,11,0,0,0,0,0,0,8,2,0,4,1,3,1,0,0,0,1,0,78,0,0,
pianoSvg/E57.svg,old,1/1,2,34,0,8,17,0,0,0,0,2,1,2,2,0,2,1,7,0,0,0,0,1,0,30,0,0,
pianoSvg/E570.svg,old,1/1,4,60,0,12,33,0,0,1,0,24,1,9,2,0,4,1,0,0,0,0,0,1,0,66,0,0,
pianoSvg/E571.svg,old,1/1,4,49,0,8,13,0,0,2,0,5,0,2,1,0,4,1,5,0,0,0,0,1,0,44,0,0,
pianoSvg/E572.svg,old,1/1,4,66,0,16,39,0,0,0,0,0,2,11,2,0,4,1,11,0,0,0,0,1,0,58,0,0,
pianoSvg/E573.svg,old,1/1,4,62,0,0,0,0,0,11,1,17,4,13,2,0,4,1,4,1,0,0,0,1,0,50,0,0,
pianoSvg/E574.svg,old,1/1,2,44,0,7,22,1,0,2,0,0,1,2,2,0,2,1,0,0,0,0,0,1,0,42,0,0,
pianoSvg/E575.svg,old,1/1,4,40,0,5,6,1,0,0,0,0,0,0,1,0,4,1,0,0,0,0,0,1,0,63,0,0,
pianoSvg/E576.svg,old,1/1,4,56,0,12,29,0,0,11,0,0,1,15,1,0,4,1,0,0,0,0,0,1,0,77,0,0,
pianoSvg/E577.svg,old,1/1,4,50,0,4,5,0,0,0,0,0,4,4,1,0,4,1,3,2,0,0,0,1,0,43,0,0,
pianoSvg/E578.svg,old,1/1,4,35,0,12,23,0,0,0,0,0,0,3,2,0,4,1,3,0,0,0,0,1,0,51,0,0,
pianoSvg/E579.svg,old,1/1,6,85,0,7,6,0,0,9,0,0,0,9,1,0,6,1,1,0,0,0,0,1,0,144,0,0,
pianoSvg/E58.svg,old,1/1,4,60,0,12,5,0,0,10,0,3,1,14,1,0,4,1,4,0,0,0,0,1,0,60,0,0,
pianoSvg/E580.svg,old,1/1,4,44,0,8,15,0,0,0,0,24,0,16,1,0,4,1,0,0,0,0,0,1,0,36,0,0,
pianoSvg/E581.svg,old,1/1,5,90,0,7,7,2,0,0,0,0,6,13,4,0,5,1,6,1,0,0,0,1,0,97,0,0,
pianoSvg/E582.svg,old,1/1,3,65,0,3,5,0,0,0,0,9,1,1,2,0,3,1,0,0,0,0,0,1,0,58,0,0,
pianoSvg/E583.svg,old,1/1,2,28,0,2,2,0,0,4,0,0,0,4,1,0,2,1,0,0,0,0,0,1,0,37,0,0,
pianoSvg/E584.svg,old,1/1,6,72,0,1,1,0,0,24,0,0,0,24,2,0,6,1,6,0,0,0,0,1,0,89,0,0,
pianoSvg/E585.svg,old,1/1,4,74,0,0,0,0,0,5,0,7,1,5,1,0,4,1,9,5,0,0,0,1,0,98,0,0,
pianoSvg/E586.svg,old,1/1,4,66,0,4,10,0,0,20,2,20,7,34,1,0,4,1,0,4,0,0,0,1,0,80,0,0,
pianoSvg/E587.svg,old,1/1,4,56,0,12,36,0,0,8,0,2,0,8,1,0,4,1,2,0,0,0,0,1,0,71,0,0,
pianoSvg/E588.svg,old,1/1,2,42,0,5,7,0,0,0,0,0,1,0,2,0,2,1,10,0,0,0,0,1,0,59,0,0,
pianoSvg/E589.svg,old,1/1,4,62,0,12,34,0,0,11,0,2,0,11,2,0,4,1,2,1,0,0,0,1,0,80,0,0,
pianoSvg/E59.svg,old,1/1,5,53,0,15,22,0,0,0,0,0,1,1,2,0,5,1,9,0,0,0,0,1,0,60,0,0,
pianoSvg/E590.svg,old,1/1,2,34,0,4,5,0,0,0,0,0,0,2,2,0,2,1,4,0,0,0,0,1,0,37,0,0,
pianoSvg/E591.svg,old,1/1,6,71,0,18,53,0,0,12,0,4,4,20,1,0,6,1,0,0,0,0,0,1,0,120,0,0,
pianoSvg/E592.svg,old,1/1,2,40,0,4,8,0,0,4,0,0,1,9,2,0,2,1,0,5,0,0,0,1,0,33,0,0,
pianoSvg/E593.svg,old,1/1,4,44,0,4,3,0,0,0,0,0,0,0,1,0,4,1,0,0,0,0,0,1,0,64,0,0,
pianoSvg/E594.svg,old,1/1,4,45,0,4,6,0,0,0,0,0,0,0,1,0,4,1,1,0,0,0,0,1,0,66,0,0,
pianoSvg/E595.svg,old,1/1,5,75,0,5,4,0,0,2,0,0,1,10,2,0,5,1,0,0,0,0,0,1,0,76,0,0,
pianoSvg/E596.svg,old,1/1,4,42,0,8,18,0,0,0,0,0,0,0,1,0,4,1,0,0,0,0,0,1,0,48,0,0,
pianoSvg/E597.svg,old,1/1,2,36,0,1,0,0,0,4,0,3,1,5,2,0,2,1,8,0,0,0,0,1,0,55,0,0,
pianoSvg/E598.svg,old,1/1,4,76,0,5,7,1,0,1,0,0,0,1,1,0,4,1,4,0,0,0,0,1,0,104,0,0,
pianoSvg/E599.svg,old,1/1,2,38,0,4,4,1,0,0,0,0,0,6,2,0,2,1,6,0,0,0,0,1,0,50,0,0,
pianoSvg/E6.svg,old,1/1,2,46,0,6,18,0,0,4,0,0,0,4,1,0,2,1,0,0,0,0,0,1,0,31,0,0,
pianoSvg/E60.svg,old,1/1,4,59,0,4,5,0,0,6,0,5,0,6,1,0,4,1,7,0,0,0,0,1,0,51,0,0,
pianoSvg/E600.svg,old,1/1,3,38,0,3,1,0,0,16,0,2,1,3,2,0,3,1,4,0,0,0,0,1,0,44,0,0,
pianoSvg/E601.svg,old,1/1,4,66,0,15,9,0,0,0,0,0,1,1,2,0,4,1,10,2,0,0,0,1,0,63,0,0,
pianoSvg/E602.svg,old,1/1,3,47,0,15,14,0,0,3,0,2,0,3,1,0,3,1,2,0,0,0,0,1,0,41,0,0,
pianoSvg/E603.svg,old,1/1,3,37,0,3,5,0,0,4,0,0,1,7,1,0,3,1,1,0,0,0,0,1,0,56,0,0,
pianoSvg/E604.svg,old,1/1,3,48,0,9,31,0,0,0,0,0,1,7,1,0,3,1,0,0,0,0,0,1,0,67,0,0,
pianoSvg/E605.svg,old,1/1,3,63,0,8,11,0,0,0,0,0,0,3,1,0,3,1,3,0,0,0,0,1,0,97,0,0,
pianoSvg/E606.svg,old,1/1,2,32,0,6,6,0,0,0,0,0,1,4,2,0,2,1,4,0,0,0,0,1,0,30,0,0,
pianoSvg/E607.svg,old,1/1,2,28,0,1,0,0,0,0,0,0,1,2,1,0,2,1,0,0,0,0,0,1,0,53,0,0,
pianoSvg/E608.svg,old,1/1,4,78,0,8,18,0,0,6,0,16,10,6,1,0,4,1,0,3,0,0,0,1,0,67,0,0,
pianoSvg/E609.svg,old,1/1,2,41,0,8,26,0,0,1,0,2,1,2,2,0,2,1,8,0,0,0,0,1,0,48,0,0,
pianoSvg/E61.svg,old,1/1,2,39,0,9,22,1,0,0,0,1,1,1,2,0,2,1,6,0,0,0,0,1,0,40,0,0,
pianoSvg/E610.svg,old,1/1,2,37,0,2,4,0,0,0,0,0,0,4,2,0,2,1,5,0,0,0,0,1,0,47,0,0,
pianoSvg/E611.svg,old,1/1,2,33,0,6,19,0,0,1,0,0,0,5,2,0,2,1,1,0,0,0,0,1,0,46,0,0,
pianoSvg/E612.svg,old,1/1,4,50,0,8,5,0,0,4,0,4,0,4,1,0,4,1,1,0,0,0,0,1,0,73,0,0,
pianoSvg/E613.svg,old,1/1,3,43,0,0,1,0,0,0,0,0,1,1,2,0,3,1,9,1,0,0,0,1,1,47,0,0,(Repeat the last line of each stanza)
pianoSvg/E614.svg,old,1/1,4,44,0,4,5,0,0,5,0,0,1,6,1,0,4,1,2,0,0,0,0,1,0,63,0,0,
pianoSvg/E615.svg,old,1/1,2,37,0,2,6,0,0,0,0,0,1,1,2,0,2,1,11,0,0,0,0,1,0,42,0,0,
pianoSvg/E616.svg,old,1/1,4,65,0,8,1,0,0,0,0,0,3,14,2,0,4,1,5,0,0,0,0,1,0,83,0,0,
pianoSvg/E617.svg,old,1/1,4,39,0,14,22,1,0,0,0,0,0,1,1,0,4,1,7,0,0,0,0,1,0,51,0,0,
pianoSvg/E618.svg,old,1/1,4,83,0,12,19,2,0,10,0,9,1,16,2,0,4,1,9,0,0,0,0,1,0,66,0,0,
pianoSvg/E619.svg,old,1/1,2,34,0,5,16,1,0,0,0,2,4,0,2,0,2,1,3,0,0,0,0,1,0,56,0,0,
pianoSvg/E62.svg,old,1/1,6,89,0,22,44,4,0,24,0,3,1,21,1,0,6,1,4,0,0,0,0,1,0,86,0,0,
pianoSvg/E620.svg,old,1/1,6,95,0,15,20,2,0,7,0,30,1,25,1,0,6,1,11,1,0,0,0,1,0,83,0,0,
pianoSvg/E621.svg,old,1/1,4,57,0,22,36,2,0,8,0,2,1,12,1,0,4,1,0,0,0,0,0,1,0,74,0,0,
pianoSvg/E622.svg,old,1/1,4,48,0,12,25,0,0,4,0,0,0,4,1,0,4,1,0,0,0,0,0,1,0,46,0,0,
pianoSvg/E623.svg,old,1/1,4,64,0,29,19,6,0,2,0,31,1,16,2,0,4,1,0,6,0,0,0,1,0,30,0,0,
pianoSvg/E624.svg,old,1/1,3,60,0,6,7,0,0,2,0,0,1,2,2,0,3,1,11,0,0,0,0,1,0,70,0,0,
pianoSvg/E625.svg,old,1/1,2,31,0,2,2,0,0,1,0,0,0,5,2,0,2,1,3,0,0,0,0,1,0,33,0,0,
pianoSvg/E626.svg,old,1/1,6,81,0,12,10,0,0,5,0,8,12,11,1,0,6,1,0,0,0,0,0,1,0,95,0,0,
pianoSvg/E627.svg,old,1/1,2,28,0,8,25,0,0,0,0,0,0,2,1,0,2,1,0,0,0,0,0,1,0,47,0,0,
pianoSvg/E628.svg,old,1/1,4,60,0,5,7,0,0,8,0,8,8,12,1,0,4,1,0,0,0,0,0,1,0,76,0,0,
pianoSvg/E629.svg,old,1/1,2,36,0,4,0,1,0,6,0,0,1,8,1,0,2,1,0,0,0,0,0,1,0,30,0,0,
pianoSvg/E63.svg,old,1/1,2,30,0,2,5,0,0,0,0,0,1,3,2,0,2,1,2,0,0,0,0,1,0,52,0,0,
pianoSvg/E630.svg,old,1/1,4,74,0,4,2,0,0,0,0,17,1,3,1,0,4,1,3,0,0,0,0,1,0,60,0,0,
pianoSvg/E631.svg,old,1/1,4,53,0,8,9,0,0,11,0,0,3,14,1,0,4,1,0,0,0,0,0,1,0,61,0,0,
pianoSvg/E632.svg,old,1/1,2,34,0,3,3,1,0,4,0,1,2,5,2,0,2,1,5,0,0,0,0,1,0,53,0,0,
pianoSvg/E633.svg,old,1/1,2,44,0,9,22,1,0,4,0,9,2,6,1,0,2,1,2,0,0,0,0,1,0,37,0,0,
pianoSvg/E634.svg,old,1/1,4,67,0,4,5,0,0,3,0,0,0,3,1,0,4,1,1,0,0,0,0,1,0,71,0,0,
pianoSvg/E635.svg,old,1/1,2,61,0,5,6,0,0,6,0,0,1,14,2,0,2,1,1,0,0,0,0,1,0,63,0,0,
pianoSvg/E636.svg,old,1/1,2,28,0,4,4,0,0,0,0,0,0,4,2,0,2,1,2,0,0,0,0,1,0,35,0,0,
pianoSvg/E637.svg,old,1/1,3,53,0,16,24,0,0,0,0,0,0,5,2,0,3,1,11,0,0,0,0,1,0,60,0,0,
pianoSvg/E638.svg,old,1/1,2,33,0,6,19,0,0,1,0,0,0,5,2,0,2,1,1,0,0,0,0,1,0,46,0,0,
pianoSvg/E639.svg,old,1/1,4,40,0,4,7,0,0,0,0,0,0,1,1,0,4,1,0,0,0,0,0,1,0,70,0,0,
pianoSvg/E64.svg,old,1/1,4,60,0,16,7,0,0,4,0,8,1,8,1,0,4,1,8,0,0,0,0,1,0,65,0,0,
pianoSvg/E640.svg,old,1/1,2,42,0,4,6,0,0,0,0,0,0,0,1,0,2,1,0,0,0,0,0,1,0,40,0,0,
pianoSvg/E641.svg,old,1/1,4,75,0,12,25,0,0,0,0,15,0,0,2,0,4,1,15,0,0,0,0,1,0,56,0,0,
pianoSvg/E642.svg,old,1/1,2,42,0,7,24,1,0,0,0,0,2,4,1,0,2,1,0,0,0,0,0,1,0,55,0,0,
pianoSvg/E643.svg,old,1/1,4,48,0,4,3,0,0,0,0,0,0,24,2,0,4,1,4,0,0,0,0,1,0,62,0,0,
pianoSvg/E644.svg,old,1/1,4,66,0,4,6,0,0,5,0,0,0,5,1,0,4,1,0,0,0,0,0,1,0,115,0,0,
pianoSvg/E645.svg,old,1/1,4,72,0,7,5,1,0,2,0,2,6,10,2,0,4,1,6,0,0,0,0,1,0,73,0,0,
pianoSvg/E646.svg,old,1/1,4,52,0,1,0,0,0,2,0,0,1,6,1,0,4,1,0,0,0,0,0,1,0,48,0,0,
pianoSvg/E647.svg,old,1/1,2,30,0,9,13,1,0,3,0,0,0,3,1,0,2,1,0,0,0,0,0,1,0,22,0,0,
pianoSvg/E648.svg,old,1/1,4,48,0,5,5,1,0,6,0,1,0,6,1,0,4,1,1,0,0,0,0,1,0,70,0,0,
pianoSvg/E649.svg,old,1/1,4,78,0,26,52,5,0,4,0,8,1,10,6,0,4,1,0,0,0,0,0,1,0,88,0,0,
pianoSvg/E65.svg,old,1/1,4,44,0,4,5,0,0,5,0,0,1,6,1,0,4,1,2,0,0,0,0,1,0,63,0,0,
pianoSvg/E650.svg,old,1/1,5,85,0,1,2,0,0,15,0,22,1,17,2,0,5,1,16,0,0,0,0,1,0,88,0,0,
pianoSvg/E651.svg,old,1/1,4,48,0,12,25,0,0,4,0,0,0,4,1,0,4,1,0,0,0,0,0,1,0,46,0,0,
pianoSvg/E652.svg,old,1/1,4,69,0,9,14,0,0,6,0,30,1,12,2,0,4,1,1,2,0,0,0,1,0,40,0,0,
pianoSvg/E653.svg,old,1/1,2,29,0,6,13,0,0,3,0,6,0,4,1,0,2,1,5,0,0,0,0,1,0,30,0,0,
pianoSvg/E654.svg,old,1/1,2,42,0,6,17,0,0,2,0,0,0,4,1,0,2,1,0,0,0,0,0,1,0,65,0,0,
pianoSvg/E655.svg,old,1/1,4,56,0,6,6,0,0,1,0,2,1,6,1,0,4,1,2,0,0,0,0,1,0,49,0,0,
pianoSvg/E656.svg,old,1/1,4,41,0,1,2,0,0,2,0,0,0,2,1,0,4,1,1,0,0,0,0,1,0,60,0,0,
pianoSvg/E657.svg,old,1/1,4,46,0,8,4,0,0,1,0,0,0,1,1,0,4,1,2,0,0,0,0,1,0,59,0,0,
pianoSvg/E658.svg,old,1/1,2,28,0,2,0,0,0,0,0,0,1,0,2,0,2,1,0,2,0,0,0,1,0,33,0,0,
pianoSvg/E659.svg,old,1/1,4,72,0,5,6,1,0,4,0,16,5,9,1,0,4,1,1,0,0,0,0,1,0,60,0,0,
pianoSvg/E66.svg,old,1/1,4,78,0,4,1,0,0,1,0,16,1,5,1,0,4,1,16,0,0,0,0,1,1,53,0,0,(Repeat the last two lines of each stanza)
pianoSvg/E660.svg,old,1/1,4,44,0,4,4,0,0,0,0,0,0,0,1,0,4,1,0,0,0,0,0,1,0,46,0,0,
pianoSvg/E661.svg,old,1/1,3,52,0,12,7,0,0,0,0,0,1,3,2,0,3,1,10,0,0,0,0,1,0,57,0,0,
pianoSvg/E662.svg,old,1/1,2,33,0,8,16,0,0,9,0,4,1,3,2,0,2,1,7,0,0,0,0,1,0,24,0,0,
pianoSvg/E663.svg,old,1/1,6,67,0,6,9,0,0,0,0,0,0,0,1,0,6,1,1,0,0,0,0,1,0,96,0,0,
pianoSvg/E664.svg,old,1/1,2,35,0,6,7,0,0,0,0,0,0,2,2,0,2,1,5,0,0,0,0,1,0,46,0,0,
pianoSvg/E665.svg,old,1/1,2,34,0,4,5,0,0,0,0,5,1,1,1,0,2,1,6,0,0,0,0,1,0,46,0,0,
pianoSvg/E666.svg,old,1/1,4,51,0,5,5,1,0,1,0,12,0,7,1,0,4,1,1,0,0,0,0,1,0,66,0,0,
pianoSvg/E667.svg,old,1/1,2,31,0,1,0,0,0,8,0,0,1,15,2,0,2,1,1,0,0,0,0,1,0,41,0,0,
pianoSvg/E668.svg,old,1/1,6,84,0,12,12,0,0,0,0,0,6,6,2,0,6,1,7,1,0,0,0,1,0,109,0,0,
pianoSvg/E669.svg,old,1/1,4,44,0,4,4,0,0,7,0,0,0,7,1,0,4,1,0,0,0,0,0,1,0,57,0,0,
pianoSvg/E67.svg,old,1/1,4,59,0,10,12,1,0,3,0,16,1,3,2,0,4,1,0,3,0,0,0,1,0,55,0,0,
pianoSvg/E670.svg,old,1/1,4,57,0,16,33,0,0,0,0,20,2,17,1,0,4,1,1,1,0,0,0,1,0,61,0,0,
pianoSvg/E671.svg,old,1/1,4,40,0,4,6,0,0,1,0,0,0,1,1,0,4,1,0,0,0,0,0,1,0,53,0,0,
pianoSvg/E672.svg,old,1/1,4,41,0,5,5,1,0,0,0,0,0,0,1,0,4,1,1,0,0,0,0,1,0,70,0,0,
pianoSvg/E673.svg,old,1/1,4,64,0,4,2,0,0,16,0,16,1,17,2,0,4,1,0,0,0,0,0,1,0,45,0,0,
pianoSvg/E674.svg,old,1/1,2,38,0,2,4,0,0,0,0,0,1,1,2,0,2,1,5,0,0,0,0,1,0,66,0,0,
pianoSvg/E675.svg,old,1/1,2,33,0,2,3,0,0,0,0,5,1,2,1,0,2,1,5,0,0,0,0,1,0,60,0,0,
pianoSvg/E676.svg,old,1/1,4,60,0,16,35,0,0,9,0,0,1,21,2,0,4,1,0,0,0,0,0,1,0,66,0,0,
pianoSvg/E677.svg,old,1/1,6,90,0,0,0,0,0,4,0,24,1,4,2,0,6,1,0,1,0,0,0,1,0,84,0,0,
pianoSvg/E678.svg,old,1/1,2,31,0,4,17,0,0,0,0,4,1,1,1,0,2,1,4,0,0,0,0,1,0,40,0,0,
pianoSvg/E679.svg,old,1/1,6,86,0,8,5,2,0,4,0,22,5,19,1,0,6,1,8,1,0,0,0,1,0,106,0,0,
pianoSvg/E68.svg,old,1/1,4,69,0,10,21,2,0,6,0,33,1,19,2,0,4,1,9,0,0,0,0,1,3,53,0,0,3 | 3 | 3
pianoSvg/E680.svg,old,1/1,3,60,0,7,7,0,0,8,0,0,1,14,1,0,3,1,0,0,0,0,0,1,0,51,0,0,
pianoSvg/E681.svg,old,1/1,2,33,0,0,0,0,0,2,0,6,1,2,2,0,2,1,7,2,0,0,0,1,0,45,0,0,
pianoSvg/E682.svg,old,1/1,2,29,0,7,13,1,0,1,0,1,1,3,1,0,2,1,1,0,0,0,0,1,0,19,0,0,
pianoSvg/E683.svg,old,1/1,3,42,0,4,1,0,0,0,0,0,1,9,2,0,3,1,6,0,0,0,0,1,0,47,0,0,
pianoSvg/E684.svg,old,1/1,2,48,0,1,1,0,0,7,0,1,4,8,1,0,2,1,6,0,0,0,0,1,0,68,0,0,
pianoSvg/E685.svg,old,1/1,2,37,0,4,6,0,0,0,0,0,0,4,2,0,2,1,1,0,0,0,0,1,0,62,0,0,
pianoSvg/E686.svg,old,1/1,4,116,0,8,31,0,0,12,2,20,8,26,2,0,4,1,18,0,0,0,0,1,1,123,0,0,"An Old World plant, prized for its fragrant yellow and white flowers. (Song of Sol. 1:14, A.S.V.)"
pianoSvg/E687.svg,old,1/1,4,43,0,0,0,0,0,3,0,0,1,5,1,0,4,1,5,0,0,0,0,1,0,65,0,0,
pianoSvg/E688.svg,old,1/1,4,135,0,24,31,8,0,29,1,23,5,13,2,0,4,1,25,0,0,0,0,1,0,123,0,0,
pianoSvg/E689.svg,old,1/1,3,66,0,3,8,0,0,0,0,1,1,0,2,0,3,1,1,0,0,0,0,1,0,76,0,0,
pianoSvg/E69.svg,old,1/1,4,62,0,5,3,1,0,8,0,2,1,8,1,0,4,1,4,0,0,0,0,1,0,64,0,0,
pianoSvg/E690.svg,old,1/1,6,77,0,24,45,0,0,17,0,6,4,21,2,0,6,1,13,0,0,0,0,1,0,76,0,0,
pianoSvg/E691.svg,old,1/1,3,46,0,6,14,0,0,4,0,1,0,4,1,0,3,1,1,0,0,0,0,1,0,44,0,0,
pianoSvg/E692.svg,old,1/1,4,68,0,4,5,0,0,10,0,12,1,13,1,0,4,1,2,0,0,0,0,1,0,52,0,0,
pianoSvg/E693.svg,old,1/1,4,42,0,12,5,0,0,0,0,0,0,0,1,0,4,1,10,0,0,0,0,1,0,55,0,0,
pianoSvg/E694.svg,old,1/1,4,61,0,18,43,2,0,7,0,11,0,14,2,0,4,1,7,1,0,0,0,1,0,75,0,0,
pianoSvg/E695.svg,old,1/1,4,70,0,2,0,0,0,18,0,15,1,4,2,0,4,1,4,1,0,0,0,1,0,65,0,0,
pianoSvg/E696.svg,old,1/1,2,28,0,4,6,0,0,0,0,0,1,2,1,0,2,1,0,0,0,0,0,1,0,60,0,0,
pianoSvg/E697.svg,old,1/1,4,63,0,4,3,0,0,8,0,24,1,13,2,0,4,1,0,1,0,0,0,1,0,45,0,0,
pianoSvg/E698.svg,old,1/1,4,60,0,4,4,0,0,0,0,16,1,0,2,0,4,1,4,0,0,0,0,1,0,73,0,0,
pianoSvg/E699.svg,old,1/1,4,47,0,9,13,1,0,0,0,0,4,3,1,0,4,1,2,0,0,0,0,1,0,33,0,0,
pianoSvg/E7.svg,old,1/1,4,62,0,12,20,0,0,9,0,8,0,11,1,0,4,1,0,0,0,0,0,1,0,41,0,0,
pianoSvg/E70.svg,old,1/1,4,59,0,4,6,0,0,12,0,8,1,9,2,0,4,1,7,0,0,0,0,1,0,69,0,0,
pianoSvg/E700.svg,old,1/1,3,43,0,13,6,0,0,12,0,2,0,13,2,0,3,1,6,0,0,0,0,1,0,36,0,0,
pianoSvg/E701.svg,old,1/1,5,75,0,5,4,0,0,2,0,0,1,10,2,0,5,1,0,0,0,0,0,1,0,76,0,0,
pianoSvg/E702.svg,old,1/1,4,64,0,16,26,2,0,16,0,16,1,17,2,0,4,1,0,2,0,0,0,1,0,52,0,0,
pianoSvg/E703.svg,old,1/1,4,76,0,5,2,1,0,0,0,16,1,29,2,0,4,1,16,1,0,0,0,1,0,62,0,0,
pianoSvg/E704.svg,old,1/1,2,43,0,2,3,0,0,0,0,1,1,0,2,0,2,1,1,0,0,0,0,1,0,54,0,0,
pianoSvg/E705.svg,old,1/1,4,60,0,4,4,0,0,0,0,6,1,0,2,0,4,1,4,1,0,0,0,1,0,59,0,0,
pianoSvg/E706.svg,old,1/1,4,58,0,4,2,0,0,5,0,6,4,6,1,0,4,1,6,1,0,0,0,1,0,61,0,0,
pianoSvg/E707.svg,old,1/1,4,82,0,8,7,0,0,4,0,26,0,4,2,0,4,1,0,1,0,0,0,1,0,77,0,0,
pianoSvg/E708.svg,old,1/1,6,91,0,2,0,1,0,8,0,0,7,27,2,0,6,1,11,0,0,0,0,1,0,97,0,0,
pianoSvg/E709.svg,old,1/1,2,47,0,5,7,0,0,13,0,1,0,18,2,0,2,1,7,0,0,0,0,1,0,59,0,0,
pianoSvg/E71.svg,old,1/1,2,35,0,7,5,0,0,0,0,0,1,1,2,0,2,1,7,0,0,0,0,1,0,47,0,0,
pianoSvg/E710.svg,old,1/1,4,52,0,1,0,0,0,2,0,0,1,6,1,0,4,1,0,0,0,0,0,1,0,48,0,0,
pianoSvg/E711.svg,old,1/1,6,95,0,13,9,0,0,0,0,0,1,6,2,0,6,1,17,3,0,0,0,1,0,102,0,0,
pianoSvg/E712.svg,old,1/1,2,33,0,6,19,0,0,1,0,0,0,5,2,0,2,1,1,0,0,0,0,1,0,46,0,0,
pianoSvg/E713.svg,old,1/1,4,76,0,12,30,0,0,8,0,17,8,9,1,0,4,1,2,0,0,0,0,1,0,60,0,0,
pianoSvg/E714.svg,old,1/1,2,38,0,8,27,0,0,1,0,1,1,2,2,0,2,1,10,1,0,0,0,1,0,54,0,0,
pianoSvg/E715.svg,old,1/1,4,67,0,6,2,1,0,10,0,11,3,14,5,0,4,1,2,0,0,0,0,1,0,70,0,0,
pianoSvg/E716.svg,old,1/1,2,44,0,2,5,0,0,0,0,4,1,2,2,0,2,1,2,0,0,0,0,1,0,75,0,0,
pianoSvg/E717.svg,old,1/1,4,83,0,4,0,0,0,11,0,20,2,7,1,0,4,1,4,3,0,0,0,1,0,80,0,0,
pianoSvg/E718.svg,old,1/1,2,21,0,4,10,0,0,0,0,0,0,2,1,0,2,1,1,0,0,0,0,1,0,26,0,0,
pianoSvg/E719.svg,old,1/1,6,66,0,6,5,0,0,0,0,0,0,0,1,0,6,1,0,0,0,0,0,1,0,89,0,0,
pianoSvg/E72.svg,old,1/1,2,29,0,2,2,0,0,0,0,0,1,0,2,0,2,1,1,0,0,0,0,1,0,38,0,0,
pianoSvg/E720.svg,old,1/1,4,82,0,14,32,0,0,2,0,16,1,31,2,0,4,1,8,1,0,0,0,1,0,77,0,0,
pianoSvg/E721.svg,old,1/1,6,107,0,21,52,2,0,12,0,35,10,14,2,0,6,1,5,1,0,0,0,1,0,99,0,0,
pianoSvg/E722.svg,old,1/1,4,74,0,23,46,3,0,9,0,15,3,11,1,0,4,1,3,0,0,0,0,1,0,79,0,0,
pianoSvg/E723.svg,old,1/1,4,47,0,4,5,0,0,0,0,1,1,0,2,0,4,1,1,0,0,0,0,1,0,49,0,0,
pianoSvg/E724.svg,old,1/1,4,50,0,8,26,0,0,2,0,5,1,5,1,0,4,1,7,1,0,0,0,1,0,77,0,0,
pianoSvg/E725.svg,old,1/1,3,50,0,9,25,0,0,0,0,0,1,2,2,0,3,1,8,1,0,0,0,1,0,58,0,0,
pianoSvg/E726.svg,old,1/1,6,55,0,8,5,2,0,0,0,0,1,1,2,0,6,1,11,0,0,0,0,1,0,72,0,0,
pianoSvg/E727.svg,old,1/1,2,40,0,6,7,0,0,0,0,8,0,8,2,0,2,1,4,0,0,0,0,1,0,51,0,0,
pianoSvg/E728.svg,old,1/1,2,45,0,2,2,0,0,0,0,4,1,1,2,0,2,1,3,0,0,0,0,1,0,41,0,0,
pianoSvg/E729.svg,old,1/1,3,43,0,3,1,0,0,0,0,4,3,3,1,0,3,1,4,0,0,0,0,1,0,31,0,0,
pianoSvg/E73.svg,old,1/1,2,40,0,4,3,0,0,8,0,4,1,13,2,0,2,1,10,0,0,0,0,1,0,36,0,0,
pianoSvg/E730.svg,old,1/1,3,62,0,8,11,0,0,0,0,0,0,3,1,0,3,1,2,0,0,0,0,1,0,97,0,0,
pianoSvg/E731.svg,old,1/1,2,26,0,0,0,0,0,0,0,0,1,0,2,0,2,1,2,0,0,0,0,1,0,35,0,0,
pianoSvg/E732.svg,old,1/1,4,66,0,17,33,3,0,12,0,6,1,14,2,0,4,1,0,1,0,0,0,1,0,56,0,0,
pianoSvg/E733.svg,old,1/1,2,32,0,4,1,0,0,0,0,0,0,3,2,0,2,1,0,0,0,0,0,1,0,24,0,0,
pianoSvg/E734.svg,old,1/1,2,37,0,2,0,0,0,0,0,0,1,0,2,0,2,1,5,0,0,0,0,1,0,35,0,0,
pianoSvg/E735.svg,old,1/1,2,43,0,8,23,0,0,0,0,2,0,1,2,0,2,1,11,0,0,0,0,1,0,44,0,0,
pianoSvg/E736.svg,old,1/1,2,41,0,8,26,0,0,1,0,2,1,2,2,0,2,1,9,0,0,0,0,1,0,48,0,0,
pianoSvg/E737.svg,old,1/1,2,22,0,6,1,0,0,4,0,0,0,4,1,0,2,1,0,0,0,0,0,1,0,27,0,0,
pianoSvg/E738.svg,old,1/1,2,38,0,3,6,1,0,0,0,0,1,1,2,0,2,1,10,0,0,0,0,1,0,43,0,0,
pianoSvg/E739.svg,old,1/1,4,40,0,5,4,0,0,0,0,0,0,0,1,0,4,1,0,0,0,0,0,1,0,56,0,0,
pianoSvg/E74.svg,old,1/1,4,68,0,8,19,0,0,4,0,0,2,15,2,0,4,1,0,1,0,0,0,1,0,65,0,0,
pianoSvg/E740.svg,old,1/1,2,44,0,2,4,0,0,0,0,0,1,0,2,0,2,1,10,0,0,0,0,1,0,47,0,0,
pianoSvg/E741.svg,old,1/1,4,70,0,5,6,1,0,0,0,0,0,4,2,0,4,1,10,0,0,0,0,1,0,88,0,0,
pianoSvg/E742.svg,old,1/1,2,37,0,2,4,0,0,0,0,0,0,4,2,0,2,1,5,0,0,0,0,1,0,47,0,0,
pianoSvg/E743.svg,old,1/1,2,33,0,2,3,0,0,0,0,2,0,0,1,0,2,1,3,0,0,0,0,1,0,27,0,0,
pianoSvg/E744.svg,old,1/1,2,29,0,2,2,0,0,0,0,0,1,4,2,0,2,1,1,0,0,0,0,1,0,47,0,0,
pianoSvg/E745.svg,old,1/1,2,29,0,6,26,0,0,0,0,0,1,3,1,0,2,1,1,0,0,0,0,1,0,54,0,0,
pianoSvg/E746.svg,old,1/1,2,44,0,2,4,0,0,0,0,0,1,0,2,0,2,1,10,0,0,0,0,1,0,47,0,0,
pianoSvg/E747.svg,old,1/1,2,40,0,6,7,0,0,0,0,1,1,0,2,0,2,1,7,0,0,0,0,1,0,62,0,0,
pianoSvg/E748.svg,old,1/1,2,30,0,8,17,0,0,0,0,0,1,1,2,0,2,1,0,0,0,0,0,1,0,32,0,0,
pianoSvg/E749.svg,old,1/1,2,40,0,2,2,0,0,2,0,0,1,2,2,0,2,1,8,0,0,0,0,1,0,32,0,0,
pianoSvg/E75.svg,old,1/1,2,30,0,2,1,0,0,0,0,0,0,0,1,0,2,1,0,0,0,0,0,1,0,22,0,0,
pianoSvg/E750.svg,old,1/1,4,64,0,8,5,0,0,1,0,10,2,5,1,0,4,1,4,1,0,0,0,1,0,68,0,0,
pianoSvg/E751.svg,old,1/1,4,44,0,12,10,0,0,3,0,0,0,3,1,0,4,1,0,0,0,0,0,1,0,68,0,0,
pianoSvg/E752.svg,old,1/1,2,45,0,5,8,0,0,5,0,8,1,12,2,0,2,1,12,0,0,0,0,1,0,28,0,0,
pianoSvg/E753.svg,old,1/1,2,38,0,4,14,0,0,0,0,3,1,0,2,0,2,1,6,0,0,0,0,1,0,38,0,0,
pianoSvg/E754.svg,old,1/1,2,31,0,2,1,0,0,0,0,0,1,4,2,0,2,1,1,0,0,0,0,1,0,37,0,0,
pianoSvg/E755.svg,old,1/1,4,74,0,0,0,0,0,5,0,7,1,5,1,0,4,1,10,5,0,0,0,1,0,98,0,0,
pianoSvg/E756.svg,old,1/1,6,94,0,12,34,0,0,0,0,0,1,13,2,0,6,1,0,2,0,0,0,1,0,112,0,0,
pianoSvg/E757.svg,old,1/1,2,42,0,2,1,0,0,0,0,0,1,0,2,0,2,1,10,0,0,0,0,1,1,37,0,0,Vv. 4 and 5 may be omitted if hymn is sung for physical healing.
pianoSvg/E758.svg,old,1/1,5,100,0,0,0,0,0,4,4,65,1,44,1,0,5,1,3,0,0,0,0,1,0,68,0,0,
pianoSvg/E759.svg,old,1/1,4,65,0,16,36,0,0,6,0,22,2,14,4,0,4,1,2,0,0,0,0,1,0,65,0,0,
pianoSvg/E76.svg,old,1/1,4,46,0,8,4,0,0,1,0,0,0,1,1,0,4,1,2,0,0,0,0,1,0,59,0,0,
pianoSvg/E760.svg,old,1/1,4,65,0,2,0,0,0,17,0,13,1,1,2,0,4,1,4,0,0,0,0,1,0,63,0,0,
pianoSvg/E761.svg,old,1/1,2,32,0,6,6,0,0,0,0,0,1,4,2,0,2,1,4,0,0,0,0,1,0,30,0,0,
pianoSvg/E762.svg,old,1/1,4,40,0,5,6,1,0,0,0,0,0,0,1,0,4,1,0,0,0,0,0,1,0,63,0,0,
pianoSvg/E763.svg,old,1/1,2,32,0,6,6,0,0,0,0,0,1,4,2,0,2,1,4,0,0,0,0,1,0,30,0,0,
pianoSvg/E764.svg,old,1/1,2,41,0,6,26,0,0,1,0,0,0,2,1,0,2,1,1,0,0,0,0,1,0,54,0,0,
pianoSvg/E765.svg,old,1/1,2,24,0,4,3,0,0,3,0,0,0,4,1,0,2,1,0,0,0,0,0,1,0,31,0,0,
pianoSvg/E766.svg,old,1/1,4,80,0,8,0,0,0,0,0,16,1,33,2,0,4,1,8,0,0,0,0,1,0,68,0,0,
pianoSvg/E767.svg,old,1/1,2,29,0,2,3,0,0,4,0,0,1,4,2,0,2,1,1,1,0,0,0,1,0,50,0,0,
pianoSvg/E768.svg,old,1/1,2,24,0,2,2,0,0,0,0,0,1,4,1,0,2,1,1,0,0,0,0,1,0,27,0,0,
pianoSvg/E769.svg,old,1/1,2,30,0,2,2,0,0,4,0,0,0,4,2,0,2,1,2,0,0,0,0,1,0,54,0,0,
pianoSvg/E77.svg,old,1/1,2,33,0,3,3,1,0,0,0,0,0,4,2,0,2,1,1,0,0,0,0,1,0,36,0,0,
pianoSvg/E770.svg,old,1/1,4,66,0,16,36,0,0,8,0,24,3,23,1,0,4,1,15,0,0,0,0,1,0,62,0,0,
pianoSvg/E771.svg,old,1/1,2,29,0,2,3,0,0,0,0,0,1,3,2,0,2,1,1,0,0,0,0,1,0,36,0,0,
pianoSvg/E772.svg,old,1/1,4,56,0,9,0,1,0,5,0,0,0,5,1,0,4,1,0,0,0,0,0,1,0,31,0,0,
pianoSvg/E773.svg,old,1/1,4,39,0,4,4,0,0,0,0,0,0,0,1,0,4,1,7,0,0,0,0,1,0,47,0,0,
pianoSvg/E774.svg,old,1/1,2,38,0,4,14,0,0,0,0,3,1,0,2,0,2,1,6,0,0,0,0,1,0,38,0,0,
pianoSvg/E775.svg,old,1/1,4,57,0,16,33,0,0,0,0,20,2,17,1,0,4,1,1,1,0,0,0,1,0,61,0,0,
pianoSvg/E776.svg,old,1/1,2,35,0,6,7,0,0,0,0,0,0,2,2,0,2,1,5,0,0,0,0,1,0,46,0,0,
pianoSvg/E777.svg,old,1/1,3,45,0,14,33,0,0,5,0,0,5,5,5,0,3,1,5,0,0,0,0,1,0,65,0,0,
pianoSvg/E778.svg,old,1/1,3,46,0,6,11,0,0,5,0,3,1,6,1,0,3,1,9,0,0,0,0,1,1,90,0,0,(Repeat the last line of each stanza)
pianoSvg/E779.svg,old,1/1,4,60,0,4,2,0,0,2,0,17,1,3,2,0,4,1,0,2,0,0,0,1,0,57,0,0,
pianoSvg/E78.svg,old,1/1,2,29,0,2,2,0,0,0,0,14,1,7,2,0,2,1,0,0,0,0,0,1,0,25,0,0,
pianoSvg/E780.svg,old,1/1,4,72,0,4,6,0,0,2,0,1,0,6,2,0,4,1,12,0,0,0,0,1,0,76,0,0,
pianoSvg/E781.svg,old,1/1,4,49,0,17,16,0,0,8,0,1,5,12,1,0,4,1,5,0,0,0,0,1,0,73,0,0,
pianoSvg/E782.svg,old,1/1,2,29,0,2,4,0,0,0,0,1,0,0,1,0,2,1,1,0,0,0,0,1,0,42,0,0,
pianoSvg/E783.svg,old,1/1,2,29,0,2,3,0,0,4,0,0,0,4,1,0,2,1,1,0,0,0,0,1,0,55,0,0,
pianoSvg/E784.svg,old,1/1,4,60,0,5,7,0,0,8,0,8,8,12,1,0,4,1,0,0,0,0,0,1,0,76,0,0,
pianoSvg/E785.svg,old,1/1,2,28,0,2,2,0,0,4,0,0,0,4,1,0,2,1,0,0,0,0,0,1,0,37,0,0,
pianoSvg/E786.svg,old,1/1,2,29,0,2,1,0,0,4,0,1,0,4,1,0,2,1,1,0,0,0,0,1,0,43,0,0,
pianoSvg/E787.svg,old,1/1,4,80,0,8,6,0,0,0,0,16,5,29,2,0,4,1,4,0,0,0,0,1,0,77,0,0,
pianoSvg/E788.svg,old,1/1,4,61,0,9,8,0,0,6,0,26,1,15,2,0,4,1,1,0,0,0,0,1,0,76,0,0,
pianoSvg/E789.svg,old,1/1,4,60,0,5,7,0,0,8,0,8,8,12,1,0,4,1,0,0,0,0,0,1,0,76,0,0,
pianoSvg/E79.svg,old,1/1,4,64,0,16,36,0,0,3,0,16,3,14,1,0,4,1,0,0,0,0,0,1,0,61,0,0,
pianoSvg/E790.svg,old,1/1,2,44,0,8,29,1,0,4,0,0,1,5,1,0,2,1,0,0,0,0,0,1,0,65,0,0,
pianoSvg/E791.svg,old,1/1,4,62,0,8,4,0,0,26,0,2,1,4,2,0,4,1,6,0,0,0,0,1,0,69,0,0,
pianoSvg/E792.svg,old,1/1,3,35,0,3,3,0,0,0,0,0,0,6,2,0,3,1,0,1,0,0,0,1,0,34,0,0,
pianoSvg/E793.svg,old,1/1,4,40,0,4,5,0,0,0,0,0,0,0,1,0,4,1,0,0,0,0,0,1,0,61,0,0,
pianoSvg/E794.svg,old,1/1,3,60,0,7,7,0,0,8,0,0,1,14,1,0,3,1,0,0,0,0,0,1,0,51,0,0,
pianoSvg/E795.svg,old,1/1,2,30,0,2,3,0,0,2,0,2,0,2,1,0,2,1,2,0,0,0,0,1,0,23,0,0,
pianoSvg/E796.svg,old,1/1,2,28,0,2,3,0,0,0,0,0,0,0,1,0,2,1,0,0,0,0,0,1,0,43,0,0,
pianoSvg/E797.svg,old,1/1,4,64,0,4,12,0,0,4,0,12,1,10,1,0,4,1,12,0,0,0,0,1,0,82,0,0,
pianoSvg/E798.svg,old,1/1,4,64,0,4,12,0,0,4,0,12,1,10,1,0,4,1,12,0,0,0,0,1,0,82,0,0,
pianoSvg/E799.svg,old,1/1,4,42,0,12,5,0,0,0,0,0,0,0,1,0,4,1,2,0,0,0,0,1,0,55,0,0,
pianoSvg/E8.svg,old,1/1,2,34,0,2,0,0,0,0,0,0,1,2,1,0,2,1,2,0,0,0,0,1,0,22,0,0,
pianoSvg/E80.svg,old,1/1,3,40,0,1,0,0,0,0,0,0,1,5,1,0,3,1,0,0,0,0,0,1,0,76,0,0,
pianoSvg/E800.svg,old,1/1,4,48,0,11,7,0,0,0,0,0,0,16,2,0,4,1,4,0,0,0,0,1,0,81,0,0,
pianoSvg/E801.svg,old,1/1,4,40,0,8,3,0,0,0,0,0,0,0,1,0,4,1,0,0,0,0,0,1,0,48,0,0,
pianoSvg/E802.svg,old,1/1,2,32,0,9,18,1,0,0,0,0,1,0,1,0,2,1,0,1,0,0,0,1,0,23,0,0,
pianoSvg/E803.svg,old,1/1,4,56,0,13,22,1,0,0,0,4,1,4,1,0,4,1,4,0,0,0,0,1,0,54,0,0,
pianoSvg/E804.svg,old,1/1,4,57,0,8,28,0,0,3,0,0,1,6,1,0,4,1,1,0,0,0,0,1,0,82,0,0,
pianoSvg/E805.svg,old,1/1,4,42,0,4,1,0,0,0,0,0,1,0,2,0,4,1,10,0,0,0,0,1,0,37,0,0,
pianoSvg/E806.svg,old,1/1,4,40,0,8,3,0,0,0,0,0,0,0,1,0,4,1,0,0,0,0,0,1,0,48,0,0,
pianoSvg/E807.svg,old,1/1,4,62,0,18,32,2,0,14,0,8,0,10,2,0,4,1,1,2,0,0,0,1,0,67,0,0,
pianoSvg/E808.svg,old,1/1,4,44,0,4,5,0,0,0,0,0,0,0,1,0,4,1,0,0,0,0,0,1,0,60,0,0,
pianoSvg/E809.svg,old,1/1,2,22,0,6,1,0,0,4,0,0,0,4,1,0,2,1,0,0,0,0,0,1,0,27,0,0,
pianoSvg/E81.svg,old,1/1,2,41,0,8,26,0,0,1,0,2,1,2,2,0,2,1,9,0,0,0,0,1,0,48,0,0,
pianoSvg/E810.svg,old,1/1,2,35,0,6,23,0,0,0,0,0,0,3,2,0,2,1,3,0,0,0,0,1,0,51,0,0,
pianoSvg/E811.svg,old,1/1,4,77,0,8,23,0,0,0,0,1,6,8,2,0,4,1,0,0,0,0,0,1,0,86,0,0,
pianoSvg/E812.svg,old,1/1,2,28,0,2,4,0,0,0,0,0,1,3,2,0,2,1,2,0,0,0,0,1,0,41,0,0,
pianoSvg/E813.svg,old,1/1,2,40,0,6,7,0,0,0,0,1,1,0,2,0,2,1,8,0,0,0,0,1,0,62,0,0,
pianoSvg/E814.svg,old,1/1,4,37,0,4,4,0,0,0,0,0,0,4,2,0,4,1,5,0,0,0,0,1,0,48,0,0,
pianoSvg/E815.svg,old,1/1,2,42,0,5,7,0,0,0,0,0,1,0,2,0,2,1,10,0,0,0,0,1,0,59,0,0,
pianoSvg/E816.svg,old,1/1,4,63,0,12,28,0,0,1,0,3,2,1,1,0,4,1,3,0,0,0,0,1,0,38,0,0,
pianoSvg/E817.svg,old,1/1,4,57,0,0,1,0,0,6,0,1,1,10,1,0,4,1,1,0,0,0,0,1,0,101,0,0,
pianoSvg/E818.svg,old,1/1,4,41,0,8,10,0,0,1,0,0,0,1,1,0,4,1,9,0,0,0,0,1,0,64,0,0,
pianoSvg/E819.svg,old,1/1,2,32,0,3,4,1,0,0,0,0,1,2,2,0,2,1,6,0,0,0,0,1,0,38,0,0,
pianoSvg/E82.svg,old,1/1,4,82,0,18,8,2,0,3,0,2,16,5,1,0,4,1,0,3,0,0,0,1,0,52,0,0,
pianoSvg/E820.svg,old,1/1,2,36,0,0,0,0,0,5,0,4,0,6,1,0,2,1,4,0,0,0,0,1,0,44,0,0,
pianoSvg/E821.svg,old,1/1,2,36,0,4,6,0,0,0,0,0,0,2,2,0,2,1,4,0,0,0,0,1,0,68,0,0,
pianoSvg/E822.svg,old,1/1,2,37,0,2,2,0,0,0,0,5,1,0,1,0,2,1,5,1,0,0,0,1,0,48,0,0,
pianoSvg/E823.svg,old,1/1,4,61,0,4,4,0,0,0,0,0,1,8,2,0,4,1,1,0,0,0,0,1,0,80,0,0,
pianoSvg/E824.svg,old,1/1,4,52,0,12,19,0,0,1,0,0,1,5,1,0,4,1,0,0,0,0,0,1,0,39,0,0,
pianoSvg/E825.svg,old,1/1,4,60,0,1,0,0,0,4,0,0,0,4,1,0,4,1,0,0,0,0,0,1,0,67,0,0,
pianoSvg/E826.svg,old,1/1,4,41,0,5,5,1,0,0,0,0,0,0,1,0,4,1,1,0,0,0,0,1,0,70,0,0,
pianoSvg/E827.svg,old,1/1,4,48,0,11,7,0,0,0,0,0,0,16,2,0,4,1,4,0,0,0,0,1,0,81,0,0,
pianoSvg/E828.svg,old,1/1,3,61,0,1,0,0,0,0,0,0,0,0,1,0,3,1,1,0,0,0,0,1,0,80,0,0,
pianoSvg/E829.svg,old,1/1,4,41,0,14,30,1,0,2,0,0,0,2,1,0,4,1,3,0,0,0,0,1,0,69,0,0,
pianoSvg/E83.svg,old,1/1,2,30,0,2,3,0,0,0,0,0,0,0,1,0,2,1,0,0,0,0,0,1,0,30,0,0,
pianoSvg/E830.svg,old,1/1,6,54,0,6,2,0,0,0,0,0,0,6,2,0,6,1,6,0,0,0,0,1,0,62,0,0,
pianoSvg/E831.svg,old,1/1,4,64,0,15,44,3,0,4,0,4,1,4,1,0,4,1,4,0,0,0,0,1,0,103,0,0,
pianoSvg/E832.svg,old,1/1,4,44,0,14,30,1,0,4,0,0,1,5,1,0,4,1,0,0,0,0,0,1,0,66,0,0,
pianoSvg/E833.svg,old,1/1,4,52,0,12,19,0,0,1,0,0,1,5,1,0,4,1,0,0,0,0,0,1,0,39,0,0,
pianoSvg/E834.svg,old,1/1,4,68,0,5,7,1,0,0,0,0,0,4,2,0,4,1,8,0,0,0,0,1,0,86,0,0,
pianoSvg/E835.svg,old,1/1,4,38,0,8,5,0,0,0,0,0,0,1,1,0,4,1,6,0,0,0,0,1,0,43,0,0,
pianoSvg/E836.svg,old,1/1,3,46,0,6,14,0,0,4,0,1,0,4,1,0,3,1,1,0,0,0,0,1,0,44,0,0,
pianoSvg/E837.svg,old,1/1,4,39,0,4,4,0,0,0,0,0,0,0,1,0,4,1,7,0,0,0,0,1,0,47,0,0,
pianoSvg/E838.svg,old,1/1,2,40,0,2,2,0,0,2,0,0,1,2,2,0,2,1,8,0,0,0,0,1,0,32,0,0,
pianoSvg/E839.svg,new,,4,56,0,13,22,1,0,0,0,0,1,8,1,0,4,1,0,0,0,0,0,1,0,0,1,0,
pianoSvg/E84.svg,old,1/1,5,76,0,5,4,0,0,7,0,2,0,7,1,0,5,1,5,0,0,0,0,1,0,87,0,0,
pianoSvg/E840.svg,old,1/1,4,61,0,9,6,0,0,6,0,0,1,14,2,0,4,1,1,0,0,0,0,1,0,63,0,0,
pianoSvg/E841.svg,old,1/1,4,44,0,4,4,0,0,3,0,0,0,3,1,0,4,1,0,0,0,0,0,1,0,82,0,0,
pianoSvg/E842.svg,old,1/1,2,27,0,4,2,0,0,0,0,0,1,3,2,0,2,1,1,0,0,0,0,1,0,36,0,0,
pianoSvg/E843.svg,old,1/1,2,44,0,2,4,0,0,0,0,0,1,0,2,0,2,1,10,0,0,0,0,1,0,47,0,0,
pianoSvg/E844.svg,old,1/1,2,31,0,2,1,0,0,8,0,12,1,14,2,0,2,1,0,1,0,0,0,1,0,33,0,0,
pianoSvg/E845.svg,old,1/1,2,40,0,8,21,0,0,3,0,0,1,7,1,0,2,1,0,0,0,0,0,1,0,33,0,0,
pianoSvg/E846.svg,old,1/1,2,42,0,8,23,1,0,5,0,0,0,8,2,0,2,1,0,0,0,0,0,1,0,60,0,0,
pianoSvg/E847.svg,old,1/1,2,34,0,4,6,0,0,2,0,0,0,2,1,0,2,1,0,0,0,0,0,1,0,44,0,0,
pianoSvg/E848.svg,old,1/1,4,60,0,4,2,0,0,8,0,16,1,8,2,0,4,1,0,0,0,0,0,1,0,62,0,0,
pianoSvg/E849.svg,old,1/1,4,58,0,12,32,0,0,4,0,2,0,4,1,0,4,1,2,0,0,0,0,1,0,72,0,0,
pianoSvg/E85.svg,old,1/1,3,63,0,12,47,0,0,3,0,0,1,5,1,0,3,1,5,0,0,0,0,1,0,73,0,0,
pianoSvg/E850.svg,old,1/1,4,72,0,5,8,0,0,0,0,0,1,8,2,0,4,1,4,0,0,0,0,1,0,75,0,0,
pianoSvg/E851.svg,old,1/1,2,34,0,2,6,0,0,0,0,0,1,3,1,0,2,1,2,2,0,0,0,1,0,48,0,0,
pianoSvg/E852.svg,old,1/1,2,29,0,6,26,0,0,0,0,0,1,3,1,0,2,1,1,0,0,0,0,1,0,54,0,0,
pianoSvg/E853.svg,old,1/1,2,30,0,2,4,0,0,0,0,4,1,3,1,0,2,1,4,0,0,0,0,1,0,63,0,0,
pianoSvg/E854.svg,old,1/1,2,22,0,2,1,0,0,0,0,0,0,0,1,0,2,1,0,0,0,0,0,1,0,25,0,0,
pianoSvg/E855.svg,old,1/1,4,66,0,15,9,0,0,0,0,0,1,1,2,0,4,1,10,2,0,0,0,1,0,63,0,0,
pianoSvg/E856.svg,old,1/1,2,29,0,4,3,0,0,0,0,0,2,8,1,0,2,1,1,0,0,0,0,1,0,38,0,0,
pianoSvg/E857.svg,old,1/1,2,30,0,5,11,0,0,0,0,0,1,4,2,0,2,1,2,0,0,0,0,1,0,43,0,0,
pianoSvg/E858.svg,old,1/1,2,38,0,2,1,0,0,16,0,2,1,3,2,0,2,1,4,0,0,0,0,1,0,44,0,0,
pianoSvg/E859.svg,old,1/1,2,35,0,2,1,0,0,0,0,0,1,3,2,0,2,1,9,0,0,0,0,1,0,40,0,0,
pianoSvg/E86.svg,old,1/1,2,36,0,4,14,0,0,3,0,9,0,3,2,0,2,1,5,0,0,0,0,1,0,37,0,0,
pianoSvg/E860.svg,old,1/1,2,37,0,2,6,0,0,0,0,0,1,1,2,0,2,1,11,0,0,0,0,1,0,42,0,0,
pianoSvg/E861.svg,old,1/1,4,70,0,0,1,0,0,5,0,18,4,13,1,0,4,1,6,2,0,0,0,1,0,79,0,0,
pianoSvg/E862.svg,old,1/1,2,36,0,4,6,0,0,0,0,0,0,2,2,0,2,1,4,0,0,0,0,1,0,68,0,0,
pianoSvg/E863.svg,old,1/1,4,40,0,0,1,0,0,12,0,0,0,16,2,0,4,1,0,0,0,0,0,1,0,78,0,0,
pianoSvg/E864.svg,old,1/1,4,62,0,8,4,0,0,26,0,2,1,4,2,0,4,1,6,0,0,0,0,1,0,69,0,0,
pianoSvg/E865.svg,old,1/1,2,28,0,8,13,0,0,5,0,0,1,7,1,0,2,1,0,0,0,0,0,1,0,22,0,0,
pianoSvg/E866.svg,old,1/1,2,22,0,6,1,0,0,4,0,0,0,4,1,0,2,1,0,0,0,0,0,1,0,27,0,0,
pianoSvg/E867.svg,old,1/1,4,52,0,12,19,0,0,1,0,0,1,5,1,0,4,1,0,0,0,0,0,1,0,39,0,0,
pianoSvg/E868.svg,old,1/1,4,40,0,4,6,0,0,1,0,0,0,1,1,0,4,1,0,0,0,0,0,1,0,53,0,0,
pianoSvg/E869.svg,old,1/1,4,41,0,12,26,0,0,3,0,0,1,4,1,0,4,1,1,0,0,0,0,1,0,63,0,0,
pianoSvg/E87.svg,old,1/1,2,38,0,4,14,0,0,2,0,4,1,4,2,0,2,1,10,0,0,0,0,1,0,59,0,0,
pianoSvg/E870.svg,new,,6,82,0,7,6,0,0,0,0,0,3,5,1,0,6,1,3,0,0,0,0,1,0,0,2,0,
pianoSvg/E871.svg,old,1/1,3,74,0,10,43,1,0,3,0,2,0,3,1,0,3,1,7,1,0,0,0,1,0,102,0,0,
pianoSvg/E872.svg,old,1/1,2,32,0,2,2,0,0,0,0,0,0,4,2,0,2,1,0,0,0,0,0,1,0,43,0,0,
pianoSvg/E873.svg,old,1/1,4,59,0,15,23,3,0,2,0,5,1,6,1,0,4,1,7,0,0,0,0,1,0,68,0,0,
pianoSvg/E874.svg,old,1/1,2,26,0,2,0,0,0,0,0,0,0,0,1,0,2,1,0,0,0,0,0,1,0,24,0,0,
pianoSvg/E875.svg,old,1/1,4,55,0,5,3,0,0,6,0,1,1,10,1,0,4,1,3,0,0,0,0,1,0,67,0,0,
pianoSvg/E876.svg,old,1/1,2,20,0,7,13,1,0,0,0,0,2,0,1,0,2,1,0,0,0,0,0,1,0,21,0,0,
pianoSvg/E877.svg,old,1/1,6,82,0,7,10,0,0,0,0,0,3,5,1,0,6,1,2,2,0,0,0,1,0,149,0,0,
pianoSvg/E878.svg,old,1/1,6,102,0,12,33,0,0,0,0,15,1,58,2,0,6,1,10,0,0,0,0,1,0,113,0,0,
pianoSvg/E879.svg,old,1/1,4,47,0,14,1,0,0,7,0,0,0,8,1,0,4,1,3,0,0,0,0,1,0,50,0,0,
pianoSvg/E88.svg,old,1/1,2,36,0,0,0,0,0,5,0,4,0,6,1,0,2,1,4,0,0,0,0,1,0,44,0,0,
pianoSvg/E880.svg,old,1/1,4,64,0,8,5,0,0,1,0,10,2,5,1,0,4,1,3,1,0,0,0,1,0,68,0,0,
pianoSvg/E881.svg,old,1/1,3,69,0,3,5,0,0,6,0,0,2,16,1,0,3,1,8,0,0,0,0,1,0,57,0,0,
pianoSvg/E882.svg,old,1/1,5,88,0,16,42,1,0,34,0,3,2,10,2,0,5,1,7,1,0,0,0,1,0,96,0,0,
pianoSvg/E883.svg,old,1/1,2,35,0,10,9,0,0,1,0,5,0,1,1,0,2,1,7,0,0,0,0,1,0,26,0,0,
pianoSvg/E884.svg,old,1/1,4,56,0,16,28,0,0,8,0,0,1,12,1,0,4,1,0,0,0,0,0,1,0,52,0,0,
pianoSvg/E885.svg,old,1/1,4,60,0,16,35,0,0,9,0,0,1,21,2,0,4,1,0,0,0,0,0,1,0,66,0,0,
pianoSvg/E886.svg,old,1/1,5,71,0,1,1,0,0,0,0,7,1,4,1,0,5,1,7,5,0,0,0,1,0,93,0,0,
pianoSvg/E887.svg,old,1/1,4,74,0,5,9,1,0,0,0,0,2,12,2,0,4,1,18,1,0,0,0,1,0,122,0,0,
pianoSvg/E888.svg,old,1/1,4,53,0,4,4,0,0,2,0,5,0,3,1,0,4,1,1,0,0,0,0,1,0,84,0,0,
pianoSvg/E889.svg,old,1/1,4,61,0,4,8,0,0,6,0,26,1,15,2,0,4,1,1,0,0,0,0,1,0,77,0,0,
pianoSvg/E89.svg,old,1/1,2,40,0,4,7,0,0,0,0,0,1,1,2,0,2,1,12,0,0,0,0,1,0,43,0,0,
pianoSvg/E890.svg,old,1/1,4,52,0,0,0,0,0,0,0,34,3,12,2,0,4,1,0,0,0,0,0,1,0,45,0,0,
pianoSvg/E891.svg,old,1/1,5,88,0,20,54,0,0,3,0,11,3,9,1,0,5,1,15,0,0,0,0,1,0,102,0,0,
pianoSvg/E892.svg,old,1/1,2,37,0,2,2,0,0,0,0,5,1,0,1,0,2,1,5,1,0,0,0,1,0,48,0,0,
pianoSvg/E893.svg,old,1/1,4,53,0,13,26,1,0,1,0,2,0,6,1,0,4,1,1,0,0,0,0,1,0,57,0,0,
pianoSvg/E894.svg,old,1/1,4,52,0,0,0,0,0,0,0,34,3,12,2,0,4,1,0,0,0,0,0,1,0,45,0,0,
pianoSvg/E895.svg,old,1/1,4,74,0,15,34,2,0,0,0,39,1,23,1,0,4,1,0,2,0,0,0,1,0,72,0,0,
pianoSvg/E896.svg,old,1/1,2,33,0,3,3,1,0,0,0,0,0,4,2,0,2,1,1,0,0,0,0,1,0,36,0,0,
pianoSvg/E897.svg,old,1/1,4,53,0,5,6,1,0,1,0,16,0,9,1,0,4,1,1,0,0,0,0,1,0,66,0,0,
pianoSvg/E898.svg,old,1/1,4,52,0,14,36,2,0,2,0,0,1,6,1,0,4,1,0,0,0,0,0,1,0,82,0,0,
pianoSvg/E899.svg,old,1/1,5,81,0,21,42,0,0,9,0,8,1,13,1,0,5,1,11,0,0,0,0,1,0,66,0,0,
pianoSvg/E9.svg,old,1/1,4,46,0,8,14,0,0,4,0,1,0,4,1,0,4,1,1,0,0,0,0,1,0,44,0,0,
pianoSvg/E90.svg,old,1/1,2,30,0,0,0,0,0,2,0,0,0,2,1,0,2,1,2,0,0,0,0,1,0,23,0,0,
pianoSvg/E900.svg,old,1/1,6,106,0,1,2,0,0,14,2,30,5,15,2,0,6,1,20,1,0,0,0,1,0,96,0,0,
pianoSvg/E901.svg,old,1/1,5,47,0,15,32,0,0,3,0,2,0,7,2,0,5,1,6,0,0,0,0,1,0,77,0,0,
pianoSvg/E902.svg,old,1/1,4,51,0,4,2,0,0,0,0,0,0,0,2,0,4,1,3,0,0,0,0,1,0,98,0,0,
pianoSvg/E903.svg,old,1/1,2,37,0,2,2,0,0,0,0,5,1,0,1,0,2,1,5,1,0,0,0,1,0,48,0,0,
pianoSvg/E904.svg,old,1/1,4,64,0,4,7,0,0,0,0,16,1,17,2,0,4,1,0,0,0,0,0,1,0,64,0,0,
pianoSvg/E905.svg,old,1/1,2,35,0,6,23,0,0,0,0,0,0,3,2,0,2,1,3,0,0,0,0,1,0,51,0,0,
pianoSvg/E906.svg,old,1/1,2,48,0,2,4,0,0,8,0,12,1,4,2,0,2,1,5,0,0,0,0,1,0,33,0,0,
pianoSvg/E907.svg,old,1/1,2,31,0,0,0,0,0,0,0,3,0,0,1,0,2,1,3,0,0,0,0,1,0,20,0,0,
pianoSvg/E908.svg,old,1/1,4,61,0,14,39,2,0,3,0,1,1,3,1,0,4,1,1,0,0,0,0,1,0,77,0,0,
pianoSvg/E909.svg,new,,5,74,0,13,0,1,0,0,0,39,1,23,1,0,5,1,0,0,0,0,0,1,0,0,1,0,
pianoSvg/E91.svg,old,1/1,4,61,0,5,6,0,0,6,1,12,1,17,1,0,4,1,5,3,0,0,0,1,0,58,0,0,
pianoSvg/E910.svg,old,1/1,4,62,0,4,4,0,0,4,0,26,1,16,2,0,4,1,2,2,0,0,0,1,0,44,0,0,
pianoSvg/E911.svg,old,1/1,4,60,0,4,2,0,0,6,0,24,1,14,2,0,4,1,0,0,0,0,0,1,0,65,0,0,
pianoSvg/E912.svg,old,1/1,4,61,0,4,4,0,0,0,0,0,1,8,2,0,4,1,1,0,0,0,0,1,0,80,0,0,
pianoSvg/E913.svg,old,1/1,4,62,0,12,43,0,0,0,0,0,1,6,2,0,4,1,2,0,0,0,0,1,0,85,0,0,
pianoSvg/E914.svg,old,1/1,4,60,0,0,0,0,0,6,0,16,1,6,2,0,4,1,0,0,0,0,0,1,0,71,0,0,
pianoSvg/E915.svg,old,1/1,4,54,0,9,6,0,0,0,0,2,1,4,1,0,4,1,0,0,0,0,0,1,0,69,0,0,
pianoSvg/E916.svg,old,1/1,2,30,0,2,1,0,0,2,0,2,0,2,1,0,2,1,2,0,0,0,0,1,0,23,0,0,
pianoSvg/E917.svg,old,1/1,4,78,0,5,3,0,0,3,0,24,0,13,1,0,4,1,0,0,0,0,0,1,0,69,0,0,
pianoSvg/E918.svg,old,1/1,3,63,0,9,20,2,0,2,0,0,1,5,1,0,3,1,1,0,0,0,0,1,0,80,0,0,
pianoSvg/E919.svg,old,1/1,6,49,0,6,3,0,0,5,0,0,0,10,2,0,6,1,7,0,0,0,0,1,0,51,0,0,
pianoSvg/E92.svg,old,1/1,2,39,0,6,10,0,0,2,0,3,1,4,2,0,2,1,1,0,0,0,0,1,0,43,0,0,
pianoSvg/E920.svg,old,1/1,4,43,0,4,3,0,0,6,0,0,0,6,1,0,4,1,1,0,0,0,0,1,0,78,0,0,
pianoSvg/E921.svg,old,1/1,3,63,0,9,8,0,0,0,0,19,1,1,1,0,3,1,0,0,0,0,0,1,0,54,0,0,
pianoSvg/E922.svg,old,1/1,4,66,0,11,21,3,0,2,0,16,1,15,2,0,4,1,4,0,0,0,0,1,0,67,0,0,
pianoSvg/E923.svg,old,1/1,4,41,0,1,2,0,0,2,0,0,0,2,1,0,4,1,1,0,0,0,0,1,0,60,0,0,
pianoSvg/E924.svg,old,1/1,6,99,0,23,26,3,0,0,0,3,1,11,2,0,6,1,14,0,0,0,0,1,0,120,0,0,
pianoSvg/E925.svg,old,1/1,4,60,0,4,2,0,0,2,0,17,1,3,2,0,4,1,0,2,0,0,0,1,0,57,0,0,
pianoSvg/E926.svg,old,1/1,2,30,0,6,21,0,0,4,0,0,1,5,1,0,2,1,0,0,0,0,0,1,0,46,0,0,
pianoSvg/E927.svg,old,1/1,2,37,0,2,2,0,0,0,0,5,1,0,1,0,2,1,5,1,0,0,0,1,0,48,0,0,
pianoSvg/E928.svg,old,1/1,4,79,0,12,5,0,0,5,3,31,2,16,2,0,4,1,2,0,0,0,0,1,0,64,0,0,
pianoSvg/E929.svg,old,1/1,4,78,0,10,27,0,0,0,0,0,0,28,2,0,4,1,6,0,0,0,0,1,0,115,0,0,
pianoSvg/E93.svg,old,1/1,4,62,0,12,20,0,0,9,0,8,0,11,1,0,4,1,0,0,0,0,0,1,0,41,0,0,
pianoSvg/E930.svg,old,1/1,4,66,0,0,2,0,0,22,0,6,0,4,2,0,4,1,6,0,0,0,0,1,0,87,0,0,
pianoSvg/E931.svg,old,1/1,3,47,0,9,22,0,0,0,0,0,0,3,2,0,3,1,2,0,0,0,0,1,0,46,0,0,
pianoSvg/E932.svg,old,1/1,4,62,0,5,10,1,0,0,0,1,1,4,2,0,4,1,6,0,0,0,0,1,0,98,0,0,
pianoSvg/E933.svg,old,1/1,3,71,0,3,8,0,0,0,0,0,1,2,1,0,3,1,3,3,0,0,0,1,0,106,0,0,
pianoSvg/E934.svg,old,1/1,4,94,0,0,2,0,0,0,0,0,3,12,2,0,4,1,8,1,0,0,0,1,0,140,0,0,
pianoSvg/E935.svg,old,1/1,4,53,0,20,29,0,0,2,0,1,1,6,1,0,4,1,1,0,0,0,0,1,0,50,0,0,
pianoSvg/E936.svg,old,1/1,4,74,0,20,17,0,0,0,0,9,0,0,1,0,4,1,5,0,0,0,0,1,0,46,0,0,
pianoSvg/E937.svg,old,1/1,2,29,0,2,3,0,0,4,0,0,1,4,2,0,2,1,1,1,0,0,0,1,0,50,0,0,
pianoSvg/E938.svg,old,1/1,2,34,0,6,2,0,0,0,0,14,0,8,1,0,2,1,4,0,0,0,0,1,0,33,0,0,
pianoSvg/E939.svg,old,1/1,4,68,0,12,34,0,0,4,0,13,1,10,1,0,4,1,16,0,0,0,0,1,0,73,0,0,
pianoSvg/E94.svg,old,1/1,3,44,0,9,22,0,0,10,0,2,1,13,1,0,3,1,2,0,0,0,0,1,0,42,0,0,
pianoSvg/E940.svg,old,1/1,4,58,0,4,1,0,0,6,0,25,1,14,2,0,4,1,2,0,0,0,0,1,1,59,0,0,(Repeat the last two lines of each stanza)
pianoSvg/E941.svg,old,1/1,4,52,0,9,6,0,0,0,0,0,1,4,1,0,4,1,0,0,0,0,0,1,0,69,0,0,
pianoSvg/E942.svg,old,1/1,2,41,0,8,26,0,0,1,0,2,1,2,2,0,2,1,9,0,0,0,0,1,0,48,0,0,
pianoSvg/E943.svg,old,1/1,2,37,0,2,2,0,0,0,0,5,1,0,1,0,2,1,5,1,0,0,0,1,0,48,0,0,
pianoSvg/E944.svg,old,1/1,2,40,0,6,7,0,0,0,0,1,1,0,2,0,2,1,8,0,0,0,0,1,0,62,0,0,
pianoSvg/E945.svg,old,1/1,2,38,0,2,4,0,0,0,0,0,1,1,2,0,2,1,6,0,0,0,0,1,0,66,0,0,
pianoSvg/E946.svg,old,1/1,4,70,0,5,6,1,0,0,0,0,0,4,2,0,4,1,10,0,0,0,0,1,0,88,0,0,
pianoSvg/E947.svg,old,1/1,4,51,0,12,3,0,0,0,0,14,1,7,2,0,4,1,4,0,0,0,0,1,0,32,0,0,
pianoSvg/E948.svg,old,1/1,4,78,0,16,41,0,0,0,0,42,4,31,1,0,4,1,0,0,0,0,0,1,0,78,0,0,
pianoSvg/E949.svg,old,1/1,5,113,0,22,57,2,0,45,0,2,1,17,2,0,5,1,14,2,0,0,0,1,0,97,0,0,
pianoSvg/E95.svg,old,1/1,4,52,0,16,18,0,0,6,0,0,1,10,1,0,4,1,0,0,0,0,0,1,0,31,0,0,
pianoSvg/E950.svg,old,1/1,4,40,0,11,5,1,0,3,0,0,3,10,1,0,4,1,0,0,0,0,0,1,0,51,0,0,
pianoSvg/E951.svg,old,1/1,3,46,0,6,8,0,0,0,0,1,0,0,1,0,3,1,1,0,0,0,0,1,0,62,0,0,
pianoSvg/E952.svg,old,1/1,4,89,0,5,9,0,0,5,3,29,4,9,1,0,4,1,2,1,0,0,0,1,0,73,0,0,
pianoSvg/E953.svg,old,1/1,5,105,0,6,11,0,0,7,5,36,1,17,1,0,5,1,1,1,0,0,0,1,0,79,0,0,
pianoSvg/E954.svg,old,1/1,4,61,0,6,8,0,0,6,0,0,1,7,1,0,4,1,1,0,0,0,0,1,0,88,0,0,
pianoSvg/E955.svg,old,1/1,2,32,0,9,22,3,0,2,0,2,0,2,2,0,2,1,2,0,0,0,0,1,0,53,0,0,
pianoSvg/E956.svg,old,1/1,4,78,0,16,41,0,0,0,0,42,4,31,1,0,4,1,0,0,0,0,0,1,0,78,0,0,
pianoSvg/E957.svg,old,1/1,4,79,0,9,6,0,0,0,0,16,1,32,2,0,4,1,12,0,0,0,0,1,0,70,0,0,
pianoSvg/E958.svg,old,1/1,4,94,0,0,2,0,0,0,0,0,3,12,2,0,4,1,8,1,0,0,0,1,0,140,0,0,
pianoSvg/E959.svg,old,1/1,4,77,0,7,2,1,0,4,0,27,4,10,2,0,4,1,4,8,0,0,0,1,0,77,0,0,
pianoSvg/E96.svg,old,1/1,2,40,0,0,0,0,0,0,0,0,1,4,1,0,2,1,0,0,0,0,0,1,0,47,0,0,
pianoSvg/E960.svg,old,1/1,4,70,0,18,24,2,0,18,0,10,1,4,2,0,4,1,14,0,0,0,0,1,0,47,0,0,
pianoSvg/E961.svg,old,1/1,4,64,0,4,12,0,0,4,0,12,1,10,1,0,4,1,12,0,0,0,0,1,0,82,0,0,
pianoSvg/E962.svg,old,1/1,4,70,0,5,3,0,0,10,0,16,2,19,1,0,4,1,1,0,0,0,0,1,0,78,0,0,
pianoSvg/E963.svg,old,1/1,4,60,0,16,39,0,0,8,0,8,5,13,1,0,4,1,0,2,0,0,0,1,0,76,0,0,
pianoSvg/E964.svg,old,1/1,4,52,0,8,7,0,0,0,0,12,1,0,2,0,4,1,0,0,0,0,0,1,0,64,0,0,
pianoSvg/E965.svg,old,1/1,4,57,0,4,4,0,0,0,0,4,2,3,1,0,4,1,9,0,0,0,0,1,0,82,0,0,
pianoSvg/E966.svg,old,1/1,4,76,0,19,41,3,0,0,0,0,0,10,2,0,4,1,0,2,0,0,0,1,0,70,0,0,
pianoSvg/E967.svg,old,1/1,4,66,0,1,3,0,0,2,0,0,0,2,1,0,4,1,0,0,0,0,0,1,0,89,0,0,
pianoSvg/E968.svg,old,1/1,4,52,0,4,6,0,0,0,0,0,1,4,1,0,4,1,0,0,0,0,0,1,0,81,0,0,
pianoSvg/E969.svg,old,1/1,4,45,0,10,6,0,0,0,0,0,0,2,1,0,4,1,3,0,0,0,0,1,0,70,0,0,
pianoSvg/E97.svg,old,1/1,2,33,0,6,8,1,0,4,0,9,0,8,1,0,2,1,1,0,0,0,0,1,0,19,0,0,
pianoSvg/E970.svg,old,1/1,2,42,0,0,0,0,0,0,0,7,0,0,1,0,2,1,12,0,0,0,0,1,0,45,0,0,
pianoSvg/E971.svg,old,1/1,4,49,0,17,16,0,0,8,0,1,5,12,1,0,4,1,5,0,0,0,0,1,0,73,0,0,
pianoSvg/E972.svg,old,1/1,2,28,0,2,5,0,0,6,0,1,0,6,1,0,2,1,0,0,0,0,0,1,0,46,0,0,
pianoSvg/E973.svg,old,1/1,5,58,0,1,1,0,0,17,0,2,5,19,2,0,5,1,8,0,0,0,0,1,0,91,0,0,
pianoSvg/E974.svg,old,1/1,6,71,0,12,9,0,0,10,0,2,2,16,1,0,6,1,9,0,0,0,0,1,0,102,0,0,
pianoSvg/E975.svg,old,1/1,4,40,0,5,6,1,0,0,0,0,0,0,1,0,4,1,0,0,0,0,0,1,0,63,0,0,
pianoSvg/E976.svg,old,1/1,6,89,0,22,44,4,0,24,0,3,1,21,1,0,6,1,4,0,0,0,0,1,0,86,0,0,
pianoSvg/E977.svg,old,1/1,4,71,0,13,44,1,0,6,0,10,0,6,1,0,4,1,11,0,0,0,0,1,0,76,0,0,
pianoSvg/E978.svg,old,1/1,4,54,0,12,30,0,0,8,0,13,1,8,2,0,4,1,1,1,0,0,0,1,0,66,0,0,
pianoSvg/E979.svg,old,1/1,2,37,0,2,4,0,0,0,0,0,0,4,2,0,2,1,5,0,0,0,0,1,0,47,0,0,
pianoSvg/E98.svg,old,1/1,5,76,0,10,18,0,0,8,0,20,1,8,2,0,5,1,2,0,0,0,0,1,0,59,0,0,
pianoSvg/E980.svg,old,1/1,2,34,0,2,6,0,0,0,0,0,1,3,1,0,2,1,2,2,0,0,0,1,0,48,0,0,
pianoSvg/E981.svg,old,1/1,2,30,0,9,13,1,0,3,0,0,0,3,1,0,2,1,0,0,0,0,0,1,0,22,0,0,
pianoSvg/E982.svg,old,1/1,3,60,0,7,7,0,0,8,0,0,1,14,1,0,3,1,0,0,0,0,0,1,0,51,0,0,
pianoSvg/E983.svg,old,1/1,4,74,0,5,9,1,0,0,0,0,2,12,2,0,4,1,18,1,0,0,0,1,0,122,0,0,
pianoSvg/E984.svg,old,1/1,4,60,0,6,7,1,0,0,0,0,0,12,2,0,4,1,2,0,0,0,0,1,0,55,0,0,
pianoSvg/E985.svg,old,1/1,2,27,0,3,4,0,0,0,0,0,2,5,2,0,2,1,1,0,0,0,0,1,0,43,0,0,
pianoSvg/E986.svg,old,1/1,4,55,0,8,6,0,0,0,0,4,1,1,1,0,4,1,0,0,0,0,0,1,0,74,0,0,
pianoSvg/E987.svg,old,1/1,4,87,0,0,3,0,0,0,0,0,0,25,2,0,4,1,4,0,0,0,0,1,0,137,0,0,
pianoSvg/E988.svg,old,1/1,4,49,0,18,30,4,0,17,0,0,0,15,2,0,4,1,4,0,0,0,0,1,0,76,0,0,
pianoSvg/E989.svg,old,1/1,4,68,0,4,6,0,0,4,0,21,4,13,2,0,4,1,4,0,0,0,0,1,1,65,0,0,(Repeat the last two lines of each stanza for chorus)
pianoSvg/E99.svg,old,1/1,2,32,0,8,23,0,0,0,0,0,1,0,1,0,2,1,0,0,0,0,0,1,0,37,0,0,
pianoSvg/E990.svg,old,1/1,4,59,0,8,8,0,0,23,0,2,1,7,2,0,4,1,2,0,0,0,0,1,0,71,0,0,
pianoSvg/E991.svg,old,1/1,4,58,0,4,6,0,0,0,0,42,1,21,2,0,4,1,5,0,0,0,0,1,0,68,0,0,
pianoSvg/E992.svg,old,1/1,4,65,0,4,7,0,0,8,0,0,3,8,18,0,4,1,0,0,0,0,0,1,0,55,0,0,
pianoSvg/E993.svg,old,1/1,6,123,0,24,74,0,0,33,0,13,0,18,2,0,6,1,22,0,0,0,0,1,0,145,0,0,
pianoSvg/E994.svg,old,1/1,4,76,0,4,7,0,0,3,0,30,5,28,1,0,4,1,0,0,0,0,0,1,0,74,0,0,
pianoSvg/E995.svg,old,1/1,4,61,0,11,9,0,0,27,0,1,1,4,2,0,4,1,5,0,0,0,0,1,0,71,0,0,
pianoSvg/E996.svg,old,1/1,2,29,0,2,4,0,0,0,0,1,0,0,1,0,2,1,1,0,0,0,0,1,0,42,0,0,
pianoSvg/E997.svg,old,1/1,4,50,0,8,5,0,0,8,0,12,3,9,2,0,4,1,1,1,0,0,0,1,0,73,0,0,
pianoSvg/E998.svg,old,1/1,4,66,0,12,8,0,0,12,0,11,2,7,2,0,4,1,8,0,0,0,0,1,0,71,0,0,
pianoSvg/E999.svg,old,1/1,4,71,0,16,14,0,0,4,0,17,1,12,1,0,4,1,2,0,0,0,0,1,0,77,0,0,
pianoSvg/NS1.svg,old,1/1,2,48,0,2,3,0,0,0,0,3,1,1,2,0,2,1,5,0,0,0,0,1,0,59,0,0,
pianoSvg/NS10.svg,old,1/1,4,88,0,16,11,0,0,9,0,18,0,4,1,0,4,1,0,2,0,0,0,1,0,49,0,0,
pianoSvg/NS100.svg,old,1/1,8,164,0,8,13,0,0,8,0,8,0,22,2,0,8,1,5,0,0,0,0,1,0,107,0,0,
pianoSvg/NS1000.svg,new,1/1,7,69,0,7,0,0,0,13,0,9,5,15,1,0,7,1,4,0,0,0,0,1,0,27,0,0,
pianoSvg/NS10001.svg,old,1/1,4,91,0,8,2,0,0,7,0,17,1,14,1,0,4,1,17,0,0,0,0,1,1,51,0,0,3
pianoSvg/NS10002.svg,old,1/1,6,110,0,6,6,0,0,6,11,26,7,16,1,0,6,1,10,0,0,0,0,1,0,57,0,0,
pianoSvg/NS10003.svg,old,1/1,6,100,0,6,5,0,0,9,0,17,5,10,1,0,6,1,30,0,0,0,0,1,0,71,0,0,
pianoSvg/NS10004.svg,old,1/1,4,62,0,12,29,0,0,0,0,5,1,14,2,0,4,1,6,0,0,0,0,1,0,34,0,0,
pianoSvg/NS10005.svg,old,1/1,4,60,0,4,6,0,0,9,0,6,1,14,1,0,4,1,8,0,0,0,0,1,0,39,0,0,
pianoSvg/NS10006.svg,old,1/1,4,51,0,4,5,0,0,2,0,7,1,11,1,0,4,1,7,0,0,0,0,1,0,43,0,0,
pianoSvg/NS10007.svg,old,1/1,6,85,0,6,7,0,0,5,0,16,7,10,1,0,6,1,15,0,0,0,0,1,0,52,0,0,
pianoSvg/NS10008.svg,old,1/1,3,52,0,13,4,2,0,0,0,0,8,0,1,0,3,1,0,0,0,0,0,1,0,25,0,0,
pianoSvg/NS10009.svg,old,1/1,4,73,0,16,11,0,0,7,0,9,7,0,2,0,4,1,5,0,0,0,0,1,0,52,0,0,
pianoSvg/NS1001.svg,new,1/1,13,271,0,26,25,0,0,14,0,61,13,16,1,0,13,1,104,0,0,0,0,2,0,74,0,0,
pianoSvg/NS10010.svg,old,1/1,8,84,0,8,4,0,0,1,0,11,1,7,2,0,8,1,16,0,0,0,0,1,0,56,0,0,
pianoSvg/NS10011.svg,old,1/1,6,79,0,12,5,0,0,0,0,18,7,2,1,0,6,1,10,0,0,0,0,1,0,50,0,0,
pianoSvg/NS10012.svg,old,1/1,3,39,0,3,4,0,0,1,0,4,1,10,1,0,3,1,10,1,0,0,0,1,0,26,0,0,
pianoSvg/NS10013.svg,old,1/1,4,50,0,8,12,0,0,2,0,0,0,5,1,3,4,2,0,0,0,0,0,1,1,24,0,0,3
pianoSvg/NS10014.svg,old,1/1,6,87,0,12,3,0,0,12,0,18,8,1,7,0,6,1,5,0,0,0,0,1,0,48,0,0,
pianoSvg/NS10015.svg,old,1/1,8,136,0,16,2,0,0,13,0,36,12,11,1,0,8,1,28,0,0,0,0,1,0,52,0,0,
pianoSvg/NS10016.svg,old,1/1,4,41,0,8,15,0,0,0,0,7,11,5,1,0,4,2,3,1,0,0,0,1,0,46,0,0,
pianoSvg/NS10017.svg,old,1/1,4,57,0,12,13,0,0,9,0,8,8,6,1,0,4,1,14,0,0,0,0,1,0,36,0,0,
pianoSvg/NS10018.svg,old,1/1,6,64,0,6,8,0,0,5,0,7,0,9,1,0,6,1,7,2,0,0,0,1,0,58,0,0,
pianoSvg/NS10019.svg,old,1/1,4,96,0,4,5,0,0,12,0,4,4,30,1,0,4,1,22,0,0,0,0,1,0,66,0,0,
pianoSvg/NS1002.svg,new,1/1,8,89,0,33,13,1,0,4,0,11,4,7,1,0,8,1,39,0,0,0,0,1,0,26,0,0,
pianoSvg/NS10020.svg,old,1/1,6,112,0,0,0,0,0,8,0,17,7,23,1,0,6,1,29,0,0,0,0,1,0,68,0,0,
pianoSvg/NS10021.svg,old,1/1,4,74,0,4,1,0,0,12,0,0,11,13,1,0,4,1,7,2,0,0,0,1,0,23,0,0,
pianoSvg/NS10022.svg,old,1/1,3,42,0,3,2,0,0,7,0,3,0,8,1,0,3,1,6,0,0,0,0,1,0,26,0,0,
pianoSvg/NS10023.svg,old,1/1,6,73,0,6,4,0,0,7,0,12,9,11,1,0,6,1,10,0,0,0,0,1,0,49,0,0,
pianoSvg/NS10024.svg,old,1/1,4,63,0,4,7,0,0,0,0,1,1,10,2,0,4,1,5,0,0,0,0,1,0,65,0,0,
pianoSvg/NS10025.svg,old,1/1,4,61,0,4,0,0,0,3,0,14,5,7,1,0,4,2,13,0,0,0,0,0,0,0,0,0,
pianoSvg/NS10026.svg,old,1/1,4,97,0,12,30,0,0,12,0,10,1,26,1,0,4,1,16,0,0,0,0,1,0,68,0,0,
pianoSvg/NS10027.svg,old,1/1,6,98,0,6,11,0,0,12,0,14,1,13,15,0,6,1,16,0,0,0,0,1,0,62,0,0,
pianoSvg/NS10028.svg,old,1/1,4,72,0,0,0,0,0,10,0,4,3,11,1,0,4,1,8,0,0,0,0,1,0,59,0,0,
pianoSvg/NS10029.svg,old,1/1,4,79,0,4,3,0,0,0,0,0,2,5,2,0,4,1,7,0,0,0,0,1,0,66,0,0,
pianoSvg/NS1003.svg,new,1/1,8,138,0,8,8,0,0,5,0,26,8,8,1,2,8,2,48,0,0,0,0,1,6,39,0,0,3 | 3 | 3 | 3
pianoSvg/NS10030.svg,old,1/1,4,61,0,0,1,0,0,1,0,11,0,3,1,0,4,1,5,1,0,0,0,1,0,50,0,0,
pianoSvg/NS10031.svg,old,1/1,4,61,0,4,1,0,0,2,0,3,1,12,2,0,4,1,10,0,0,0,0,1,0,49,0,0,
pianoSvg/NS10032.svg,old,1/1,8,182,0,32,12,0,0,15,0,32,17,24,1,0,8,1,18,0,1,0,0,1,0,99,0,0,
pianoSvg/NS10033.svg,old,1/1,4,58,0,4,2,0,0,0,0,0,1,9,2,0,4,1,12,0,0,0,0,1,0,61,0,0,
pianoSvg/NS10034.svg,old,1/1,9,211,0,6,0,0,0,10,0,24,4,36,2,0,9,1,35,0,0,0,0,1,0,114,0,0,
pianoSvg/NS10035.svg,old,1/1,4,96,0,16,20,0,0,5,0,15,14,5,2,0,4,1,8,0,0,0,0,1,0,85,0,0,
pianoSvg/NS10036.svg,old,1/1,4,66,0,4,5,0,0,2,0,6,4,25,1,0,4,1,17,0,0,0,0,1,0,55,0,0,
pianoSvg/NS10037.svg,old,1/1,3,93,0,0,0,0,0,7,0,17,3,9,1,0,3,1,16,0,0,0,0,1,0,59,0,0,
pianoSvg/NS10038.svg,old,1/1,3,80,0,12,12,0,0,0,0,8,9,1,1,0,3,1,0,0,0,0,0,1,0,52,0,0,
pianoSvg/NS10039.svg,old,1/1,6,101,0,18,54,0,0,16,0,12,18,28,1,0,6,1,34,0,0,0,0,1,0,103,0,0,
pianoSvg/NS1004.svg,new,1/1,10,127,0,30,29,0,0,2,0,11,3,2,1,0,10,1,13,0,0,0,0,1,0,33,0,0,
pianoSvg/NS10040.svg,old,1/1,5,86,0,22,10,0,0,3,0,15,18,9,1,0,5,1,10,0,0,0,0,1,0,46,0,0,
pianoSvg/NS10041.svg,old,1/1,4,95,0,14,15,0,0,5,0,18,10,15,1,0,4,1,29,0,0,0,0,1,0,82,0,0,
pianoSvg/NS10042.svg,old,1/1,4,78,0,12,34,0,0,7,0,13,8,14,1,0,4,1,19,0,0,0,0,1,0,51,0,0,
pianoSvg/NS10043.svg,old,1/1,6,119,0,6,3,0,0,6,0,23,14,8,1,0,6,1,17,0,0,0,0,1,0,68,0,0,
pianoSvg/NS10044.svg,old,1/1,3,57,0,3,2,0,0,5,0,3,8,12,1,0,3,1,8,0,0,0,0,1,0,32,0,0,
pianoSvg/NS10045.svg,old,1/1,2,22,0,2,0,0,0,0,0,0,0,6,1,0,2,1,0,0,0,0,0,1,0,23,0,0,
pianoSvg/NS10046.svg,old,1/1,7,149,0,7,6,0,0,12,0,25,7,21,1,3,7,3,34,0,0,0,0,1,5,40,0,0,3 | 3 | 3 | 3
pianoSvg/NS10047.svg,old,1/1,4,67,0,4,3,0,0,0,0,3,1,5,1,0,4,1,7,0,0,0,0,1,3,38,0,0,3 | 3 | 3
pianoSvg/NS10048.svg,old,1/1,8,144,0,8,8,0,0,4,0,37,12,20,1,0,8,1,7,0,1,0,0,1,0,169,0,0,
pianoSvg/NS10049.svg,old,1/1,4,86,0,16,11,0,0,16,0,13,0,15,2,0,4,1,24,0,0,0,0,1,0,30,0,0,
pianoSvg/NS1005.svg,new,1/1,7,109,0,28,6,0,0,9,0,24,4,10,1,0,7,1,37,0,0,0,0,1,0,32,0,0,
pianoSvg/NS10050.svg,old,1/1,4,88,0,2,0,0,0,6,0,12,5,19,1,0,4,1,22,0,0,0,0,1,5,48,0,0,3 | 3 | 3 | 3
pianoSvg/NS10051.svg,old,1/1,5,102,0,15,22,0,0,2,0,22,10,4,1,0,5,1,11,0,0,0,0,1,0,56,0,0,
pianoSvg/NS10052.svg,old,1/1,4,100,0,12,29,0,0,10,0,7,6,24,1,0,4,1,13,0,0,0,0,1,0,73,0,0,
pianoSvg/NS10053.svg,old,1/1,4,72,0,5,2,0,0,9,0,6,2,17,6,0,4,1,7,1,0,0,0,1,0,76,0,0,
pianoSvg/NS10054.svg,old,1/1,6,123,0,12,4,0,0,8,0,22,12,7,1,0,6,1,32,0,0,0,0,1,0,49,0,0,
pianoSvg/NS10055.svg,old,1/1,5,85,0,10,3,0,0,7,0,11,4,16,1,0,5,1,31,0,0,0,0,1,0,29,0,0,
pianoSvg/NS10056.svg,old,1/1,2,38,0,4,0,0,0,3,0,2,6,7,1,0,2,1,1,0,0,0,0,1,0,23,0,0,
pianoSvg/NS10057.svg,old,1/1,4,82,0,8,0,0,0,11,0,11,0,15,1,0,4,1,18,0,0,0,0,1,1,11,0,0,3
pianoSvg/NS10058.svg,old,1/1,5,87,0,10,26,0,0,10,0,1,1,32,2,0,5,1,13,0,0,0,0,1,0,87,0,0,
pianoSvg/NS10059.svg,old,1/1,4,70,0,8,2,0,0,0,0,13,5,19,1,0,4,1,20,0,0,0,0,1,0,59,0,0,
pianoSvg/NS1006.svg,new,1/1,4,66,0,4,8,0,0,2,0,16,4,6,1,0,4,1,7,0,0,0,0,1,0,30,0,0,
pianoSvg/NS10060.svg,old,1/1,5,71,0,1,1,0,0,2,0,0,1,18,2,0,5,1,7,0,0,0,0,1,0,78,0,0,
pianoSvg/NS10062.svg,old,1/1,6,91,0,13,35,0,0,8,0,11,6,14,1,0,6,1,26,0,0,0,0,1,0,110,0,0,
pianoSvg/NS10063.svg,old,1/1,6,77,0,6,6,0,0,13,0,7,12,19,1,0,6,1,24,0,0,0,0,1,0,30,0,0,
pianoSvg/NS10065.svg,old,1/1,5,109,0,5,9,0,0,1,0,24,12,4,1,0,5,1,17,0,0,0,0,1,0,56,0,0,
pianoSvg/NS10066.svg,old,1/1,4,83,0,8,19,0,0,6,0,8,9,11,11,0,4,1,8,0,0,0,0,1,0,61,0,0,
pianoSvg/NS10067.svg,old,1/1,6,137,0,14,2,0,0,14,0,28,9,14,1,0,6,1,13,0,0,0,0,1,0,98,0,0,
pianoSvg/NS10069.svg,old,1/1,4,101,0,0,0,0,0,7,0,12,9,11,1,0,4,1,10,0,0,0,0,1,0,76,0,0,
pianoSvg/NS1007.svg,new,1/1,4,57,0,4,4,0,0,2,0,10,5,4,1,0,4,1,16,0,0,0,0,1,0,26,0,0,
pianoSvg/NS10070.svg,old,1/1,4,75,0,12,17,0,0,4,0,16,6,7,1,0,4,1,6,0,0,0,0,1,0,30,0,0,
pianoSvg/NS10071.svg,old,1/1,4,66,0,12,0,0,0,0,0,16,6,5,1,0,4,1,7,0,0,0,0,1,0,34,0,0,
pianoSvg/NS10074.svg,old,1/1,6,140,0,6,10,0,0,1,0,22,2,6,2,0,6,1,8,0,0,0,0,1,0,64,0,0,
pianoSvg/NS10075.svg,old,1/1,7,135,0,21,29,0,0,16,0,19,1,18,1,0,7,1,24,0,0,0,0,1,0,76,0,0,
pianoSvg/NS10076.svg,old,1/1,9,141,0,27,50,0,0,4,0,20,15,19,1,2,9,3,18,0,0,0,0,1,2,94,0,0,3 | 3
pianoSvg/NS10077.svg,old,1/1,2,43,0,2,4,0,0,5,0,10,0,4,1,0,2,1,2,0,0,0,0,1,0,28,0,0,
pianoSvg/NS10078.svg,old,1/1,4,73,0,12,24,0,0,2,0,18,8,2,1,0,4,1,17,0,0,0,0,1,0,40,0,0,
pianoSvg/NS10079.svg,old,1/1,2,53,0,2,3,0,0,0,0,4,2,2,1,0,2,1,6,0,0,0,0,1,0,23,0,0,
pianoSvg/NS1008.svg,new,1/1,5,74,0,5,6,0,0,1,0,32,1,20,1,0,5,1,8,0,0,0,0,1,0,21,0,0,
pianoSvg/NS10080.svg,old,1/1,4,86,0,12,36,0,0,0,0,44,0,26,1,0,4,1,1,0,0,0,0,1,5,75,0,0,3 | 3 | 3 | 3
pianoSvg/NS10081.svg,old,1/1,5,106,0,6,6,1,0,1,0,17,1,14,1,0,5,1,16,0,0,0,0,1,0,44,0,0,
pianoSvg/NS10082.svg,old,1/1,5,120,0,5,13,0,0,19,0,20,13,28,1,0,5,1,12,0,0,0,0,1,0,102,0,0,
pianoSvg/NS10086.svg,old,1/1,4,70,0,9,0,1,0,8,0,15,2,8,1,0,4,1,16,0,0,0,0,1,0,23,0,0,
pianoSvg/NS1009.svg,new,,9,136,0,36,6,0,0,9,0,24,8,9,1,0,9,1,47,0,0,0,0,1,0,35,0,0,
pianoSvg/NS101.svg,old,1/1,5,81,0,5,7,0,0,0,0,15,4,10,1,0,5,1,10,0,0,0,0,1,0,36,0,0,
pianoSvg/NS1010.svg,new,1/1,6,102,0,6,7,0,0,12,0,32,0,15,2,0,6,1,12,0,0,0,0,1,0,33,0,0,
pianoSvg/NS1011.svg,new,1/1,6,131,0,6,0,0,0,5,0,30,9,7,1,0,6,1,43,0,0,0,0,1,0,70,0,0,
pianoSvg/NS1012.svg,new,1/1,8,81,0,11,8,0,0,5,0,7,9,8,1,0,8,1,45,0,0,0,0,1,1,38,0,0,(Verse and chorus can be sung together in round)
pianoSvg/NS1013.svg,new,1/1,10,122,0,30,24,0,0,3,0,5,0,11,1,0,10,1,7,0,0,0,0,1,4,56,0,0,3 | 3 | 3 | 3
pianoSvg/NS1014.svg,new,1/1,5,81,0,0,0,0,0,9,0,14,3,8,1,0,5,1,14,0,0,0,0,1,0,32,0,0,
pianoSvg/NS1015.svg,new,1/1,4,101,0,4,5,0,0,4,0,25,1,4,1,0,4,1,2,0,0,0,0,1,0,54,0,0,
pianoSvg/NS1016.svg,new,1/1,12,192,0,12,14,0,0,17,0,15,6,22,1,2,12,2,38,0,0,0,0,2,0,50,0,0,
pianoSvg/NS1017.svg,new,1/1,6,62,0,12,2,0,0,0,0,11,7,1,1,0,6,1,12,0,0,0,0,1,0,25,0,0,
pianoSvg/NS1018.svg,new,1/1,5,60,0,1,0,0,0,3,0,0,1,5,1,0,5,1,6,1,0,0,0,1,0,54,0,0,
pianoSvg/NS1019.svg,new,1/1,8,170,0,24,46,0,0,3,0,64,10,18,1,0,8,1,19,0,0,0,0,1,4,104,0,0,3 | 3 | 3 | 3
pianoSvg/NS102.svg,old,1/1,5,124,0,5,2,0,0,13,0,12,4,20,1,0,5,1,18,0,0,0,0,1,4,63,0,0,3 | 3 | 3 | 3
pianoSvg/NS1020.svg,new,1/1,6,84,0,6,0,0,0,2,0,29,5,7,1,0,6,1,18,0,0,0,0,1,0,20,0,0,
pianoSvg/NS1021.svg,new,,4,50,0,8,0,0,0,21,0,0,0,9,2,0,4,1,1,1,0,0,0,1,0,22,0,0,
pianoSvg/NS1022.svg,new,1/1,6,66,0,6,4,0,0,0,0,10,1,1,2,0,6,1,0,0,0,0,0,1,0,51,0,0,
pianoSvg/NS1023.svg,new,1/1,8,143,0,4,0,0,0,15,0,32,1,23,1,0,8,1,31,0,0,0,0,1,2,46,0,0,3 | 3
pianoSvg/NS1024.svg,new,1/1,8,143,0,24,8,0,0,6,0,22,9,25,2,0,8,1,26,0,0,0,0,1,0,123,0,0,
pianoSvg/NS1025.svg,new,1/1,7,59,0,0,0,0,0,5,0,4,3,22,2,0,7,1,19,0,0,0,0,1,0,24,0,0,
pianoSvg/NS1026.svg,new,1/1,10,139,0,30,35,0,0,8,0,9,4,14,1,0,10,1,33,0,0,0,0,1,0,52,0,0,
pianoSvg/NS1027.svg,new,1/1,6,63,0,12,0,0,0,0,0,6,5,5,1,0,6,1,9,0,0,0,0,1,0,34,0,0,
pianoSvg/NS1028.svg,new,1/1,7,131,0,21,26,0,0,10,0,21,6,11,1,0,7,1,37,0,0,0,0,1,0,46,0,0,
pianoSvg/NS1029.svg,new,1/1,6,74,0,19,29,1,0,3,0,2,0,3,1,0,6,1,10,1,0,0,0,1,0,71,0,0,
pianoSvg/NS103.svg,old,1/1,4,63,0,4,0,0,0,3,0,0,2,15,2,0,4,1,6,0,0,0,0,1,0,49,0,0,
pianoSvg/NS1030.svg,new,1/1,4,45,0,4,2,0,0,0,0,5,1,0,2,0,4,1,2,0,0,0,0,1,0,18,0,0,
pianoSvg/NS1032.svg,new,1/1,8,142,0,24,21,0,0,5,0,31,6,16,1,2,8,3,51,0,0,0,0,2,0,53,0,0,
pianoSvg/NS1033.svg,new,1/1,5,64,0,12,3,0,0,2,0,13,4,13,1,0,5,1,5,0,0,0,0,1,0,26,0,0,
pianoSvg/NS1034.svg,new,1/1,14,256,0,42,72,0,0,0,2,122,10,84,2,0,14,1,43,0,0,0,0,1,0,130,0,0,
pianoSvg/NS1035.svg,new,1/1,4,52,0,1,0,0,0,2,0,0,1,6,1,0,4,1,0,0,0,0,0,1,0,48,0,0,
pianoSvg/NS1036.svg,new,1/1,4,66,0,4,4,0,0,0,0,22,1,10,1,0,4,1,0,1,0,0,0,1,0,31,0,0,
pianoSvg/NS1037.svg,new,1/1,4,71,0,4,2,0,0,0,0,50,1,24,2,0,4,1,8,0,0,0,0,1,2,24,0,0,3 | 3
pianoSvg/NS1038.svg,new,1/1,7,104,0,7,9,0,0,6,0,15,11,10,1,3,7,2,7,0,0,0,0,1,0,40,0,0,
pianoSvg/NS1039.svg,new,1/1,6,77,0,9,5,3,0,7,0,11,1,12,1,0,6,1,4,0,0,0,0,1,0,49,0,0,
pianoSvg/NS104.svg,old,1/1,4,98,0,8,5,0,0,0,0,11,2,5,1,0,4,1,18,0,0,0,0,1,0,55,0,0,
pianoSvg/NS1040.svg,new,1/1,6,103,0,12,17,0,0,10,0,24,1,17,1,2,6,2,2,0,0,0,0,1,1,52,0,0,3
pianoSvg/NS1041.svg,new,1/1,5,84,0,5,2,0,0,2,0,36,1,14,1,0,5,1,23,0,0,0,0,1,0,23,0,0,
pianoSvg/NS1042.svg,new,1/1,5,71,0,5,2,0,0,0,5,37,6,28,1,0,5,1,9,0,0,0,0,1,0,21,0,0,
pianoSvg/NS1043.svg,new,,4,80,0,8,4,0,0,0,0,16,1,33,2,0,4,1,4,0,0,0,0,1,0,65,0,0,
pianoSvg/NS1044.svg,new,1/1,9,112,0,18,0,0,0,0,0,0,1,10,1,0,9,1,7,4,0,0,0,1,0,39,0,0,
pianoSvg/NS1045.svg,new,1/1,4,40,0,16,24,0,0,1,0,2,1,3,2,0,4,1,4,0,0,0,0,1,0,44,0,0,
pianoSvg/NS1046.svg,new,1/1,4,75,0,16,17,4,0,4,0,11,1,7,1,0,4,1,6,0,0,0,0,2,0,32,0,0,
pianoSvg/NS1047.svg,new,1/1,8,120,0,8,15,0,0,1,0,0,6,35,2,0,8,1,5,0,0,0,0,1,0,90,0,0,
pianoSvg/NS1048.svg,new,,8,115,0,0,0,0,0,4,0,15,0,9,1,0,8,1,19,0,0,0,0,1,0,37,0,0,
pianoSvg/NS1049.svg,new,1/1,4,67,0,8,1,0,0,13,0,20,2,14,2,0,4,1,3,1,0,0,0,1,0,33,0,0,
pianoSvg/NS105.svg,old,1/1,4,88,0,12,32,0,0,8,0,16,1,12,1,0,4,1,22,0,0,0,0,1,0,60,0,0,
pianoSvg/NS1050.svg,new,1/1,4,44,0,4,5,0,0,5,0,0,1,6,1,0,4,1,1,0,0,0,0,1,0,59,0,0,
pianoSvg/NS1051.svg,new,1/1,5,78,0,15,11,0,0,0,0,1,3,16,2,0,5,1,7,0,0,0,0,1,0,24,0,0,
pianoSvg/NS1052.svg,new,1/1,7,104,0,28,37,0,0,0,0,5,15,9,2,0,7,1,10,0,0,0,0,1,0,39,0,0,
pianoSvg/NS1053.svg,new,1/1,10,146,0,10,10,0,0,8,0,19,18,15,1,0,10,2,15,0,0,0,0,2,0,42,0,0,
pianoSvg/NS1054.svg,new,,4,49,0,12,21,0,0,0,0,2,4,6,2,0,4,1,5,0,0,0,0,1,0,41,0,0,
pianoSvg/NS1055.svg,new,,7,156,0,7,9,0,0,17,0,21,6,14,2,0,7,1,23,0,0,0,0,1,0,53,0,0,
pianoSvg/NS1056.svg,new,,6,86,0,2,0,0,0,0,0,16,1,14,1,0,6,1,3,0,0,0,0,1,0,35,0,0,
pianoSvg/NS1057.svg,new,,4,68,0,4,8,0,0,2,0,14,8,4,1,0,4,1,6,0,0,0,0,1,0,40,0,0,
pianoSvg/NS1058.svg,new,,16,399,0,0,0,0,0,6,0,94,29,5,1,0,16,1,87,0,0,0,0,1,1,98,0,0,The countermelodies can be sung together with the chorus.
pianoSvg/NS1059.svg,new,,6,120,0,6,8,0,0,14,0,22,4,17,1,0,6,1,1,1,0,0,0,1,0,72,0,0,
pianoSvg/NS106.svg,old,1/1,7,112,0,7,7,0,0,23,0,9,0,22,1,0,7,1,18,0,0,0,0,2,0,65,0,0,
pianoSvg/NS1060.svg,new,,5,66,0,5,5,0,0,2,0,9,2,8,1,0,5,1,12,0,0,0,0,1,3,27,0,0,3 | 3 | 3
pianoSvg/NS1061.svg,new,,9,213,0,18,0,0,0,5,0,51,5,16,1,4,9,5,47,0,0,0,0,1,0,82,0,0,
pianoSvg/NS1062.svg,new,,4,67,0,8,0,0,0,2,0,5,6,13,2,0,4,1,9,0,0,0,0,1,0,19,0,0,
pianoSvg/NS1063.svg,new,,5,59,0,10,0,0,0,27,0,2,3,4,2,0,5,1,1,3,0,0,0,1,0,20,0,0,
pianoSvg/NS1064.svg,new,,6,105,0,18,9,0,0,16,0,12,14,29,1,0,6,1,35,0,0,0,0,1,0,50,0,0,
pianoSvg/NS1065.svg,new,,8,101,0,24,51,0,0,19,0,24,3,22,2,0,8,1,3,0,0,0,0,1,0,92,0,0,
pianoSvg/NS1066.svg,new,,6,104,0,18,0,0,0,5,0,23,9,6,1,0,6,1,9,0,0,0,0,1,1,48,0,0,(All parts can be sung together in round and then all arrive together on Part 3)
pianoSvg/NS1067.svg,new,,5,58,0,0,0,0,0,2,0,6,1,10,1,2,5,3,21,0,0,0,0,1,5,20,0,0,3 | 3 | 3 | 3
pianoSvg/NS1068.svg,new,,9,119,0,9,0,0,0,6,0,15,3,8,1,0,9,1,3,0,0,0,0,1,1,58,0,0,3
pianoSvg/NS1069.svg,new,,3,46,0,6,12,0,0,4,0,1,0,4,1,0,3,1,1,0,0,0,0,1,0,38,0,0,
pianoSvg/NS107.svg,old,1/1,6,130,0,0,0,0,0,1,0,7,1,6,1,0,6,1,18,0,0,0,0,1,0,83,0,0,
pianoSvg/NS1070.svg,new,,4,56,0,5,6,1,0,8,0,0,0,8,1,0,4,1,0,0,0,0,0,1,0,51,0,0,
pianoSvg/NS1071.svg,new,,8,118,0,0,0,0,0,38,0,9,3,15,2,0,8,1,14,0,0,0,0,2,0,41,0,0,
pianoSvg/NS1072.svg,new,,6,105,0,0,0,0,0,11,0,41,8,0,2,0,6,1,13,1,0,0,0,1,0,41,0,0,
pianoSvg/NS1073.svg,new,,11,171,0,33,8,0,0,7,0,34,5,19,2,0,11,1,17,0,0,0,0,1,0,68,0,0,
pianoSvg/NS1074.svg,new,,6,69,0,0,0,0,0,0,0,5,3,13,1,0,6,1,19,0,0,0,0,1,0,24,0,0,
pianoSvg/NS1075.svg,new,,4,70,0,4,0,0,0,7,0,13,4,9,1,0,4,1,3,0,0,0,0,1,0,17,0,0,
pianoSvg/NS1076.svg,new,,4,31,0,0,1,0,0,2,0,1,1,8,2,0,4,1,2,0,0,0,0,1,0,21,0,0,
pianoSvg/NS1077.svg,new,,6,98,0,7,7,1,0,30,0,10,1,8,2,0,6,1,8,0,0,0,0,1,0,58,0,0,
pianoSvg/NS1078.svg,new,,8,127,0,16,2,0,0,21,0,15,0,27,1,0,8,1,41,0,0,0,0,1,0,41,0,0,
pianoSvg/NS1079.svg,new,,4,53,0,16,35,0,0,4,0,0,3,4,1,0,4,1,1,0,0,0,0,1,0,64,0,0,
pianoSvg/NS108.svg,old,1/1,7,149,0,25,26,2,0,9,0,24,6,10,1,0,7,1,36,0,0,0,0,1,0,55,0,0,
pianoSvg/NS1080.svg,new,,7,145,0,0,0,0,0,7,0,32,5,8,1,0,7,1,41,0,0,0,0,1,0,45,0,0,
pianoSvg/NS1081.svg,new,,4,67,0,12,12,0,0,14,0,10,0,16,1,0,4,1,11,0,0,0,0,1,0,24,0,0,
pianoSvg/NS1082.svg,new,,11,158,0,0,0,0,0,12,0,16,5,25,2,0,11,1,16,0,0,0,0,1,1,85,0,0,3
pianoSvg/NS1083.svg,new,,4,40,0,4,4,0,0,0,0,0,0,1,1,0,4,1,0,0,0,0,0,1,0,51,0,0,
pianoSvg/NS1084.svg,new,,6,109,0,18,11,0,0,1,0,28,1,2,1,0,6,1,17,0,0,0,0,1,0,23,0,0,
pianoSvg/NS1085.svg,new,,8,114,0,16,3,0,0,3,0,17,0,11,1,2,8,2,29,0,0,0,0,2,0,55,0,0,
pianoSvg/NS1086.svg,new,,8,107,0,9,1,0,0,10,0,6,2,15,1,0,8,1,16,0,0,0,0,1,1,53,0,0,3
pianoSvg/NS1087.svg,new,,12,199,0,24,0,0,0,14,0,17,9,29,3,0,12,1,15,0,0,0,0,1,9,75,0,0,3 | 3 | 3 | 3
pianoSvg/NS1088.svg,new,,12,138,0,24,21,0,0,9,0,23,13,15,1,0,12,1,47,0,0,0,0,1,0,60,0,0,
pianoSvg/NS1089.svg,new,,4,70,0,18,24,2,0,18,0,10,1,4,2,0,4,1,14,0,0,0,0,1,0,49,0,0,
pianoSvg/NS109.svg,old,1/1,4,76,0,12,17,0,0,3,0,22,0,5,1,0,4,1,7,1,0,0,0,1,0,38,0,0,
pianoSvg/NS1090.svg,new,,6,145,0,18,40,0,0,16,0,11,8,24,1,0,6,1,19,1,0,0,0,1,0,87,0,0,
pianoSvg/NS1091.svg,new,,8,111,0,24,37,0,0,6,0,1,5,15,1,0,8,1,15,0,0,0,0,1,0,65,0,0,
pianoSvg/NS1092.svg,new,,4,63,0,8,7,0,0,0,0,19,1,0,2,0,4,1,3,0,0,0,0,1,0,52,0,0,
pianoSvg/NS1093.svg,new,,6,73,0,6,6,0,0,1,0,33,3,24,1,0,6,1,7,0,0,0,0,1,0,28,0,0,
pianoSvg/NS1094.svg,new,,8,83,0,8,0,0,0,6,0,1,2,7,1,0,8,1,18,0,0,0,0,1,0,22,0,0,
pianoSvg/NS1095.svg,new,,11,245,0,24,0,0,0,13,0,38,17,13,1,0,11,1,18,0,0,0,0,2,6,50,0,0,3 | 3 | 3 | 3
pianoSvg/NS1096.svg,new,,4,58,0,12,15,0,0,5,0,13,1,13,1,0,4,1,21,0,0,0,0,1,0,21,0,0,
pianoSvg/NS1097.svg,new,,6,102,0,12,0,0,0,28,0,16,1,0,1,0,6,1,0,1,0,0,0,1,0,34,0,0,
pianoSvg/NS1098.svg,new,,4,60,0,4,0,0,0,7,0,0,0,7,1,0,4,1,0,0,0,0,0,1,0,26,0,0,
pianoSvg/NS1099.svg,new,,5,67,0,5,2,0,0,0,0,11,1,1,2,0,5,1,15,0,0,0,0,1,0,33,0,0,
pianoSvg/NS11.svg,old,1/1,2,48,0,8,16,0,0,0,0,6,3,4,1,0,2,1,7,0,0,0,0,1,0,24,0,0,
pianoSvg/NS110.svg,old,1/1,2,43,0,4,0,0,0,0,0,1,1,6,1,0,2,1,6,0,0,0,0,1,0,25,0,0,
pianoSvg/NS1100.svg,new,,8,126,0,32,27,0,0,15,0,6,9,22,1,0,8,1,16,0,0,0,0,1,13,35,0,0,3 | 3 | 3 | 3
pianoSvg/NS1101.svg,new,,7,108,0,21,31,0,0,8,3,37,11,19,1,0,7,1,14,0,0,0,0,1,3,43,0,0,3 | 3 | 3
pianoSvg/NS1102.svg,new,,8,116,0,0,0,0,0,35,0,13,1,21,2,0,8,1,8,1,0,0,0,1,0,72,0,0,
pianoSvg/NS1103.svg,new,,8,157,0,0,0,0,0,13,0,15,5,26,2,0,8,1,16,0,0,0,0,1,1,87,0,0,3
pianoSvg/NS1104.svg,new,,6,94,0,24,22,0,0,14,0,10,3,20,1,0,6,1,2,0,0,0,0,1,0,42,0,0,
pianoSvg/NS1105.svg,new,,8,132,0,16,0,0,0,6,1,43,8,15,1,0,8,1,23,0,0,0,0,1,4,18,0,0,3 | 3 | 3 | 3
pianoSvg/NS1106.svg,new,,4,76,0,0,0,0,0,5,0,19,7,6,1,0,4,1,8,0,0,0,0,1,0,30,0,0,
pianoSvg/NS1107.svg,new,,5,103,0,15,26,0,0,5,0,28,8,7,1,0,5,1,11,0,0,0,0,1,0,30,0,0,
pianoSvg/NS1108.svg,new,,4,84,0,9,13,0,0,4,0,1,1,20,1,0,4,1,20,0,0,0,0,1,0,38,0,0,
pianoSvg/NS1109.svg,new,,4,62,0,18,27,2,0,14,0,8,0,10,2,0,4,1,2,2,0,0,0,1,1,58,0,0,"(cf. 2010 Thanksgiving Day Conference, Message 2)"
pianoSvg/NS111.svg,old,1/1,3,64,0,6,5,0,0,2,0,10,2,4,1,0,3,1,10,0,0,0,0,1,0,51,0,0,
pianoSvg/NS1110.svg,new,,8,116,0,16,0,0,0,0,0,20,0,0,1,0,8,1,11,0,0,0,0,1,0,48,0,0,
pianoSvg/NS1111.svg,new,,8,123,0,32,66,0,0,33,0,13,0,18,2,0,8,1,26,0,0,0,0,1,0,127,0,0,
pianoSvg/NS1112.svg,new,,6,57,0,0,0,0,0,7,0,0,2,10,1,0,6,1,11,0,0,0,0,1,2,31,0,0,3 | 3
pianoSvg/NS1113.svg,new,,4,44,0,12,12,0,0,3,0,5,1,9,1,0,4,1,8,0,0,0,0,1,0,19,0,0,
pianoSvg/NS1114.svg,new,,7,88,0,21,30,0,0,9,0,6,10,24,1,2,7,3,21,0,0,0,0,2,0,49,0,0,
pianoSvg/NS1115.svg,new,,4,77,0,12,25,0,0,7,0,6,2,8,1,0,4,1,5,0,0,0,0,1,13,34,0,0,3 | 3 | 3 | 3
pianoSvg/NS1116.svg,new,,5,84,0,0,0,0,0,6,0,21,5,6,1,0,5,1,14,0,0,0,0,1,0,22,0,0,
pianoSvg/NS1117.svg,new,,12,183,0,0,0,0,0,13,0,23,7,23,1,0,12,1,36,0,0,0,0,1,2,62,0,0,3 | 3
pianoSvg/NS1118.svg,new,,6,88,0,18,17,0,0,5,0,16,1,8,1,0,6,1,10,0,0,0,0,1,0,19,0,0,
pianoSvg/NS1119.svg,new,,4,71,0,8,8,0,0,5,0,11,1,12,1,0,4,1,1,0,0,0,0,1,0,65,0,0,
pianoSvg/NS112.svg,old,1/1,4,52,0,8,1,0,0,2,0,6,4,4,1,0,4,1,8,0,0,0,0,1,0,22,0,0,
pianoSvg/NS1120.svg,new,,4,54,0,4,6,0,0,7,0,6,1,8,1,0,4,1,5,0,0,0,0,1,0,42,0,0,
pianoSvg/NS1121.svg,new,,10,146,0,20,9,0,0,14,0,22,6,21,2,0,10,1,15,0,0,0,0,1,0,72,0,0,
pianoSvg/NS1122.svg,new,,6,78,0,0,0,0,0,5,1,22,4,12,1,0,6,1,14,0,0,0,0,1,0,20,0,0,
pianoSvg/NS1123.svg,new,,3,45,0,3,3,0,0,4,0,10,1,6,1,0,3,1,6,0,0,0,0,1,0,12,0,0,
pianoSvg/NS1124.svg,new,,8,99,0,8,8,0,0,11,0,18,11,18,1,0,8,1,37,0,0,0,0,1,0,34,0,0,
pianoSvg/NS1125.svg,new,,15,209,0,30,4,0,0,18,0,34,20,34,1,0,15,1,69,0,0,0,0,1,0,99,0,0,
pianoSvg/NS1126.svg,new,,11,271,0,30,31,0,0,15,0,37,4,25,1,0,11,1,39,0,0,0,0,1,0,103,0,0,
pianoSvg/NS1127.svg,new,,8,91,0,16,0,0,0,6,0,13,5,8,1,0,8,1,28,0,0,0,0,1,0,35,0,0,
pianoSvg/NS1128.svg,new,,6,114,0,12,17,0,0,17,0,17,9,17,1,0,6,1,39,1,0,0,0,1,0,31,0,0,
pianoSvg/NS1129.svg,new,,8,86,0,24,27,0,0,21,0,3,1,37,2,0,8,1,14,0,0,0,0,1,0,39,0,0,
pianoSvg/NS113.svg,old,1/1,2,28,0,4,1,0,0,4,0,3,1,8,1,0,2,1,1,0,0,0,0,1,0,20,0,0,
pianoSvg/NS1130.svg,new,,9,100,0,9,7,0,0,6,0,13,10,12,1,0,9,1,6,0,0,0,0,1,0,27,0,0,
pianoSvg/NS1131.svg,new,,8,74,0,0,0,0,0,2,0,0,8,2,1,0,8,1,17,0,0,0,0,1,0,40,0,0,
pianoSvg/NS1132.svg,new,,7,125,0,29,2,0,0,9,0,22,2,18,1,0,7,1,9,0,0,0,0,1,13,47,0,0,3 | 3 | 3 | 3
pianoSvg/NS1133.svg,new,,10,104,0,30,34,0,0,12,0,6,7,24,1,0,10,1,24,0,0,0,0,1,0,53,0,0,
pianoSvg/NS1134.svg,new,,6,129,0,18,3,0,0,11,0,38,16,11,1,0,6,1,14,0,0,0,0,1,0,27,0,0,
pianoSvg/NS1135.svg,new,,8,124,0,26,24,1,0,2,0,19,15,5,1,0,8,1,6,0,0,0,0,1,0,56,0,0,
pianoSvg/NS1136.svg,new,,12,234,0,48,3,0,0,25,0,49,20,29,1,0,12,1,42,0,0,0,0,1,0,53,0,0,
pianoSvg/NS1137.svg,new,,11,153,0,11,16,0,0,18,0,18,4,32,1,0,11,1,47,0,0,0,0,1,1,46,0,0,3
pianoSvg/NS1138.svg,new,,8,114,0,0,0,0,0,5,0,16,4,13,1,0,8,1,8,0,0,0,0,1,0,36,0,0,
pianoSvg/NS1139.svg,new,,4,55,0,0,0,0,0,0,0,14,2,8,1,0,4,1,2,0,0,0,0,1,0,13,0,0,
pianoSvg/NS114.svg,old,1/1,6,92,0,0,2,0,0,6,0,7,11,11,1,0,6,1,10,0,0,0,0,1,0,55,0,0,
pianoSvg/NS1140.svg,new,,8,121,0,8,8,0,0,10,0,20,4,13,1,0,8,1,39,0,0,0,0,1,0,48,0,0,
pianoSvg/NS1141.svg,new,,8,125,0,16,5,0,0,8,0,19,4,14,1,0,8,1,20,0,0,0,0,1,0,63,0,0,
pianoSvg/NS1142.svg,new,,7,112,0,9,4,1,0,4,0,6,4,10,1,0,7,1,3,0,0,0,0,1,8,79,0,0,3 | 3 | 3 | 3
pianoSvg/NS1143.svg,new,,6,101,0,8,0,0,0,2,0,23,12,9,1,0,6,1,4,0,0,0,0,1,0,27,0,0,
pianoSvg/NS1144.svg,new,,4,49,0,8,0,0,0,0,0,8,9,3,1,0,4,1,0,0,0,0,0,2,0,20,0,0,
pianoSvg/NS1145.svg,new,,14,161,0,28,0,0,0,9,0,57,27,47,1,0,14,1,23,0,0,0,0,1,0,62,0,0,
pianoSvg/NS1146.svg,new,,9,123,0,0,0,0,0,14,0,28,8,13,1,0,9,1,10,0,0,0,0,1,0,36,0,0,
pianoSvg/NS1147.svg,new,,9,163,0,27,13,0,0,3,0,1,27,7,1,0,9,1,14,0,0,0,0,1,0,66,0,0,
pianoSvg/NS1148.svg,new,,7,99,0,22,29,1,0,50,0,2,8,7,2,0,7,1,9,0,0,0,0,1,0,65,0,0,
pianoSvg/NS1149.svg,new,,4,71,0,16,30,0,0,0,0,16,1,5,1,0,4,1,8,0,0,0,0,1,0,53,0,0,
pianoSvg/NS115.svg,old,1/1,2,42,0,2,3,0,0,0,0,4,1,3,2,0,2,1,1,0,0,0,0,1,0,28,0,0,
pianoSvg/NS1150.svg,new,,4,60,0,4,0,0,0,7,0,0,0,7,1,0,4,1,0,0,0,0,0,1,0,0,0,0,
pianoSvg/NS1151.svg,new,,8,125,0,8,4,0,0,0,0,17,2,9,1,0,8,1,8,0,0,0,0,1,0,78,0,0,
pianoSvg/NS1152.svg,new,,8,107,0,25,0,0,0,2,0,23,11,16,1,0,8,1,10,0,0,0,0,2,0,36,0,0,
pianoSvg/NS1153.svg,new,,8,103,0,8,10,0,0,0,0,22,15,7,1,0,8,1,32,0,0,0,0,1,0,0,0,0,
pianoSvg/NS1154.svg,new,,13,206,0,26,2,0,0,14,0,41,10,26,1,0,13,1,87,0,0,0,0,1,2,0,0,0,3 | 3
pianoSvg/NS1155.svg,new,,4,60,0,4,0,0,0,7,0,0,0,7,1,0,4,1,0,0,0,0,0,1,0,0,0,0,
pianoSvg/NS1156.svg,new,,14,248,0,14,17,0,0,16,0,31,22,32,1,0,14,1,45,0,0,0,0,1,0,0,0,0,
pianoSvg/NS1157.svg,new,,12,113,0,12,10,0,0,13,0,12,5,18,2,0,12,1,29,0,0,0,0,1,0,0,0,0,
pianoSvg/NS1158.svg,new,,8,130,0,8,9,0,0,15,0,23,11,21,1,0,8,1,36,0,0,0,0,1,0,0,0,0,
pianoSvg/NS1159.svg,new,,13,168,0,13,14,0,0,19,0,15,15,23,1,0,13,1,41,0,0,0,0,1,0,0,0,0,
pianoSvg/NS116.svg,old,1/1,4,99,0,8,3,0,0,4,0,10,1,18,1,0,4,1,27,0,0,0,0,1,1,64,0,0,3
pianoSvg/NS1160.svg,new,,12,233,0,24,0,0,0,2,0,62,20,41,1,0,12,1,23,0,0,0,0,1,0,0,0,0,
pianoSvg/NS1161.svg,new,,8,117,0,0,0,0,0,3,0,11,12,3,1,0,8,1,16,0,0,0,0,1,0,0,0,0,
pianoSvg/NS117.svg,old,1/1,4,78,0,4,8,0,0,0,0,7,6,4,2,0,4,1,1,0,0,0,0,1,0,63,0,0,
pianoSvg/NS118.svg,old,1/1,6,92,0,22,15,1,0,13,0,13,0,13,1,0,6,1,2,0,0,0,0,1,0,42,0,0,
pianoSvg/NS119.svg,old,1/1,4,101,0,12,17,0,0,2,0,26,2,2,1,0,4,1,11,1,0,0,0,1,0,48,0,0,
pianoSvg/NS12.svg,old,1/1,3,54,0,12,7,0,0,0,0,2,1,3,2,0,3,1,10,0,0,0,0,1,0,57,0,0,
pianoSvg/NS120.svg,old,1/1,2,38,0,6,17,0,0,0,0,0,2,2,1,0,2,1,7,0,0,0,0,1,0,41,0,0,
pianoSvg/NS121.svg,old,1/1,3,48,0,6,8,0,0,2,0,10,0,4,1,0,3,1,8,0,0,0,0,1,0,51,0,0,
pianoSvg/NS122.svg,old,1/1,2,36,0,4,1,0,0,1,0,6,6,2,1,0,2,1,4,0,0,0,0,1,0,18,0,0,
pianoSvg/NS123.svg,old,1/1,14,347,0,42,74,0,0,28,0,42,19,40,1,0,14,1,55,0,0,0,0,1,1,139,0,0,3
pianoSvg/NS124.svg,old,1/1,5,67,0,5,3,0,0,0,0,14,1,2,1,0,5,1,4,0,0,0,0,1,0,26,0,0,
pianoSvg/NS125.svg,old,1/1,4,88,0,4,6,0,0,7,0,21,3,8,1,0,4,1,14,0,0,0,0,1,0,48,0,0,
pianoSvg/NS126.svg,old,1/1,3,76,0,0,0,0,0,1,0,24,1,8,1,0,3,1,20,0,0,0,0,1,0,25,0,0,
pianoSvg/NS127.svg,old,1/1,6,168,0,6,7,0,0,0,0,40,1,12,1,0,6,1,48,0,0,0,0,1,0,83,0,0,
pianoSvg/NS128.svg,old,1/1,2,49,0,4,0,0,0,2,0,9,7,3,1,0,2,1,16,0,0,0,0,1,0,25,0,0,
pianoSvg/NS129.svg,old,1/1,5,104,0,0,0,0,0,13,0,13,5,14,1,0,5,1,25,0,0,0,0,1,0,35,0,0,
pianoSvg/NS13.svg,old,1/1,2,43,0,0,1,0,0,2,0,10,0,2,1,0,2,1,1,1,0,0,0,1,0,38,0,0,
pianoSvg/NS130.svg,old,1/1,4,108,0,8,2,0,0,10,0,12,1,17,1,0,4,1,27,0,0,0,0,1,0,64,0,0,
pianoSvg/NS131.svg,old,1/1,4,112,0,10,0,0,0,4,0,11,6,4,1,0,4,1,11,0,0,0,0,1,0,41,0,0,
pianoSvg/NS132.svg,old,1/1,4,60,0,8,4,0,0,1,0,12,8,2,1,0,4,1,5,0,0,0,0,1,0,35,0,0,
pianoSvg/NS133.svg,old,1/1,4,102,0,12,22,0,0,20,0,5,15,20,1,0,4,1,5,0,0,0,0,1,1,61,0,0,3
pianoSvg/NS134.svg,old,1/1,7,129,0,21,9,0,0,5,0,20,4,15,1,0,7,1,8,0,0,0,0,1,1,49,0,0,3
pianoSvg/NS135.svg,old,1/1,6,135,0,0,0,0,0,21,0,7,2,26,1,0,6,1,40,0,0,0,0,1,0,61,0,0,
pianoSvg/NS136.svg,old,1/1,6,110,0,6,0,0,0,26,0,17,10,1,1,0,6,1,15,0,0,0,0,1,0,45,0,0,
pianoSvg/NS137.svg,old,1/1,5,148,0,5,7,0,0,0,0,26,4,3,1,0,5,1,41,0,0,0,0,1,0,42,0,0,
pianoSvg/NS138.svg,old,1/1,4,103,0,4,6,0,0,2,0,23,0,2,1,0,4,1,18,0,0,0,0,1,0,40,0,0,
pianoSvg/NS139.svg,old,1/1,4,96,0,0,0,0,0,7,0,22,8,7,1,0,4,1,14,0,0,0,0,1,0,50,0,0,
pianoSvg/NS14.svg,old,1/1,4,60,0,4,4,0,0,2,0,8,1,5,1,0,4,1,5,0,0,0,0,1,0,49,0,0,
pianoSvg/NS140.svg,old,1/1,2,34,0,4,4,0,0,0,0,3,1,1,2,0,2,1,6,1,0,0,0,1,0,55,0,0,
pianoSvg/NS141.svg,old,1/1,8,209,0,8,6,0,0,31,0,35,5,34,1,0,8,1,26,0,0,0,0,1,0,80,0,0,
pianoSvg/NS142.svg,old,1/1,4,80,0,4,7,0,0,3,0,22,8,8,1,2,4,2,17,0,0,0,0,1,0,54,0,0,
pianoSvg/NS143.svg,old,1/1,5,112,0,0,0,0,0,17,0,10,4,25,1,0,5,1,6,0,0,0,0,1,1,67,0,0,3
pianoSvg/NS144.svg,old,1/1,6,141,0,6,13,0,0,10,0,15,9,17,1,0,6,1,32,0,0,0,0,1,2,59,0,0,3 | 3
pianoSvg/NS145.svg,old,1/1,4,102,0,12,24,0,0,1,0,29,2,7,1,0,4,1,12,0,0,0,0,1,1,34,0,0,(Repeat chorus and second verse)
pianoSvg/NS146.svg,old,1/1,4,59,0,0,0,0,0,4,0,8,3,6,1,0,4,1,3,0,0,0,0,1,0,37,0,0,
pianoSvg/NS147.svg,old,1/1,4,104,0,4,7,0,0,11,0,21,2,14,1,0,4,1,12,0,0,0,0,1,0,51,0,0,
pianoSvg/NS148.svg,old,1/1,4,56,0,4,5,0,0,1,0,10,8,5,1,0,4,1,14,0,0,0,0,1,0,43,0,0,
pianoSvg/NS149.svg,old,1/1,6,138,0,12,62,0,0,9,6,38,2,32,2,0,6,1,6,0,0,0,0,1,0,115,0,0,
pianoSvg/NS15.svg,old,1/1,4,115,0,4,10,0,0,6,0,21,3,31,1,0,4,1,20,0,0,0,0,1,0,85,0,0,
pianoSvg/NS150.svg,old,1/1,4,71,0,8,23,0,0,14,0,11,1,20,1,0,4,1,6,0,0,0,0,1,0,74,0,0,
pianoSvg/NS151.svg,old,1/1,4,84,0,4,2,0,0,2,0,0,0,8,1,0,4,1,16,0,0,0,0,1,1,98,0,0,(Repeat the last two lines of each stanza.)
pianoSvg/NS152.svg,old,1/1,4,107,0,0,0,0,0,2,0,41,1,2,2,0,4,1,20,0,0,0,0,1,0,43,0,0,
pianoSvg/NS153.svg,old,1/1,5,88,0,5,6,0,0,0,0,12,1,3,1,0,5,1,10,0,0,0,0,1,0,35,0,0,
pianoSvg/NS154.svg,old,1/1,2,37,0,8,20,0,0,0,0,11,1,3,1,0,2,1,7,0,0,0,0,1,0,36,0,0,
pianoSvg/NS155.svg,old,1/1,4,76,0,8,3,0,0,9,0,18,1,10,1,0,4,1,2,0,0,0,0,1,0,43,0,0,
pianoSvg/NS156.svg,old,1/1,4,80,0,8,3,0,0,0,0,4,13,0,1,0,4,1,5,0,0,0,0,1,0,41,0,0,
pianoSvg/NS157.svg,old,1/1,9,219,0,9,0,0,0,10,0,41,3,9,1,0,9,1,16,0,0,0,0,1,0,55,0,0,
pianoSvg/NS158.svg,old,1/1,4,89,0,0,0,0,0,3,0,26,3,6,1,0,4,1,10,0,0,0,0,1,0,41,0,0,
pianoSvg/NS159.svg,old,1/1,4,84,0,20,33,0,0,1,0,18,0,1,1,0,4,1,11,1,0,0,0,1,0,60,0,0,
pianoSvg/NS16.svg,old,1/1,4,59,0,4,5,0,0,3,0,7,1,8,1,0,4,1,3,0,0,0,0,1,0,43,0,0,
pianoSvg/NS160.svg,old,1/1,9,174,0,54,59,0,0,19,0,28,35,23,1,0,9,1,54,0,0,0,0,1,0,116,0,0,
pianoSvg/NS161.svg,old,1/1,4,74,0,12,21,0,0,1,0,16,1,4,1,0,4,1,13,0,0,0,0,1,0,41,0,0,
pianoSvg/NS162.svg,old,1/1,4,84,0,4,9,0,0,0,0,22,3,0,1,0,4,1,14,0,0,0,0,1,0,43,0,0,
pianoSvg/NS163.svg,old,1/1,4,58,0,4,0,0,0,8,0,2,2,7,1,0,4,1,7,0,0,0,0,1,0,40,0,0,
pianoSvg/NS164.svg,old,1/1,4,74,0,4,7,0,0,3,0,20,2,11,1,0,4,1,6,0,0,0,0,1,0,80,0,0,
pianoSvg/NS165.svg,old,1/1,6,127,0,14,1,6,0,5,0,32,6,8,1,0,6,1,40,0,0,0,0,1,0,42,0,0,
pianoSvg/NS166.svg,old,1/1,7,119,0,14,0,0,0,19,0,5,2,22,1,0,7,1,10,0,0,0,0,1,0,70,0,0,
pianoSvg/NS167.svg,old,1/1,5,105,0,15,26,0,0,0,0,31,12,2,1,0,5,1,5,0,0,0,0,1,0,55,0,0,
pianoSvg/NS168.svg,old,1/1,8,103,0,8,10,0,0,8,0,1,2,12,1,0,8,1,8,0,0,0,0,1,0,63,0,0,
pianoSvg/NS169.svg,old,1/1,4,72,0,8,14,0,0,0,0,19,6,3,1,0,4,1,18,0,0,0,0,1,0,30,0,0,
pianoSvg/NS17.svg,old,1/1,4,98,0,4,5,0,0,6,0,22,0,6,1,0,4,1,18,0,0,0,0,1,0,46,0,0,
pianoSvg/NS170.svg,new,,5,64,0,8,6,3,0,4,0,24,9,23,1,1,5,3,3,0,0,0,0,1,0,0,1,0,
pianoSvg/NS171.svg,old,1/1,4,59,0,12,24,0,0,0,0,8,3,1,1,0,4,1,5,0,0,0,0,1,1,53,0,0,3
pianoSvg/NS172.svg,old,1/1,4,63,0,8,0,0,0,5,0,4,4,6,1,0,4,1,11,0,0,0,0,1,0,33,0,0,
pianoSvg/NS173.svg,old,1/1,6,95,0,6,0,0,0,2,0,13,1,8,1,0,6,1,8,0,0,0,0,1,0,33,0,0,
pianoSvg/NS174.svg,old,1/1,4,60,0,1,1,0,0,3,0,11,7,3,1,0,4,1,1,0,0,0,0,1,0,56,0,0,
pianoSvg/NS175.svg,old,1/1,8,176,0,26,43,0,0,12,0,41,11,16,11,2,8,2,39,0,0,0,0,2,0,156,0,0,
pianoSvg/NS176.svg,old,1/1,6,110,0,6,0,0,0,7,0,31,1,15,1,0,6,1,3,0,0,0,0,1,0,22,0,0,
pianoSvg/NS177.svg,old,1/1,4,60,0,1,0,0,0,1,1,40,1,24,1,0,4,1,10,0,0,0,0,1,2,30,0,0,3 | 3
pianoSvg/NS178.svg,old,1/1,2,47,0,0,0,0,0,2,0,2,2,12,2,0,2,1,6,0,0,0,0,1,0,44,0,0,
pianoSvg/NS179.svg,old,1/1,4,60,0,12,24,0,0,9,0,3,3,14,1,0,4,1,8,1,0,0,0,1,0,52,0,0,
pianoSvg/NS18.svg,old,1/1,8,132,0,8,4,0,0,28,0,20,1,28,1,0,8,1,11,0,0,0,0,1,0,86,0,0,
pianoSvg/NS180.svg,old,1/1,6,82,0,18,17,0,0,3,0,8,0,6,1,0,6,1,5,0,0,0,0,1,0,91,0,0,
pianoSvg/NS181.svg,old,1/1,10,297,0,40,47,0,0,1,0,35,3,18,1,0,10,1,32,0,0,0,0,1,0,200,0,0,
pianoSvg/NS182.svg,old,1/1,4,62,0,0,0,0,0,6,0,8,5,6,1,0,4,1,6,0,0,0,0,1,0,40,0,0,
pianoSvg/NS183.svg,old,1/1,4,93,0,4,10,0,0,4,0,21,1,7,1,0,4,2,6,0,0,0,0,2,0,65,0,0,
pianoSvg/NS184.svg,old,1/1,7,116,0,7,7,0,0,0,0,41,2,29,1,0,7,1,8,0,0,0,0,1,0,51,0,0,
pianoSvg/NS185.svg,old,1/1,4,83,0,4,2,0,0,2,0,19,1,3,1,0,4,1,17,0,0,0,0,1,0,77,0,0,
pianoSvg/NS186.svg,old,1/1,4,86,0,8,18,0,0,2,0,21,7,4,1,0,4,1,11,0,0,0,0,1,0,65,0,0,
pianoSvg/NS187.svg,old,1/1,4,47,0,4,1,0,0,0,0,26,0,12,1,0,4,1,1,0,0,0,0,1,2,22,0,0,3 | 3
pianoSvg/NS188.svg,old,1/1,4,61,0,6,5,0,0,2,0,7,1,4,1,0,4,1,1,0,0,0,0,1,0,62,0,0,
pianoSvg/NS189.svg,old,1/1,4,97,0,1,0,0,0,4,0,25,1,5,1,0,4,1,22,0,0,0,0,1,0,46,0,0,
pianoSvg/NS19.svg,old,1/1,13,285,0,19,1,0,0,2,0,83,1,7,1,0,13,1,29,2,0,0,0,1,0,132,0,0,
pianoSvg/NS190.svg,old,1/1,9,115,0,29,70,2,0,1,0,12,13,5,1,0,9,1,5,2,0,0,0,1,0,134,0,0,
pianoSvg/NS191.svg,old,1/1,4,90,0,31,2,4,0,1,0,48,1,27,1,0,4,1,2,0,0,0,0,1,3,35,0,0,3 | 3 | 3
pianoSvg/NS192.svg,old,1/1,4,106,0,4,7,0,0,0,0,28,0,2,1,0,4,1,8,0,0,0,0,1,0,58,0,0,
pianoSvg/NS193.svg,old,1/1,8,95,0,40,60,0,0,6,0,0,1,7,1,0,8,1,6,0,0,0,0,1,0,110,0,0,
pianoSvg/NS194.svg,old,1/1,6,91,0,0,0,0,0,0,0,1,5,11,2,0,6,1,7,0,0,0,0,1,0,85,0,0,
pianoSvg/NS195.svg,old,1/1,6,72,0,6,5,0,0,1,0,0,1,4,1,0,6,1,0,0,0,0,0,1,0,82,0,0,
pianoSvg/NS197.svg,old,1/1,4,51,0,8,4,0,0,1,0,5,1,5,1,0,4,1,10,0,0,0,0,1,1,36,0,0,3
pianoSvg/NS198.svg,old,1/1,4,61,0,4,1,0,0,4,0,14,5,6,1,0,4,1,11,0,0,0,0,1,0,33,0,0,
pianoSvg/NS199.svg,old,1/1,4,58,0,12,11,0,0,4,0,0,1,21,2,0,4,1,7,0,0,0,0,1,0,70,0,0,
pianoSvg/NS2.svg,old,1/1,4,97,0,6,4,1,0,8,0,23,0,7,1,0,4,1,2,2,0,0,0,1,0,66,0,0,
pianoSvg/NS20.svg,old,1/1,3,42,0,3,4,0,0,1,0,5,3,8,1,0,3,1,8,1,0,0,0,1,0,26,0,0,
pianoSvg/NS200.svg,old,1/1,4,57,0,8,28,0,0,1,0,0,1,14,2,0,4,1,3,0,0,0,0,1,0,80,0,0,
pianoSvg/NS201.svg,old,1/1,8,101,0,11,6,2,0,0,0,42,17,25,1,0,8,1,7,0,0,0,0,1,0,53,0,0,
pianoSvg/NS202.svg,old,1/1,7,111,0,7,16,0,0,0,0,1,2,9,1,0,7,1,14,0,0,0,0,1,0,79,0,0,
pianoSvg/NS203.svg,old,1/1,7,156,0,7,13,0,0,17,0,10,1,27,1,0,7,1,33,0,0,0,0,1,0,52,0,0,
pianoSvg/NS204.svg,old,1/1,4,84,0,4,2,0,0,10,0,8,12,10,1,0,4,1,18,0,0,0,0,1,0,39,0,0,
pianoSvg/NS205.svg,old,1/1,7,140,0,21,37,0,0,3,0,20,15,7,1,0,7,1,23,0,0,0,0,1,0,67,0,0,
pianoSvg/NS206.svg,old,1/1,4,50,0,16,7,0,0,1,0,12,2,3,1,3,4,1,6,0,0,0,0,1,0,40,0,0,
pianoSvg/NS207.svg,old,1/1,4,78,0,4,7,0,0,3,0,16,4,8,1,0,4,1,14,0,0,0,0,1,0,56,0,0,
pianoSvg/NS208.svg,old,1/1,5,102,0,10,7,0,0,28,0,16,1,0,1,0,5,1,0,1,0,0,0,1,0,82,0,0,
pianoSvg/NS209.svg,old,1/1,4,50,0,16,7,0,0,1,0,12,2,3,1,3,4,1,6,0,0,0,0,1,0,40,0,0,
pianoSvg/NS21.svg,old,1/1,5,71,0,17,34,2,0,8,0,9,1,10,2,0,5,1,3,0,0,0,0,1,0,65,0,0,
pianoSvg/NS210.svg,old,1/1,4,69,0,8,1,0,0,0,0,17,5,1,1,0,4,1,14,0,0,0,0,1,0,29,0,0,
pianoSvg/NS211.svg,old,1/1,6,113,0,19,16,0,0,8,0,15,1,21,1,0,6,1,5,0,0,0,0,1,5,90,0,0,3 | 3 | 3 | 3
pianoSvg/NS212.svg,old,1/1,4,42,0,8,12,0,0,0,0,0,1,1,2,0,4,1,1,0,0,0,0,1,0,24,0,0,
pianoSvg/NS213.svg,old,1/1,4,66,0,4,0,0,0,2,0,15,1,4,1,0,4,1,10,0,0,0,0,1,0,45,0,0,
pianoSvg/NS214.svg,old,1/1,4,85,0,16,5,0,0,1,0,22,1,1,1,0,4,1,16,0,0,0,0,1,1,28,0,0,3
pianoSvg/NS216.svg,old,1/1,4,42,0,4,5,0,0,1,0,8,1,2,1,0,4,1,5,0,0,0,0,1,1,23,0,0,3
pianoSvg/NS217.svg,old,1/1,7,147,0,22,47,0,0,0,0,3,5,2,1,0,7,1,10,0,0,0,0,1,0,114,0,0,
pianoSvg/NS218.svg,old,1/1,4,44,0,0,0,0,0,6,0,0,8,6,1,0,4,1,0,0,0,0,0,1,0,51,0,0,
pianoSvg/NS219.svg,old,1/1,7,110,0,8,5,0,0,0,0,11,3,7,1,0,7,1,14,0,0,0,0,1,0,39,0,0,
pianoSvg/NS22.svg,old,1/1,2,36,0,2,2,0,0,2,0,5,1,3,2,0,2,1,8,0,0,0,0,1,0,38,0,0,
pianoSvg/NS220.svg,old,1/1,4,50,0,16,7,0,0,1,0,12,2,5,1,3,4,2,6,0,0,0,0,1,0,40,0,0,
pianoSvg/NS221.svg,old,1/1,5,92,0,8,0,0,0,0,0,10,1,15,1,0,5,1,1,0,0,0,0,1,0,69,0,0,
pianoSvg/NS222.svg,old,1/1,4,44,0,9,1,0,0,0,0,0,6,2,1,0,4,1,0,0,0,0,0,1,0,21,0,0,
pianoSvg/NS223.svg,old,1/1,5,89,0,11,2,0,0,2,0,19,3,6,1,0,5,2,15,0,0,0,0,2,0,40,0,0,
pianoSvg/NS224.svg,old,1/1,4,80,0,8,22,0,0,6,0,22,4,9,1,0,4,1,6,0,0,0,0,1,0,44,0,0,
pianoSvg/NS225.svg,old,1/1,4,64,0,16,10,0,0,10,0,8,4,10,1,0,4,1,4,0,0,0,0,1,0,56,0,0,
pianoSvg/NS226.svg,old,1/1,6,63,0,24,29,0,0,0,0,12,16,6,11,0,6,1,4,0,0,0,0,1,0,43,0,0,
pianoSvg/NS227.svg,old,1/1,7,102,0,14,3,0,0,5,0,17,2,8,1,0,7,1,8,0,0,0,0,1,0,39,0,0,
pianoSvg/NS228.svg,old,1/1,4,50,0,4,0,0,0,2,0,4,1,6,1,0,4,1,6,0,0,0,0,1,0,38,0,0,
pianoSvg/NS229.svg,old,1/1,4,59,0,0,0,0,0,0,0,2,2,7,1,0,4,1,5,0,0,0,0,1,5,60,0,0,3 | 3 | 3 | 3
pianoSvg/NS23.svg,old,1/1,4,56,0,8,3,0,0,9,0,4,4,15,1,3,4,1,6,0,0,0,0,1,0,42,0,0,
pianoSvg/NS230.svg,old,1/1,4,65,0,4,6,0,0,2,0,16,7,3,1,0,4,1,3,0,0,0,0,1,0,62,0,0,
pianoSvg/NS231.svg,old,1/1,10,282,0,30,73,0,0,5,0,74,9,19,1,0,10,1,45,0,0,0,0,1,9,150,0,0,3 | 3 | 3 | 3
pianoSvg/NS232.svg,old,1/1,4,75,0,12,0,0,0,3,0,15,3,11,1,0,4,1,8,0,0,0,0,1,0,51,0,0,
pianoSvg/NS233.svg,old,1/1,4,60,0,4,0,0,0,6,0,11,11,9,1,0,4,1,4,0,0,0,0,2,0,42,0,0,
pianoSvg/NS234.svg,old,1/1,2,37,0,4,4,0,0,1,0,10,4,2,1,0,2,1,14,0,0,0,0,1,0,22,0,0,
pianoSvg/NS235.svg,old,1/1,4,85,0,4,3,0,0,0,0,18,2,1,1,0,4,1,10,0,0,0,0,1,0,63,0,0,
pianoSvg/NS236.svg,new,,4,95,0,12,0,0,0,2,0,19,1,3,1,0,4,1,19,0,0,0,0,1,0,0,0,0,
pianoSvg/NS237.svg,old,1/1,9,266,0,46,10,2,0,15,0,26,0,9,1,0,9,1,53,0,0,0,0,1,0,121,0,0,
pianoSvg/NS238.svg,old,1/1,4,76,0,9,13,0,0,0,0,7,0,5,1,0,4,1,2,0,0,0,0,1,3,115,0,0,3 | 3 | 3
pianoSvg/NS239.svg,old,1/1,8,170,0,12,14,0,0,11,0,22,9,18,1,0,8,1,24,0,0,0,0,1,0,86,0,0,
pianoSvg/NS24.svg,old,1/1,2,39,0,2,5,0,0,3,0,1,1,11,1,0,2,1,2,0,0,0,0,1,0,43,0,0,
pianoSvg/NS240.svg,old,1/1,2,41,0,2,5,0,0,3,0,8,1,4,1,0,2,1,0,0,0,0,0,1,0,22,0,0,
pianoSvg/NS241.svg,old,1/1,5,78,0,11,25,0,0,2,0,21,1,2,2,0,5,1,9,0,0,0,0,1,0,64,0,0,
pianoSvg/NS242.svg,old,1/1,2,35,0,4,3,0,0,0,0,7,0,0,1,0,2,1,0,0,0,0,0,1,0,18,0,0,
pianoSvg/NS243.svg,old,1/1,4,66,0,4,1,0,0,2,0,2,2,3,1,0,4,1,1,0,0,0,0,1,0,38,0,0,
pianoSvg/NS244.svg,old,1/1,4,69,0,12,6,0,0,0,0,20,6,2,1,0,4,1,7,0,0,0,0,1,0,42,0,0,
pianoSvg/NS245.svg,old,1/1,5,63,0,5,5,0,0,0,0,3,3,5,1,0,5,1,14,2,0,0,0,1,0,68,0,0,
pianoSvg/NS246.svg,old,1/1,7,96,0,0,0,0,0,7,0,12,12,8,1,0,7,1,10,0,0,0,0,1,0,33,0,0,
pianoSvg/NS247.svg,old,1/1,5,52,0,5,7,0,0,0,0,4,0,2,1,0,5,1,19,0,0,0,0,1,0,27,0,0,
pianoSvg/NS248.svg,old,1/1,7,115,0,21,49,0,0,1,0,13,1,10,1,0,7,1,6,0,0,0,0,1,0,111,0,0,
pianoSvg/NS249.svg,old,1/1,7,142,0,35,72,0,0,6,0,21,1,14,1,0,7,1,7,0,0,0,0,1,0,136,0,0,
pianoSvg/NS25.svg,old,1/1,5,87,0,8,12,3,0,12,0,11,1,16,2,0,5,1,8,0,0,0,0,1,0,76,0,0,
pianoSvg/NS250.svg,old,1/1,7,146,0,21,74,0,0,0,0,18,3,10,1,0,7,1,15,0,0,0,0,1,0,164,0,0,
pianoSvg/NS251.svg,old,1/1,8,190,0,40,73,0,0,43,0,28,10,37,2,0,8,1,12,0,0,0,0,1,0,97,0,0,
pianoSvg/NS252.svg,old,1/1,9,209,0,9,4,0,0,4,0,25,4,13,1,0,9,1,15,0,0,0,0,1,0,103,0,0,
pianoSvg/NS253.svg,old,1/1,3,31,0,6,2,0,0,3,0,6,0,3,1,0,3,1,3,0,0,0,0,1,0,22,0,0,
pianoSvg/NS254.svg,old,1/1,4,44,0,16,18,0,0,3,0,8,1,4,2,0,4,1,6,0,0,0,0,1,0,23,0,0,
pianoSvg/NS255.svg,old,1/1,4,72,0,4,8,0,0,1,0,18,1,2,1,0,4,1,10,0,0,0,0,1,0,48,0,0,
pianoSvg/NS256.svg,old,1/1,4,70,0,12,2,0,0,8,0,0,2,12,2,0,4,1,6,0,0,0,0,1,0,48,0,0,
pianoSvg/NS257.svg,old,1/1,4,47,0,4,3,0,0,0,0,3,1,1,2,0,4,1,6,0,0,0,0,1,0,59,0,0,
pianoSvg/NS258.svg,old,1/1,6,71,0,26,25,2,0,0,1,30,1,17,2,0,6,1,12,0,0,0,0,1,0,33,0,0,
pianoSvg/NS259.svg,old,1/1,8,99,0,16,2,0,0,0,0,9,4,6,1,0,8,1,15,0,0,0,0,1,0,51,0,0,
pianoSvg/NS26.svg,old,1/1,6,121,0,12,2,0,0,8,0,21,1,15,1,0,6,1,18,0,0,0,0,1,0,59,0,0,
pianoSvg/NS261.svg,old,1/1,6,85,0,12,20,0,0,0,0,15,5,2,1,0,6,1,16,0,0,0,0,1,0,34,0,0,
pianoSvg/NS262.svg,old,1/1,4,39,0,12,16,0,0,0,0,5,9,1,1,0,4,1,1,0,0,0,0,1,0,24,0,0,
pianoSvg/NS263.svg,old,1/1,8,116,0,20,0,0,0,0,0,18,3,4,1,0,8,1,25,0,0,0,0,1,0,48,0,0,
pianoSvg/NS264.svg,old,1/1,4,51,0,4,4,0,0,1,0,4,1,4,1,0,4,1,9,0,0,0,0,1,0,29,0,0,
pianoSvg/NS265.svg,old,1/1,4,63,0,5,2,0,0,3,0,21,1,19,1,0,4,1,1,0,0,0,0,1,0,28,0,0,
pianoSvg/NS266.svg,old,1/1,4,76,0,0,0,0,0,0,0,24,1,10,1,0,4,1,2,0,0,0,0,1,0,61,0,0,
pianoSvg/NS267.svg,old,1/1,6,68,0,18,13,0,0,3,0,10,10,12,1,0,6,1,18,0,0,0,0,1,0,30,0,0,
pianoSvg/NS268.svg,old,1/1,6,96,0,0,0,0,0,4,0,12,6,12,1,0,6,1,17,0,0,0,0,1,0,73,0,0,
pianoSvg/NS269.svg,old,1/1,3,35,0,3,3,0,0,2,0,8,1,6,1,0,3,1,2,0,0,0,0,1,0,32,0,0,
pianoSvg/NS27.svg,old,1/1,4,76,0,4,4,0,0,0,0,13,1,2,1,0,4,1,14,0,0,0,0,1,0,34,0,0,
pianoSvg/NS270.svg,old,1/1,4,72,0,4,6,0,0,10,0,7,3,34,2,0,4,1,10,0,0,0,0,1,0,33,0,0,
pianoSvg/NS271.svg,old,1/1,6,107,0,0,0,0,0,12,0,17,2,15,1,0,6,2,7,1,0,0,0,2,2,61,0,0,3 | 3
pianoSvg/NS272.svg,old,1/1,4,73,0,0,0,0,0,3,0,12,5,6,1,0,4,1,7,1,0,0,0,1,0,38,0,0,
pianoSvg/NS273.svg,old,1/1,2,42,0,2,4,0,0,4,0,6,2,7,2,0,2,1,5,0,0,0,0,1,0,27,0,0,
pianoSvg/NS275.svg,old,1/1,4,104,0,4,10,0,0,0,0,1,4,3,1,0,4,1,18,0,0,0,0,1,0,68,0,0,
pianoSvg/NS276.svg,old,1/1,8,136,0,24,29,0,0,10,0,16,5,23,1,0,8,1,19,0,0,0,0,1,2,60,0,0,3 | 3
pianoSvg/NS277.svg,old,1/1,4,56,0,4,3,0,0,3,0,13,8,7,1,0,4,1,10,0,0,0,0,1,0,30,0,0,
pianoSvg/NS278.svg,old,1/1,8,150,0,8,12,0,0,8,0,15,5,13,1,0,8,1,39,0,0,0,0,1,4,64,0,0,3 | 3 | 3 | 3
pianoSvg/NS279.svg,old,1/1,6,186,0,6,22,0,0,9,0,41,8,21,1,0,6,1,48,0,0,0,0,1,0,85,0,0,
pianoSvg/NS28.svg,old,1/1,6,142,0,12,5,0,0,15,0,25,3,17,1,0,6,1,23,0,0,0,0,1,0,65,0,0,
pianoSvg/NS280.svg,old,1/1,8,159,0,24,47,0,0,5,0,18,6,12,2,0,8,1,21,0,0,0,0,1,0,103,0,0,
pianoSvg/NS281.svg,old,1/1,4,67,0,12,13,0,0,8,0,13,6,9,1,0,4,1,10,0,0,0,0,1,0,30,0,0,
pianoSvg/NS282.svg,old,1/1,8,190,0,9,6,0,0,1,0,7,1,41,2,0,8,1,42,0,0,0,0,1,0,174,0,0,
pianoSvg/NS283.svg,old,1/1,6,129,0,12,5,0,0,8,0,14,2,7,1,0,6,1,25,0,0,0,0,1,1,76,0,0,3
pianoSvg/NS284.svg,old,1/1,5,123,0,6,2,1,0,4,0,27,3,6,1,0,5,1,11,0,0,0,0,1,0,26,0,0,
pianoSvg/NS285.svg,old,1/1,6,114,0,12,9,0,0,3,0,13,6,18,2,0,6,1,19,0,0,0,0,1,0,107,0,0,
pianoSvg/NS286.svg,old,1/1,6,102,0,0,0,0,0,5,0,24,11,8,1,0,6,1,29,0,0,0,0,1,0,38,0,0,
pianoSvg/NS287.svg,old,1/1,4,72,0,16,4,0,0,7,0,11,5,15,1,3,4,3,8,0,0,0,0,1,0,32,0,0,
pianoSvg/NS288.svg,old,1/1,6,99,0,12,1,0,0,8,0,20,2,7,1,0,6,1,26,0,0,0,0,1,0,37,0,0,
pianoSvg/NS289.svg,old,1/1,3,70,0,1,0,0,0,4,0,17,1,4,1,0,3,1,7,0,0,0,0,1,0,42,0,0,
pianoSvg/NS29.svg,old,1/1,3,47,0,6,4,0,0,0,0,9,2,9,1,0,3,1,9,0,0,0,0,1,1,50,0,0,3
pianoSvg/NS290.svg,old,1/1,5,77,0,0,0,0,0,9,0,11,1,21,1,2,5,2,1,0,0,0,0,2,7,56,0,0,3 | 3 | 3 | 3
pianoSvg/NS291.svg,old,1/1,4,92,0,16,10,0,0,4,0,24,1,6,1,0,4,1,15,0,0,0,0,1,0,57,0,0,
pianoSvg/NS292.svg,old,1/1,4,93,0,8,6,0,0,2,0,22,1,7,1,0,4,1,17,1,0,0,0,1,3,61,0,0,3 | 3 | 3
pianoSvg/NS293.svg,old,1/1,5,139,0,10,28,0,0,6,0,32,6,14,1,0,5,1,28,0,0,0,0,1,0,76,0,0,
pianoSvg/NS294.svg,old,1/1,6,88,0,0,0,0,0,1,0,18,8,5,1,0,6,1,8,0,0,0,0,1,0,68,0,0,
pianoSvg/NS295.svg,old,1/1,6,122,0,12,8,0,0,8,0,16,4,24,1,0,6,1,24,0,0,0,0,1,0,86,0,0,
pianoSvg/NS296.svg,old,1/1,4,62,0,4,6,0,0,3,0,2,0,3,1,0,4,1,3,0,0,0,0,1,0,92,0,0,
pianoSvg/NS297.svg,old,1/1,2,31,0,2,2,0,0,1,0,0,0,5,2,0,2,1,3,0,0,0,0,1,0,33,0,0,
pianoSvg/NS298.svg,old,1/1,6,147,0,18,32,0,0,15,0,14,3,25,1,0,6,1,26,0,0,0,0,1,2,56,0,0,3 | 3
pianoSvg/NS299.svg,old,1/1,4,72,0,8,3,0,0,4,0,11,1,7,1,0,4,1,30,0,0,0,0,1,0,63,0,0,
pianoSvg/NS3.svg,old,1/1,4,106,0,4,0,0,0,11,0,10,10,14,1,0,4,1,18,0,0,0,0,1,6,65,0,0,3 | 3 | 3 | 3
pianoSvg/NS30.svg,old,1/1,2,45,0,2,4,0,0,2,0,2,1,3,2,0,2,1,1,0,0,0,0,1,0,35,0,0,
pianoSvg/NS300.svg,old,1/1,4,41,0,4,3,0,0,1,0,1,1,3,1,0,4,1,1,0,0,0,0,1,0,29,0,0,
pianoSvg/NS301.svg,old,1/1,6,144,0,7,2,0,0,19,0,15,12,22,1,0,6,1,26,0,0,0,0,1,0,77,0,0,
pianoSvg/NS302.svg,old,1/1,7,124,0,7,15,0,0,10,0,24,5,15,1,0,7,1,19,0,0,0,0,1,0,64,0,0,
pianoSvg/NS303.svg,old,1/1,6,113,0,30,42,0,0,3,0,24,2,5,1,0,6,1,39,0,0,0,0,1,0,74,0,0,
pianoSvg/NS304.svg,old,1/1,4,65,0,12,20,0,0,1,0,15,1,7,1,0,4,1,5,0,0,0,0,1,0,39,0,0,
pianoSvg/NS305.svg,old,1/1,5,86,0,5,7,0,0,0,0,21,1,9,1,0,5,1,11,0,0,0,0,1,0,111,0,0,
pianoSvg/NS306.svg,old,1/1,2,32,0,10,14,0,0,0,0,0,0,0,1,0,2,1,0,2,0,0,0,1,0,36,0,0,
pianoSvg/NS307.svg,old,1/1,6,116,0,24,6,0,0,5,0,32,13,10,1,0,6,1,3,0,0,0,0,1,0,60,0,0,
pianoSvg/NS308.svg,old,1/1,6,106,0,18,15,0,0,7,0,24,1,16,1,0,6,1,15,0,0,0,0,1,0,39,0,0,
pianoSvg/NS309.svg,old,1/1,9,141,0,18,9,0,0,15,0,33,7,18,1,0,9,1,29,0,0,0,0,1,0,109,0,0,
pianoSvg/NS31.svg,old,1/1,4,67,0,16,7,0,0,4,0,9,1,6,1,0,4,1,11,0,0,0,0,1,0,40,0,0,
pianoSvg/NS310.svg,old,1/1,4,60,0,12,27,0,0,8,0,8,4,12,1,0,4,1,0,0,0,0,0,1,0,67,0,0,
pianoSvg/NS311.svg,old,1/1,4,102,0,8,7,0,0,28,0,16,1,0,1,0,4,1,0,1,0,0,0,1,0,82,0,0,
pianoSvg/NS312.svg,old,1/1,2,29,0,2,2,0,0,5,0,2,1,7,1,0,2,1,3,0,0,0,0,1,0,43,0,0,
pianoSvg/NS313.svg,old,1/1,4,64,0,4,2,0,0,14,0,16,1,15,2,0,4,1,0,0,0,0,0,1,0,63,0,0,
pianoSvg/NS314.svg,old,1/1,8,125,0,16,6,0,0,15,0,15,13,14,1,0,8,1,8,0,0,0,0,1,4,100,0,0,3 | 3 | 3 | 3
pianoSvg/NS315.svg,old,1/1,5,106,0,5,12,0,0,9,0,21,10,13,1,0,5,1,16,0,0,0,0,1,0,86,0,0,
pianoSvg/NS316.svg,old,1/1,5,148,0,15,33,0,0,1,0,25,3,4,1,0,5,1,31,0,0,0,0,1,0,57,0,0,
pianoSvg/NS317.svg,old,1/1,4,56,0,12,7,0,0,0,0,1,7,14,2,0,4,1,12,0,0,0,0,1,0,51,0,0,
pianoSvg/NS318.svg,old,1/1,8,100,0,16,5,0,0,8,0,5,1,15,1,0,8,1,24,0,0,0,0,1,6,71,0,0,3 | 3 | 3 | 3
pianoSvg/NS319.svg,old,1/1,9,278,0,9,4,0,0,18,0,28,4,36,1,0,9,1,32,0,0,0,0,1,0,162,0,0,
pianoSvg/NS32.svg,old,1/1,7,162,0,24,62,1,0,12,0,21,4,14,3,0,7,1,9,5,0,0,0,1,1,102,0,0,3
pianoSvg/NS320.svg,old,1/1,7,168,0,21,62,0,0,6,0,35,15,9,1,0,7,1,28,0,0,0,0,2,0,81,0,0,
pianoSvg/NS321.svg,old,1/1,8,146,0,32,29,0,0,11,0,16,1,12,1,0,8,1,6,1,0,0,0,1,0,112,0,0,
pianoSvg/NS322.svg,old,1/1,8,83,0,16,20,0,0,3,0,43,3,31,1,0,8,1,0,0,0,0,0,1,0,40,0,0,
pianoSvg/NS323.svg,old,1/1,4,60,0,4,5,0,0,0,0,0,1,12,2,0,4,1,11,0,0,0,0,1,0,50,0,0,
pianoSvg/NS324.svg,old,1/1,2,36,0,4,1,0,0,0,0,6,1,1,1,0,2,1,2,0,0,0,0,1,0,30,0,0,
pianoSvg/NS325.svg,old,1/1,4,54,0,4,0,0,0,0,0,6,1,8,1,0,4,1,4,0,0,0,0,1,0,20,0,0,
pianoSvg/NS326.svg,old,1/1,8,102,0,8,1,0,0,11,0,12,3,14,1,0,8,1,24,0,0,0,0,1,0,51,0,0,
pianoSvg/NS327.svg,old,1/1,3,48,0,3,4,0,0,4,0,7,1,4,4,0,3,1,1,1,0,0,0,1,0,37,0,0,
pianoSvg/NS328.svg,old,1/1,9,181,0,0,0,0,0,9,0,30,22,24,1,0,9,1,9,0,0,0,0,1,13,114,0,0,3 | 3 | 3 | 3
pianoSvg/NS329.svg,old,1/1,7,133,0,14,2,0,0,2,0,19,2,2,1,0,7,1,17,0,0,0,0,1,0,100,0,0,
pianoSvg/NS33.svg,old,1/1,4,63,0,4,1,0,0,3,0,18,1,14,1,0,4,1,0,0,0,0,0,1,0,29,0,0,
pianoSvg/NS330.svg,old,1/1,2,47,0,10,3,0,0,4,0,7,0,7,1,0,2,1,3,0,0,0,0,1,0,38,0,0,
pianoSvg/NS331.svg,old,1/1,5,48,0,5,4,0,0,2,0,8,4,6,2,0,5,1,1,0,0,0,0,1,0,37,0,0,
pianoSvg/NS332.svg,old,1/1,5,114,0,15,20,0,0,6,0,26,3,12,1,0,5,1,24,0,0,0,0,1,0,20,0,0,
pianoSvg/NS333.svg,old,1/1,4,58,0,4,9,0,0,0,0,0,0,6,2,0,4,1,0,0,0,0,0,1,0,72,0,0,
pianoSvg/NS334.svg,old,1/1,4,48,0,0,0,0,0,8,0,4,6,12,1,0,4,1,9,0,0,0,0,1,2,31,0,0,3 | 3
pianoSvg/NS335.svg,new,,7,94,0,10,3,0,0,0,0,25,1,2,1,0,7,1,9,0,0,0,0,1,0,0,0,0,
pianoSvg/NS336.svg,old,1/1,6,102,0,12,33,0,0,0,0,8,2,19,2,0,6,1,1,0,0,0,0,1,0,47,0,0,
pianoSvg/NS337.svg,old,1/1,2,38,0,8,22,0,0,0,0,18,2,13,1,0,2,1,0,0,0,0,0,1,0,43,0,0,
pianoSvg/NS338.svg,old,1/1,6,127,0,12,6,0,0,0,1,46,2,14,1,0,6,1,6,0,0,0,0,1,0,78,0,0,
pianoSvg/NS339.svg,old,1/1,5,152,0,16,27,0,0,6,0,34,7,8,1,0,5,1,60,0,0,0,0,1,0,40,0,0,
pianoSvg/NS34.svg,old,1/1,4,97,0,12,30,0,0,0,0,6,1,11,1,0,4,1,15,0,0,0,0,1,0,60,0,0,
pianoSvg/NS340.svg,old,1/1,6,82,0,12,14,0,0,7,0,20,3,10,1,0,6,1,5,0,0,0,0,1,0,43,0,0,
pianoSvg/NS341.svg,old,1/1,6,108,0,18,18,0,0,7,0,15,2,14,1,0,6,1,39,0,0,0,0,1,0,40,0,0,
pianoSvg/NS342.svg,new,,6,92,0,0,0,0,0,0,0,10,2,5,2,0,6,1,9,0,0,0,0,1,0,0,0,0,
pianoSvg/NS343.svg,old,1/1,4,50,0,0,2,0,0,0,0,1,1,3,1,0,4,1,0,0,0,0,0,1,0,80,0,0,
pianoSvg/NS344.svg,old,1/1,8,99,0,10,7,0,0,1,0,6,3,4,1,0,8,1,5,0,0,0,0,1,0,44,0,0,
pianoSvg/NS345.svg,old,1/1,2,47,0,4,5,0,0,0,0,5,1,3,2,0,2,1,8,0,0,0,0,1,0,41,0,0,
pianoSvg/NS347.svg,new,,5,93,0,5,7,0,0,0,0,2,1,10,2,0,5,1,18,0,0,0,0,1,0,0,0,0,
pianoSvg/NS348.svg,old,1/1,9,135,0,18,31,0,0,0,0,3,1,4,1,0,9,1,6,0,0,0,0,1,0,62,0,0,
pianoSvg/NS349.svg,new,,12,238,0,25,0,0,0,50,0,8,6,87,4,1,12,3,53,0,0,0,0,1,0,0,14,0,
pianoSvg/NS35.svg,old,1/1,4,51,0,0,0,0,0,1,0,15,1,14,1,0,4,1,1,0,0,0,0,1,0,26,0,0,
pianoSvg/NS350.svg,old,1/1,4,38,0,4,2,0,0,1,0,9,4,1,1,0,4,1,0,0,0,0,0,1,0,37,0,0,
pianoSvg/NS351.svg,old,1/1,6,150,0,0,1,0,0,14,0,34,1,22,1,0,6,1,6,0,0,0,0,1,0,101,0,0,
pianoSvg/NS352.svg,old,1/1,7,107,0,21,21,0,0,10,0,20,2,15,1,0,7,1,24,0,0,0,0,1,0,46,0,0,
pianoSvg/NS353.svg,old,1/1,7,88,0,7,6,0,0,7,0,3,4,6,1,0,7,1,14,0,0,0,0,1,2,91,0,0,3 | 3
pianoSvg/NS354.svg,old,1/1,4,46,0,16,19,0,0,3,0,14,1,4,2,0,4,1,4,1,0,0,0,1,0,39,0,0,
pianoSvg/NS355.svg,old,1/1,4,52,0,13,19,1,0,4,0,5,1,4,1,0,4,1,8,0,0,0,0,1,0,33,0,0,
pianoSvg/NS356.svg,old,1/1,3,75,0,9,21,0,0,6,0,17,1,14,1,0,3,1,11,0,0,0,0,1,0,30,0,0,
pianoSvg/NS357.svg,old,1/1,9,96,0,9,9,0,0,8,0,8,1,22,1,0,9,1,18,0,0,0,0,1,0,65,0,0,
pianoSvg/NS358.svg,old,1/1,4,85,0,4,9,0,0,11,0,14,1,11,1,0,4,1,22,0,0,0,0,1,1,39,0,0,3
pianoSvg/NS359.svg,old,1/1,4,68,0,8,14,0,0,1,0,16,1,7,1,0,4,1,9,0,0,0,0,1,0,40,0,0,
pianoSvg/NS36.svg,old,1/1,5,64,0,0,0,0,0,13,0,5,3,18,1,0,5,1,9,1,0,0,0,1,0,50,0,0,
pianoSvg/NS360.svg,old,1/1,9,193,0,36,16,0,0,5,0,15,4,18,1,0,9,1,33,0,0,0,0,1,0,111,0,0,
pianoSvg/NS361.svg,old,1/1,8,89,0,0,0,0,0,8,0,4,4,12,1,0,8,1,8,0,0,0,0,1,0,54,0,0,
pianoSvg/NS362.svg,old,1/1,4,49,0,4,2,0,0,1,0,0,1,2,1,0,4,1,1,0,0,0,0,1,0,39,0,0,
pianoSvg/NS363.svg,old,1/1,8,179,0,16,34,0,0,19,0,30,23,30,1,0,8,1,41,0,0,0,0,1,0,84,0,0,
pianoSvg/NS364.svg,old,1/1,4,93,0,12,5,0,0,4,0,14,8,8,1,0,4,1,24,0,0,0,0,1,0,45,0,0,
pianoSvg/NS365.svg,old,1/1,7,187,0,21,18,0,0,9,0,38,29,12,1,0,7,1,19,0,0,0,0,1,0,86,0,0,
pianoSvg/NS366.svg,old,1/1,4,42,0,0,0,0,0,0,0,0,1,4,1,0,4,1,7,0,0,0,0,1,0,29,0,0,
pianoSvg/NS367.svg,old,1/1,6,156,0,0,2,0,0,24,0,22,1,14,1,0,6,1,17,0,0,0,0,1,0,102,0,0,
pianoSvg/NS368.svg,old,1/1,9,273,0,9,21,0,0,46,0,33,6,33,1,0,9,1,53,0,0,0,0,1,3,130,0,0,3 | 3 | 3
pianoSvg/NS369.svg,old,1/1,4,64,0,4,7,0,0,0,0,16,1,17,2,0,4,1,0,0,0,0,0,1,0,64,0,0,
pianoSvg/NS37.svg,old,1/1,4,88,0,4,5,0,0,2,0,17,0,2,1,0,4,1,9,0,0,0,0,1,0,45,0,0,
pianoSvg/NS370.svg,old,1/1,4,74,0,4,7,0,0,3,0,20,2,11,1,0,4,1,6,0,0,0,0,1,0,80,0,0,
pianoSvg/NS371.svg,new,,4,62,0,13,15,1,0,16,0,8,3,17,1,0,4,1,3,0,0,0,0,1,0,0,0,0,
pianoSvg/NS372.svg,old,1/1,7,104,0,0,0,0,0,11,0,15,5,14,1,0,7,1,20,0,0,0,0,1,0,69,0,0,
pianoSvg/NS373.svg,old,1/1,4,89,0,12,30,0,0,7,0,0,1,13,1,0,4,1,14,0,0,0,0,1,0,52,0,0,
pianoSvg/NS374.svg,old,1/1,8,122,0,0,0,0,0,9,0,14,1,14,1,0,8,1,28,0,0,0,0,1,0,72,0,0,
pianoSvg/NS375.svg,old,1/1,4,80,0,12,13,0,0,0,0,0,3,4,1,0,4,1,8,0,0,0,0,1,0,21,0,0,
pianoSvg/NS376.svg,old,1/1,8,106,0,17,8,0,0,13,0,13,10,9,1,0,8,1,20,0,0,0,0,1,0,69,0,0,
pianoSvg/NS377.svg,old,1/1,6,100,0,24,27,0,0,3,0,19,3,8,1,0,6,1,23,0,0,0,0,1,0,30,0,0,
pianoSvg/NS378.svg,old,1/1,5,110,0,0,0,0,0,15,0,20,3,13,1,0,5,1,17,0,0,0,0,1,5,67,0,0,3 | 3 | 3 | 3
pianoSvg/NS379.svg,old,1/1,6,113,0,0,0,0,0,3,0,13,9,9,1,0,6,1,20,0,0,0,0,1,9,41,0,0,3 | 3 | 3 | 3
pianoSvg/NS38.svg,old,1/1,2,53,0,2,1,0,0,5,0,7,1,5,1,0,2,1,9,0,0,0,0,1,0,38,0,0,
pianoSvg/NS380.svg,old,1/1,9,127,0,9,11,0,0,15,0,28,19,17,1,0,9,1,38,0,0,0,0,1,0,90,0,0,
pianoSvg/NS381.svg,old,1/1,6,108,0,12,22,0,0,4,0,20,10,6,1,0,6,1,14,0,0,0,0,2,4,52,0,0,3 | 3 | 3 | 3
pianoSvg/NS382.svg,old,1/1,6,111,0,24,3,0,0,6,0,24,5,11,1,0,6,1,40,0,0,0,0,1,1,33,0,0,Download all the songs from Ordinary Days at: tinyurl.com/ordinarydays
pianoSvg/NS383.svg,old,1/1,5,79,0,5,4,0,0,1,0,20,9,5,1,0,5,1,5,0,0,0,0,1,1,21,0,0,3
pianoSvg/NS384.svg,old,1/1,10,128,0,10,11,0,0,5,0,9,14,13,1,0,10,1,7,0,0,0,0,1,8,53,0,0,3 | 3 | 3 | 3
pianoSvg/NS385.svg,old,1/1,7,181,0,20,4,3,0,0,0,27,12,7,1,0,7,2,37,0,0,0,0,2,0,80,0,0,
pianoSvg/NS386.svg,old,1/1,6,113,0,6,0,0,0,15,0,20,7,4,1,0,6,1,10,0,0,0,0,2,0,64,0,0,
pianoSvg/NS387.svg,old,1/1,5,74,0,5,6,0,0,6,0,16,8,9,1,2,5,1,23,0,0,0,0,1,0,47,0,0,
pianoSvg/NS388.svg,old,1/1,6,83,0,10,3,0,0,0,0,24,1,3,2,0,6,1,7,0,0,0,0,1,0,41,0,0,
pianoSvg/NS39.svg,old,1/1,6,127,0,12,11,0,0,1,0,21,1,5,1,0,6,1,30,0,0,0,0,1,0,81,0,0,
pianoSvg/NS390.svg,old,1/1,4,87,0,12,30,0,0,0,0,10,13,7,1,0,4,1,7,0,0,0,0,1,0,49,0,0,
pianoSvg/NS391.svg,old,1/1,4,96,0,4,0,0,0,9,0,23,1,4,1,0,4,1,15,0,0,0,0,1,0,25,0,0,
pianoSvg/NS392.svg,old,1/1,6,107,0,6,4,0,0,14,0,23,11,3,1,0,6,1,21,0,0,0,0,1,0,55,0,0,
pianoSvg/NS393.svg,old,1/1,7,166,0,28,51,0,0,34,0,11,14,33,1,0,7,1,48,0,0,0,0,1,0,71,0,0,
pianoSvg/NS394.svg,old,1/1,8,103,0,0,0,0,0,6,0,19,12,11,1,0,8,2,25,0,0,0,0,2,0,40,0,0,
pianoSvg/NS395.svg,old,1/1,4,95,0,16,32,0,0,3,0,9,5,7,1,0,4,1,11,0,0,0,0,1,0,44,0,0,
pianoSvg/NS396.svg,old,1/1,6,99,0,9,7,0,0,28,0,10,5,26,1,0,6,1,3,0,0,0,0,1,3,74,0,0,3 | 3 | 3
pianoSvg/NS397.svg,old,1/1,6,95,0,18,19,0,0,16,0,9,3,21,1,0,6,1,7,0,0,0,0,1,6,51,0,0,3 | 3 | 3 | 3
pianoSvg/NS398.svg,old,1/1,4,95,0,12,28,0,0,7,0,23,2,6,1,0,4,1,17,0,0,0,0,1,0,40,0,0,
pianoSvg/NS399.svg,old,1/1,4,73,0,8,9,0,0,9,0,11,3,12,1,0,4,1,22,0,0,0,0,1,0,19,0,0,
pianoSvg/NS4.svg,old,1/1,2,54,0,6,4,0,0,1,0,0,1,4,1,0,2,1,1,0,0,0,0,1,0,55,0,0,
pianoSvg/NS40.svg,old,1/1,2,37,0,2,1,0,0,1,0,0,1,4,2,0,2,1,3,0,0,0,0,1,0,27,0,0,
pianoSvg/NS400.svg,old,1/1,6,68,0,6,4,0,0,2,0,0,0,2,1,0,6,1,0,0,0,0,0,1,0,39,0,0,
pianoSvg/NS401.svg,old,1/1,4,76,0,12,30,0,0,9,0,15,2,5,1,0,4,1,15,0,0,0,0,1,0,40,0,0,
pianoSvg/NS402.svg,old,1/1,9,233,0,18,14,0,0,44,0,32,12,31,1,0,9,1,72,0,0,0,0,1,4,109,0,0,3 | 3 | 3 | 3
pianoSvg/NS403.svg,old,1/1,6,131,0,0,0,0,0,12,0,26,6,14,1,2,6,3,25,0,0,0,0,1,2,66,0,0,3 | 3
pianoSvg/NS404.svg,old,1/1,5,91,0,10,4,0,0,0,0,13,3,14,2,0,5,1,13,0,0,0,0,1,0,70,0,0,
pianoSvg/NS405.svg,old,1/1,8,96,0,11,8,1,0,12,0,1,2,6,1,0,8,1,18,0,0,0,0,1,0,53,0,0,
pianoSvg/NS406.svg,old,1/1,8,107,0,0,0,0,0,1,0,11,2,13,2,0,8,1,21,0,0,0,0,1,0,64,0,0,
pianoSvg/NS407.svg,old,1/1,4,86,0,12,5,0,0,14,0,4,6,26,1,0,4,1,22,0,0,0,0,1,9,45,0,0,te | pa | o | ri
pianoSvg/NS408.svg,old,1/1,9,189,0,18,2,0,0,9,0,25,1,15,1,0,9,1,16,2,0,0,0,1,0,76,0,0,
pianoSvg/NS409.svg,old,1/1,4,79,0,0,0,0,0,2,0,24,12,2,1,0,4,1,8,0,0,0,0,1,0,40,0,0,
pianoSvg/NS41.svg,old,1/1,7,103,0,14,4,0,0,4,0,12,8,12,1,0,7,1,16,0,0,0,0,1,1,54,0,0,3
pianoSvg/NS410.svg,old,1/1,6,125,0,18,33,0,0,32,0,21,4,6,1,0,6,1,47,0,0,0,0,1,0,69,0,0,
pianoSvg/NS411.svg,old,1/1,4,80,0,4,9,0,0,2,0,0,0,2,1,0,4,1,0,0,0,0,0,1,20,38,0,0,3 | 3 | 3 | 3
pianoSvg/NS412.svg,old,1/1,9,195,0,18,6,0,0,13,0,34,8,18,1,0,9,1,37,0,0,0,0,1,0,79,0,0,
pianoSvg/NS413.svg,old,1/1,4,99,0,0,0,0,0,6,0,24,1,7,1,0,4,1,12,1,0,0,0,1,0,56,0,0,
pianoSvg/NS414.svg,old,1/1,6,94,0,15,4,0,0,1,0,15,9,3,1,0,6,1,24,0,0,0,0,1,0,40,0,0,
pianoSvg/NS415.svg,old,1/1,8,144,0,10,26,2,0,11,0,12,9,16,1,0,8,1,9,0,0,0,0,1,5,134,0,0,3 | 3 | 3 | 3
pianoSvg/NS416.svg,old,1/1,4,44,0,0,0,0,0,3,0,7,1,8,1,0,4,1,11,0,0,0,0,1,0,24,0,0,
pianoSvg/NS417.svg,old,1/1,5,100,0,0,0,0,0,0,0,0,2,6,1,2,5,1,4,0,0,0,0,2,0,38,0,0,
pianoSvg/NS418.svg,old,1/1,6,97,0,6,6,0,0,16,0,12,5,19,1,0,6,2,20,0,0,0,0,2,0,35,0,0,
pianoSvg/NS419.svg,old,1/1,4,81,0,4,4,0,0,43,0,3,1,13,1,0,4,1,23,0,0,0,0,2,0,25,0,0,
pianoSvg/NS42.svg,old,1/1,4,57,0,12,21,0,0,0,0,8,3,2,1,0,4,1,14,0,0,0,0,1,0,34,0,0,
pianoSvg/NS420.svg,old,1/1,4,48,0,0,0,0,0,3,0,2,3,4,1,0,4,1,4,0,0,0,0,1,0,45,0,0,
pianoSvg/NS421.svg,old,1/1,5,79,0,0,0,0,0,4,0,7,8,18,1,0,5,1,16,0,0,0,0,1,1,39,0,0,(Repeat the last line of each verse)
pianoSvg/NS422.svg,old,1/1,4,77,0,0,2,0,0,9,0,16,5,9,1,0,4,1,14,1,0,0,0,1,0,40,0,0,
pianoSvg/NS423.svg,old,1/1,8,113,0,16,4,0,0,21,0,11,4,22,1,0,8,1,15,0,0,0,0,1,2,50,0,0,3 | 3
pianoSvg/NS424.svg,old,1/1,4,74,0,4,6,0,0,2,0,20,0,0,1,0,4,1,15,0,0,0,0,1,0,32,0,0,
pianoSvg/NS425.svg,old,1/1,4,48,0,0,0,0,0,6,0,5,2,10,1,0,4,1,7,0,0,0,0,1,0,23,0,0,
pianoSvg/NS426.svg,old,1/1,6,99,0,24,9,0,0,8,0,19,4,9,1,0,6,1,29,0,0,0,0,1,0,32,0,0,
pianoSvg/NS427.svg,old,1/1,5,97,0,5,1,0,0,0,0,0,0,15,2,0,5,1,14,0,0,0,0,1,0,32,0,0,
pianoSvg/NS428.svg,old,1/1,5,60,0,10,4,0,0,7,0,12,9,2,1,0,5,1,9,0,0,0,0,1,0,57,0,0,
pianoSvg/NS429.svg,old,1/1,6,73,0,0,0,0,0,1,0,13,0,5,2,0,6,1,15,0,0,0,0,1,0,65,0,0,
pianoSvg/NS43.svg,old,1/1,3,35,0,0,0,0,0,6,0,5,2,8,1,0,3,1,1,0,0,0,0,1,0,21,0,0,
pianoSvg/NS430.svg,old,1/1,6,67,0,7,0,0,0,11,0,9,3,23,2,2,6,3,7,0,0,0,0,1,0,31,0,0,
pianoSvg/NS431.svg,old,1/1,6,82,0,7,0,0,0,5,0,10,2,9,1,0,6,1,16,0,0,0,0,1,4,48,0,0,3 | 3 | 3 | 3
pianoSvg/NS432.svg,old,1/1,4,59,0,12,12,0,0,14,0,8,9,5,1,0,4,1,11,0,0,0,0,1,0,24,0,0,
pianoSvg/NS433.svg,old,1/1,5,105,0,0,0,0,0,5,0,4,1,26,1,0,5,1,26,0,0,0,0,1,0,52,0,0,
pianoSvg/NS434.svg,old,1/1,4,65,0,16,21,0,0,6,0,10,1,7,1,0,4,1,0,0,0,0,0,1,0,29,0,0,
pianoSvg/NS435.svg,old,1/1,4,89,0,0,0,0,0,4,0,8,8,4,1,0,4,1,26,0,0,0,0,2,0,34,0,0,
pianoSvg/NS436.svg,old,1/1,4,46,0,0,0,0,0,2,0,13,2,14,1,2,4,2,12,0,0,0,0,1,0,20,0,0,
pianoSvg/NS437.svg,old,1/1,5,97,0,15,15,0,0,1,0,25,4,3,1,0,5,1,19,0,0,0,0,1,0,26,0,0,
pianoSvg/NS438.svg,old,1/1,4,55,0,4,6,0,0,2,0,8,1,6,1,0,4,1,11,0,0,0,0,1,0,17,0,0,
pianoSvg/NS439.svg,old,1/1,4,64,0,0,0,0,0,2,0,10,2,3,1,0,4,1,3,0,0,0,0,1,0,30,0,0,
pianoSvg/NS44.svg,old,1/1,2,32,0,4,3,0,0,3,0,6,0,4,1,0,2,1,3,0,0,0,0,1,0,29,0,0,
pianoSvg/NS440.svg,old,1/1,8,151,0,24,12,0,0,9,0,6,10,3,1,0,8,1,35,0,0,0,0,1,0,85,0,0,
pianoSvg/NS441.svg,old,1/1,6,98,0,0,0,0,0,14,0,46,1,35,2,0,6,1,10,0,0,0,0,1,0,60,0,0,
pianoSvg/NS442.svg,old,1/1,4,77,0,4,7,0,0,2,0,0,1,10,2,0,4,1,5,0,0,0,0,1,0,52,0,0,
pianoSvg/NS443.svg,old,1/1,8,95,0,0,0,0,0,18,0,5,13,9,1,0,8,1,22,0,0,0,0,1,0,43,0,0,
pianoSvg/NS444.svg,old,1/1,6,93,0,12,4,0,0,17,0,16,2,19,1,0,6,1,11,0,0,0,0,1,0,74,0,0,
pianoSvg/NS445.svg,old,1/1,4,66,0,0,0,0,0,7,0,5,2,10,1,0,4,1,6,0,0,0,0,1,10,49,0,0,3 | 3 | 3 | 3
pianoSvg/NS446.svg,old,1/1,4,62,0,8,3,0,0,4,0,14,4,11,1,0,4,1,4,0,0,0,0,1,0,48,0,0,
pianoSvg/NS447.svg,old,1/1,4,64,0,4,4,0,0,0,0,0,1,6,2,0,4,1,13,0,0,0,0,1,0,33,0,0,
pianoSvg/NS448.svg,old,1/1,6,112,0,12,0,0,0,19,0,4,0,5,1,0,6,1,17,0,0,0,0,1,0,44,0,0,
pianoSvg/NS449.svg,old,1/1,4,52,0,12,19,0,0,1,0,0,1,5,1,0,4,1,0,0,0,0,0,1,0,39,0,0,
pianoSvg/NS45.svg,old,1/1,6,81,0,25,6,0,0,5,0,11,1,12,1,0,6,1,8,0,0,0,0,1,0,49,0,0,
pianoSvg/NS450.svg,old,1/1,4,70,0,18,24,2,0,18,0,10,1,4,2,0,4,1,14,0,0,0,0,1,0,47,0,0,
pianoSvg/NS451.svg,old,1/1,4,42,0,4,4,0,0,0,0,3,1,1,2,0,4,1,10,0,0,0,0,1,0,22,0,0,
pianoSvg/NS452.svg,old,1/1,6,84,0,12,0,0,0,5,0,17,12,1,1,0,6,1,20,0,0,0,0,1,0,24,0,0,
pianoSvg/NS453.svg,old,1/1,9,131,0,9,5,0,0,12,0,17,5,14,1,0,9,1,25,0,0,0,0,1,3,51,0,0,3 | 3 | 3
pianoSvg/NS454.svg,old,1/1,4,49,0,1,0,0,0,8,0,10,4,8,2,0,4,1,0,2,0,0,0,1,0,67,0,0,
pianoSvg/NS455.svg,old,1/1,6,79,0,0,3,0,0,9,0,0,5,14,1,0,6,1,1,0,0,0,0,1,0,93,0,0,
pianoSvg/NS456.svg,old,1/1,2,34,0,4,6,0,0,2,0,0,0,2,1,0,2,1,0,0,0,0,0,1,0,44,0,0,
pianoSvg/NS457.svg,old,1/1,6,79,0,0,3,0,0,9,0,0,5,14,1,0,6,1,1,0,0,0,0,1,0,93,0,0,
pianoSvg/NS458.svg,old,1/1,6,56,0,6,2,0,0,1,0,0,3,4,2,0,6,1,11,0,0,0,0,1,0,48,0,0,
pianoSvg/NS459.svg,old,1/1,6,90,0,6,7,0,0,0,0,0,1,25,2,0,6,1,16,0,0,0,0,1,0,44,0,0,
pianoSvg/NS46.svg,old,1/1,8,120,0,8,7,0,0,8,0,26,17,11,1,0,8,1,11,0,0,0,0,1,0,62,0,0,
pianoSvg/NS460.svg,old,1/1,4,42,0,9,7,0,0,0,0,0,1,0,2,0,4,1,9,0,0,0,0,1,0,59,0,0,
pianoSvg/NS461.svg,old,1/1,8,136,0,8,9,0,0,6,0,23,5,14,1,0,8,1,17,1,0,0,0,1,0,34,0,0,
pianoSvg/NS462.svg,old,1/1,4,61,0,4,8,0,0,6,0,26,1,15,2,0,4,1,0,0,0,0,0,1,0,77,0,0,
pianoSvg/NS463.svg,old,1/1,2,29,0,2,2,0,0,5,0,2,1,7,1,0,2,1,3,0,0,0,0,1,0,43,0,0,
pianoSvg/NS464.svg,old,1/1,3,40,0,1,0,0,0,0,0,0,1,5,1,0,3,1,0,0,0,0,0,1,0,76,0,0,
pianoSvg/NS465.svg,old,1/1,6,151,0,2,0,0,0,4,0,22,2,8,1,0,6,1,39,0,0,0,0,1,1,14,0,0,3
pianoSvg/NS466.svg,old,1/1,6,113,0,12,2,0,0,14,0,9,5,21,1,0,6,1,26,0,0,0,0,1,0,44,0,0,
pianoSvg/NS467.svg,old,1/1,8,96,0,16,0,0,0,3,0,18,1,8,2,0,8,1,23,0,0,0,0,1,0,39,0,0,
pianoSvg/NS468.svg,old,1/1,2,28,0,2,4,0,0,0,0,0,1,3,2,0,2,1,2,0,0,0,0,1,0,41,0,0,
pianoSvg/NS469.svg,old,1/1,2,33,0,2,3,0,0,0,0,2,0,0,1,0,2,1,3,0,0,0,0,1,0,27,0,0,
pianoSvg/NS47.svg,old,1/1,4,76,0,4,7,0,0,2,0,0,1,11,2,0,4,1,11,0,0,0,0,1,0,52,0,0,
pianoSvg/NS470.svg,old,1/1,4,60,0,5,7,0,0,8,0,8,8,12,1,0,4,1,0,0,0,0,0,1,0,76,0,0,
pianoSvg/NS471.svg,old,1/1,8,137,0,8,17,0,0,9,0,15,2,22,1,0,8,3,26,3,0,0,0,3,0,59,0,0,
pianoSvg/NS472.svg,old,1/1,8,83,0,8,4,0,0,4,0,10,15,9,1,0,8,1,9,0,0,0,0,1,0,45,0,0,
pianoSvg/NS473.svg,old,1/1,6,82,0,7,10,0,0,0,0,0,3,5,1,0,6,1,2,2,0,0,0,1,0,149,0,0,
pianoSvg/NS474.svg,old,1/1,13,282,0,19,1,0,0,3,0,82,1,8,1,0,13,1,28,2,0,0,0,1,0,132,0,0,
pianoSvg/NS475.svg,old,1/1,5,70,0,16,47,1,0,0,0,0,1,10,2,0,5,1,0,0,0,0,0,1,0,91,0,0,
pianoSvg/NS476.svg,old,1/1,5,68,0,10,3,0,0,1,0,11,1,13,1,0,5,1,8,0,0,0,0,1,0,37,0,0,
pianoSvg/NS477.svg,old,1/1,4,88,0,8,18,0,0,10,0,2,10,13,1,0,4,1,23,0,0,0,0,1,0,34,0,0,
pianoSvg/NS478.svg,old,1/1,2,34,0,4,4,0,0,0,0,3,1,1,2,0,2,1,6,1,0,0,0,1,0,55,0,0,
pianoSvg/NS479.svg,old,1/1,8,114,0,8,4,0,0,0,0,0,0,33,2,0,8,2,16,0,0,0,0,2,0,43,0,0,
pianoSvg/NS48.svg,old,1/1,7,123,0,11,1,2,0,9,0,16,10,9,1,0,7,1,28,0,0,0,0,1,6,58,0,0,3 | 3 | 3 | 3
pianoSvg/NS480.svg,old,1/1,4,66,0,4,6,0,0,8,0,14,8,8,1,0,4,1,6,0,0,0,0,1,0,38,0,0,
pianoSvg/NS481.svg,old,1/1,6,124,0,6,7,0,0,27,0,15,0,29,1,2,6,2,51,0,0,0,0,2,1,45,0,0,3
pianoSvg/NS482.svg,old,1/1,7,97,0,7,8,0,0,17,0,7,5,18,1,0,7,1,23,0,0,0,0,1,0,44,0,0,
pianoSvg/NS483.svg,old,1/1,8,112,0,8,2,0,0,4,0,21,1,27,1,0,8,1,16,0,0,0,0,1,0,58,0,0,
pianoSvg/NS484.svg,old,1/1,4,40,0,12,14,0,0,0,0,8,1,17,2,0,4,1,7,0,0,0,0,1,0,18,0,0,
pianoSvg/NS485.svg,old,1/1,9,94,0,0,0,0,0,10,0,6,3,24,1,0,9,1,19,0,0,0,0,1,0,45,0,0,
pianoSvg/NS486.svg,old,1/1,6,78,0,6,6,0,0,0,0,54,1,27,2,0,6,1,7,0,0,0,0,1,0,38,0,0,
pianoSvg/NS487.svg,old,1/1,5,62,0,0,0,0,0,5,0,4,2,6,1,0,5,1,11,0,0,0,0,1,0,20,0,0,
pianoSvg/NS488.svg,old,1/1,4,64,0,0,0,0,0,3,0,8,4,14,4,0,4,1,9,0,0,0,0,1,0,39,0,0,
pianoSvg/NS489.svg,old,1/1,6,95,0,12,13,0,0,7,0,18,2,17,1,0,6,1,16,0,0,0,0,1,0,33,0,0,
pianoSvg/NS49.svg,old,1/1,7,110,0,28,25,0,0,2,0,20,13,6,1,0,7,1,26,0,0,0,0,1,0,41,0,0,
pianoSvg/NS490.svg,old,1/1,7,101,0,21,5,0,0,7,0,18,1,10,1,0,7,1,17,0,0,0,0,1,0,28,0,0,
pianoSvg/NS491.svg,old,1/1,7,99,0,7,0,0,0,1,0,18,2,9,1,2,7,2,13,0,0,0,0,1,0,42,0,0,
pianoSvg/NS492.svg,old,1/1,6,113,0,0,0,0,0,0,0,19,1,11,2,0,6,1,17,0,0,0,0,1,0,60,0,0,
pianoSvg/NS493.svg,old,1/1,6,75,0,12,2,0,0,2,0,2,3,3,1,0,6,1,15,0,0,0,0,1,1,36,0,0,3
pianoSvg/NS494.svg,old,1/1,6,92,0,6,9,0,0,5,0,19,8,9,1,3,6,2,19,0,0,0,0,1,0,41,0,0,
pianoSvg/NS495.svg,old,1/1,8,125,0,8,0,0,0,5,0,26,3,7,1,0,8,1,23,0,0,0,0,1,0,40,0,0,
pianoSvg/NS496.svg,old,1/1,12,250,0,24,42,0,0,16,0,35,2,27,1,0,12,1,27,0,0,0,0,1,5,119,0,0,3 | 3 | 3 | 3
pianoSvg/NS497.svg,old,1/1,4,71,0,4,7,0,0,0,0,6,2,6,1,0,4,1,14,0,0,0,0,1,0,23,0,0,
pianoSvg/NS498.svg,old,1/1,2,33,0,2,5,0,0,0,0,0,0,2,2,0,2,1,3,0,0,0,0,1,0,39,0,0,
pianoSvg/NS499.svg,old,1/1,11,131,0,23,14,0,0,2,1,70,2,46,1,0,11,1,55,0,0,0,0,2,0,34,0,0,
pianoSvg/NS5.svg,old,1/1,4,83,0,12,30,0,0,1,0,23,0,2,1,0,4,1,8,0,0,0,0,1,0,78,0,0,
pianoSvg/NS50.svg,old,1/1,4,65,0,4,2,0,0,7,0,8,5,11,1,0,4,1,12,0,0,0,0,1,2,29,0,0,3 | 3
pianoSvg/NS500.svg,old,1/1,9,89,0,36,13,0,0,5,0,24,1,5,2,0,9,1,17,0,0,0,0,1,0,21,0,0,
pianoSvg/NS501.svg,old,1/1,8,102,0,24,34,0,0,6,0,16,1,6,1,0,8,1,9,0,0,0,0,1,0,43,0,0,
pianoSvg/NS502.svg,old,1/1,12,226,0,12,16,0,0,1,0,39,18,10,1,0,12,1,58,0,0,0,0,1,0,99,0,0,
pianoSvg/NS503.svg,old,1/1,8,106,0,8,0,0,0,12,0,15,0,15,1,0,8,1,20,0,0,0,0,1,0,29,0,0,
pianoSvg/NS504.svg,old,1/1,12,157,0,12,9,0,0,6,0,30,8,8,1,0,12,1,18,0,0,0,0,1,0,48,0,0,
pianoSvg/NS505.svg,old,1/1,10,137,0,0,0,0,0,21,0,17,14,27,1,0,10,2,37,0,0,0,0,3,0,33,0,0,
pianoSvg/NS506.svg,old,1/1,8,130,0,24,4,0,0,6,0,27,2,8,1,0,8,1,18,0,0,0,0,1,0,34,0,0,
pianoSvg/NS507.svg,old,1/1,6,58,0,6,8,0,0,1,0,7,6,2,1,0,6,1,2,0,0,0,0,1,0,29,0,0,
pianoSvg/NS508.svg,old,1/1,7,57,0,7,7,0,0,5,0,2,3,16,1,0,7,1,5,0,0,0,0,1,0,38,0,0,
pianoSvg/NS509.svg,old,1/1,4,40,0,4,5,0,0,1,0,0,0,1,1,0,4,1,0,0,0,0,0,1,0,53,0,0,
pianoSvg/NS51.svg,old,1/1,4,97,0,4,4,0,0,1,0,14,8,5,1,0,4,1,17,0,0,0,0,1,0,64,0,0,
pianoSvg/NS510.svg,old,1/1,6,64,0,6,2,0,0,14,0,16,1,15,2,0,6,1,0,0,0,0,0,1,0,62,0,0,
pianoSvg/NS511.svg,old,1/1,8,94,0,10,0,0,0,10,0,4,13,10,1,0,8,1,10,0,0,0,0,1,8,41,0,0,3 | 3 | 3 | 3
pianoSvg/NS512.svg,old,1/1,7,102,0,28,24,0,0,8,0,12,3,9,1,0,7,1,14,0,0,0,0,1,2,25,0,0,3 | 3
pianoSvg/NS513.svg,old,1/1,8,148,0,8,9,0,0,9,0,31,2,12,1,3,8,2,10,0,0,0,0,3,0,52,0,0,
pianoSvg/NS514.svg,old,1/1,6,104,0,6,0,0,0,4,0,0,8,13,1,0,6,1,17,0,0,0,0,1,0,55,0,0,
pianoSvg/NS515.svg,old,1/1,6,93,0,24,24,0,0,13,0,7,6,15,1,0,6,1,15,0,0,0,0,1,14,37,0,0,3 | 3 | 3 | 3
pianoSvg/NS516.svg,old,1/1,9,90,0,36,34,0,0,1,0,2,1,12,2,2,9,3,14,0,0,0,0,1,0,50,0,0,
pianoSvg/NS517.svg,old,1/1,6,115,0,2,0,0,0,11,0,22,2,14,1,0,6,1,8,0,0,0,0,1,2,57,0,0,3 | 3
pianoSvg/NS518.svg,old,1/1,4,52,0,16,4,0,0,11,0,8,5,15,1,0,4,1,11,0,0,0,0,1,0,22,0,0,
pianoSvg/NS519.svg,old,1/1,8,107,0,16,1,0,0,8,0,14,13,9,1,0,8,1,27,0,0,0,0,1,1,38,0,0,3
pianoSvg/NS52.svg,old,1/1,5,117,0,15,3,0,0,13,0,23,5,13,1,0,5,1,32,0,0,0,0,1,0,29,0,0,
pianoSvg/NS520.svg,old,1/1,9,126,0,1,0,0,0,25,0,18,2,24,2,0,9,1,5,0,0,0,0,1,0,59,0,0,
pianoSvg/NS521.svg,old,1/1,4,75,0,4,0,0,0,2,0,14,2,4,1,0,4,1,17,0,0,0,0,1,0,24,0,0,
pianoSvg/NS522.svg,old,1/1,12,85,0,12,0,0,0,0,0,0,0,23,2,0,12,1,17,0,0,0,0,1,0,37,0,0,
pianoSvg/NS523.svg,old,1/1,12,215,0,0,0,0,0,4,0,77,9,17,1,0,12,1,18,0,0,0,0,1,2,84,0,0,3 | 3
pianoSvg/NS524.svg,old,1/1,8,113,0,16,0,0,0,1,0,20,4,8,1,0,8,1,37,0,0,0,0,1,0,36,0,0,
pianoSvg/NS525.svg,old,1/1,12,113,0,1,0,0,0,0,0,2,2,17,1,0,12,1,18,0,0,0,0,1,0,47,0,0,
pianoSvg/NS526.svg,old,1/1,14,225,0,28,24,0,0,2,0,55,3,12,1,0,14,1,43,0,0,0,0,1,0,73,0,0,
pianoSvg/NS527.svg,old,1/1,11,157,0,0,0,0,0,1,0,14,2,37,2,0,11,1,40,0,0,0,0,1,0,113,0,0,
pianoSvg/NS528.svg,old,1/1,9,108,0,18,0,0,0,4,0,16,4,15,1,0,9,1,15,0,0,0,0,1,0,40,0,0,
pianoSvg/NS529.svg,old,1/1,9,86,0,0,0,0,0,0,0,0,8,6,1,0,9,1,7,0,0,0,0,1,0,36,0,0,
pianoSvg/NS53.svg,old,1/1,7,141,0,21,32,0,0,11,0,24,10,11,1,0,7,1,27,0,0,0,0,1,0,70,0,0,
pianoSvg/NS530.svg,old,1/1,6,99,0,0,0,0,0,5,0,23,8,5,1,0,6,1,9,0,0,0,0,1,0,33,0,0,
pianoSvg/NS531.svg,old,1/1,4,39,0,16,4,0,0,2,0,9,3,2,1,0,4,1,2,0,0,0,0,1,0,0,0,0,
pianoSvg/NS532.svg,old,1/1,8,168,0,16,15,0,0,18,0,35,0,20,1,0,8,1,20,0,0,0,0,1,0,78,0,0,
pianoSvg/NS533.svg,old,1/1,11,173,0,1,0,0,0,15,0,31,12,16,1,0,11,1,26,0,0,0,0,1,0,60,0,0,
pianoSvg/NS534.svg,old,1/1,10,102,0,20,2,0,0,0,0,8,6,3,1,0,10,1,27,0,0,0,0,1,0,40,0,0,
pianoSvg/NS535.svg,old,1/1,10,137,0,30,23,0,0,0,0,22,0,7,1,0,10,1,26,0,0,0,0,1,0,31,0,0,
pianoSvg/NS536.svg,old,1/1,8,83,0,0,0,0,0,11,0,7,11,10,1,0,8,1,12,0,0,0,0,1,0,44,0,0,
pianoSvg/NS537.svg,old,1/1,2,41,0,2,1,0,0,9,0,8,0,10,1,0,2,1,3,0,0,0,0,1,0,9,0,0,
pianoSvg/NS538.svg,old,1/1,8,110,0,8,9,0,0,0,0,9,1,11,1,0,8,1,20,0,0,0,0,1,0,36,0,0,
pianoSvg/NS539.svg,old,1/1,12,155,0,25,0,0,0,10,0,23,0,13,1,0,12,1,10,0,0,0,0,1,0,57,0,0,
pianoSvg/NS54.svg,old,1/1,6,110,0,18,22,0,0,0,0,31,1,4,1,0,6,1,1,1,0,0,0,1,1,36,0,0,3
pianoSvg/NS540.svg,old,1/1,5,99,0,15,3,0,0,2,1,33,1,12,1,2,5,3,18,0,0,0,0,1,1,29,0,0,(Repeat)
pianoSvg/NS541.svg,old,1/1,8,83,0,16,0,0,0,2,0,2,2,12,1,0,8,1,15,0,0,0,0,1,1,41,0,0,(Chorus)
pianoSvg/NS542.svg,old,1/1,12,186,0,48,38,0,0,12,0,42,15,18,1,0,12,2,54,0,0,0,0,2,0,69,0,0,
pianoSvg/NS543.svg,old,1/1,12,176,0,51,8,0,0,6,0,31,3,18,1,0,12,3,14,3,0,0,0,1,0,85,0,0,
pianoSvg/NS544.svg,old,1/1,4,67,0,8,5,0,0,29,0,3,1,0,2,0,4,1,13,0,0,0,0,1,0,60,0,0,
pianoSvg/NS545.svg,old,1/1,7,81,0,21,25,0,0,2,0,5,1,12,1,2,7,3,10,0,0,0,0,1,0,30,0,0,
pianoSvg/NS546.svg,old,1/1,7,127,0,0,0,0,0,15,0,13,2,20,1,2,7,3,18,0,0,0,0,1,0,53,0,0,
pianoSvg/NS547.svg,old,1/1,5,76,0,5,1,0,0,9,0,14,3,9,1,0,5,1,24,0,0,0,0,1,0,20,0,0,
pianoSvg/NS548.svg,old,1/1,5,90,0,10,11,0,0,2,0,38,5,7,1,0,5,1,18,0,0,0,0,1,1,26,0,0,(End with chorus)
pianoSvg/NS549.svg,old,1/1,5,64,0,0,0,0,0,5,0,10,3,11,1,0,5,1,8,0,0,0,0,1,0,23,0,0,
pianoSvg/NS55.svg,old,1/1,3,57,0,3,3,0,0,2,0,14,1,4,1,0,3,1,7,0,0,0,0,1,0,38,0,0,
pianoSvg/NS550.svg,old,1/1,6,98,0,12,0,0,0,25,0,16,4,10,2,0,6,1,11,0,0,0,0,1,0,44,0,0,
pianoSvg/NS551.svg,old,1/1,8,126,0,8,10,0,0,4,0,21,1,7,1,0,8,1,46,0,0,0,0,1,0,42,0,0,
pianoSvg/NS552.svg,old,1/1,8,99,0,16,4,0,0,10,0,6,4,16,1,0,8,1,25,0,0,0,0,1,4,47,0,0,3 | 3 | 3 | 3
pianoSvg/NS553.svg,old,1/1,5,79,0,5,8,0,0,9,0,14,4,9,1,0,5,1,19,0,0,0,0,1,0,30,0,0,
pianoSvg/NS554.svg,old,1/1,8,80,0,17,16,0,0,2,0,23,1,2,2,0,8,1,10,0,0,0,0,1,0,36,0,0,
pianoSvg/NS555.svg,old,1/1,4,63,0,4,1,0,0,3,0,18,1,14,1,0,4,1,0,0,0,0,0,1,0,27,0,0,
pianoSvg/NS556.svg,old,1/1,7,108,0,21,29,0,0,5,0,8,1,11,1,0,7,1,18,0,0,0,0,1,0,36,0,0,
pianoSvg/NS557.svg,old,1/1,8,113,0,8,6,0,0,1,0,31,2,5,2,0,8,1,21,1,0,0,0,1,0,39,0,0,
pianoSvg/NS558.svg,old,1/1,2,37,0,2,3,0,0,0,0,10,1,4,1,0,2,1,13,0,0,0,0,1,0,33,0,0,
pianoSvg/NS559.svg,old,1/1,8,148,0,1,0,0,0,11,0,26,2,13,1,0,8,1,17,0,0,0,0,1,0,46,0,0,
pianoSvg/NS56.svg,old,1/1,2,36,0,2,2,0,0,0,0,0,1,3,1,0,2,1,6,0,0,0,0,1,0,35,0,0,
pianoSvg/NS560.svg,old,1/1,8,81,0,8,8,0,0,0,0,10,10,1,1,0,8,1,13,0,0,0,0,1,0,19,0,0,
pianoSvg/NS561.svg,old,1/1,6,75,0,18,28,0,0,1,0,7,2,10,2,0,6,1,7,0,0,0,0,1,0,59,0,0,
pianoSvg/NS562.svg,old,1/1,4,69,0,8,13,0,0,0,0,0,1,8,2,0,4,1,12,0,0,0,0,1,0,27,0,0,
pianoSvg/NS563.svg,old,1/1,4,71,0,13,32,1,0,6,0,10,0,6,1,0,4,1,11,0,0,0,0,1,0,58,0,0,
pianoSvg/NS564.svg,old,1/1,4,47,0,8,5,0,0,0,0,5,1,3,2,0,4,1,7,0,0,0,0,1,0,41,0,0,
pianoSvg/NS565.svg,old,1/1,4,40,0,17,11,0,0,0,0,0,0,0,1,0,4,1,0,0,0,0,0,1,0,49,0,0,
pianoSvg/NS566.svg,old,1/1,8,70,0,8,0,0,0,0,0,0,0,7,2,0,8,1,15,0,0,0,0,1,0,33,0,0,
pianoSvg/NS567.svg,old,1/1,8,145,0,8,0,0,0,4,0,24,2,4,1,0,8,1,44,0,1,0,0,1,0,24,0,0,
pianoSvg/NS568.svg,old,1/1,5,84,0,20,8,0,0,2,0,18,7,2,1,0,5,1,16,0,0,0,0,1,0,48,0,0,
pianoSvg/NS569.svg,old,1/1,7,86,0,14,0,0,0,4,0,28,4,10,1,0,7,1,14,0,0,0,0,1,0,34,0,0,
pianoSvg/NS57.svg,old,1/1,4,66,0,16,28,0,0,7,0,12,0,10,1,0,4,1,0,0,0,0,0,1,0,39,0,0,
pianoSvg/NS570.svg,old,1/1,4,33,0,4,4,0,0,0,0,2,1,2,2,0,4,1,6,0,0,0,0,1,0,36,0,0,
pianoSvg/NS571.svg,old,1/1,5,55,0,5,5,0,0,5,0,4,3,6,1,0,5,1,6,0,0,0,0,1,0,28,0,0,
pianoSvg/NS572.svg,old,1/1,12,131,0,0,0,0,0,7,0,12,22,15,1,0,12,1,13,0,0,0,0,1,0,66,0,0,
pianoSvg/NS573.svg,old,1/1,4,47,0,12,22,0,0,0,0,5,1,3,2,0,4,1,7,0,0,0,0,1,0,41,0,0,
pianoSvg/NS574.svg,old,1/1,4,57,0,0,0,0,0,6,0,1,1,10,1,0,4,1,1,0,0,0,0,1,0,64,0,0,
pianoSvg/NS575.svg,old,1/1,6,61,0,6,0,0,0,2,0,7,1,12,2,3,6,3,9,1,0,0,0,1,0,40,0,0,
pianoSvg/NS576.svg,old,1/1,10,158,0,12,10,0,0,9,0,19,8,24,1,2,10,3,40,0,0,0,0,1,9,83,0,0,3 | 3 | 3 | 3
pianoSvg/NS577.svg,old,1/1,6,105,0,6,0,0,0,6,0,25,0,11,1,0,6,1,9,0,0,0,0,1,0,41,0,0,
pianoSvg/NS578.svg,old,1/1,4,71,0,13,32,1,0,6,0,10,0,6,1,0,4,1,11,0,0,0,0,1,0,58,0,0,
pianoSvg/NS579.svg,old,1/1,8,81,0,40,24,0,0,5,0,13,1,7,2,0,8,1,3,0,0,0,0,1,0,32,0,0,
pianoSvg/NS58.svg,old,1/1,4,60,0,13,23,1,0,0,0,4,1,2,1,0,4,1,7,0,0,0,0,1,0,37,0,0,
pianoSvg/NS580.svg,old,1/1,8,104,0,30,1,6,0,12,0,22,13,21,1,0,8,1,23,0,0,0,0,1,0,49,0,0,
pianoSvg/NS581.svg,old,1/1,7,82,0,0,0,0,0,2,0,24,0,9,2,0,7,1,18,0,0,0,0,1,0,36,0,0,
pianoSvg/NS582.svg,old,1/1,4,64,0,16,10,0,0,10,0,8,4,10,1,0,4,1,4,0,0,0,0,1,0,56,0,0,
pianoSvg/NS583.svg,old,1/1,8,79,0,8,0,0,0,8,0,3,11,9,1,0,8,1,23,0,0,0,0,1,1,50,0,0,3
pianoSvg/NS584.svg,old,1/1,8,98,0,32,9,0,0,12,0,17,5,18,1,0,8,1,16,0,0,0,0,1,4,53,0,0,3 | 3 | 3 | 3
pianoSvg/NS585.svg,old,1/1,4,57,0,12,26,0,0,1,0,9,8,2,1,0,4,1,7,1,0,0,0,1,8,27,0,0,3 | 3 | 3 | 3
pianoSvg/NS586.svg,old,1/1,4,77,0,1,0,0,0,0,0,0,1,32,2,0,4,1,3,0,0,0,0,1,0,56,0,0,
pianoSvg/NS587.svg,old,1/1,4,104,0,4,10,0,0,0,0,1,4,3,1,0,4,1,18,0,0,0,0,1,0,68,0,0,
pianoSvg/NS588.svg,old,1/1,3,39,0,0,0,0,0,6,0,0,0,27,3,0,3,1,2,0,0,0,0,1,0,13,0,0,
pianoSvg/NS589.svg,old,1/1,8,128,0,16,2,0,0,10,0,23,8,13,1,0,8,1,20,0,0,0,0,1,0,47,0,0,
pianoSvg/NS59.svg,old,1/1,8,121,0,0,0,0,0,2,0,25,1,7,1,0,8,1,20,0,0,0,0,1,0,49,0,0,
pianoSvg/NS590.svg,old,1/1,6,82,0,7,6,0,0,0,0,0,3,5,1,0,6,1,1,2,0,0,0,1,0,65,0,0,
pianoSvg/NS591.svg,old,1/1,4,40,0,4,5,0,0,1,0,0,0,1,1,0,4,1,0,0,0,0,0,1,0,53,0,0,
pianoSvg/NS592.svg,old,1/1,13,169,0,39,47,0,0,16,0,17,14,20,1,0,13,1,23,0,0,0,0,1,3,79,0,0,3 | 3 | 3
pianoSvg/NS593.svg,old,1/1,4,64,0,4,4,0,0,0,0,16,1,17,2,0,4,1,0,0,0,0,0,1,0,59,0,0,
pianoSvg/NS594.svg,old,1/1,6,86,0,12,24,0,0,5,0,45,1,36,1,0,6,1,3,1,0,0,0,1,0,70,0,0,
pianoSvg/NS595.svg,old,1/1,6,76,0,6,4,0,0,3,0,12,4,4,1,0,6,1,27,0,0,0,0,1,0,29,0,0,
pianoSvg/NS596.svg,old,1/1,3,48,0,9,23,0,0,2,0,8,1,3,1,0,3,1,8,0,0,0,0,1,0,24,0,0,
pianoSvg/NS597.svg,old,1/1,3,40,0,1,0,0,0,0,0,0,1,5,1,0,3,1,0,0,0,0,0,1,0,37,0,0,
pianoSvg/NS598.svg,old,1/1,6,78,0,6,6,0,0,0,0,54,1,27,2,0,6,1,8,0,0,0,0,1,0,37,0,0,
pianoSvg/NS599.svg,old,1/1,5,68,0,10,0,0,0,0,4,51,3,27,2,0,5,1,1,0,0,0,0,1,1,21,0,0,3
pianoSvg/NS6.svg,old,1/1,5,123,0,25,30,0,0,20,0,17,2,32,2,0,5,1,21,0,0,0,0,1,0,47,0,0,
pianoSvg/NS60.svg,old,1/1,5,103,0,15,25,0,0,13,0,10,1,26,1,0,5,1,15,0,0,0,0,1,0,53,0,0,
pianoSvg/NS600.svg,old,1/1,4,32,0,8,1,0,0,0,0,0,0,3,2,0,4,1,0,0,0,0,0,1,0,24,0,0,
pianoSvg/NS601.svg,old,1/1,8,116,0,24,27,0,0,15,0,19,5,21,1,0,8,1,27,0,0,0,0,1,0,50,0,0,
pianoSvg/NS602.svg,old,1/1,8,134,0,32,41,0,0,13,0,26,1,5,5,0,8,1,12,0,0,0,0,1,0,71,0,0,
pianoSvg/NS603.svg,old,1/1,8,104,0,0,0,0,0,8,0,12,1,12,1,0,8,1,29,0,0,0,0,1,6,46,0,0,3 | 3 | 3 | 3
pianoSvg/NS604.svg,old,1/1,4,52,0,10,1,0,0,22,0,0,1,10,2,0,4,1,6,0,0,0,0,1,0,32,0,0,
pianoSvg/NS605.svg,old,1/1,6,119,0,18,26,0,0,5,0,27,5,8,1,0,6,1,34,0,0,0,0,1,0,33,0,0,
pianoSvg/NS606.svg,old,1/1,2,33,0,3,3,1,0,0,0,0,0,4,2,0,2,1,1,0,0,0,0,1,0,36,0,0,
pianoSvg/NS607.svg,old,1/1,8,101,0,8,6,0,0,0,0,23,3,6,1,0,8,1,19,0,0,0,0,1,0,25,0,0,
pianoSvg/NS608.svg,old,1/1,8,104,0,8,7,0,0,20,0,0,1,28,1,0,8,1,31,0,0,0,0,1,0,42,0,0,
pianoSvg/NS609.svg,old,1/1,8,115,0,32,29,6,0,0,12,50,14,59,1,0,8,1,23,0,0,0,0,1,2,34,0,0,3 | 3
pianoSvg/NS61.svg,old,1/1,2,43,0,2,4,0,0,0,0,8,0,0,1,0,2,1,0,0,0,0,0,1,0,26,0,0,
pianoSvg/NS610.svg,old,1/1,13,232,0,13,17,0,0,13,0,45,11,34,1,0,13,1,55,0,0,0,0,1,1,136,0,0,3
pianoSvg/NS611.svg,old,1/1,4,53,0,12,16,0,0,5,0,7,1,6,1,0,4,1,4,0,0,0,0,1,2,27,0,0,3 | 3
pianoSvg/NS612.svg,old,1/1,6,85,0,6,0,0,0,8,0,13,0,8,1,0,6,1,3,0,0,0,0,1,0,33,0,0,
pianoSvg/NS613.svg,old,1/1,10,153,0,10,12,0,0,2,7,65,18,42,1,0,10,1,38,0,0,0,0,1,0,46,0,0,
pianoSvg/NS614.svg,new,1/1,3,49,0,0,0,0,0,2,0,11,1,2,1,0,3,1,11,0,0,0,0,1,0,25,0,0,
pianoSvg/NS615.svg,old,1/1,4,44,0,12,7,0,0,3,0,0,0,3,1,0,4,1,0,0,0,0,0,1,0,58,0,0,
pianoSvg/NS616.svg,old,1/1,4,57,0,0,0,0,0,6,0,1,1,10,1,0,4,1,1,0,0,0,0,1,0,64,0,0,
pianoSvg/NS617.svg,old,1/1,6,94,0,19,19,1,0,3,0,16,1,8,1,0,6,1,20,0,0,0,0,1,0,35,0,0,
pianoSvg/NS618.svg,old,1/1,9,88,0,9,0,0,0,4,0,9,1,10,2,0,9,1,11,0,0,0,0,1,0,46,0,0,
pianoSvg/NS619.svg,old,1/1,8,89,0,16,16,0,0,11,0,1,5,14,1,0,8,1,6,0,0,0,0,1,2,51,0,0,3 | 3
pianoSvg/NS62.svg,old,1/1,4,93,0,4,6,0,0,6,0,22,3,1,1,0,4,1,2,0,0,0,0,1,0,61,0,0,
pianoSvg/NS620.svg,old,1/1,6,126,0,12,20,0,0,8,0,29,12,4,1,0,6,1,8,0,0,0,0,1,0,41,0,0,
pianoSvg/NS621.svg,old,1/1,4,56,0,8,5,0,0,10,0,0,1,14,1,0,4,1,0,0,0,0,0,1,0,68,0,0,
pianoSvg/NS622.svg,old,1/1,4,61,0,9,6,0,0,6,0,0,1,14,2,0,4,1,1,0,0,0,0,1,0,62,0,0,
pianoSvg/NS623.svg,old,1/1,3,32,0,4,0,1,0,0,0,0,3,3,1,3,3,2,5,0,0,0,0,1,0,20,0,0,
pianoSvg/NS624.svg,old,1/1,5,62,0,5,2,0,0,16,0,4,11,12,1,0,5,1,9,0,0,0,0,1,6,17,0,0,3 | 3 | 3 | 3
pianoSvg/NS625.svg,old,1/1,8,60,0,32,6,0,0,2,0,1,3,16,2,0,8,1,6,0,0,0,0,1,0,45,0,0,
pianoSvg/NS626.svg,old,1/1,7,122,0,1,0,0,0,5,0,31,7,5,1,0,7,1,39,0,0,0,0,1,0,34,0,0,
pianoSvg/NS627.svg,old,1/1,2,33,0,3,3,1,0,0,0,0,0,4,2,0,2,1,1,0,0,0,0,1,0,36,0,0,
pianoSvg/NS628.svg,old,1/1,4,67,0,12,21,0,0,1,0,7,4,8,1,0,4,1,9,0,0,0,0,1,0,42,0,0,
pianoSvg/NS629.svg,old,1/1,4,52,0,12,19,0,0,1,0,0,1,5,1,0,4,1,0,0,0,0,0,1,0,41,0,0,
pianoSvg/NS63.svg,old,1/1,6,96,0,6,13,0,0,7,0,18,9,7,1,0,6,1,3,0,0,0,0,1,1,97,0,0,3
pianoSvg/NS630.svg,old,1/1,4,61,0,9,6,0,0,6,0,0,1,14,2,0,4,1,1,0,0,0,0,1,0,62,0,0,
pianoSvg/NS631.svg,old,1/1,4,43,0,12,10,0,0,2,0,0,0,5,1,0,4,1,0,0,0,0,0,1,0,31,0,0,
pianoSvg/NS632.svg,old,1/1,4,61,0,9,6,0,0,6,0,0,1,14,2,0,4,1,1,0,0,0,0,1,0,62,0,0,
pianoSvg/NS633.svg,old,1/1,5,87,0,10,1,0,0,9,0,28,3,23,1,0,5,1,2,0,0,0,0,1,5,38,0,0,3 | 3 | 3 | 3
pianoSvg/NS634.svg,old,1/1,7,105,0,0,0,0,0,8,0,25,7,10,1,0,7,1,36,0,0,0,0,1,0,30,0,0,
pianoSvg/NS635.svg,old,1/1,7,78,0,7,7,0,0,10,0,7,13,17,1,0,7,1,20,0,0,0,0,1,0,35,0,0,
pianoSvg/NS636.svg,old,1/1,5,76,0,10,18,0,0,8,0,20,1,8,2,0,5,1,0,0,0,0,0,1,0,59,0,0,
pianoSvg/NS637.svg,old,1/1,8,79,0,16,19,0,0,1,0,4,5,7,1,0,8,1,18,0,0,0,0,1,0,35,0,0,
pianoSvg/NS638.svg,old,1/1,4,61,0,16,0,0,0,1,0,16,0,13,2,0,4,1,1,0,0,0,0,1,0,29,0,0,
pianoSvg/NS639.svg,old,1/1,5,72,0,10,1,0,0,10,0,14,5,12,1,0,5,1,17,0,0,0,0,1,0,25,0,0,
pianoSvg/NS64.svg,old,1/1,4,83,0,4,0,0,0,7,0,16,2,7,1,0,4,1,16,0,0,0,0,1,0,59,0,0,
pianoSvg/NS640.svg,old,1/1,8,93,0,24,22,0,0,8,0,16,9,13,1,0,8,1,29,0,0,0,0,1,1,29,0,0,3
pianoSvg/NS641.svg,old,1/1,2,29,0,6,12,0,0,3,0,6,1,5,1,0,2,1,5,0,0,0,0,1,0,29,0,0,
pianoSvg/NS642.svg,old,1/1,6,64,0,18,18,0,0,5,0,13,1,7,2,0,6,1,4,0,0,0,0,1,0,42,0,0,
pianoSvg/NS643.svg,old,1/1,9,167,0,1,0,0,0,14,0,27,5,20,1,2,9,3,21,0,0,0,0,2,0,51,0,0,
pianoSvg/NS644.svg,old,1/1,7,129,0,0,0,0,0,0,0,28,1,1,1,0,7,1,28,0,0,0,0,1,0,36,0,0,
pianoSvg/NS645.svg,old,1/1,6,114,0,2,0,0,0,2,0,5,1,14,2,0,6,1,7,0,0,0,0,1,0,105,0,0,
pianoSvg/NS646.svg,old,1/1,4,81,0,13,12,1,0,10,0,14,4,11,1,0,4,1,20,0,0,0,0,2,0,36,0,0,
pianoSvg/NS647.svg,old,1/1,8,98,0,16,14,0,0,12,4,18,2,20,1,0,8,1,12,0,0,0,0,1,0,35,0,0,
pianoSvg/NS648.svg,old,1/1,8,105,0,0,0,0,0,17,0,12,3,21,1,0,8,1,21,0,0,0,0,1,1,48,0,0,3
pianoSvg/NS649.svg,old,1/1,4,74,0,0,0,0,0,4,0,14,1,5,1,0,4,1,32,0,0,0,0,1,0,20,0,0,
pianoSvg/NS65.svg,old,1/1,4,130,0,4,5,0,0,5,0,26,7,8,1,0,4,1,33,0,0,0,0,1,0,54,0,0,
pianoSvg/NS650.svg,old,1/1,8,82,0,8,8,0,0,0,1,28,6,21,2,0,8,1,19,0,0,0,0,1,0,32,0,0,
pianoSvg/NS651.svg,old,1/1,4,80,0,6,5,1,0,7,0,0,6,9,2,0,4,1,0,1,0,0,0,1,0,64,0,0,
pianoSvg/NS652.svg,old,1/1,8,122,0,8,6,0,0,0,0,21,6,1,1,0,8,1,11,0,0,0,0,1,0,57,0,0,
pianoSvg/NS653.svg,old,1/1,6,115,0,18,16,0,0,10,0,25,5,11,1,0,6,1,22,0,0,0,0,1,0,34,0,0,
pianoSvg/NS654.svg,old,1/1,8,145,0,0,0,0,0,16,0,24,1,20,1,0,8,1,7,2,0,0,0,1,4,85,0,0,3 | 3 | 3 | 3
pianoSvg/NS655.svg,old,1/1,8,131,0,16,0,0,0,6,0,29,7,11,1,0,8,1,61,0,0,0,0,1,0,32,0,0,
pianoSvg/NS656.svg,old,1/1,6,78,0,24,4,0,0,4,1,20,4,15,1,2,6,2,12,0,0,0,0,2,0,32,0,0,
pianoSvg/NS657.svg,old,1/1,8,123,0,8,6,0,0,12,0,26,12,7,1,0,8,1,6,0,0,0,0,1,0,43,0,0,
pianoSvg/NS658.svg,old,1/1,4,59,0,8,4,0,0,9,0,7,5,12,1,0,4,1,14,0,0,0,0,1,0,30,0,0,
pianoSvg/NS659.svg,old,1/1,6,117,0,14,2,0,0,3,0,23,1,7,1,0,6,1,18,0,0,0,0,1,0,48,0,0,
pianoSvg/NS66.svg,old,1/1,2,43,0,6,8,0,0,7,0,19,3,11,2,0,2,1,0,1,0,0,0,1,0,18,0,0,
pianoSvg/NS660.svg,old,1/1,4,56,0,8,0,0,0,9,0,6,2,12,1,0,4,1,17,0,0,0,0,1,0,18,0,0,
pianoSvg/NS661.svg,old,1/1,6,90,0,6,2,0,0,1,0,25,5,13,1,0,6,1,20,0,0,0,0,1,0,23,0,0,
pianoSvg/NS662.svg,old,1/1,12,146,0,24,3,0,0,15,0,7,4,33,1,0,12,1,37,0,0,0,0,1,0,72,0,0,
pianoSvg/NS663.svg,old,1/1,5,54,0,2,2,0,0,1,0,0,1,4,1,0,5,1,2,0,0,0,0,1,0,55,0,0,
pianoSvg/NS664.svg,old,1/1,2,31,0,2,2,0,0,1,0,0,0,5,2,0,2,1,3,0,0,0,0,1,0,33,0,0,
pianoSvg/NS665.svg,old,1/1,4,63,0,8,7,0,0,0,0,19,1,0,2,0,4,1,3,0,0,0,0,1,0,52,0,0,
pianoSvg/NS666.svg,old,1/1,4,55,0,8,0,0,0,12,0,12,3,18,1,0,4,1,5,0,0,0,0,1,0,35,0,0,
pianoSvg/NS667.svg,old,1/1,8,122,0,0,0,0,0,20,0,25,3,22,2,0,8,1,9,0,0,0,0,1,0,48,0,0,
pianoSvg/NS668.svg,old,1/1,4,43,0,12,10,0,0,2,0,0,0,5,1,0,4,1,1,0,0,0,0,1,0,31,0,0,
pianoSvg/NS669.svg,old,1/1,6,97,0,12,0,0,0,4,0,13,2,16,1,0,6,1,16,0,0,0,0,1,0,33,0,0,
pianoSvg/NS67.svg,old,1/1,4,65,0,12,17,0,0,2,0,18,1,8,1,0,4,1,1,1,0,0,0,1,0,31,0,0,
pianoSvg/NS670.svg,old,1/1,6,78,0,7,8,0,0,4,0,17,3,6,1,0,6,1,30,0,0,0,0,1,1,17,0,0,(Do not repeat Chorus after verse 5)
pianoSvg/NS671.svg,old,1/1,4,53,0,13,20,1,0,1,0,2,0,6,1,0,4,1,1,0,0,0,0,1,0,41,0,0,
pianoSvg/NS672.svg,old,1/1,7,115,0,28,9,0,0,9,0,8,15,18,1,3,7,3,26,0,0,0,0,1,0,46,0,0,
pianoSvg/NS673.svg,old,1/1,9,213,0,13,1,2,0,8,0,27,11,3,1,0,9,1,27,1,0,0,0,1,0,108,0,0,
pianoSvg/NS674.svg,old,1/1,4,42,0,4,3,0,0,0,0,4,1,3,2,0,4,1,1,0,0,0,0,1,0,28,0,0,
pianoSvg/NS675.svg,old,1/1,8,130,0,16,1,0,0,7,0,24,8,9,1,0,8,1,23,0,0,0,0,1,0,49,0,0,
pianoSvg/NS676.svg,old,1/1,13,280,0,19,1,0,0,4,0,81,1,9,1,0,13,1,33,2,0,0,0,1,0,132,0,0,
pianoSvg/NS677.svg,old,1/1,6,84,0,9,4,0,0,12,0,36,10,24,2,0,6,1,0,1,0,0,0,1,0,32,0,0,
pianoSvg/NS678.svg,old,1/1,8,147,0,8,9,0,0,10,0,22,9,10,1,0,8,1,6,0,0,0,0,1,7,55,0,0,3 | 3 | 3 | 3
pianoSvg/NS679.svg,old,1/1,6,87,0,6,9,0,0,0,0,8,3,8,1,2,6,3,16,0,0,0,0,1,0,21,0,0,
pianoSvg/NS68.svg,old,1/1,4,107,0,0,0,0,0,10,0,8,3,17,1,0,4,1,19,0,0,0,0,1,0,58,0,0,
pianoSvg/NS680.svg,old,1/1,7,111,0,29,33,1,0,6,0,25,5,10,1,0,7,1,13,0,0,0,0,1,0,67,0,0,
pianoSvg/NS681.svg,old,1/1,2,28,0,2,3,0,0,0,0,0,1,3,2,0,2,1,2,0,0,0,0,1,4,26,0,0,"The following can be grouped together: | Suggestion 1: Stanzas 1, 4-7, 30. | Suggestion 2: Stanzas 1-17. | Suggestion 3:"
pianoSvg/NS682.svg,old,1/1,8,96,0,8,4,0,0,2,0,13,8,6,1,0,8,1,17,0,0,0,0,1,0,64,0,0,
pianoSvg/NS683.svg,old,1/1,6,83,0,6,0,0,0,0,0,1,1,14,2,0,6,1,14,0,0,0,0,1,0,46,0,0,
pianoSvg/NS684.svg,old,1/1,11,168,0,47,29,0,0,4,0,56,9,16,1,0,11,1,25,0,0,0,0,1,0,29,0,0,
pianoSvg/NS685.svg,old,1/1,7,89,0,21,28,0,0,4,0,24,4,7,1,0,7,1,9,0,0,0,0,1,0,54,0,0,
pianoSvg/NS686.svg,old,1/1,7,91,0,21,27,0,0,13,0,0,2,14,1,0,7,1,23,0,0,0,0,1,0,40,0,0,
pianoSvg/NS687.svg,old,1/1,5,83,0,0,0,0,0,0,2,30,6,4,1,0,5,1,13,0,0,0,0,1,0,54,0,0,
pianoSvg/NS688.svg,old,1/1,6,89,0,0,0,0,0,8,0,15,2,8,1,0,6,1,29,0,0,0,0,1,0,25,0,0,
pianoSvg/NS689.svg,old,1/1,2,29,0,6,15,0,0,2,0,4,0,2,1,0,2,1,5,0,0,0,0,1,0,27,0,0,
pianoSvg/NS69.svg,old,1/1,6,114,0,6,12,0,0,3,0,24,0,5,1,0,6,1,12,0,0,0,0,1,0,105,0,0,
pianoSvg/NS690.svg,old,1/1,4,64,0,8,3,0,0,10,0,11,7,12,1,0,4,1,6,0,0,0,0,1,0,58,0,0,
pianoSvg/NS691.svg,old,1/1,8,101,0,24,19,0,0,14,0,7,5,18,1,0,8,1,24,0,0,0,0,1,0,32,0,0,
pianoSvg/NS692.svg,old,1/1,5,87,0,25,17,0,0,0,0,18,0,0,1,0,5,1,13,0,0,0,0,1,0,46,0,0,
pianoSvg/NS693.svg,old,1/1,4,42,0,8,6,0,0,0,0,0,0,0,1,0,4,1,0,0,0,0,0,1,0,42,0,0,
pianoSvg/NS694.svg,old,1/1,4,42,0,0,0,0,0,1,0,0,2,14,2,0,4,1,3,0,0,0,0,1,0,45,0,0,
pianoSvg/NS695.svg,old,1/1,4,58,0,4,4,0,0,0,0,42,1,21,2,0,4,1,5,0,0,0,0,1,0,49,0,0,
pianoSvg/NS696.svg,old,1/1,8,84,0,16,19,0,0,12,0,12,1,12,2,0,8,1,0,2,0,0,0,1,0,53,0,0,
pianoSvg/NS697.svg,old,1/1,4,62,0,4,3,0,0,3,0,2,0,3,1,0,4,1,2,0,0,0,0,1,0,60,0,0,
pianoSvg/NS698.svg,old,1/1,4,95,0,16,14,0,0,9,0,0,0,9,2,0,4,1,22,1,0,0,0,1,13,87,0,0,3 | 3 | 3 | 3
pianoSvg/NS699.svg,old,1/1,6,94,0,0,2,0,0,0,0,0,3,12,2,0,6,1,8,1,0,0,0,1,0,100,0,0,
pianoSvg/NS7.svg,old,1/1,4,56,0,9,12,1,0,8,0,0,1,12,1,0,4,1,0,0,0,0,0,1,0,39,0,0,
pianoSvg/NS70.svg,old,1/1,4,69,0,5,6,1,0,0,0,0,1,5,2,0,4,1,16,0,0,0,0,1,0,62,0,0,
pianoSvg/NS700.svg,old,1/1,7,103,0,7,7,0,0,3,0,11,4,10,1,0,7,1,23,0,0,0,0,1,0,43,0,0,
pianoSvg/NS701.svg,old,1/1,4,65,0,8,1,0,0,4,0,12,6,5,1,0,4,1,2,0,0,0,0,1,0,22,0,0,
pianoSvg/NS702.svg,old,1/1,5,83,0,10,0,0,0,2,0,17,3,5,1,0,5,1,23,0,0,0,0,1,0,25,0,0,
pianoSvg/NS703.svg,old,1/1,5,59,0,10,0,0,0,2,0,9,1,15,1,2,5,3,6,0,0,0,0,1,0,26,0,0,
pianoSvg/NS704.svg,old,1/1,8,135,0,12,3,0,0,3,0,35,26,3,1,0,8,1,31,0,0,0,0,1,0,61,0,0,
pianoSvg/NS705.svg,old,1/1,7,114,0,14,14,0,0,13,0,23,9,12,1,0,7,1,31,0,0,0,0,1,0,32,0,0,
pianoSvg/NS706.svg,old,1/1,7,111,0,7,0,0,0,8,0,20,15,9,1,0,7,1,3,0,0,0,0,1,0,50,0,0,
pianoSvg/NS707.svg,old,1/1,11,194,0,11,9,0,0,20,0,43,5,24,1,0,11,1,35,0,0,0,0,1,2,71,0,0,3 | 3
pianoSvg/NS708.svg,old,1/1,12,139,0,36,38,0,0,16,0,18,2,19,2,0,12,1,10,0,0,0,0,1,0,62,0,0,
pianoSvg/NS709.svg,old,1/1,8,132,0,16,21,0,0,2,0,26,4,4,1,0,8,1,22,0,0,0,0,1,1,31,0,0,3
pianoSvg/NS71.svg,old,1/1,4,91,0,4,0,0,0,12,0,6,6,15,1,0,4,1,18,0,0,0,0,1,0,46,0,0,
pianoSvg/NS710.svg,old,1/1,7,99,0,7,0,0,0,6,0,15,10,8,1,0,7,1,16,0,0,0,0,1,0,28,0,0,
pianoSvg/NS711.svg,old,1/1,14,322,0,56,70,0,0,11,1,76,21,29,1,0,14,1,76,1,0,0,0,1,1,84,0,0,3
pianoSvg/NS712.svg,old,1/1,8,122,0,16,4,0,0,18,0,5,18,1,1,0,8,1,21,0,0,0,0,1,18,54,0,0,3 | 3 | 3 | 3
pianoSvg/NS713.svg,old,1/1,4,48,0,0,0,0,0,10,0,2,1,10,2,0,4,1,2,0,0,0,0,1,0,36,0,0,
pianoSvg/NS714.svg,old,1/1,12,185,0,24,24,0,0,0,0,29,5,2,1,0,12,1,48,0,0,0,0,1,0,60,0,0,
pianoSvg/NS715.svg,old,1/1,12,170,0,24,33,0,0,16,0,21,3,21,1,0,12,1,28,0,0,0,0,1,0,67,0,0,
pianoSvg/NS716.svg,old,1/1,3,30,0,6,0,0,0,9,0,1,0,9,1,0,3,1,1,0,0,0,0,1,0,22,0,0,
pianoSvg/NS717.svg,old,1/1,6,91,0,12,0,0,0,0,0,29,1,6,1,0,6,1,1,0,0,0,0,1,0,43,0,0,
pianoSvg/NS718.svg,old,1/1,12,189,0,12,21,0,0,6,0,19,1,35,2,0,12,1,46,0,0,0,0,1,0,108,0,0,
pianoSvg/NS719.svg,old,1/1,8,133,0,16,11,0,0,18,0,22,12,7,1,0,8,1,37,0,0,0,0,1,7,47,0,0,3 | 3 | 3 | 3
pianoSvg/NS72.svg,old,1/1,3,52,0,3,3,0,0,2,0,14,3,2,1,0,3,1,6,0,0,0,0,1,0,40,0,0,
pianoSvg/NS720.svg,old,1/1,6,94,0,6,4,0,0,4,0,29,8,9,1,0,6,1,6,0,0,0,0,1,0,22,0,0,
pianoSvg/NS721.svg,old,1/1,7,81,0,28,0,0,0,4,0,19,7,4,1,0,7,1,18,0,0,0,0,1,1,17,0,0,Verse and chorus can be sung together.
pianoSvg/NS722.svg,old,1/1,10,151,0,5,1,0,0,5,0,28,3,10,1,0,10,1,49,0,0,0,0,1,0,40,0,0,
pianoSvg/NS723.svg,old,1/1,11,180,0,22,0,0,0,1,0,25,9,2,1,0,11,1,17,0,0,0,0,1,16,61,0,0,3 | 3 | 3 | 3
pianoSvg/NS724.svg,old,1/1,5,46,0,15,14,0,0,3,0,10,1,6,1,0,5,1,8,0,0,0,0,1,0,31,0,0,
pianoSvg/NS725.svg,old,1/1,10,175,0,32,32,0,0,7,0,25,4,20,1,0,10,1,66,0,0,0,0,1,0,32,0,0,
pianoSvg/NS726.svg,old,1/1,8,88,0,17,19,1,0,0,0,28,0,12,1,0,8,1,0,0,0,0,0,1,0,52,0,0,
pianoSvg/NS727.svg,old,1/1,6,69,0,6,5,0,0,6,0,0,2,16,1,0,6,1,11,0,0,0,0,1,0,54,0,0,
pianoSvg/NS728.svg,old,1/1,8,112,0,16,0,0,0,2,0,19,1,6,1,0,8,1,30,0,0,0,0,1,0,38,0,0,
pianoSvg/NS729.svg,old,1/1,7,131,0,21,11,4,0,11,5,38,9,26,1,0,7,1,18,0,0,0,0,1,0,72,0,0,
pianoSvg/NS73.svg,old,1/1,6,111,0,12,9,0,0,17,0,23,3,12,1,0,6,1,19,0,0,0,0,1,0,69,0,0,
pianoSvg/NS730.svg,old,1/1,8,56,0,0,0,0,0,0,0,0,4,21,1,0,8,1,4,0,0,0,0,1,0,29,0,0,
pianoSvg/NS731.svg,old,1/1,4,67,0,10,3,0,0,2,1,16,10,2,1,0,4,1,6,0,0,0,0,1,0,31,0,0,
pianoSvg/NS732.svg,old,1/1,14,197,0,33,14,4,0,10,0,2,32,26,1,0,14,1,13,0,0,0,0,1,0,113,0,0,
pianoSvg/NS733.svg,old,1/1,6,72,0,0,0,0,0,6,0,8,7,8,1,0,6,1,7,0,0,0,0,1,0,32,0,0,
pianoSvg/NS734.svg,old,1/1,12,260,0,60,71,0,0,33,0,20,13,63,2,0,12,1,85,0,0,0,0,1,0,82,0,0,
pianoSvg/NS735.svg,old,1/1,10,132,0,40,2,0,0,11,0,24,7,16,1,0,10,1,50,0,0,0,0,1,0,27,0,0,
pianoSvg/NS736.svg,old,1/1,10,109,0,10,8,0,0,7,0,7,9,9,1,0,10,1,23,0,0,0,0,1,1,43,0,0,3
pianoSvg/NS737.svg,old,1/1,8,82,0,8,0,0,0,0,0,20,5,5,1,0,8,1,0,0,0,0,0,1,0,27,0,0,
pianoSvg/NS738.svg,new,1/1,4,47,0,4,6,0,0,2,0,0,0,10,2,0,4,1,0,0,0,0,0,1,0,53,0,0,
pianoSvg/NS739.svg,old,1/1,13,195,0,39,42,0,0,16,0,10,17,17,1,0,13,1,47,0,0,0,0,1,0,60,0,0,
pianoSvg/NS74.svg,old,1/1,4,76,0,4,6,0,0,0,0,8,4,5,1,0,4,1,6,0,0,0,0,1,0,81,0,0,
pianoSvg/NS740.svg,new,1/1,6,85,0,7,0,0,0,9,0,0,0,9,1,0,6,1,1,0,0,0,0,1,0,47,0,0,
pianoSvg/NS741.svg,new,1/1,4,76,0,0,0,0,0,0,0,0,2,8,1,0,4,1,23,0,0,0,0,1,0,42,0,0,
pianoSvg/NS742.svg,old,1/1,10,154,0,20,0,0,0,8,0,35,8,11,1,0,10,1,61,0,0,0,0,1,0,46,0,0,
pianoSvg/NS743.svg,old,1/1,7,103,0,15,21,0,0,8,0,14,1,17,1,0,7,1,10,0,0,0,0,1,0,48,0,0,
pianoSvg/NS744.svg,old,1/1,4,50,0,12,14,0,0,5,0,10,2,6,1,0,4,1,11,0,0,0,0,1,0,19,0,0,
pianoSvg/NS745.svg,old,1/1,4,51,0,4,7,0,0,19,0,0,6,7,2,0,4,1,0,0,0,0,0,1,0,65,0,0,
pianoSvg/NS746.svg,new,1/1,7,92,0,10,0,0,0,0,0,0,1,6,1,0,7,1,9,0,0,0,0,1,6,30,0,0,"Note on “our armor’s linen bright”: | The saints fight with soft, linen armor | (“Senir” meaning “soft armor” in S.S. 4:"
pianoSvg/NS747.svg,new,1/1,8,95,0,40,26,0,0,8,0,5,4,16,1,0,8,1,13,0,0,0,0,1,0,36,0,0,
pianoSvg/NS748.svg,old,1/1,8,112,0,24,29,0,0,9,0,12,8,11,1,0,8,1,28,0,0,0,0,1,0,34,0,0,
pianoSvg/NS749.svg,new,1/1,12,208,0,24,0,0,0,16,0,21,12,22,1,2,12,2,18,0,0,0,0,1,33,82,0,0,3 | 3 | 3 | 3
pianoSvg/NS75.svg,old,1/1,4,89,0,4,5,0,0,3,0,24,1,8,1,0,4,1,3,0,0,0,0,1,0,58,0,0,
pianoSvg/NS750.svg,new,1/1,4,62,0,12,7,2,0,7,0,10,1,13,1,0,4,1,1,0,0,0,0,1,0,26,0,0,
pianoSvg/NS751.svg,new,1/1,8,154,0,8,0,0,0,4,0,26,2,4,1,0,8,1,51,0,0,0,0,1,0,40,0,0,
pianoSvg/NS753.svg,new,1/1,11,128,0,11,13,0,0,6,0,19,17,15,1,0,11,1,29,1,0,0,0,1,0,69,0,0,
pianoSvg/NS754.svg,new,1/1,8,91,0,16,0,0,0,4,0,0,2,8,1,0,8,1,4,0,0,0,0,1,0,35,0,0,
pianoSvg/NS755.svg,new,1/1,8,124,0,24,4,0,0,8,0,28,1,15,1,0,8,1,50,0,0,0,0,1,0,49,0,0,
pianoSvg/NS756.svg,new,1/1,4,50,0,8,15,0,0,10,0,7,8,10,1,0,4,1,2,0,0,0,0,1,0,31,0,0,
pianoSvg/NS757.svg,new,1/1,8,105,0,24,22,0,0,3,0,25,16,10,1,0,8,1,29,0,0,0,0,1,0,32,0,0,
pianoSvg/NS758.svg,new,1/1,8,93,0,8,3,0,0,9,0,16,2,27,1,0,8,1,20,0,0,0,0,1,0,53,0,0,
pianoSvg/NS759.svg,new,1/1,11,100,0,0,0,0,0,3,0,11,3,10,2,0,11,1,13,0,0,0,0,1,0,48,0,0,
pianoSvg/NS76.svg,old,1/1,4,86,0,9,5,0,0,12,0,16,4,12,1,0,4,1,4,0,0,0,0,1,0,43,0,0,
pianoSvg/NS760.svg,new,1/1,5,67,0,5,4,0,0,0,0,15,2,3,1,0,5,1,10,0,0,0,0,1,0,18,0,0,
pianoSvg/NS761.svg,new,1/1,8,128,0,16,0,0,0,0,0,7,1,20,2,2,8,3,14,0,0,0,0,2,0,74,0,0,
pianoSvg/NS762.svg,new,1/1,4,53,0,8,13,0,0,9,0,10,4,12,2,0,4,1,6,0,0,0,0,1,0,42,0,0,
pianoSvg/NS763.svg,new,1/1,10,155,0,10,8,0,0,6,0,25,3,8,1,0,10,1,9,0,0,0,0,1,10,43,0,0,3 | 3 | 3 | 3
pianoSvg/NS764.svg,new,1/1,5,71,0,5,2,0,0,0,0,16,1,7,1,0,5,1,9,0,0,0,0,1,0,48,0,0,
pianoSvg/NS765.svg,new,1/1,8,118,0,40,31,0,0,7,0,25,7,14,1,0,8,1,36,0,0,0,0,1,0,42,0,0,
pianoSvg/NS766.svg,new,1/1,7,85,0,7,1,0,0,10,0,14,8,16,1,0,7,1,16,0,0,0,0,1,0,44,0,0,
pianoSvg/NS767.svg,new,1/1,6,106,0,21,4,3,0,12,0,20,5,15,1,0,6,1,33,0,0,0,0,1,0,33,0,0,
pianoSvg/NS768.svg,new,1/1,8,131,0,24,24,0,0,7,0,25,11,11,1,0,8,1,29,0,0,0,0,1,0,47,0,0,
pianoSvg/NS769.svg,new,1/1,4,70,0,0,0,0,0,10,0,19,0,5,2,0,4,1,9,1,0,0,0,1,0,32,0,0,
pianoSvg/NS77.svg,old,1/1,4,52,0,0,0,0,0,3,0,8,4,6,1,0,4,1,4,0,0,0,0,1,0,39,0,0,
pianoSvg/NS770.svg,new,1/1,10,157,0,30,16,0,0,6,0,39,5,6,1,0,10,1,34,0,0,0,0,1,0,43,0,0,
pianoSvg/NS771.svg,new,1/1,8,94,0,8,7,0,0,0,1,43,2,25,2,0,8,1,12,0,0,0,0,1,0,43,0,0,
pianoSvg/NS772.svg,new,1/1,8,113,0,8,4,0,0,5,0,26,12,5,1,0,8,1,18,0,0,0,0,1,0,38,0,0,
pianoSvg/NS773.svg,new,1/1,4,31,0,4,1,0,0,0,0,0,1,4,2,0,4,1,1,0,0,0,0,1,0,38,0,0,
pianoSvg/NS774.svg,new,1/1,2,30,0,2,3,0,0,0,0,4,1,3,1,0,2,1,4,0,0,0,0,1,0,20,0,0,
pianoSvg/NS775.svg,new,1/1,8,97,0,8,12,0,0,5,0,5,1,14,1,0,8,1,13,0,0,0,0,1,0,37,0,0,
pianoSvg/NS776.svg,new,1/1,12,120,0,60,47,0,0,1,0,4,9,2,1,0,12,1,27,0,0,0,0,1,0,57,0,0,
pianoSvg/NS777.svg,new,1/1,8,95,0,8,5,0,0,0,0,2,5,2,1,0,8,1,5,0,0,0,0,1,0,61,0,0,
pianoSvg/NS778.svg,new,1/1,8,96,0,0,0,0,0,17,0,2,2,21,1,0,8,1,2,0,0,0,0,1,5,40,0,0,3 | 3 | 3 | 3
pianoSvg/NS779.svg,new,1/1,4,63,0,12,16,0,0,2,0,12,1,7,1,0,4,1,18,0,0,0,0,1,0,27,0,0,
pianoSvg/NS78.svg,old,1/1,4,60,0,0,0,0,0,9,0,0,1,11,1,0,4,1,8,0,0,0,0,1,0,40,0,0,
pianoSvg/NS780.svg,new,1/1,8,109,0,0,0,0,0,9,0,19,12,10,1,0,8,1,29,0,0,0,0,1,0,40,0,0,
pianoSvg/NS781.svg,new,1/1,8,109,0,16,20,0,0,7,0,25,14,14,1,0,8,1,31,0,0,0,0,1,0,47,0,0,
pianoSvg/NS782.svg,new,1/1,7,116,0,21,25,0,0,0,0,28,11,0,1,0,7,1,18,0,0,0,0,1,0,26,0,0,
pianoSvg/NS783.svg,new,1/1,10,110,0,40,15,0,0,4,0,17,8,13,1,0,10,1,15,0,0,0,0,1,0,27,0,0,
pianoSvg/NS784.svg,new,1/1,12,191,0,24,0,0,0,12,0,39,16,23,1,0,12,1,33,0,0,0,0,1,1,37,0,0,Part 1 and Part 2 can be sung together.
pianoSvg/NS785.svg,new,1/1,7,93,0,0,0,0,0,5,2,18,1,8,1,0,7,1,16,0,0,0,0,1,0,34,0,0,
pianoSvg/NS786.svg,new,1/1,10,150,0,10,4,0,0,7,0,19,1,16,1,0,10,2,24,0,0,0,0,1,2,54,0,0,3 | 3
pianoSvg/NS787.svg,new,1/1,12,153,0,0,0,0,0,7,0,24,14,11,1,0,12,1,59,0,0,0,0,1,0,57,0,0,
pianoSvg/NS788.svg,new,1/1,12,172,0,24,26,0,0,8,0,6,7,44,2,2,12,2,14,0,0,0,0,2,0,79,0,0,
pianoSvg/NS789.svg,new,1/1,4,46,0,4,3,0,0,0,0,0,1,0,1,0,4,1,1,0,0,0,0,1,0,22,0,0,
pianoSvg/NS79.svg,old,1/1,4,65,0,0,0,0,0,3,0,11,8,5,1,0,4,1,16,0,0,0,0,1,0,39,0,0,
pianoSvg/NS790.svg,new,1/1,4,56,0,12,24,0,0,8,0,2,0,8,1,0,4,1,2,0,0,0,0,1,0,50,0,0,
pianoSvg/NS791.svg,new,1/1,13,204,0,13,11,0,0,7,0,24,13,34,1,2,13,4,30,0,0,0,0,2,0,52,0,0,
pianoSvg/NS792.svg,new,1/1,10,88,0,10,6,0,0,0,0,1,8,7,1,2,10,2,11,0,0,0,0,2,0,40,0,0,
pianoSvg/NS793.svg,new,1/1,8,113,0,24,11,0,0,10,0,8,4,11,1,0,8,1,13,0,0,0,0,1,0,49,0,0,
pianoSvg/NS794.svg,new,1/1,7,120,0,14,0,0,0,1,0,22,2,4,1,0,7,1,29,0,0,0,0,1,0,38,0,0,
pianoSvg/NS795.svg,new,1/1,9,133,0,9,10,0,0,13,0,16,13,12,1,0,9,1,25,0,0,0,0,1,4,59,0,0,3 | 3 | 3 | 3
pianoSvg/NS796.svg,new,1/1,8,76,0,24,27,0,0,10,0,3,1,14,2,0,8,1,25,0,0,0,0,1,0,29,0,0,
pianoSvg/NS797.svg,new,1/1,7,84,0,7,6,0,0,4,0,13,3,11,1,0,7,1,28,0,0,0,0,1,0,34,0,0,
pianoSvg/NS798.svg,new,1/1,7,85,0,7,0,0,0,3,0,11,11,9,1,0,7,1,17,1,0,0,0,1,0,44,0,0,
pianoSvg/NS799.svg,new,1/1,6,61,0,12,2,0,0,3,0,1,0,8,2,0,6,1,4,0,0,0,0,1,0,37,0,0,
pianoSvg/NS8.svg,old,1/1,4,86,0,0,0,0,0,0,0,0,6,1,1,0,4,1,7,0,0,0,0,1,0,134,0,0,
pianoSvg/NS80.svg,old,1/1,8,124,0,24,3,8,0,0,0,24,16,0,1,0,8,1,12,0,0,0,0,1,0,51,0,0,
pianoSvg/NS800.svg,new,1/1,8,99,0,8,9,0,0,29,0,11,3,38,1,0,8,1,7,0,0,0,0,1,0,41,0,0,
pianoSvg/NS801.svg,new,1/1,7,101,0,21,4,0,0,7,0,14,4,13,9,0,7,1,14,0,0,0,0,1,1,22,0,0,3
pianoSvg/NS802.svg,new,1/1,9,166,0,27,33,0,0,10,0,38,11,13,1,0,9,1,57,0,0,0,0,1,1,52,0,0,3
pianoSvg/NS803.svg,new,1/1,13,222,0,26,37,0,0,10,0,29,30,21,1,2,13,2,42,0,0,0,0,2,5,123,0,0,3 | 3 | 3 | 3
pianoSvg/NS804.svg,new,1/1,9,129,0,0,0,0,0,1,0,27,9,2,1,2,9,2,51,0,0,0,0,2,0,41,0,0,
pianoSvg/NS805.svg,new,1/1,6,40,0,0,0,0,0,0,0,0,0,15,2,0,6,1,2,0,0,0,0,1,0,19,0,0,
pianoSvg/NS806.svg,new,1/1,14,196,0,28,9,0,0,8,0,28,33,9,1,0,14,1,30,0,0,0,0,1,8,112,0,0,3 | 3 | 3 | 3
pianoSvg/NS807.svg,new,1/1,6,76,0,2,0,0,0,0,0,16,1,0,2,0,6,1,0,1,0,0,0,1,16,49,0,0,3 | 3 | 3 | 3
pianoSvg/NS808.svg,new,1/1,7,69,0,0,0,0,0,1,0,12,8,0,1,0,7,1,1,0,0,0,0,1,0,40,0,0,
pianoSvg/NS809.svg,new,1/1,6,69,0,6,5,0,0,6,0,0,2,16,1,0,6,1,11,0,0,0,0,1,0,54,0,0,
pianoSvg/NS81.svg,old,1/1,4,71,0,4,4,0,0,4,0,14,7,5,1,0,4,1,9,0,0,0,0,1,0,31,0,0,
pianoSvg/NS810.svg,new,1/1,7,104,0,8,0,0,0,8,0,15,0,8,1,0,7,1,2,0,0,0,0,1,0,56,0,0,
pianoSvg/NS811.svg,new,1/1,7,103,0,1,0,0,0,4,0,0,5,27,2,0,7,1,13,0,0,0,0,1,0,109,0,0,
pianoSvg/NS812.svg,new,1/1,10,175,0,22,17,2,0,8,0,20,10,8,1,0,10,2,18,0,0,0,4,2,0,44,0,0,
pianoSvg/NS813.svg,new,1/1,9,130,0,0,2,0,0,19,0,27,8,4,1,2,9,2,15,2,0,0,0,3,15,66,0,0,3 | 3 | 3 | 3
pianoSvg/NS814.svg,new,1/1,6,130,0,18,2,0,0,12,0,24,3,12,1,0,6,1,19,0,0,0,0,1,0,31,0,0,
pianoSvg/NS815.svg,new,1/1,4,71,0,8,13,0,0,16,0,14,1,7,2,0,4,1,7,1,0,0,0,1,0,39,0,0,
pianoSvg/NS816.svg,new,1/1,4,64,0,4,2,0,0,14,0,16,1,15,2,0,4,1,0,0,0,0,0,1,0,62,0,0,
pianoSvg/NS817.svg,new,1/1,6,106,0,12,19,0,0,3,0,20,8,6,1,0,6,1,17,0,0,0,0,1,0,43,0,0,
pianoSvg/NS818.svg,new,1/1,4,46,0,0,1,0,0,1,0,8,1,2,2,0,4,1,6,0,0,0,0,1,0,28,0,0,
pianoSvg/NS819.svg,new,1/1,7,110,0,21,27,0,0,6,0,21,3,22,1,0,7,1,21,0,0,0,0,1,0,42,0,0,
pianoSvg/NS82.svg,old,1/1,4,73,0,4,7,0,0,0,0,20,7,0,1,0,4,1,11,0,0,0,0,1,0,56,0,0,
pianoSvg/NS820.svg,new,1/1,8,80,0,16,20,0,0,6,0,1,10,7,1,0,8,1,8,0,0,0,0,1,0,35,0,0,
pianoSvg/NS821.svg,new,1/1,7,85,0,7,0,0,0,12,0,19,6,13,2,2,7,3,10,0,0,0,0,1,0,32,0,0,
pianoSvg/NS822.svg,new,1/1,10,129,0,0,0,0,0,9,0,23,23,8,1,0,10,2,26,0,0,0,0,1,2,56,0,0,3 | 3
pianoSvg/NS823.svg,new,1/1,12,277,0,24,2,0,0,19,0,60,13,21,1,0,12,1,89,0,0,0,0,1,4,65,0,0,3 | 3 | 3 | 3
pianoSvg/NS824.svg,new,1/1,3,39,0,3,3,0,0,6,0,6,1,6,1,0,3,1,1,0,0,0,0,1,0,19,0,0,
pianoSvg/NS825.svg,new,1/1,4,62,0,12,23,0,0,5,0,12,1,5,1,0,4,1,3,1,0,0,0,1,0,24,0,0,
pianoSvg/NS826.svg,new,1/1,4,63,0,4,3,0,0,10,0,23,1,15,2,0,4,1,2,0,0,0,0,1,0,25,0,0,
pianoSvg/NS827.svg,new,1/1,3,51,0,3,2,0,0,0,0,19,5,1,1,0,3,1,4,0,0,0,0,1,0,18,0,0,
pianoSvg/NS828.svg,new,1/1,4,43,0,4,1,0,0,0,0,10,5,0,1,0,4,1,3,0,0,0,0,1,0,16,0,0,
pianoSvg/NS829.svg,new,1/1,5,45,0,5,5,0,0,0,0,1,1,2,2,0,5,1,6,0,0,0,0,1,0,30,0,0,
pianoSvg/NS83.svg,old,1/1,4,68,0,4,3,0,0,0,0,36,1,28,1,0,4,1,0,1,0,0,0,1,0,45,0,0,
pianoSvg/NS830.svg,new,1/1,5,54,0,5,5,0,0,15,0,7,2,9,2,0,5,1,9,0,0,0,0,1,0,35,0,0,
pianoSvg/NS831.svg,new,1/1,4,35,0,4,0,0,0,0,0,0,1,1,2,0,4,1,6,0,0,0,0,1,0,15,0,0,
pianoSvg/NS832.svg,new,1/1,12,152,0,24,0,0,0,10,0,24,12,14,1,0,12,1,42,0,0,0,0,1,0,28,0,0,
pianoSvg/NS833.svg,new,1/1,4,60,0,8,0,0,0,2,0,22,6,21,2,0,4,1,0,0,0,0,0,1,0,21,0,0,
pianoSvg/NS834.svg,new,1/1,7,92,0,14,6,0,0,1,0,16,5,4,1,0,7,1,14,0,0,0,0,2,0,31,0,0,
pianoSvg/NS835.svg,new,1/1,7,96,0,21,26,0,0,4,0,10,6,6,1,0,7,1,18,0,0,0,0,1,0,34,0,0,
pianoSvg/NS836.svg,new,1/1,4,59,0,8,5,0,0,4,0,12,6,8,1,0,4,1,3,0,0,0,0,1,1,57,0,0,* Psa. 139:9
pianoSvg/NS837.svg,new,1/1,8,143,0,28,19,0,0,20,0,17,9,22,1,0,8,1,7,1,0,0,0,1,0,92,0,0,
pianoSvg/NS838.svg,new,1/1,10,111,0,0,0,0,0,4,0,6,2,21,1,0,10,1,20,0,0,0,0,1,0,49,0,0,
pianoSvg/NS839.svg,new,1/1,6,92,0,13,1,0,0,3,0,8,4,8,1,0,6,1,2,0,0,0,0,1,1,60,0,0,"(2021 July Training Joshua, Message 1)"
pianoSvg/NS84.svg,old,1/1,3,50,0,3,1,0,0,0,0,7,1,1,1,0,3,1,2,0,0,0,0,1,0,34,0,0,
pianoSvg/NS840.svg,new,1/1,7,90,0,14,20,0,0,23,0,1,1,24,1,0,7,1,8,0,0,0,0,1,0,73,0,0,
pianoSvg/NS841.svg,new,1/1,11,96,0,11,0,0,0,1,0,5,0,18,2,0,11,1,20,0,0,0,0,1,0,35,0,0,
pianoSvg/NS842.svg,new,1/1,4,65,0,4,0,0,0,6,0,8,3,7,1,0,4,1,19,0,0,0,0,1,0,14,0,0,
pianoSvg/NS843.svg,new,1/1,9,154,0,9,0,0,0,1,0,5,3,28,2,0,9,1,26,0,0,0,0,1,0,69,0,0,
pianoSvg/NS844.svg,new,1/1,3,37,0,6,3,0,0,4,0,7,1,7,1,0,3,1,2,0,0,0,0,1,0,29,0,0,
pianoSvg/NS845.svg,new,1/1,7,135,0,21,42,0,0,0,0,6,1,6,2,0,7,1,6,0,0,0,0,1,0,60,0,0,
pianoSvg/NS846.svg,new,1/1,6,89,0,18,5,0,0,16,0,10,1,20,1,0,6,1,20,0,0,0,0,1,1,33,0,0,* cf. Matt. 6:22
pianoSvg/NS847.svg,new,1/1,4,60,0,12,28,0,0,0,0,24,5,18,1,0,4,1,0,0,0,0,0,1,0,53,0,0,
pianoSvg/NS848.svg,new,1/1,4,95,0,4,8,0,0,16,0,18,3,20,3,0,4,1,15,0,0,0,0,1,0,35,0,0,
pianoSvg/NS849.svg,new,1/1,4,49,0,4,4,0,0,2,0,12,1,2,1,0,4,1,6,0,0,0,0,1,0,19,0,0,
pianoSvg/NS85.svg,old,1/1,4,67,0,4,7,0,0,1,0,5,4,11,1,0,4,1,10,0,0,0,0,1,0,54,0,0,
pianoSvg/NS850.svg,new,1/1,5,58,0,0,0,0,0,4,0,5,3,8,1,0,5,1,16,0,0,0,0,1,0,37,0,0,
pianoSvg/NS851.svg,new,1/1,4,33,0,4,0,0,0,3,0,1,1,6,2,0,4,1,4,0,0,0,0,1,0,20,0,0,
pianoSvg/NS852.svg,new,1/1,6,84,0,18,13,0,0,7,0,10,11,7,1,0,6,1,16,0,0,0,0,1,2,39,0,0,You can repeat using “Don’t be discouraged” | and change to third person.
pianoSvg/NS853.svg,new,1/1,7,87,0,7,2,0,0,8,0,10,9,13,1,0,7,1,19,0,0,0,0,1,2,56,0,0,3 | 3
pianoSvg/NS854.svg,new,1/1,9,157,0,27,16,0,0,16,0,20,18,22,1,3,9,3,7,1,0,0,0,1,9,94,0,0,3 | 3 | 3 | 3
pianoSvg/NS855.svg,new,1/1,5,50,0,5,3,0,0,4,0,9,2,5,2,0,5,1,5,0,0,0,0,1,2,17,0,0,3 | 3
pianoSvg/NS856.svg,new,1/1,4,56,0,8,2,0,0,3,0,16,1,8,1,0,4,1,4,0,0,0,0,1,0,25,0,0,
pianoSvg/NS857.svg,new,1/1,4,74,0,0,2,0,0,11,0,12,4,10,1,0,4,1,8,0,0,0,0,1,0,60,0,0,
pianoSvg/NS858.svg,new,1/1,8,228,0,16,1,0,0,9,0,48,14,14,1,0,8,1,101,0,0,0,0,1,0,62,0,0,
pianoSvg/NS859.svg,new,1/1,8,90,0,24,28,0,0,4,0,16,2,8,2,0,8,1,19,0,0,0,0,1,0,34,0,0,
pianoSvg/NS86.svg,old,1/1,4,80,0,4,7,0,0,3,0,4,1,4,2,0,4,1,7,0,0,0,0,1,0,53,0,0,
pianoSvg/NS860.svg,new,1/1,4,60,0,13,24,1,0,28,0,0,1,4,2,0,4,1,4,1,0,0,0,1,0,51,0,0,
pianoSvg/NS861.svg,new,1/1,6,87,0,12,1,0,0,15,0,8,8,17,1,0,6,1,12,0,0,0,0,1,3,27,0,0,3 | 3 | 3
pianoSvg/NS862.svg,new,1/1,4,83,0,8,1,0,0,10,0,16,1,11,1,0,4,1,4,1,0,0,0,1,0,32,0,0,
pianoSvg/NS863.svg,new,1/1,10,120,0,20,0,0,0,9,0,26,8,19,1,2,10,2,23,0,0,0,0,1,0,38,0,0,
pianoSvg/NS864.svg,new,1/1,5,67,0,15,17,0,0,15,0,9,2,13,2,0,5,1,5,0,0,0,0,1,0,41,0,0,
pianoSvg/NS865.svg,new,1/1,4,68,0,4,2,0,0,2,0,24,4,8,1,0,4,1,15,0,0,0,0,1,0,31,0,0,
pianoSvg/NS866.svg,new,1/1,6,89,0,6,4,0,0,4,0,20,3,6,1,3,6,3,8,0,0,0,0,1,0,29,0,0,
pianoSvg/NS867.svg,new,1/1,4,47,0,4,3,0,0,2,0,0,1,2,1,0,4,1,5,0,0,0,0,1,0,22,0,0,
pianoSvg/NS868.svg,new,1/1,8,100,0,8,0,0,0,9,0,16,11,11,1,0,8,1,46,0,0,0,0,1,0,33,0,0,
pianoSvg/NS869.svg,new,1/1,7,113,0,14,6,0,0,6,0,21,6,8,1,0,7,1,5,0,0,0,0,1,0,46,0,0,
pianoSvg/NS87.svg,old,1/1,8,179,0,16,7,0,0,30,0,48,17,21,1,0,8,1,31,0,0,0,0,1,0,72,0,0,
pianoSvg/NS870.svg,new,1/1,10,123,0,20,0,0,0,2,0,15,14,7,1,0,10,1,21,0,0,0,0,1,0,32,0,0,
pianoSvg/NS871.svg,new,1/1,12,206,0,1,0,0,0,11,0,28,7,16,1,0,12,2,39,0,0,0,0,1,0,67,0,0,
pianoSvg/NS872.svg,new,1/1,8,136,0,16,0,0,0,3,0,16,3,2,1,0,8,1,45,0,0,0,0,1,0,44,0,0,
pianoSvg/NS873.svg,new,1/1,6,87,0,18,28,0,0,7,0,8,2,12,2,0,6,1,10,0,0,0,0,1,0,41,0,0,
pianoSvg/NS874.svg,new,1/1,4,73,0,4,0,0,0,3,0,19,0,10,2,0,4,1,1,0,0,0,0,1,0,32,0,0,
pianoSvg/NS875.svg,new,1/1,8,119,0,8,7,0,0,8,0,22,4,14,1,0,8,1,34,0,0,0,0,1,0,33,0,0,
pianoSvg/NS876.svg,new,1/1,7,94,0,28,5,0,0,6,0,22,11,6,1,0,7,1,15,0,0,0,0,1,0,47,0,0,
pianoSvg/NS877.svg,new,1/1,9,106,0,18,19,0,0,17,0,9,6,22,1,0,9,1,30,0,0,0,0,1,0,39,0,0,
pianoSvg/NS878.svg,new,1/1,16,363,0,0,0,0,0,11,0,76,4,11,1,0,16,1,67,0,0,0,0,1,0,92,0,0,
pianoSvg/NS879.svg,new,1/1,4,40,0,17,11,0,0,0,0,0,0,0,1,0,4,1,0,0,0,0,0,1,0,49,0,0,
pianoSvg/NS88.svg,old,1/1,8,134,0,8,0,0,0,11,0,25,17,2,1,0,8,1,31,0,0,0,0,1,0,49,0,0,
pianoSvg/NS880.svg,new,1/1,8,73,0,11,5,1,0,2,0,2,6,9,2,0,8,1,5,0,0,0,0,1,0,59,0,0,
pianoSvg/NS881.svg,old,1/1,5,102,0,10,2,0,0,28,0,16,1,0,1,0,5,1,0,1,0,0,0,1,0,47,0,0,
pianoSvg/NS882.svg,new,1/1,3,32,0,6,5,0,0,4,0,8,1,6,2,0,3,1,0,0,0,0,0,1,0,32,0,0,
pianoSvg/NS883.svg,new,1/1,12,157,0,0,0,0,0,13,0,12,7,25,1,0,12,1,26,0,0,0,0,1,2,46,0,0,3 | 3
pianoSvg/NS884.svg,new,1/1,9,171,0,9,11,0,0,12,0,33,13,15,1,2,9,3,34,0,0,0,0,2,2,50,0,0,3 | 3
pianoSvg/NS885.svg,new,1/1,7,105,0,21,28,0,0,5,0,26,12,5,1,0,7,1,4,0,0,0,0,1,0,44,0,0,
pianoSvg/NS886.svg,new,1/1,6,74,0,12,0,0,0,5,0,13,5,4,1,0,6,1,13,0,0,0,0,1,2,20,0,0,3 | 3
pianoSvg/NS887.svg,new,1/1,4,35,0,8,3,0,0,0,0,4,1,2,2,0,4,1,7,0,0,0,0,1,1,31,0,0,3
pianoSvg/NS888.svg,new,1/1,6,104,0,6,6,0,0,0,0,0,1,7,2,0,6,1,13,0,0,0,0,1,0,70,0,0,
pianoSvg/NS89.svg,old,1/1,4,56,0,4,5,0,0,8,0,0,1,12,1,0,4,1,0,0,0,0,0,1,0,51,0,0,
pianoSvg/NS890.svg,new,1/1,7,140,0,7,6,0,0,3,0,42,6,10,1,3,7,2,14,0,0,0,0,1,2,52,0,0,3 | 3
pianoSvg/NS891.svg,new,1/1,6,80,0,18,18,0,0,8,0,8,5,10,1,0,6,1,15,0,0,0,0,1,0,46,0,0,
pianoSvg/NS892.svg,new,1/1,6,93,0,18,21,0,0,0,0,27,1,0,1,0,6,1,0,0,0,0,0,1,0,41,0,0,
pianoSvg/NS893.svg,new,1/1,8,117,0,0,0,0,0,23,2,25,10,28,2,0,8,1,16,0,0,0,0,1,0,38,0,0,
pianoSvg/NS894.svg,new,1/1,5,38,0,10,4,0,0,0,0,0,0,7,2,0,5,1,4,0,0,0,0,1,0,32,0,0,
pianoSvg/NS895.svg,new,1/1,4,60,0,16,21,0,0,9,0,0,1,21,2,0,4,1,0,0,0,0,0,1,0,26,0,0,
pianoSvg/NS896.svg,new,1/1,5,77,0,5,8,0,0,2,0,2,0,6,2,0,5,1,15,0,0,0,0,1,0,97,0,0,
pianoSvg/NS897.svg,new,1/1,6,92,0,12,0,0,0,7,0,12,10,9,1,0,6,1,7,0,0,0,0,1,0,19,0,0,
pianoSvg/NS898.svg,new,1/1,7,114,0,7,8,0,0,2,0,9,3,17,2,0,7,1,4,0,0,0,0,1,0,41,0,0,
pianoSvg/NS899.svg,new,1/1,6,167,0,18,33,0,0,2,1,74,3,26,1,0,6,1,72,0,0,0,0,1,0,59,0,0,
pianoSvg/NS9.svg,old,1/1,8,134,0,16,8,0,0,15,0,23,21,9,1,0,8,1,4,0,0,0,0,1,0,61,0,0,
pianoSvg/NS90.svg,old,1/1,7,102,0,0,0,0,0,6,0,27,0,11,1,0,7,1,5,0,0,0,0,1,0,80,0,0,
pianoSvg/NS900.svg,new,1/1,8,109,0,24,27,0,0,5,0,19,1,13,1,0,8,1,34,0,0,0,0,1,0,35,0,0,
pianoSvg/NS901.svg,new,1/1,8,94,0,0,0,0,0,7,0,4,5,13,1,0,8,1,18,0,0,0,0,1,4,36,0,0,3 | 3 | 3 | 3
pianoSvg/NS902.svg,new,1/1,11,165,0,11,11,0,0,4,0,27,18,8,1,0,11,1,41,0,0,0,0,1,0,55,0,0,
pianoSvg/NS903.svg,new,1/1,4,58,0,0,0,0,0,0,0,12,5,4,1,0,4,1,10,0,0,0,0,1,0,20,0,0,
pianoSvg/NS904.svg,new,1/1,7,130,0,0,0,0,0,17,0,35,5,12,2,0,7,1,22,0,0,0,0,1,0,47,0,0,
pianoSvg/NS905.svg,new,1/1,10,157,0,20,6,0,0,15,0,29,10,31,1,0,10,1,26,0,0,0,0,1,0,81,0,0,
pianoSvg/NS906.svg,new,1/1,6,56,0,6,7,0,0,5,0,8,1,8,1,0,6,1,6,0,0,0,0,1,0,27,0,0,
pianoSvg/NS907.svg,new,1/1,9,136,0,27,0,0,0,15,0,18,1,21,1,0,9,1,40,0,0,0,0,1,0,38,0,0,
pianoSvg/NS908.svg,new,1/1,8,90,0,0,0,0,0,9,0,12,3,39,2,0,8,1,19,0,0,0,0,1,0,56,0,0,
pianoSvg/NS909.svg,new,1/1,8,74,0,8,4,0,0,3,0,15,2,6,1,0,8,1,7,0,0,0,0,1,0,30,0,0,
pianoSvg/NS91.svg,old,1/1,4,63,0,0,0,0,0,0,0,0,1,4,2,0,4,1,9,0,0,0,0,1,0,67,0,0,
pianoSvg/NS910.svg,new,1/1,5,74,0,1,1,0,0,2,0,0,1,17,2,0,5,1,4,0,0,0,0,1,0,78,0,0,
pianoSvg/NS911.svg,new,1/1,8,109,0,8,8,0,0,4,0,27,9,7,1,0,8,1,28,0,0,0,0,1,0,28,0,0,
pianoSvg/NS912.svg,new,1/1,6,97,0,24,6,0,0,4,0,14,10,3,1,0,6,1,23,0,0,0,0,1,0,30,0,0,
pianoSvg/NS913.svg,new,1/1,10,169,0,10,10,0,0,47,0,21,0,27,2,0,10,1,37,0,0,0,0,1,0,48,0,0,
pianoSvg/NS914.svg,new,1/1,11,181,0,0,0,0,0,31,0,15,6,83,3,0,11,1,17,0,0,0,0,1,0,43,0,0,
pianoSvg/NS915.svg,new,1/1,6,98,0,6,5,0,0,7,0,23,1,7,1,0,6,1,35,0,0,0,0,1,0,21,0,0,
pianoSvg/NS916.svg,new,1/1,4,50,0,4,0,0,0,0,0,11,3,1,1,0,4,1,14,0,0,0,0,1,0,20,0,0,
pianoSvg/NS917.svg,new,1/1,10,193,0,40,6,0,0,18,0,31,14,28,8,0,10,1,39,0,0,0,0,1,0,75,0,0,
pianoSvg/NS918.svg,new,1/1,7,133,0,17,5,0,0,11,0,27,6,16,1,2,7,3,4,0,0,0,0,2,2,73,0,0,⠀ | (Chorus is only sung at the end of every two stanzas.)
pianoSvg/NS919.svg,new,1/1,6,85,0,18,25,0,0,12,0,16,9,4,1,0,6,1,27,0,0,0,0,1,0,35,0,0,
pianoSvg/NS92.svg,old,1/1,4,64,0,12,31,0,0,0,0,0,4,0,2,0,4,1,2,0,0,0,0,1,0,55,0,0,
pianoSvg/NS920.svg,new,1/1,10,120,0,50,38,0,0,9,0,2,4,8,1,0,10,1,27,0,0,0,0,1,12,58,0,0,3 | 3 | 3 | 3
pianoSvg/NS921.svg,new,1/1,8,96,0,32,4,0,0,6,0,16,2,6,1,0,8,1,10,0,0,0,0,1,1,36,0,0,(The two parts can be sung as a round.)
pianoSvg/NS922.svg,new,1/1,6,80,0,12,6,0,0,0,0,16,5,29,2,0,6,1,4,0,0,0,0,1,0,69,0,0,
pianoSvg/NS923.svg,new,1/1,8,155,0,0,0,0,0,9,0,35,5,17,1,0,8,1,16,0,0,0,0,1,0,50,0,0,
pianoSvg/NS924.svg,new,1/1,6,78,0,8,4,0,0,5,6,19,8,16,1,0,6,1,17,0,0,0,0,1,3,43,0,0,3 | 3 | 3
pianoSvg/NS925.svg,new,1/1,7,87,0,7,5,0,0,10,0,10,3,16,1,0,7,1,27,0,0,0,0,1,0,34,0,0,
pianoSvg/NS926.svg,new,1/1,6,58,0,12,1,0,0,6,0,15,3,8,2,0,6,1,5,1,0,0,0,1,0,33,0,0,
pianoSvg/NS927.svg,new,1/1,10,147,0,20,1,0,0,9,0,27,5,10,1,0,10,1,64,0,0,0,0,1,0,40,0,0,
pianoSvg/NS928.svg,new,1/1,9,185,0,18,30,0,0,10,0,37,13,24,2,0,9,1,28,0,0,0,0,1,2,84,0,0,3 | 3
pianoSvg/NS929.svg,new,1/1,10,120,0,10,5,0,0,12,0,18,3,20,1,0,10,1,37,0,0,0,0,1,0,59,0,0,
pianoSvg/NS93.svg,old,1/1,4,52,0,4,2,0,0,4,0,0,2,4,1,0,4,1,0,0,0,0,0,1,0,36,0,0,
pianoSvg/NS930.svg,new,1/1,6,96,0,0,0,0,0,5,0,21,0,13,1,2,6,2,4,0,0,0,0,1,0,35,0,0,
pianoSvg/NS931.svg,new,1/1,9,126,0,18,4,0,0,0,0,84,6,64,1,0,9,2,0,0,0,0,0,1,0,68,0,0,
pianoSvg/NS932.svg,new,1/1,5,90,0,16,21,1,0,1,0,32,9,7,1,0,5,1,15,0,0,0,0,1,0,36,0,0,
pianoSvg/NS933.svg,new,1/1,8,114,0,16,25,0,0,3,0,30,2,7,2,0,8,1,26,1,0,0,0,1,0,41,0,0,
pianoSvg/NS934.svg,new,1/1,8,112,0,32,28,0,0,20,0,19,12,26,1,0,8,1,35,0,0,0,0,1,0,41,0,0,
pianoSvg/NS935.svg,new,1/1,5,57,0,0,0,0,0,0,0,17,0,0,5,0,5,1,0,0,0,0,0,1,0,34,0,0,
pianoSvg/NS936.svg,new,1/1,6,66,0,14,17,1,0,2,0,0,0,2,1,0,6,1,0,0,0,0,0,1,1,49,0,0,* In the sense of inspiring reverential awe.
pianoSvg/NS937.svg,new,1/1,4,67,0,4,4,0,0,5,0,12,0,7,1,0,4,1,20,0,0,0,0,1,0,18,0,0,
pianoSvg/NS938.svg,new,1/1,8,108,0,24,27,0,0,13,0,18,11,21,1,0,8,1,37,0,0,0,0,1,0,50,0,0,
pianoSvg/NS939.svg,new,1/1,9,98,0,27,26,0,0,4,0,13,1,8,2,0,9,1,22,0,0,0,0,1,0,38,0,0,
pianoSvg/NS94.svg,old,1/1,6,94,0,0,0,0,0,7,0,25,12,16,1,0,6,1,4,0,0,0,0,1,0,54,0,0,
pianoSvg/NS940.svg,new,1/1,4,38,0,12,17,0,0,0,0,0,2,2,1,0,4,1,9,0,0,0,0,1,0,37,0,0,
pianoSvg/NS941.svg,new,1/1,8,96,0,0,0,0,0,6,0,8,11,8,1,0,8,1,19,0,0,0,0,1,0,38,0,0,
pianoSvg/NS942.svg,new,1/1,4,62,0,0,0,0,0,0,0,3,0,0,1,0,4,1,6,0,0,0,0,1,0,32,0,0,
pianoSvg/NS943.svg,new,1/1,8,113,0,16,0,0,0,9,0,15,8,11,1,0,8,1,44,0,0,0,0,1,0,34,0,0,
pianoSvg/NS944.svg,new,1/1,4,81,0,21,35,1,0,1,0,17,1,33,2,0,4,1,8,0,0,0,0,1,0,62,0,0,
pianoSvg/NS945.svg,new,1/1,8,95,0,8,8,0,0,7,0,2,6,7,1,0,8,1,8,0,0,0,0,1,0,37,0,0,
pianoSvg/NS946.svg,new,1/1,11,184,0,1,0,0,0,2,0,48,6,2,1,0,11,1,50,0,0,0,0,1,0,66,0,0,
pianoSvg/NS947.svg,new,1/1,8,127,0,16,9,0,0,3,0,5,7,16,2,0,8,1,12,0,0,0,0,1,0,93,0,0,
pianoSvg/NS948.svg,new,1/1,8,129,0,16,0,0,0,2,0,27,25,5,1,3,8,3,0,0,0,0,0,3,1,22,0,0,3
pianoSvg/NS949.svg,new,1/1,8,154,0,8,6,0,0,5,3,47,8,12,1,0,8,1,37,0,0,0,0,1,0,41,0,0,
pianoSvg/NS95.svg,old,1/1,2,37,0,4,3,0,0,3,0,10,1,5,1,0,2,1,3,0,0,0,0,1,0,31,0,0,
pianoSvg/NS950.svg,new,1/1,10,137,0,30,29,0,0,3,0,35,15,12,1,0,10,1,54,0,0,0,0,1,0,57,0,0,
pianoSvg/NS951.svg,new,1/1,5,71,0,10,0,0,0,0,0,3,1,7,2,0,5,1,4,0,0,0,0,1,0,25,0,0,
pianoSvg/NS952.svg,new,1/1,5,59,0,20,25,0,0,6,0,10,6,7,1,0,5,1,14,0,0,0,0,1,0,33,0,0,
pianoSvg/NS953.svg,new,1/1,4,56,0,0,0,0,0,0,0,0,0,0,1,0,4,1,0,0,0,0,0,1,0,25,0,0,
pianoSvg/NS954.svg,new,1/1,8,96,0,16,16,0,0,1,0,16,9,11,1,0,8,1,31,0,0,0,0,1,2,38,0,0,3 | 3
pianoSvg/NS955.svg,new,1/1,7,82,0,0,0,0,0,16,0,4,3,15,1,0,7,1,19,3,0,0,0,1,4,36,0,0,3 | 3 | 3 | 3
pianoSvg/NS956.svg,new,1/1,6,72,0,19,17,1,0,4,0,18,1,11,1,2,6,3,4,0,0,0,0,1,0,21,0,0,
pianoSvg/NS957.svg,new,1/1,8,115,0,8,0,0,0,15,0,5,2,18,1,0,8,1,21,0,0,0,0,1,7,46,0,0,3 | 3 | 3 | 3
pianoSvg/NS958.svg,new,1/1,6,89,0,6,8,0,0,7,0,21,9,9,1,0,6,1,22,0,0,0,0,2,1,34,0,0,"(cf. 2022 Spring ITERO, Message 1)"
pianoSvg/NS959.svg,new,1/1,2,35,0,4,4,0,0,0,0,0,0,3,2,0,2,1,3,0,0,0,0,1,0,39,0,0,
pianoSvg/NS96.svg,old,1/1,4,61,0,5,4,1,0,4,0,5,4,5,2,0,4,1,1,0,0,0,0,1,0,49,0,0,
pianoSvg/NS960.svg,new,1/1,7,89,0,31,29,2,0,30,0,6,1,12,2,0,7,1,11,2,0,0,0,1,0,44,0,0,
pianoSvg/NS961.svg,new,1/1,6,78,0,6,7,0,0,4,0,14,1,5,1,0,6,1,17,0,0,0,0,1,0,31,0,0,
pianoSvg/NS962.svg,new,1/1,4,43,0,16,0,0,0,3,0,1,1,10,1,0,4,1,10,0,0,0,0,1,0,16,0,0,
pianoSvg/NS963.svg,new,1/1,8,119,0,8,0,0,0,0,0,10,8,6,1,0,8,1,13,0,0,0,0,1,0,44,0,0,
pianoSvg/NS964.svg,new,1/1,9,174,0,9,0,0,0,11,0,40,16,12,1,0,9,1,58,0,0,0,0,1,0,55,0,0,
pianoSvg/NS965.svg,new,1/1,11,196,0,22,1,0,0,7,0,25,9,25,2,3,11,3,23,0,0,0,0,1,0,81,0,0,
pianoSvg/NS966.svg,new,1/1,4,75,0,4,7,0,0,0,0,0,4,2,1,0,4,1,6,0,0,0,0,1,0,35,0,0,
pianoSvg/NS967.svg,new,1/1,4,74,0,4,5,0,0,2,0,20,1,6,1,0,4,1,30,0,0,0,0,1,0,22,0,0,
pianoSvg/NS968.svg,new,1/1,4,61,0,0,0,0,0,0,0,8,1,0,1,0,4,1,3,0,0,0,0,1,0,29,0,0,
pianoSvg/NS969.svg,new,1/1,6,63,0,0,0,0,0,4,0,8,2,8,1,0,6,1,8,0,0,0,0,1,1,54,0,0,3
pianoSvg/NS97.svg,old,1/1,5,100,0,5,9,0,0,18,0,11,8,19,1,0,5,1,9,0,0,0,0,1,0,54,0,0,
pianoSvg/NS970.svg,new,1/1,10,132,0,10,15,0,0,0,0,0,18,38,2,2,10,3,8,0,0,0,0,1,1,57,0,0,Chorus Parts 1 and 2 can be sung together.
pianoSvg/NS971.svg,new,1/1,8,114,0,8,8,0,0,4,0,14,17,3,1,0,8,1,13,0,0,0,0,1,4,44,0,0,3 | 3 | 3 | 3
pianoSvg/NS972.svg,new,1/1,8,97,0,16,21,0,0,9,0,6,7,9,1,0,8,1,8,0,0,0,0,2,8,53,0,0,3 | 3 | 3 | 3
pianoSvg/NS973.svg,new,1/1,6,80,0,12,7,0,0,8,0,5,13,4,1,0,6,1,17,0,0,0,0,1,0,19,0,0,
pianoSvg/NS974.svg,new,1/1,8,131,0,16,10,0,0,7,0,27,20,14,1,0,8,2,15,0,0,0,0,2,0,84,0,0,
pianoSvg/NS975.svg,new,1/1,9,147,0,18,0,0,0,6,0,40,14,6,1,0,9,1,27,0,0,0,0,1,0,39,0,0,
pianoSvg/NS976.svg,new,1/1,8,72,0,0,0,0,0,9,0,0,5,17,1,0,8,1,18,0,0,0,0,1,0,34,0,0,
pianoSvg/NS977.svg,new,1/1,9,136,0,0,0,0,0,2,0,25,12,2,1,2,9,2,29,0,0,0,0,1,1,29,0,0,(Verse and chorus can be sung together.)
pianoSvg/NS978.svg,old,1/1,7,102,0,0,0,0,0,6,0,27,0,11,1,0,7,1,5,0,0,0,0,1,0,80,0,0,
pianoSvg/NS979.svg,new,1/1,4,94,0,0,2,0,0,0,0,0,3,12,2,0,4,1,8,1,0,0,0,1,0,100,0,0,
pianoSvg/NS98.svg,old,1/1,4,103,0,4,6,0,0,3,0,36,3,14,1,0,4,1,11,0,0,0,0,1,0,48,0,0,
pianoSvg/NS980.svg,new,1/1,5,68,0,5,6,0,0,8,0,8,2,13,1,0,5,1,1,0,0,0,0,1,1,43,0,0,"(cf. 2023 July Semiannual Training, Message 10)"
pianoSvg/NS981.svg,old,1/1,7,129,0,21,9,0,0,5,0,20,4,15,1,0,7,1,8,0,0,0,0,1,1,49,0,0,3
pianoSvg/NS982.svg,new,1/1,6,83,0,12,0,0,0,6,0,14,3,6,1,0,6,1,17,0,0,0,0,1,0,29,0,0,
pianoSvg/NS983.svg,new,1/1,9,137,0,9,0,0,0,11,0,29,9,15,1,0,9,1,48,0,0,0,0,1,0,43,0,0,
pianoSvg/NS984.svg,new,1/1,8,117,0,8,1,0,0,0,0,20,5,4,1,0,8,1,22,0,0,0,0,1,0,49,0,0,
pianoSvg/NS985.svg,new,1/1,5,77,0,5,0,0,0,0,0,18,0,3,1,0,5,1,6,0,0,0,0,1,0,40,0,0,
pianoSvg/NS986.svg,new,1/1,2,26,0,10,14,0,0,0,0,2,2,1,1,0,2,1,4,2,0,0,0,1,0,26,0,0,
pianoSvg/NS987.svg,new,1/1,8,75,0,8,3,0,0,3,0,5,8,8,1,0,8,1,12,0,0,0,0,1,1,54,0,0,3
pianoSvg/NS988.svg,new,1/1,5,98,0,5,6,0,0,2,0,37,7,9,1,0,5,1,34,0,0,0,0,2,0,26,0,0,
pianoSvg/NS989.svg,new,1/1,10,142,0,10,8,0,0,6,0,34,2,21,1,0,10,1,46,0,0,0,0,1,0,35,0,0,
pianoSvg/NS99.svg,old,1/1,6,95,0,6,0,0,0,8,0,19,6,8,1,0,6,1,4,0,0,0,0,1,0,61,0,0,
pianoSvg/NS990.svg,new,1/1,6,85,0,7,3,1,0,0,0,17,1,0,2,0,6,1,13,0,0,0,0,1,0,69,0,0,
pianoSvg/NS991.svg,new,1/1,10,171,0,15,7,1,0,12,0,40,9,21,1,0,10,1,43,0,0,0,0,1,1,60,0,0,3
pianoSvg/NS992.svg,new,1/1,5,86,0,11,0,0,0,6,0,18,4,6,1,0,5,1,18,0,0,0,0,1,0,36,0,0,
pianoSvg/NS993.svg,new,1/1,8,76,0,16,0,0,0,9,0,6,3,18,2,0,8,1,9,0,0,0,0,1,0,48,0,0,
pianoSvg/NS994.svg,new,1/1,9,147,0,27,26,0,0,9,0,27,2,9,1,0,9,1,23,0,0,0,0,1,0,51,0,0,
pianoSvg/NS995.svg,old,1/1,4,44,0,9,1,0,0,0,0,0,6,2,1,0,4,1,0,0,0,0,0,1,0,21,0,0,
pianoSvg/NS996.svg,new,1/1,7,101,0,7,0,0,0,8,0,16,10,12,1,2,7,3,21,0,0,0,0,2,0,30,0,0,
pianoSvg/NS997.svg,old,1/1,6,142,0,12,5,0,0,15,0,25,3,17,1,0,6,1,23,0,0,0,0,1,0,65,0,0,
pianoSvg/NS998.svg,new,1/1,5,87,0,11,0,0,0,5,0,17,4,5,1,0,5,1,18,0,0,0,0,1,0,36,0,0,
pianoSvg/NS999.svg,new,1/1,5,87,0,5,7,0,0,6,0,18,7,7,1,0,5,1,17,0,0,0,0,1,0,34,0,0,
guitarSvg/BF101.svg,old,1/1,2,37,0,4,3,0,0,6,0,1,8,6,1,0,2,1,3,0,0,0,0,1,1,22,0,0,(Guitar)
guitarSvg/BF106.svg,old,1/1,4,39,0,0,0,0,0,0,0,6,1,2,2,0,4,1,7,0,0,0,0,1,1,25,0,0,(Guitar)
guitarSvg/BF109.svg,old,1/1,3,42,0,6,0,0,0,10,0,4,4,10,1,0,3,1,2,0,0,0,0,1,1,18,0,0,(Guitar: Capo 3)
guitarSvg/BF12.svg,old,1/1,6,159,0,30,0,0,0,6,0,28,5,11,1,0,6,1,33,0,0,0,0,1,1,54,0,0,(Guitar: Capo 1)
guitarSvg/BF133.svg,old,1/1,2,41,0,2,0,0,0,0,0,9,1,1,1,0,2,1,11,0,0,0,0,1,1,20,0,0,(Guitar)
guitarSvg/BF134.svg,old,1/1,4,65,0,12,4,0,0,1,0,7,6,16,1,0,4,1,13,0,0,0,0,1,1,41,0,0,(Guitar: Capo 1)
guitarSvg/BF135.svg,old,1/1,3,65,0,11,4,2,0,8,0,1,0,12,1,0,3,1,24,0,0,0,0,1,1,31,0,0,(Guitar: Capo 1)
guitarSvg/BF136.svg,old,1/1,2,46,0,6,0,0,0,0,0,12,5,1,1,0,2,1,6,0,0,0,0,1,1,17,0,0,(Guitar: Capo 1)
guitarSvg/BF152.svg,old,1/1,4,69,0,12,6,0,0,0,0,20,6,2,1,0,4,1,7,0,0,0,0,1,1,38,0,0,(Guitar)
guitarSvg/BF158.svg,old,1/1,4,45,0,8,0,0,0,3,0,9,1,4,2,0,4,1,1,0,0,0,0,1,1,24,0,0,(Guitar)
guitarSvg/BF162.svg,old,1/1,4,52,0,4,0,0,0,0,0,8,13,0,1,0,4,1,9,0,0,0,0,1,1,45,0,0,(Guitar)
guitarSvg/BF164.svg,old,1/1,4,70,0,4,0,0,0,0,0,10,2,1,1,0,4,1,5,0,0,0,0,1,1,33,0,0,(Guitar: Capo 3)
guitarSvg/BF165.svg,old,1/1,4,75,0,0,0,0,0,3,0,3,1,8,2,0,4,1,15,0,0,0,0,1,1,41,0,0,(Guitar)
guitarSvg/BF167.svg,old,1/1,5,71,0,5,7,0,0,1,0,3,8,15,1,0,5,1,14,0,0,0,0,1,1,57,0,0,(Guitar: Capo 3)
guitarSvg/BF169.svg,old,1/1,4,103,0,4,2,0,0,6,0,22,5,8,1,0,4,1,18,0,0,0,0,1,1,41,0,0,(Guitar: Capo 3)
guitarSvg/BF170.svg,old,1/1,2,30,0,0,0,0,0,3,0,5,3,3,1,0,2,1,4,0,0,0,0,1,1,21,0,0,(Guitar)
guitarSvg/BF171.svg,old,1/1,4,72,0,0,0,0,0,0,0,13,5,6,1,0,4,1,18,0,0,0,0,1,1,30,0,0,(Guitar)
guitarSvg/BF172.svg,old,1/1,4,67,0,4,0,0,0,0,0,8,2,14,1,0,4,1,10,0,0,0,0,1,1,41,0,0,(Guitar)
guitarSvg/BF174.svg,old,1/1,3,54,0,3,3,0,0,2,0,7,8,3,1,0,3,1,10,0,0,0,0,1,1,26,0,0,(Guitar: Capo 3)
guitarSvg/BF175.svg,old,1/1,4,85,0,8,0,0,0,0,0,14,1,2,1,0,4,1,25,0,0,0,0,1,1,25,0,0,(Guitar)
guitarSvg/BF176.svg,old,1/1,4,103,0,4,1,0,0,1,0,17,1,4,1,0,4,1,31,0,0,0,0,1,2,29,0,0,"(Guitar: Capo 3) | An Old World plant, prized for its fragrant yellow and white flowers. (Song of Sol. 1:14, A.S.V.)"
guitarSvg/BF177.svg,old,1/1,2,30,0,4,2,0,0,0,0,8,7,0,1,0,2,1,0,0,0,0,0,1,1,20,0,0,(Guitar)
guitarSvg/BF185.svg,old,1/1,4,91,0,9,3,0,0,3,0,24,3,3,1,0,4,1,1,0,0,0,0,2,1,51,0,0,(Guitar)
guitarSvg/BF26.svg,old,1/1,4,55,0,4,0,0,0,3,0,9,1,9,1,0,4,1,12,0,0,0,0,1,1,15,0,0,(Guitar: Capo 3)
guitarSvg/BF271.svg,old,1/1,4,92,0,0,0,0,0,7,0,21,3,10,1,0,4,1,7,0,0,0,0,1,1,49,0,0,(Guitar)
guitarSvg/BF3.svg,old,1/1,5,134,0,0,0,0,0,22,0,6,2,27,1,0,5,1,41,0,0,0,0,1,1,58,0,0,(Guitar)
guitarSvg/BF31.svg,old,1/1,4,66,0,8,2,0,0,4,0,16,6,5,1,0,4,1,6,0,0,0,0,1,1,39,0,0,(Guitar)
guitarSvg/BF32.svg,old,1/1,6,115,0,19,0,1,0,7,0,17,1,13,2,0,6,1,37,0,0,0,0,1,1,59,0,0,(Guitar: Capo 1)
guitarSvg/BF325.svg,old,1/1,4,67,0,12,0,0,0,1,0,7,4,8,1,0,4,1,11,0,0,0,0,1,1,34,0,0,(Guitar: Capo 1)
guitarSvg/BF34.svg,old,1/1,2,45,0,2,1,0,0,2,0,2,1,3,2,0,2,1,1,0,0,0,0,1,1,26,0,0,(Guitar: Capo 3)
guitarSvg/BF345.svg,old,1/1,4,63,0,12,0,0,0,7,0,0,8,15,2,0,4,1,7,0,0,0,0,1,1,43,0,0,(Guitar: Capo 1)
guitarSvg/BF35.svg,old,1/1,3,51,0,9,0,0,0,0,0,12,1,4,1,0,3,1,8,0,0,0,0,1,1,29,0,0,(Guitar: Capo 1)
guitarSvg/BF36.svg,old,1/1,3,47,0,3,0,0,0,10,0,6,3,10,1,0,3,1,3,0,0,0,0,1,1,30,0,0,(Guitar)
guitarSvg/BF37.svg,old,1/1,4,76,0,4,0,0,0,2,0,15,3,3,1,0,4,1,23,0,0,0,0,1,1,22,0,0,(Guitar)
guitarSvg/BF401.svg,old,1/1,3,47,0,0,0,0,0,0,0,10,0,2,1,0,3,1,7,0,0,0,0,1,1,20,0,0,(Guitar)
guitarSvg/BF402.svg,old,1/1,4,64,0,0,0,0,0,0,0,8,1,8,2,0,4,1,7,0,0,0,0,1,1,40,0,0,(Guitar)
guitarSvg/BF403.svg,old,1/1,4,77,0,4,3,0,0,8,0,13,3,8,1,0,4,1,13,0,0,0,0,1,1,46,0,0,(Guitar: Capo 3)
guitarSvg/BF404.svg,old,1/1,4,59,0,8,1,0,0,4,0,12,6,8,1,0,4,1,3,0,0,0,0,1,1,45,0,0,(Guitar)
guitarSvg/BF405.svg,old,1/1,4,82,0,4,0,0,0,1,0,15,1,2,1,0,4,1,0,0,0,0,0,1,1,39,0,0,(Guitar: Capo 3)
guitarSvg/BF406.svg,old,1/1,4,99,0,8,3,0,0,7,0,9,8,8,1,0,4,1,13,0,0,0,0,1,1,58,0,0,(Guitar)
guitarSvg/BF407.svg,old,1/1,4,64,0,8,0,0,0,0,0,0,0,10,2,0,4,1,0,0,0,0,0,1,1,55,0,0,(Guitar)
guitarSvg/BF408.svg,old,1/1,3,86,0,6,0,0,0,25,0,8,0,19,1,0,3,1,14,0,0,0,0,1,1,45,0,0,(Guitar)
guitarSvg/BF409.svg,old,1/1,4,57,0,4,0,0,0,0,0,15,8,0,1,0,4,1,12,0,0,0,0,1,1,18,0,0,(Guitar: Capo 3)
guitarSvg/BF410.svg,old,1/1,4,66,0,8,2,0,0,2,0,15,5,3,1,0,4,1,22,0,0,0,0,1,1,38,0,0,(Guitar)
guitarSvg/BF411.svg,old,1/1,4,76,0,12,4,0,0,2,0,23,1,5,1,0,4,1,16,0,0,0,0,1,1,30,0,0,(Guitar: Capo 1)
guitarSvg/BF412.svg,old,1/1,6,120,0,12,0,0,0,38,0,14,6,18,1,0,6,1,18,0,0,0,0,1,1,58,0,0,(Guitar)
guitarSvg/BF414.svg,old,1/1,4,77,0,12,0,0,0,0,0,19,1,1,1,0,4,1,23,0,0,0,0,1,1,28,0,0,(Guitar: Capo 1)
guitarSvg/BF415.svg,old,1/1,4,92,0,12,0,0,0,1,0,15,13,2,1,0,4,1,16,0,0,0,0,1,1,43,0,0,(Guitar: Capo 1)
guitarSvg/BF416.svg,old,1/1,2,34,0,2,0,0,0,0,0,4,0,1,1,0,2,1,4,0,0,0,0,1,1,13,0,0,(Guitar: Capo 3)
guitarSvg/BF417.svg,old,1/1,5,73,0,0,0,0,0,12,0,12,6,15,1,0,5,1,16,0,0,0,0,1,1,23,0,0,(Guitar)
guitarSvg/BF418.svg,old,1/1,4,84,0,4,1,0,0,6,0,19,1,6,1,0,4,1,24,0,0,0,0,1,1,31,0,0,(Guitar: Capo 3)
guitarSvg/BF419.svg,old,1/1,2,40,0,4,0,0,0,6,0,3,2,10,1,0,2,1,6,0,0,0,0,1,1,25,0,0,(Guitar)
guitarSvg/BF420.svg,old,1/1,4,56,0,4,0,0,0,10,0,4,1,16,1,0,4,1,14,0,0,0,0,1,1,31,0,0,(Guitar: Capo 3)
guitarSvg/BF421.svg,old,1/1,4,69,0,4,0,0,0,4,0,11,1,7,1,0,4,1,8,2,0,0,0,1,1,24,0,0,(Guitar: Capo 3)
guitarSvg/BF422.svg,old,1/1,2,32,0,6,0,0,0,0,0,3,1,2,1,0,2,1,3,0,0,0,0,1,1,18,0,0,(Guitar: Capo 1)
guitarSvg/BF423.svg,old,1/1,4,70,0,12,0,0,0,0,0,6,1,3,1,0,4,1,13,0,0,0,0,1,1,26,0,0,(Guitar: Capo 1)
guitarSvg/BF424.svg,old,1/1,4,74,0,0,0,0,0,3,0,20,1,7,1,0,4,1,14,0,0,0,0,1,1,34,0,0,(Guitar)
guitarSvg/BF425.svg,old,1/1,6,88,0,18,0,0,0,0,0,2,2,17,2,0,6,1,21,0,0,0,0,1,1,72,0,0,(Guitar: Capo 1)
guitarSvg/BF426.svg,old,1/1,4,54,0,12,0,0,0,0,0,0,1,3,1,0,4,1,4,0,0,0,0,1,1,24,0,0,(Guitar: Capo 1)
guitarSvg/BF427.svg,old,1/1,4,80,0,4,0,0,0,0,0,13,0,0,1,0,4,1,13,0,0,0,0,1,2,25,0,0,(Guitar) | (Repeat the last line of each stanza)
guitarSvg/BF428.svg,old,1/1,4,71,0,0,0,0,0,0,0,7,8,0,1,0,4,1,15,0,0,0,0,1,1,36,0,0,(Guitar)
guitarSvg/BF429.svg,old,1/1,4,36,0,0,0,0,0,0,0,7,3,8,1,0,4,1,8,0,0,0,0,1,1,23,0,0,(Guitar)
guitarSvg/BF43.svg,old,1/1,4,100,0,12,0,0,0,4,0,24,8,4,1,0,4,1,40,0,0,0,0,1,1,32,0,0,(Guitar: Capo 1)
guitarSvg/BF430.svg,old,1/1,4,77,0,4,0,0,0,7,0,18,1,12,1,0,4,1,20,0,0,0,0,1,1,16,0,0,(Guitar: Capo 3)
guitarSvg/BF431.svg,old,1/1,4,66,0,4,3,0,0,4,0,16,1,11,1,0,4,1,12,0,0,0,0,1,1,42,0,0,(Guitar: Capo 3)
guitarSvg/BF432.svg,old,1/1,6,86,0,18,2,0,0,1,0,0,1,23,2,0,6,1,4,0,0,0,0,1,1,51,0,0,(Guitar: Capo 1)
guitarSvg/BF433.svg,old,1/1,4,66,0,8,2,0,0,2,0,10,1,3,1,0,4,1,10,0,0,0,0,1,1,49,0,0,(Guitar)
guitarSvg/BF434.svg,old,1/1,6,80,0,8,0,1,0,11,0,12,2,12,6,0,6,1,12,0,0,0,0,1,1,23,0,0,(Guitar: Capo 3)
guitarSvg/BF435.svg,old,1/1,4,38,0,8,0,0,0,6,0,0,0,10,2,0,4,1,6,0,0,0,0,1,1,17,0,0,(Guitar)
guitarSvg/BF436.svg,old,1/1,4,88,0,8,0,0,0,1,0,2,1,9,1,0,4,1,11,0,0,0,0,1,1,40,0,0,(Guitar)
guitarSvg/BF438.svg,old,1/1,4,66,0,12,0,0,0,8,0,7,6,10,1,0,4,1,14,0,0,0,0,1,1,25,0,0,(Guitar: Capo 1)
guitarSvg/BF439.svg,old,1/1,4,49,0,4,0,0,0,0,0,0,1,4,1,0,4,1,1,0,0,0,0,1,1,34,0,0,(Guitar)
guitarSvg/BF440.svg,old,1/1,3,47,0,12,0,0,0,6,0,2,0,6,1,0,3,1,2,0,0,0,0,1,1,21,0,0,(Guitar: Capo 1)
guitarSvg/BF441.svg,old,1/1,3,47,0,12,0,0,0,6,0,2,0,6,1,0,3,1,2,0,0,0,0,1,1,21,0,0,(Guitar: Capo 1)
guitarSvg/BF442.svg,new,1/1,8,169,0,32,0,0,0,12,0,36,0,11,1,0,8,1,44,0,0,0,0,1,1,40,0,0,(Guitar: Capo 1)
guitarSvg/BF443.svg,old,1/1,6,91,0,18,3,0,0,8,0,15,11,8,1,0,6,1,7,0,0,0,0,1,1,45,0,0,(Guitar)
guitarSvg/BF444.svg,old,1/1,4,49,0,4,0,0,0,0,0,4,1,1,1,0,4,1,13,0,0,0,0,1,1,27,0,0,(Guitar: Capo 3)
guitarSvg/BF445.svg,old,1/1,5,43,0,15,3,0,0,4,0,5,0,9,2,0,5,1,3,0,0,0,0,1,1,25,0,0,(Guitar)
guitarSvg/BF446.svg,old,1/1,10,128,0,10,0,0,0,0,0,9,7,7,1,0,10,1,35,0,0,0,0,1,1,60,0,0,(Guitar: Capo 3)
guitarSvg/BF447.svg,old,1/1,4,44,0,16,0,0,0,0,0,8,1,1,1,0,4,1,2,0,0,0,0,1,1,24,0,0,(Guitar: Capo 2)
guitarSvg/BF448.svg,old,1/1,2,31,0,2,0,0,0,3,0,3,4,3,1,0,2,1,1,0,0,0,0,1,1,19,0,0,(Guitar: Capo 3)
guitarSvg/BF449.svg,old,1/1,8,106,0,0,0,0,0,5,0,12,12,5,1,0,8,1,26,0,0,0,0,1,1,29,0,0,(Guitar)
guitarSvg/BF450.svg,old,1/1,4,63,0,0,0,0,0,3,0,18,7,5,1,0,4,1,7,0,0,0,0,1,1,36,0,0,(Guitar)
guitarSvg/BF451.svg,old,1/1,5,58,0,20,0,0,0,2,0,10,2,10,1,0,5,1,15,0,0,0,0,1,1,23,0,0,(Guitar: Capo 2)
guitarSvg/BF452.svg,old,1/1,4,61,0,13,1,1,0,8,0,16,1,9,2,0,4,1,3,0,0,0,0,1,2,31,0,0,(Guitar: Capo 1) | (Repeat the last two lines of each stanza)
guitarSvg/BF453.svg,old,1/1,8,106,0,8,0,0,0,12,0,12,4,17,1,0,8,1,32,0,0,0,0,1,1,41,0,0,(Guitar: Capo 3)
guitarSvg/BF454.svg,old,1/1,8,100,0,1,0,0,0,7,0,18,9,10,1,0,8,1,25,0,0,0,0,1,1,35,0,0,(Guitar)
guitarSvg/BF46.svg,old,1/1,7,154,0,15,5,0,0,53,0,10,1,13,1,0,7,1,36,0,0,0,0,1,1,54,0,0,(Guitar)
guitarSvg/BF51.svg,new,1/1,7,124,0,21,39,0,0,4,0,25,6,4,1,0,7,1,15,0,0,0,0,1,0,65,0,0,
guitarSvg/BF53.svg,old,1/1,4,48,0,4,0,0,0,10,0,6,4,14,2,0,4,1,4,0,0,0,0,1,1,30,0,0,(Guitar: Capo 3)
guitarSvg/BF59.svg,old,1/1,4,68,0,13,6,1,0,8,0,11,3,9,1,0,4,1,12,0,0,0,0,1,1,32,0,0,(Guitar)
guitarSvg/BF61.svg,old,1/1,2,38,0,2,0,0,0,1,0,9,4,1,1,0,2,1,0,0,0,0,0,1,1,25,0,0,(Guitar: Capo 3)
guitarSvg/BF66.svg,old,1/1,2,43,0,2,0,0,0,5,0,7,2,5,6,0,2,1,3,0,0,0,0,1,2,23,0,0,(Guitar) | 3
guitarSvg/BF78.svg,old,1/1,4,70,0,8,6,0,0,0,0,13,1,6,1,0,4,1,16,0,0,0,0,1,1,37,0,0,(Guitar)
guitarSvg/BF79.svg,old,1/1,4,80,0,12,0,0,0,0,0,22,8,2,1,0,4,1,16,0,0,0,0,1,1,42,0,0,(Guitar: Capo 1)
guitarSvg/BF93.svg,old,1/1,4,81,0,12,0,0,0,7,0,10,1,7,1,0,4,1,1,0,0,0,0,1,1,17,0,0,(Guitar)
guitarSvg/BF94.svg,old,1/1,4,100,0,4,1,0,0,0,0,14,4,2,1,0,4,1,22,0,0,0,0,1,1,43,0,0,(Guitar: Capo 3)
guitarSvg/BF99.svg,old,1/1,4,32,0,4,0,0,0,1,0,0,8,1,1,0,4,1,0,0,0,0,0,1,1,26,0,0,(Guitar)
guitarSvg/C1002.svg,old,1/1,4,62,0,16,0,0,0,8,0,11,2,11,1,0,4,1,0,0,0,0,0,1,1,33,0,0,(吉他: Capo 1)
guitarSvg/C1006.svg,old,1/1,4,39,0,4,0,0,0,0,0,0,0,0,1,0,4,1,7,0,0,0,0,1,1,17,0,0,(吉他: Capo 3)
guitarSvg/C103.svg,old,1/1,2,37,0,2,0,0,0,0,0,0,1,0,2,0,2,1,5,0,0,0,0,1,1,10,0,0,(吉他)
guitarSvg/C107.svg,old,1/1,4,58,0,16,0,0,0,0,0,1,0,0,1,0,4,1,2,0,0,0,0,1,1,34,0,0,(吉他: Capo 1)
guitarSvg/C111.svg,old,1/1,2,54,0,5,0,0,0,5,0,4,1,7,1,0,2,1,4,0,0,0,0,1,1,27,0,0,(吉他: Capo 3)
guitarSvg/C127.svg,old,1/1,4,99,0,4,0,0,0,8,0,23,1,4,1,0,4,1,3,0,0,0,0,1,1,35,0,0,(吉他: Capo 3)
guitarSvg/C128.svg,old,1/1,2,52,0,2,1,0,0,0,0,0,1,4,1,0,2,1,0,0,0,0,0,1,1,29,0,0,(吉他: Capo 3)
guitarSvg/C132.svg,old,1/1,4,65,0,8,0,0,0,0,0,0,3,14,2,0,4,1,5,0,0,0,0,1,1,47,0,0,(吉他)
guitarSvg/C136.svg,old,1/1,4,68,0,4,0,0,0,4,0,16,1,13,2,0,4,1,16,2,0,0,0,1,1,23,0,0,(吉他: Capo 3)
guitarSvg/C137.svg,old,1/1,4,53,0,8,0,0,0,11,0,0,3,14,1,0,4,1,0,0,0,0,0,1,1,25,0,0,(吉他)
guitarSvg/C15.svg,old,1/1,2,33,0,2,0,0,0,0,0,3,1,1,2,0,2,1,5,0,0,0,0,1,1,14,0,0,(吉他)
guitarSvg/C17.svg,old,1/1,2,39,0,9,0,1,0,0,0,1,1,1,2,0,2,1,6,0,0,0,0,1,1,16,0,0,(吉他: Capo 1)
guitarSvg/C174.svg,old,1/1,4,62,0,4,0,0,0,7,0,32,1,22,2,0,4,1,2,0,0,0,0,1,1,28,0,0,(吉他)
guitarSvg/C182.svg,old,1/1,6,61,0,1,0,0,0,0,0,0,0,0,1,0,6,1,1,0,0,0,0,1,1,39,0,0,(吉他)
guitarSvg/C183.svg,old,1/1,2,32,0,2,0,0,0,0,0,8,1,0,2,0,2,1,0,0,0,0,0,1,1,21,0,0,(吉他: Capo 3)
guitarSvg/C188.svg,old,1/1,4,75,0,12,0,0,0,0,0,15,0,0,2,0,4,1,15,0,0,0,0,1,1,27,0,0,(吉他: Capo 1)
guitarSvg/C189.svg,old,1/1,5,95,0,20,0,0,0,0,0,36,3,18,1,0,5,1,1,0,0,0,0,1,1,46,0,0,(吉他: Capo 1)
guitarSvg/C191.svg,old,1/1,3,55,0,5,0,0,0,9,0,7,0,9,1,0,3,1,10,0,0,0,0,1,1,23,0,0,(吉他)
guitarSvg/C192.svg,old,1/1,2,36,0,6,0,0,0,0,0,16,0,8,1,0,2,1,0,0,0,0,0,1,1,15,0,0,(吉他)
guitarSvg/C195.svg,old,1/1,4,75,0,18,0,1,0,4,0,37,1,30,1,0,4,1,0,0,0,0,0,1,1,26,0,0,(吉他: Capo 1)
guitarSvg/C198.svg,old,1/1,3,55,0,5,0,0,0,9,0,7,0,9,1,0,3,1,10,0,0,0,0,1,1,23,0,0,(吉他)
guitarSvg/C199.svg,old,1/1,3,48,0,6,2,0,0,0,0,0,0,6,2,0,3,1,6,0,0,0,0,1,1,37,0,0,(吉他)
guitarSvg/C205.svg,old,1/1,4,58,0,9,0,0,0,0,0,15,0,13,2,0,4,1,0,0,0,0,0,1,1,28,0,0,(吉他: Capo 3)
guitarSvg/C212.svg,old,1/1,4,77,0,20,0,2,0,0,0,25,0,14,1,0,4,1,0,0,0,0,0,1,1,41,0,0,(吉他: Capo 1)
guitarSvg/C239.svg,old,1/1,4,53,0,16,0,0,0,4,0,0,3,4,1,0,4,1,1,0,0,0,0,1,1,43,0,0,(吉他: Capo 1)
guitarSvg/C243.svg,old,1/1,4,79,0,4,0,0,0,0,0,30,1,16,1,0,4,1,0,3,0,0,0,1,1,32,0,0,(吉他: Capo 3)
guitarSvg/C245.svg,old,1/1,7,103,0,14,0,0,0,9,0,10,2,20,1,0,7,1,0,0,0,0,0,1,1,46,0,0,(吉他: Capo 3)
guitarSvg/C253.svg,old,1/1,4,57,0,8,0,0,0,0,0,5,6,3,1,0,4,1,1,0,0,0,0,1,1,27,0,0,(吉他)
guitarSvg/C255.svg,old,1/1,4,73,0,19,0,3,0,2,0,25,3,17,1,0,4,1,3,0,0,0,0,1,1,38,0,0,(吉他: Capo 1)
guitarSvg/C261.svg,old,1/1,5,65,0,20,0,0,0,3,0,0,1,5,1,0,5,1,8,0,0,0,0,1,1,40,0,0,(吉他: Capo 1)
guitarSvg/C273.svg,old,1/1,4,84,0,5,1,0,0,2,0,27,0,7,2,0,4,1,2,0,0,0,0,1,1,42,0,0,(吉他: Capo 3)
guitarSvg/C276.svg,old,1/1,4,54,0,2,0,0,0,6,0,4,1,10,1,0,4,1,0,0,0,0,0,1,1,37,0,0,(吉他)
guitarSvg/C28.svg,old,1/1,6,81,0,0,0,0,0,0,0,6,0,5,1,0,6,1,8,3,0,0,0,1,1,47,0,0,(吉他)
guitarSvg/C283.svg,old,1/1,5,90,0,5,0,0,0,0,0,16,0,0,1,0,5,1,0,0,0,0,0,1,1,58,0,0,(吉他)
guitarSvg/C292.svg,old,1/1,4,55,0,1,0,0,0,7,0,7,7,13,1,0,4,1,1,1,0,0,0,1,1,31,0,0,(吉他)
guitarSvg/C293.svg,old,1/1,6,86,0,12,0,0,0,12,0,12,13,15,2,2,6,2,7,0,0,0,0,2,1,41,0,0,(吉他)
guitarSvg/C303.svg,old,1/1,5,89,0,0,0,0,0,9,0,37,1,18,2,0,5,1,5,0,0,0,0,1,1,33,0,0,(吉他)
guitarSvg/C305.svg,old,1/1,3,52,0,12,0,0,0,0,0,0,1,3,2,0,3,1,10,0,0,0,0,1,1,33,0,0,(吉他: Capo 2)
guitarSvg/C310.svg,old,1/1,3,63,0,0,0,0,0,0,0,0,1,0,2,0,3,1,15,0,0,0,0,1,1,36,0,0,(吉他)
guitarSvg/C313.svg,old,1/1,5,70,0,5,1,0,0,8,0,0,1,13,1,0,5,1,5,0,0,0,0,1,1,34,0,0,(吉他: Capo 3)
guitarSvg/C315.svg,old,1/1,1,35,0,4,0,1,0,0,0,0,0,1,1,0,1,1,3,0,0,0,0,1,1,29,0,0,(吉他: Capo 1)
guitarSvg/C316.svg,old,1/1,6,54,0,9,6,2,0,0,0,0,0,6,2,0,6,1,6,0,0,0,0,1,5,42,0,0,(吉他: Capo 3) | 第七節的『傾圮』 | 意思是毀壞。 | 第十二節的『濁溷』
guitarSvg/C319.svg,old,1/1,4,61,0,16,0,0,0,4,3,34,1,22,2,0,4,1,0,3,0,0,0,1,1,26,0,0,(吉他: Capo 1)
guitarSvg/C323.svg,old,1/1,2,28,0,8,1,2,0,0,0,0,4,4,2,0,2,1,1,0,0,0,0,1,1,17,0,0,(吉他: Capo 1)
guitarSvg/C326.svg,old,1/1,3,37,0,0,0,0,0,0,0,6,1,1,1,0,3,1,0,0,0,0,0,1,1,15,0,0,(吉他)
guitarSvg/C327.svg,old,1/1,3,39,0,6,0,0,0,3,0,0,2,5,1,0,3,1,2,0,0,0,0,1,1,20,0,0,(吉他: Capo 3)
guitarSvg/C329.svg,old,1/1,4,73,0,12,0,0,0,0,0,0,0,10,2,0,4,1,0,1,0,0,0,1,1,29,0,0,(吉他: Capo 1)
guitarSvg/C347.svg,old,1/1,7,78,0,1,0,0,0,16,0,0,1,18,1,0,7,1,1,2,0,0,0,1,1,45,0,0,(吉他)
guitarSvg/C352.svg,old,1/1,4,39,0,4,0,0,0,0,0,0,0,0,1,0,4,1,7,0,0,0,0,1,1,17,0,0,(吉他: Capo 3)
guitarSvg/C353.svg,old,1/1,3,83,0,12,0,0,0,21,0,7,0,20,2,0,3,1,7,0,0,0,0,1,1,37,0,0,(吉他: Capo 1)
guitarSvg/C357.svg,old,1/1,2,37,0,5,0,0,0,0,0,11,1,6,1,0,2,1,9,0,0,0,0,1,1,22,0,0,(吉他)
guitarSvg/C360.svg,old,1/1,4,57,0,2,0,0,0,10,0,0,1,13,1,0,4,1,1,0,0,0,0,1,1,30,0,0,(吉他)
guitarSvg/C380.svg,old,1/1,4,60,0,1,0,0,0,4,0,0,0,4,1,0,4,1,0,0,0,0,0,1,1,35,0,0,(吉他)
guitarSvg/C385.svg,old,1/1,2,27,0,10,0,0,0,0,0,0,1,1,4,0,2,1,3,3,0,0,0,1,1,18,0,0,(吉他: Capo 1)
guitarSvg/C39.svg,old,1/1,1,45,0,2,0,0,0,1,0,4,0,2,2,0,1,1,13,1,0,0,0,1,2,18,0,0,(吉他) | 第一節的『實際』指基督。
guitarSvg/C392.svg,old,1/1,2,29,0,6,1,0,0,3,0,6,1,5,1,0,2,1,5,0,0,0,0,1,1,27,0,0,(吉他: Capo 1)
guitarSvg/C393.svg,old,1/1,2,29,0,6,1,0,0,3,0,6,1,5,1,0,2,1,5,0,0,0,0,1,1,27,0,0,(吉他: Capo 1)
guitarSvg/C409.svg,old,1/1,4,61,0,4,0,0,0,19,0,5,1,8,2,0,4,1,9,0,0,0,0,1,1,38,0,0,(吉他: Capo 3)
guitarSvg/C413.svg,old,1/1,4,73,0,5,0,0,0,16,0,20,1,6,2,0,4,1,4,3,0,0,0,1,1,27,0,0,(吉他)
guitarSvg/C421.svg,old,1/1,4,52,0,5,0,0,0,8,0,0,1,12,1,0,4,1,0,0,0,0,0,1,1,25,0,0,(吉他: Capo 3)
guitarSvg/C424.svg,old,1/1,4,72,0,12,0,0,0,4,0,13,1,10,1,0,4,1,20,0,0,0,0,1,1,23,0,0,(吉他: Capo 1)
guitarSvg/C43.svg,old,1/1,4,62,0,4,0,0,0,4,0,26,1,16,2,0,4,1,2,2,0,0,0,1,1,19,0,0,(吉他: Capo 3)
guitarSvg/C430.svg,old,1/1,5,44,0,0,0,0,0,2,0,0,1,6,1,0,5,1,0,0,0,0,0,1,4,22,0,0,(吉他) | 羅馬八章二十六至三十九節。 | 二十九節：『效法祂兒子的模樣，』 | 應譯作『模成神兒子的形像。』
guitarSvg/C432.svg,old,1/1,4,56,0,4,0,0,0,0,0,14,1,0,2,0,4,1,0,1,0,0,0,1,1,25,0,0,(吉他: Capo 3)
guitarSvg/C438.svg,old,1/1,5,113,0,22,0,2,0,45,0,2,1,17,2,0,5,1,15,2,0,0,0,1,1,48,0,0,(吉他: Capo 1)
guitarSvg/C439.svg,old,1/1,3,65,0,10,0,2,0,7,0,12,1,5,1,0,3,1,7,1,0,0,0,1,1,28,0,0,(吉他: Capo 3)
guitarSvg/C442.svg,old,1/1,4,65,0,11,0,2,0,7,0,0,2,24,2,0,4,1,1,0,0,0,0,1,1,41,0,0,(吉他: Capo 3)
guitarSvg/C444.svg,old,1/1,2,32,0,2,0,0,0,0,0,8,1,0,2,0,2,1,0,0,0,0,0,1,1,21,0,0,(吉他: Capo 3)
guitarSvg/C450.svg,old,1/1,4,60,0,4,0,0,0,2,0,7,3,5,1,0,4,1,0,0,0,0,0,1,1,31,0,0,(吉他)
guitarSvg/C463.svg,old,1/1,4,63,0,4,0,0,0,0,0,16,0,8,1,0,4,1,0,0,0,0,0,1,1,30,0,0,(吉他)
guitarSvg/C468.svg,old,1/1,2,32,0,2,0,0,0,1,0,0,1,2,2,0,2,1,4,0,0,0,0,1,1,16,0,0,(吉他)
guitarSvg/C47.svg,old,1/1,4,60,0,8,0,0,0,0,0,32,1,16,2,0,4,1,8,0,0,0,0,1,1,33,0,0,(吉他: Capo 3)
guitarSvg/C474.svg,old,1/1,4,59,0,5,0,1,0,8,0,14,1,8,2,0,4,1,7,2,0,0,0,1,1,29,0,0,(吉他: Capo 3)
guitarSvg/C482.svg,old,1/1,2,58,0,3,0,0,0,6,0,18,8,16,2,0,2,1,3,0,0,0,0,1,1,23,0,0,(吉他)
guitarSvg/C487.svg,old,1/1,2,22,0,6,0,0,0,4,0,0,0,4,1,0,2,1,0,0,0,0,0,1,1,16,0,0,(吉他)
guitarSvg/C488.svg,old,1/1,3,91,0,9,0,0,0,12,0,10,8,17,1,0,3,1,1,0,0,0,0,1,1,51,0,0,(吉他: Capo 1)
guitarSvg/C490.svg,old,1/1,4,55,0,4,0,0,0,7,0,2,1,11,1,0,4,1,3,0,0,0,0,1,1,29,0,0,(吉他: Capo 3)
guitarSvg/C505.svg,old,1/1,2,29,0,2,0,0,0,0,0,0,1,4,2,0,2,1,1,0,0,0,0,1,1,16,0,0,(吉他)
guitarSvg/C511.svg,old,1/1,2,33,0,3,0,1,0,0,0,0,0,4,2,0,2,1,1,0,0,0,0,1,1,19,0,0,(吉他: Capo 3)
guitarSvg/C512.svg,old,1/1,4,57,0,8,0,0,0,1,0,24,1,11,2,0,4,1,1,0,0,0,0,1,1,23,0,0,(吉他: Capo 3)
guitarSvg/C518.svg,old,1/1,6,86,0,28,0,4,0,0,0,30,4,24,1,0,6,1,2,1,0,0,0,1,1,36,0,0,(吉他: Capo 1)
guitarSvg/C519.svg,old,1/1,5,84,0,16,0,1,0,3,0,47,1,29,1,0,5,1,0,1,0,0,0,1,1,27,0,0,(吉他: Capo 1)
guitarSvg/C548.svg,old,1/1,4,62,0,9,0,0,0,8,0,9,3,12,1,0,4,1,1,1,0,0,0,1,1,30,0,0,(吉他: Capo 3)
guitarSvg/C549.svg,old,1/1,4,64,0,0,0,0,0,4,0,20,1,4,2,0,4,1,0,4,0,0,0,1,1,20,0,0,(吉他)
guitarSvg/C570.svg,old,1/1,4,100,0,18,0,6,0,9,0,18,1,9,1,0,4,1,0,1,0,0,0,1,1,24,0,0,(吉他: Capo 1)
guitarSvg/C577.svg,old,1/1,4,44,0,4,0,0,0,7,0,0,0,7,1,0,4,1,0,0,0,0,0,1,1,42,0,0,(吉他: Capo 3)
guitarSvg/C578.svg,old,1/1,4,67,0,8,0,0,0,29,0,3,1,0,2,0,4,1,3,0,0,0,0,1,1,22,0,0,(吉他)
guitarSvg/C617.svg,old,1/1,4,69,0,4,0,0,0,0,0,0,1,2,2,0,4,1,9,0,0,0,0,1,1,40,0,0,(吉他: Capo 3)
guitarSvg/C619.svg,old,1/1,6,79,0,13,0,0,0,10,0,22,1,33,1,0,6,1,0,0,0,0,0,1,1,36,0,0,(吉他: Capo 3)
guitarSvg/C620.svg,old,1/1,2,37,0,2,0,0,0,2,0,3,1,3,2,0,2,1,1,0,0,0,0,1,1,13,0,0,(吉他)
guitarSvg/C623.svg,old,1/1,4,36,0,4,0,0,0,2,0,5,1,3,2,0,4,1,8,0,0,0,0,1,1,17,0,0,(吉他)
guitarSvg/C625.svg,old,1/1,2,60,0,4,0,0,0,2,0,0,1,2,2,0,2,1,12,0,0,0,0,1,1,38,0,0,(吉他)
guitarSvg/C635.svg,old,1/1,4,61,0,4,0,0,0,6,0,26,1,15,2,0,4,1,1,0,0,0,0,1,1,23,0,0,(吉他: Capo 3)
guitarSvg/C649.svg,old,1/1,4,52,0,5,0,0,0,0,0,36,2,14,2,0,4,1,0,0,0,0,0,1,1,24,0,0,(吉他)
guitarSvg/C651.svg,old,1/1,6,110,0,24,0,6,0,22,0,36,1,22,2,0,6,1,10,4,0,0,0,1,1,36,0,0,(吉他: Capo 1)
guitarSvg/C652.svg,old,1/1,4,80,0,13,0,1,0,13,0,11,0,6,1,0,4,1,0,0,0,0,0,1,1,31,0,0,(吉他)
guitarSvg/C660.svg,old,1/1,3,44,0,12,0,0,0,6,0,18,1,12,2,0,3,1,2,0,0,0,0,1,3,24,0,0,(吉他: Capo 1) | 3 | 3
guitarSvg/C661.svg,old,1/1,4,51,0,5,0,1,0,1,0,12,0,7,1,0,4,1,1,0,0,0,0,1,1,28,0,0,(吉他: Capo 3)
guitarSvg/C67.svg,old,1/1,4,83,0,4,0,0,0,5,0,23,0,5,2,0,4,1,23,0,0,0,0,1,1,37,0,0,(吉他: Capo 3)
guitarSvg/C678.svg,old,1/1,4,50,0,4,0,0,0,0,0,10,1,1,2,0,4,1,0,0,0,0,0,1,1,25,0,0,(吉他: Capo 3)
guitarSvg/C689.svg,old,1/1,4,50,0,8,0,0,0,2,0,8,1,2,2,0,4,1,12,0,0,0,0,1,1,15,0,0,(吉他)
guitarSvg/C690.svg,old,1/1,4,58,0,12,1,0,0,2,0,16,3,13,1,0,4,1,0,0,0,0,0,1,1,35,0,0,(吉他: Capo 1)
guitarSvg/C691.svg,old,1/1,4,49,0,1,0,0,0,8,0,10,4,8,2,0,4,1,0,2,0,0,0,1,1,32,0,0,(吉他)
guitarSvg/C697.svg,old,1/1,5,76,0,5,0,0,0,4,0,0,3,23,2,0,5,1,0,0,0,0,0,1,1,53,0,0,(吉他: Capo 3)
guitarSvg/C702.svg,old,1/1,2,25,0,2,0,0,0,5,0,1,3,8,1,0,2,1,1,0,0,0,0,1,1,16,0,0,(吉他)
guitarSvg/C71.svg,old,1/1,4,58,0,4,0,0,0,5,0,6,4,6,1,0,4,1,6,1,0,0,0,1,1,27,0,0,(吉他)
guitarSvg/C710.svg,old,1/1,3,44,0,9,0,0,0,0,0,12,6,0,5,0,3,1,0,0,0,0,0,1,1,14,0,0,(吉他: Capo 1)
guitarSvg/C712.svg,old,1/1,4,56,0,4,0,0,0,22,0,4,3,2,2,0,4,1,4,2,0,0,0,1,1,23,0,0,(吉他: Capo 3)
guitarSvg/C713.svg,old,1/1,4,60,0,4,0,0,0,6,0,16,4,16,1,0,4,1,2,0,0,0,0,1,1,27,0,0,(吉他)
guitarSvg/C714.svg,old,1/1,4,47,0,12,0,0,0,17,0,0,0,13,2,0,4,1,5,0,0,0,0,1,1,30,0,0,(吉他: Capo 1)
guitarSvg/C715.svg,old,1/1,3,63,0,9,2,0,0,0,0,19,1,1,1,0,3,1,0,0,0,0,0,1,1,31,0,0,(吉他)
guitarSvg/C716.svg,old,1/1,4,71,0,4,0,0,0,5,0,22,7,12,1,0,4,1,1,1,0,0,0,1,1,40,0,0,(吉他)
guitarSvg/C734.svg,old,1/1,4,63,0,4,0,0,0,0,0,16,0,8,1,0,4,1,0,0,0,0,0,1,1,30,0,0,(吉他)
guitarSvg/C736.svg,old,1/1,4,62,0,4,0,0,0,1,0,17,1,16,1,0,4,1,4,0,0,0,0,1,1,30,0,0,(吉他: Capo 3)
guitarSvg/C744.svg,old,1/1,2,28,0,8,0,0,0,0,0,0,1,0,2,0,2,1,0,0,0,0,0,1,1,23,0,0,(吉他: Capo 1)
guitarSvg/C752.svg,old,1/1,4,74,0,9,0,1,0,2,0,21,7,10,1,0,4,1,4,1,0,0,0,1,1,24,0,0,(吉他: Capo 3)
guitarSvg/C753.svg,old,1/1,4,65,0,8,0,0,0,8,0,8,3,11,1,0,4,1,13,0,0,0,0,1,1,26,0,0,(吉他)
guitarSvg/C757.svg,old,1/1,2,44,0,4,0,2,0,0,0,0,0,8,2,0,2,1,0,0,0,0,0,1,1,26,0,0,(吉他: Capo 3)
guitarSvg/C761.svg,old,1/1,7,78,0,1,0,0,0,16,0,0,1,18,1,0,7,1,1,2,0,0,0,1,1,45,0,0,(吉他)
guitarSvg/C762.svg,old,1/1,4,56,0,0,0,0,0,5,0,7,4,11,1,0,4,1,0,0,0,0,0,1,1,32,0,0,(吉他)
guitarSvg/C770.svg,old,1/1,4,89,0,4,0,0,0,6,0,32,2,18,1,0,4,1,2,1,0,0,0,1,1,26,0,0,(吉他)
guitarSvg/C86.svg,old,1/1,4,60,0,12,1,0,0,0,0,0,0,0,1,0,4,1,0,0,0,0,0,1,1,31,0,0,(吉他: Capo 1)
guitarSvg/C89.svg,old,1/1,2,36,0,2,0,0,0,0,0,0,1,2,2,0,2,1,8,0,0,0,0,1,1,21,0,0,(吉他)
guitarSvg/C90.svg,old,1/1,4,52,0,0,0,0,0,0,0,2,3,4,1,0,4,1,9,0,0,0,0,1,1,34,0,0,(吉他)
guitarSvg/CH1.svg,old,1/1,2,32,0,0,0,0,0,1,0,4,0,1,2,0,2,1,0,0,0,0,0,1,1,19,0,0,(Guitar)
guitarSvg/CH10.svg,old,1/1,4,54,0,8,0,0,0,2,0,14,1,2,1,0,4,1,5,0,0,0,0,1,1,25,0,0,(Guitar: Capo 3)
guitarSvg/CH11.svg,old,1/1,4,49,0,4,0,0,0,0,0,13,1,2,1,0,4,1,0,0,0,0,0,1,1,22,0,0,(Guitar: Capo 3)
guitarSvg/CH12.svg,old,1/1,2,30,0,4,0,0,0,4,0,4,2,6,1,0,2,1,0,0,0,0,0,1,1,24,0,0,(Guitar: Capo 3)
guitarSvg/CH13.svg,old,1/1,5,68,0,9,0,0,0,6,0,24,2,6,2,0,5,1,56,0,0,0,0,2,1,34,0,0,(Guitar)
guitarSvg/CH14.svg,old,1/1,5,71,0,10,0,0,0,1,0,11,1,3,1,0,5,1,39,0,0,0,0,1,1,24,0,0,(Guitar)
guitarSvg/CH15.svg,old,1/1,4,46,0,8,0,0,0,0,0,17,0,6,1,0,4,1,56,0,0,0,0,1,1,16,0,0,(Guitar)
guitarSvg/CH16.svg,old,1/1,7,95,0,14,0,0,0,0,0,6,2,10,1,2,7,2,7,0,0,0,0,1,1,61,0,0,(Guitar)
guitarSvg/CH17.svg,old,1/1,6,89,0,6,0,0,0,1,0,22,15,2,1,0,6,1,1,0,0,0,0,1,1,32,0,0,(Guitar)
guitarSvg/CH18.svg,old,1/1,8,110,0,32,2,3,0,1,0,27,4,11,1,0,8,1,27,0,0,0,0,1,1,56,0,0,(Guitar: Capo 1)
guitarSvg/CH19.svg,old,1/1,4,66,0,9,0,0,0,3,0,15,1,13,1,0,4,1,5,0,0,0,0,1,1,34,0,0,(Guitar)
guitarSvg/CH2.svg,old,1/1,2,46,0,2,1,0,0,5,0,11,0,6,1,0,2,1,1,0,0,0,0,1,1,16,0,0,(Guitar: Capo 3)
guitarSvg/CH20.svg,old,1/1,4,64,0,8,0,0,0,0,0,18,1,9,1,0,4,1,9,0,0,0,0,1,1,21,0,0,(Guitar)
guitarSvg/CH21.svg,old,1/1,4,59,0,4,0,0,0,12,0,8,1,9,2,0,4,1,7,0,0,0,0,1,1,45,0,0,(Guitar: Capo 3)
guitarSvg/CH22.svg,old,1/1,4,34,0,4,0,0,0,2,0,10,1,3,1,0,4,1,0,0,0,0,0,1,1,17,0,0,(Guitar: Capo 3)
guitarSvg/CH23.svg,old,1/1,4,65,0,6,0,0,0,18,0,1,1,1,1,0,4,1,1,0,0,0,0,1,1,33,0,0,(Guitar)
guitarSvg/CH24.svg,old,1/1,7,96,0,28,0,0,0,10,3,18,1,8,1,0,7,1,1,0,0,0,0,1,1,43,0,0,(Guitar: Capo 2)
guitarSvg/CH25.svg,old,1/1,8,93,0,8,0,0,0,0,0,50,3,33,1,2,8,2,26,0,0,0,0,1,1,27,0,0,(Guitar: Capo 3)
guitarSvg/CH26.svg,old,1/1,8,99,0,8,0,0,0,9,0,26,0,11,1,0,8,1,6,0,0,0,0,1,1,40,0,0,(Guitar)
guitarSvg/CH27.svg,old,1/1,4,39,0,12,1,0,0,0,1,18,1,9,1,0,4,1,2,0,0,0,0,1,1,15,0,0,(Guitar)
guitarSvg/CH28.svg,old,1/1,2,23,0,0,0,0,0,5,0,0,3,8,1,0,2,1,0,0,0,0,0,1,1,17,0,0,(Guitar)
guitarSvg/CH29.svg,old,1/1,5,62,0,10,0,0,0,0,0,24,0,15,1,0,5,1,0,0,0,0,0,1,1,39,0,0,(Guitar)
guitarSvg/CH3.svg,old,1/1,4,40,0,0,0,0,0,2,0,5,0,2,1,0,4,1,0,0,0,0,0,1,1,19,0,0,(Guitar)
guitarSvg/CH30.svg,old,1/1,3,35,0,0,0,0,0,7,0,0,1,10,1,2,3,1,0,0,0,0,0,3,2,7,0,0,(Guitar) | (Guitar)
guitarSvg/CH31.svg,old,1/1,4,38,0,8,0,0,0,0,0,14,1,6,1,0,4,1,0,0,0,0,0,1,1,20,0,0,(Guitar)
guitarSvg/CH32.svg,old,1/1,4,49,0,0,0,0,0,0,0,0,1,3,1,0,4,1,0,0,0,0,0,1,1,50,0,0,(Guitar)
guitarSvg/CH33.svg,old,1/1,2,35,0,0,0,0,0,2,0,17,1,13,1,0,2,1,13,1,0,0,0,2,1,14,0,0,(Guitar)
guitarSvg/CH34.svg,old,1/1,2,22,0,2,0,0,0,0,0,8,0,4,1,0,2,1,1,0,0,0,0,1,2,10,0,0,(Guitar: Capo 3) | 3
guitarSvg/CH35.svg,old,1/1,3,35,0,9,0,0,0,2,0,7,3,2,1,0,3,1,10,0,0,0,0,1,1,15,0,0,(Guitar: Capo 1)
guitarSvg/CH36.svg,old,1/1,4,78,0,0,0,0,0,10,0,10,2,8,1,0,4,1,2,0,0,0,0,1,1,26,0,0,(Guitar)
guitarSvg/CH37.svg,old,1/1,2,31,0,0,0,0,0,0,0,5,0,2,1,0,2,1,2,0,0,0,0,1,1,12,0,0,(Guitar)
guitarSvg/CH38.svg,old,1/1,6,82,0,0,0,0,0,10,0,11,10,19,1,0,6,2,11,0,0,0,0,2,1,27,0,0,(Guitar)
guitarSvg/CH39.svg,old,1/1,4,84,0,9,0,0,0,0,0,25,0,2,6,0,4,1,6,4,1,0,0,1,2,25,0,0,(Guitar) | 3
guitarSvg/CH4.svg,old,1/1,4,69,0,4,0,0,0,16,0,9,1,1,1,0,4,1,2,0,0,0,0,1,1,31,0,0,(Guitar: Capo 3)
guitarSvg/CH40.svg,old,1/1,4,33,0,12,0,0,0,4,0,0,1,7,2,0,4,1,5,0,0,0,0,1,1,18,0,0,(Guitar: Capo 1)
guitarSvg/CH41.svg,old,1/1,4,60,0,4,0,0,0,0,0,44,1,22,2,0,4,1,6,0,0,0,0,1,1,44,0,0,(Guitar: Capo 3)
guitarSvg/CH42.svg,old,1/1,4,50,0,12,1,0,0,0,0,14,1,7,2,0,4,1,3,0,0,0,0,1,1,23,0,0,(Guitar)
guitarSvg/CH43.svg,old,1/1,4,57,0,12,0,0,0,0,0,0,3,11,2,0,4,1,2,0,0,0,0,1,1,22,0,0,(Guitar: Capo 1)
guitarSvg/CH44.svg,old,1/1,4,79,0,8,0,0,0,0,0,0,3,4,2,0,4,1,7,0,0,0,0,2,1,24,0,0,(Guitar)
guitarSvg/CH45.svg,old,1/1,4,57,0,0,0,0,0,0,0,4,1,0,1,0,4,1,4,4,0,0,0,2,1,19,0,0,(Guitar)
guitarSvg/CH46.svg,old,1/1,4,44,0,11,0,2,0,0,0,14,1,2,1,0,4,1,0,0,0,0,0,1,1,20,0,0,(Guitar)
guitarSvg/CH47.svg,old,1/1,5,60,0,10,0,0,0,24,0,0,0,12,2,0,5,1,0,0,0,0,0,1,1,20,0,0,(Guitar: Capo 3)
guitarSvg/CH48.svg,old,1/1,8,111,0,14,0,0,0,4,0,8,6,4,1,0,8,1,9,0,0,0,0,1,1,39,0,0,(Guitar)
guitarSvg/CH49.svg,old,1/1,4,51,0,0,0,0,0,0,0,8,12,4,1,0,4,1,11,0,0,0,0,1,1,20,0,0,(Guitar)
guitarSvg/CH5.svg,old,1/1,6,119,0,0,0,0,0,3,0,21,0,4,1,0,6,1,1,0,0,0,0,1,1,51,0,0,(Guitar)
guitarSvg/CH50.svg,old,1/1,4,43,0,12,1,0,0,0,2,19,4,13,1,0,4,1,1,1,0,0,0,1,1,16,0,0,(Guitar)
guitarSvg/CH51.svg,old,1/1,4,49,0,0,0,0,0,0,0,0,1,3,1,0,4,1,0,0,0,0,0,1,1,50,0,0,(Guitar)
guitarSvg/CH52.svg,old,1/1,6,93,0,18,2,0,0,1,0,25,1,3,1,0,6,1,2,0,0,0,0,1,1,69,0,0,(Guitar: Capo 1)
guitarSvg/CH53.svg,old,1/1,8,113,0,0,0,0,0,3,0,5,4,6,1,0,8,1,4,0,0,0,0,1,1,50,0,0,(Guitar)
guitarSvg/CH54.svg,old,1/1,4,42,0,12,0,0,0,0,0,10,0,0,1,0,4,1,2,0,0,0,0,1,1,18,0,0,(Guitar)
guitarSvg/CH55.svg,old,1/1,4,39,0,8,0,0,0,2,4,19,2,17,1,0,4,1,8,1,0,0,0,1,1,14,0,0,(Guitar: Capo 3)
guitarSvg/CH56.svg,old,1/1,4,34,0,0,0,0,0,0,0,0,0,6,2,0,4,1,2,0,0,0,0,1,1,20,0,0,(Guitar)
guitarSvg/CH57.svg,old,1/1,3,35,0,3,0,0,0,3,0,6,3,3,1,0,3,1,7,0,0,0,0,2,1,12,0,0,(Guitar)
guitarSvg/CH58.svg,old,1/1,4,40,0,4,0,0,0,0,0,24,1,17,1,0,4,1,0,0,0,0,0,1,1,17,0,0,(Guitar)
guitarSvg/CH59.svg,old,1/1,2,35,0,4,0,0,0,0,0,7,1,1,1,0,2,1,31,0,0,0,0,1,1,10,0,0,(Guitar)
guitarSvg/CH6.svg,old,1/1,6,117,0,0,0,0,0,4,0,19,1,5,1,0,6,1,3,0,0,0,0,1,1,53,0,0,(Guitar)
guitarSvg/CH60.svg,old,1/1,4,85,0,12,0,0,0,0,0,17,3,2,1,0,4,1,9,0,0,0,0,1,1,19,0,0,(Guitar)
guitarSvg/CH61.svg,old,1/1,7,134,0,21,2,0,0,4,0,35,1,5,1,0,7,1,2,0,0,0,0,1,1,70,0,0,(Guitar: Capo 1)
guitarSvg/CH62.svg,old,1/1,4,39,0,12,0,0,0,0,0,0,2,2,1,0,4,1,7,0,0,0,0,1,1,26,0,0,(Guitar: Capo 1)
guitarSvg/CH63.svg,old,1/1,2,34,0,0,0,0,0,7,0,3,4,5,1,0,2,1,3,0,0,0,0,1,1,8,0,0,(Guitar)
guitarSvg/CH64.svg,old,1/1,4,53,0,4,0,0,0,0,0,3,3,3,1,0,4,1,0,0,0,0,0,1,1,30,0,0,(Guitar)
guitarSvg/CH65.svg,old,1/1,4,49,0,0,0,0,0,0,0,0,1,3,1,0,4,1,0,0,0,0,0,1,1,50,0,0,(Guitar)
guitarSvg/CH66.svg,old,1/1,5,66,0,10,0,0,0,6,0,0,2,11,1,0,5,1,11,0,0,0,0,1,1,43,0,0,(Guitar: Capo 3)
guitarSvg/CH67.svg,old,1/1,4,49,0,4,0,0,0,0,0,4,1,1,2,0,4,1,4,0,0,0,0,1,1,38,0,0,(Guitar)
guitarSvg/CH68.svg,old,1/1,3,42,0,2,0,0,0,0,0,11,5,1,1,0,3,1,0,0,0,0,0,1,1,14,0,0,(Guitar)
guitarSvg/CH69.svg,old,1/1,4,41,0,9,0,0,0,0,0,8,0,0,1,0,4,1,0,0,0,0,0,1,1,15,0,0,(Guitar: Capo 3)
guitarSvg/CH7.svg,old,1/1,6,86,0,18,0,0,0,0,0,24,0,0,1,0,6,1,6,0,0,0,0,1,1,36,0,0,(Guitar)
guitarSvg/CH70.svg,old,1/1,4,52,0,17,1,0,0,0,0,13,0,10,1,0,4,1,1,0,0,0,0,1,1,44,0,0,(Guitar: Capo 2)
guitarSvg/CH71.svg,old,1/1,4,60,0,4,0,0,0,6,0,16,4,16,1,0,4,1,2,0,0,0,0,1,1,35,0,0,(Guitar)
guitarSvg/CH72.svg,old,1/1,2,32,0,4,0,0,0,0,0,2,0,0,1,0,2,1,0,0,0,0,0,1,1,6,0,0,(Guitar)
guitarSvg/CH73.svg,old,1/1,4,47,0,4,0,0,0,0,0,13,1,3,1,0,4,1,0,0,0,0,0,1,1,20,0,0,(Guitar: Capo 3)
guitarSvg/CH74.svg,old,1/1,2,31,0,2,0,0,0,0,0,16,1,9,1,0,2,1,1,0,0,0,0,1,1,10,0,0,(Guitar: Capo 3)
guitarSvg/CH8.svg,old,1/1,5,98,0,14,1,0,0,0,0,56,1,36,1,0,5,1,10,1,0,0,0,2,1,58,0,0,(Guitar)
guitarSvg/CH9.svg,old,1/1,4,53,0,8,0,0,0,2,0,16,3,0,1,0,4,1,5,0,0,0,0,1,1,27,0,0,(Guitar)
guitarSvg/CS10.svg,old,1/1,8,118,0,8,0,0,0,7,0,13,1,11,1,0,8,1,0,1,0,0,0,1,1,43,0,0,(吉他: Capo 3)
guitarSvg/CS1001.svg,old,1/1,7,107,0,7,0,0,0,15,0,25,1,20,2,0,7,1,11,0,0,0,0,1,1,46,0,0,(吉他)
guitarSvg/CS1002.svg,old,1/1,8,132,0,17,0,1,0,10,0,29,0,25,2,0,8,1,8,1,0,0,0,1,1,32,0,0,(吉他: Capo 3)
guitarSvg/CS1003.svg,old,1/1,5,158,0,18,0,1,0,11,0,16,4,12,3,0,5,1,25,5,0,0,0,1,2,80,0,0,(吉他: Capo 1) | 3
guitarSvg/CS1004.svg,old,1/1,6,90,0,18,4,0,0,3,0,9,0,3,1,0,6,1,10,0,0,0,0,1,1,37,0,0,(吉他)
guitarSvg/CS1005.svg,old,1/1,10,217,0,33,3,1,0,10,0,57,2,24,1,0,10,1,32,0,0,0,0,1,7,74,0,0,(吉他: Capo 1) | 3 | 3 | 3
guitarSvg/CS103.svg,old,1/1,2,31,0,2,0,0,0,1,0,0,0,5,2,0,2,1,3,0,0,0,0,1,1,19,0,0,(吉他: Capo 3)
guitarSvg/CS104.svg,old,1/1,6,97,0,7,0,1,0,34,0,1,0,2,1,0,6,1,1,0,0,0,0,1,1,46,0,0,(吉他: Capo 3)
guitarSvg/CS105.svg,old,1/1,4,63,0,4,0,0,0,3,0,0,2,15,2,0,4,1,6,0,0,0,0,1,1,37,0,0,(吉他)
guitarSvg/CS106.svg,old,1/1,2,28,0,2,0,0,0,2,0,2,1,3,1,0,2,1,1,0,0,0,0,1,1,15,0,0,(吉他: Capo 3)
guitarSvg/CS107.svg,old,1/1,4,56,0,6,1,2,0,4,0,19,9,18,1,0,4,2,1,0,0,0,0,1,1,43,0,0,(吉他: Capo 3)
guitarSvg/CS11.svg,old,1/1,4,60,0,4,0,0,0,1,0,8,1,6,1,0,4,1,0,0,0,0,0,1,1,21,0,0,(吉他: Capo 3)
guitarSvg/CS111.svg,old,1/1,4,66,0,16,0,0,0,7,0,17,3,16,1,0,4,1,0,0,0,0,0,1,1,27,0,0,(吉他: Capo 1)
guitarSvg/CS112.svg,old,1/1,4,83,0,0,0,0,0,8,0,18,1,12,1,0,4,1,4,0,0,0,0,1,1,21,0,0,(吉他)
guitarSvg/CS113.svg,old,1/1,4,47,0,4,0,0,0,0,0,26,0,12,1,0,4,1,3,0,0,0,0,1,3,18,0,0,(吉他) | 3 | 3
guitarSvg/CS114.svg,old,1/1,4,44,0,4,0,0,0,0,0,13,1,3,1,0,4,1,0,0,0,0,0,2,1,20,0,0,(吉他: Capo 3)
guitarSvg/CS115.svg,old,1/1,4,66,0,4,0,0,0,0,0,36,4,22,1,0,4,1,1,1,0,0,0,1,1,26,0,0,(吉他: Capo 3)
guitarSvg/CS117.svg,old,1/1,3,46,0,6,0,0,0,0,0,12,2,2,1,0,3,1,8,0,0,0,0,1,1,7,0,0,(吉他)
guitarSvg/CS118.svg,old,1/1,4,46,0,16,0,0,0,3,0,14,1,4,2,0,4,1,4,1,0,0,0,1,1,28,0,0,(吉他: Capo 1)
guitarSvg/CS119.svg,old,1/1,4,48,0,0,0,0,0,2,0,0,2,4,1,0,4,1,0,0,0,0,0,1,1,26,0,0,(吉他)
guitarSvg/CS12.svg,old,1/1,4,59,0,0,0,0,0,2,0,10,2,7,1,0,4,1,2,0,0,0,0,1,1,23,0,0,(吉他)
guitarSvg/CS121.svg,old,1/1,1,36,0,2,1,0,0,0,0,6,1,1,1,0,1,1,2,0,0,0,0,1,1,22,0,0,(吉他)
guitarSvg/CS123.svg,old,1/1,4,35,0,13,0,1,0,0,0,14,1,8,1,0,4,1,2,0,0,0,0,1,1,13,0,0,(吉他: Capo 1)
guitarSvg/CS124.svg,old,1/1,4,61,0,6,0,0,0,2,0,7,1,4,1,0,4,1,1,0,0,0,0,1,1,35,0,0,(吉他: Capo 3)
guitarSvg/CS126.svg,old,1/1,3,37,0,6,0,0,0,0,0,13,0,0,1,0,3,1,0,0,0,0,0,1,1,6,0,0,(吉他)
guitarSvg/CS127.svg,old,1/1,4,68,0,13,6,1,0,8,0,11,3,9,1,0,4,1,7,0,0,0,0,1,1,32,0,0,(吉他)
guitarSvg/CS128.svg,old,1/1,10,172,0,0,0,0,0,12,0,66,10,23,2,0,10,1,4,0,0,0,0,1,1,57,0,0,(吉他)
guitarSvg/CS129.svg,old,1/1,3,44,0,4,0,0,0,1,0,8,1,1,1,0,3,1,6,0,0,0,0,1,1,13,0,0,(吉他: Capo 3)
guitarSvg/CS13.svg,old,1/1,4,76,0,0,0,0,0,0,0,24,1,10,1,0,4,1,2,0,0,0,0,1,1,47,0,0,(吉他)
guitarSvg/CS130.svg,old,1/1,4,58,0,12,0,0,0,0,0,10,0,0,1,0,4,1,6,0,0,0,0,1,1,18,0,0,(吉他: Capo 1)
guitarSvg/CS134.svg,old,1/1,8,93,0,33,0,1,0,9,0,2,2,10,1,0,8,1,21,0,0,0,0,1,1,49,0,0,(吉他: Capo 1)
guitarSvg/CS135.svg,old,1/1,8,91,0,24,10,0,0,8,0,4,3,18,1,0,8,1,14,0,0,0,0,1,1,52,0,0,(吉他)
guitarSvg/CS136.svg,old,1/1,4,87,0,4,0,0,0,4,0,23,1,9,1,0,4,1,3,0,0,0,0,1,1,48,0,0,(吉他: Capo 3)
guitarSvg/CS137.svg,old,1/1,6,103,0,10,0,2,0,8,0,17,5,11,1,0,6,1,6,0,0,0,0,1,2,28,0,0,(吉他: Capo 3) | （重複一至八行）
guitarSvg/CS14.svg,old,1/1,4,61,0,8,0,0,0,4,0,12,4,11,1,0,4,1,1,0,0,0,0,1,3,29,0,0,(吉他: Capo 3) | 3 | 3
guitarSvg/CS146.svg,old,1/1,2,37,0,2,0,0,0,0,0,10,1,4,1,0,2,1,9,0,0,0,0,1,1,12,0,0,(吉他: Capo 3)
guitarSvg/CS147.svg,old,1/1,4,74,0,4,0,0,0,0,0,0,2,7,2,0,4,1,3,0,0,0,0,1,1,22,0,0,(吉他: Capo 3)
guitarSvg/CS149.svg,old,1/1,8,117,0,0,0,0,0,0,0,3,0,17,2,0,8,1,15,0,0,0,0,1,1,48,0,0,(吉他)
guitarSvg/CS15.svg,old,1/1,4,111,0,10,0,0,0,4,0,10,6,4,1,0,4,1,11,0,0,0,0,1,1,39,0,0,(吉他)
guitarSvg/CS150.svg,old,1/1,8,144,0,16,0,0,0,8,0,30,4,14,1,0,8,1,6,0,0,0,0,1,1,46,0,0,(吉他)
guitarSvg/CS17.svg,old,1/1,4,50,0,4,0,0,0,2,0,12,0,2,1,0,4,1,0,0,0,0,0,1,1,18,0,0,(吉他)
guitarSvg/CS203.svg,old,1/1,8,152,0,9,0,1,0,0,0,45,1,5,16,0,8,1,2,0,0,0,0,1,1,44,0,0,(吉他: Capo 3)
guitarSvg/CS204.svg,old,1/1,8,96,0,32,0,0,0,0,0,32,0,0,2,0,8,1,0,0,0,0,0,1,1,52,0,0,(吉他: Capo 3)
guitarSvg/CS205.svg,old,1/1,4,55,0,8,0,0,0,1,0,13,0,1,1,0,4,1,0,0,0,0,0,1,1,15,0,0,(吉他: Capo 3)
guitarSvg/CS206.svg,old,1/1,4,56,0,4,0,0,0,0,0,14,1,0,2,0,4,1,0,1,0,0,0,1,1,25,0,0,(吉他: Capo 3)
guitarSvg/CS207.svg,old,1/1,8,99,0,14,0,3,0,7,0,5,2,13,1,0,8,1,14,0,0,0,0,1,1,37,0,0,(吉他: Capo 3)
guitarSvg/CS208.svg,old,1/1,4,56,0,4,0,0,0,0,0,7,1,6,1,0,4,1,0,0,0,0,0,1,1,21,0,0,(吉他: Capo 3)
guitarSvg/CS21.svg,old,1/1,3,37,0,3,0,0,0,2,0,10,1,6,1,0,3,1,2,0,0,0,0,1,1,26,0,0,(吉他: Capo 3)
guitarSvg/CS211.svg,old,1/1,1,38,0,3,0,0,0,0,0,0,1,1,1,0,1,1,8,0,0,0,0,2,1,26,0,0,(吉他: Capo 1)
guitarSvg/CS213.svg,old,1/1,2,46,0,6,0,0,0,4,0,0,0,4,1,0,2,1,0,0,0,0,0,1,1,20,0,0,(吉他: Capo 1)
guitarSvg/CS219.svg,old,1/1,8,143,0,29,1,0,0,0,0,0,25,8,2,0,8,1,13,3,0,0,0,1,1,51,0,0,(吉他)
guitarSvg/CS222.svg,old,1/1,4,57,0,0,0,0,0,7,0,25,0,11,2,0,4,1,5,0,0,0,0,1,1,25,0,0,(吉他)
guitarSvg/CS223.svg,old,1/1,4,63,0,4,0,0,0,3,0,0,2,15,2,0,4,1,6,0,0,0,0,1,1,37,0,0,(吉他)
guitarSvg/CS224.svg,old,1/1,4,52,0,17,0,1,0,2,0,30,0,18,1,0,4,1,3,0,0,0,0,1,3,20,0,0,(吉他: Capo 3) | 3 | 3
guitarSvg/CS226.svg,old,1/1,3,69,0,3,1,0,0,6,0,0,2,16,1,0,3,1,9,0,0,0,0,1,1,35,0,0,(吉他: Capo 3)
guitarSvg/CS228.svg,old,1/1,6,72,0,6,0,0,0,1,0,0,1,4,1,0,6,1,0,0,0,0,0,1,1,20,0,0,(吉他: Capo 3)
guitarSvg/CS229.svg,old,1/1,3,30,0,3,0,0,0,1,0,16,1,9,2,0,3,1,1,0,0,0,0,1,1,9,0,0,(吉他: Capo 3)
guitarSvg/CS230.svg,old,1/1,8,81,0,16,0,0,0,3,0,41,3,31,1,0,8,1,0,0,0,0,0,1,1,28,0,0,(吉他: Capo 3)
guitarSvg/CS231.svg,old,1/1,4,65,0,1,0,0,0,0,0,2,1,4,2,0,4,1,11,0,0,0,0,1,1,38,0,0,(吉他)
guitarSvg/CS232.svg,old,1/1,5,78,0,5,0,0,0,1,0,19,1,1,1,0,5,1,9,0,0,0,0,1,1,16,0,0,(吉他: Capo 3)
guitarSvg/CS233.svg,old,1/1,5,67,0,5,0,0,0,0,0,13,1,2,1,0,5,1,3,0,0,0,0,1,1,22,0,0,(吉他: Capo 3)
guitarSvg/CS234.svg,old,1/1,4,49,0,0,0,0,0,0,0,0,1,3,1,0,4,1,0,0,0,0,0,1,1,50,0,0,(吉他)
guitarSvg/CS235.svg,old,1/1,8,101,0,11,0,2,0,0,0,42,17,25,1,0,8,1,7,0,0,0,0,1,1,45,0,0,(吉他: Capo 3)
guitarSvg/CS236.svg,old,1/1,4,59,0,14,0,0,0,0,0,15,1,13,1,0,4,1,0,0,0,0,0,1,1,18,0,0,(吉他: Capo 1)
guitarSvg/CS237.svg,old,1/1,8,168,0,8,0,0,0,0,0,36,0,0,1,0,8,1,2,0,0,0,0,1,1,44,0,0,(吉他: Capo 3)
guitarSvg/CS238.svg,old,1/1,4,67,0,4,0,0,0,0,0,17,4,12,1,0,4,1,5,0,0,0,0,1,1,16,0,0,(吉他: Capo 3)
guitarSvg/CS239.svg,old,1/1,6,67,0,12,0,0,0,2,0,3,0,4,2,0,6,1,0,5,0,0,0,1,1,23,0,0,(吉他: Capo 3)
guitarSvg/CS240.svg,old,1/1,3,30,0,3,0,0,0,1,0,16,1,9,2,0,3,1,0,0,0,0,0,1,1,9,0,0,(吉他: Capo 3)
guitarSvg/CS241.svg,old,1/1,2,38,0,2,0,0,0,2,0,7,1,6,1,0,2,1,0,0,0,0,0,1,1,15,0,0,(吉他)
guitarSvg/CS242.svg,old,1/1,4,44,0,5,2,1,0,5,0,14,2,10,1,0,4,1,2,0,0,0,0,1,1,24,0,0,(吉他)
guitarSvg/CS244.svg,old,1/1,5,67,0,5,0,0,0,0,0,13,1,2,1,0,5,1,3,0,0,0,0,1,1,22,0,0,(吉他: Capo 3)
guitarSvg/CS246.svg,old,1/1,4,49,0,20,0,0,0,2,0,1,1,2,1,0,4,1,1,0,0,0,0,1,1,20,0,0,(吉他: Capo 1)
guitarSvg/CS257.svg,old,1/1,4,60,0,16,0,0,0,9,0,0,1,21,2,0,4,1,0,0,0,0,0,1,1,28,0,0,(吉他: Capo 1)
guitarSvg/CS26.svg,old,1/1,4,69,0,4,0,0,0,7,0,16,1,15,1,0,4,1,5,0,0,0,0,1,1,23,0,0,(吉他)
guitarSvg/CS27.svg,old,1/1,5,66,0,20,0,0,0,3,0,1,1,5,1,0,5,1,5,0,0,0,0,1,1,35,0,0,(吉他: Capo 1)
guitarSvg/CS303.svg,old,1/1,6,97,0,12,0,0,0,23,0,14,2,9,2,0,6,1,0,0,0,0,0,1,1,43,0,0,(吉他)
guitarSvg/CS304.svg,old,1/1,2,41,0,6,0,0,0,0,0,0,0,0,1,0,2,1,0,0,0,0,0,1,1,20,0,0,(吉他: Capo 1)
guitarSvg/CS306.svg,old,1/1,2,25,0,4,0,0,0,0,0,2,0,0,1,0,2,1,2,0,0,0,0,1,1,26,0,0,(吉他)
guitarSvg/CS308.svg,old,1/1,8,179,0,26,10,0,0,12,0,43,11,16,11,2,8,2,28,0,0,0,0,2,1,132,0,0,(吉他: Capo 1)
guitarSvg/CS309.svg,old,1/1,6,93,0,18,18,0,0,12,0,8,0,12,1,0,6,1,13,0,0,0,0,1,1,40,0,0,(吉他)
guitarSvg/CS311.svg,old,1/1,8,81,0,40,0,0,0,5,0,13,1,7,2,0,8,1,4,0,0,0,0,1,1,29,0,0,(吉他: Capo 1)
guitarSvg/CS312.svg,old,1/1,6,92,0,24,0,0,0,14,0,12,0,14,1,0,6,1,2,0,0,0,0,1,1,39,0,0,(吉他: Capo 1)
guitarSvg/CS313.svg,old,1/1,11,146,0,27,2,3,0,0,0,0,2,5,1,2,11,3,27,0,0,0,0,2,4,55,0,0,(吉他: Capo 3) | 3 | 3 | 3
guitarSvg/CS314.svg,old,1/1,7,102,0,10,0,0,0,0,0,40,0,16,2,0,7,1,3,0,0,0,0,1,2,47,0,0,(吉他) | 3
guitarSvg/CS315.svg,old,1/1,4,65,0,4,2,0,0,2,0,16,7,3,1,0,4,1,3,0,0,0,0,1,1,40,0,0,(吉他: Capo 3)
guitarSvg/CS316.svg,old,1/1,6,92,0,22,0,1,0,13,0,13,0,13,1,0,6,1,1,0,0,0,0,1,1,38,0,0,(吉他: Capo 1)
guitarSvg/CS317.svg,old,1/1,4,79,0,8,1,0,0,5,0,14,1,8,1,0,4,1,11,2,0,0,0,1,1,30,0,0,(吉他)
guitarSvg/CS318.svg,old,1/1,5,86,0,5,1,0,0,0,0,21,1,9,1,0,5,1,9,0,0,0,0,1,1,73,0,0,(吉他: Capo 3)
guitarSvg/CS319.svg,old,1/1,4,54,0,8,0,0,0,0,0,11,0,21,2,0,4,1,3,0,0,0,0,1,1,32,0,0,(吉他)
guitarSvg/CS320.svg,old,1/1,6,84,0,9,2,0,0,12,0,36,10,24,2,0,6,1,0,1,0,0,0,1,1,28,0,0,(吉他: Capo 3)
guitarSvg/CS321.svg,old,1/1,4,44,0,17,0,1,0,0,0,0,0,0,1,0,4,1,0,0,0,0,0,1,1,28,0,0,(吉他: Capo 1)
guitarSvg/CS322.svg,old,1/1,4,37,0,4,0,0,0,2,0,11,0,7,2,0,4,1,7,0,0,0,0,1,1,18,0,0,(吉他)
guitarSvg/CS323.svg,old,1/1,2,47,0,10,2,0,0,4,0,7,0,7,1,0,2,1,4,0,0,0,0,1,1,35,0,0,(吉他)
guitarSvg/CS324.svg,old,1/1,3,52,0,3,0,0,0,1,0,7,1,5,1,0,3,1,5,0,0,0,0,1,1,20,0,0,(吉他: Capo 3)
guitarSvg/CS325.svg,old,1/1,4,77,0,9,11,0,0,0,0,7,0,6,1,0,4,1,2,0,0,0,0,1,4,93,0,0,(吉他) | 3 | 3 | 3
guitarSvg/CS326.svg,old,1/1,5,88,0,0,0,0,0,10,0,29,2,11,2,0,5,1,0,0,0,0,0,1,1,32,0,0,(吉他)
guitarSvg/CS327.svg,old,1/1,5,87,0,8,0,3,0,12,0,11,1,16,2,0,5,1,8,0,0,0,0,1,1,45,0,0,(吉他: Capo 3)
guitarSvg/CS329.svg,old,1/1,4,77,0,4,2,0,0,0,0,13,1,2,1,0,4,1,14,0,0,0,0,1,1,28,0,0,(吉他: Capo 3)
guitarSvg/CS334.svg,old,1/1,5,77,0,15,0,0,0,6,0,20,1,11,1,0,5,1,12,0,0,0,0,1,1,28,0,0,(吉他: Capo 1)
guitarSvg/CS342.svg,old,1/1,6,119,0,21,2,1,0,19,0,41,6,10,2,0,6,1,21,0,0,0,0,1,2,49,0,0,(吉他: Capo 1) | 3
guitarSvg/CS346.svg,old,1/1,5,72,0,0,0,0,0,4,0,18,0,7,1,0,5,1,13,0,0,0,0,1,1,32,0,0,(吉他)
guitarSvg/CS347.svg,old,1/1,5,85,0,1,0,0,0,15,0,22,1,17,2,0,5,1,16,0,0,0,0,1,1,51,0,0,(吉他)
guitarSvg/CS348.svg,old,1/1,3,43,0,9,0,0,0,0,0,12,0,1,1,0,3,1,3,1,0,0,0,1,1,15,0,0,(吉他: Capo 1)
guitarSvg/CS349.svg,old,1/1,4,62,0,12,0,0,0,9,0,8,0,11,1,0,4,1,0,0,0,0,0,1,1,20,0,0,(吉他: Capo 1)
guitarSvg/CS35.svg,old,1/1,8,134,0,16,0,0,0,16,0,33,13,21,1,0,8,1,11,0,0,0,0,1,1,35,0,0,(吉他)
guitarSvg/CS4.svg,old,1/1,6,42,0,6,0,0,0,0,0,0,6,10,2,0,6,1,8,1,0,0,0,1,1,25,0,0,(吉他)
guitarSvg/CS402.svg,old,1/1,4,46,0,17,0,1,0,0,0,0,0,0,1,0,4,1,0,0,0,0,0,1,1,19,0,0,(吉他: Capo 1)
guitarSvg/CS403.svg,old,1/1,4,54,0,8,0,0,0,1,0,0,1,15,2,0,4,1,3,0,0,0,0,1,1,48,0,0,(吉他: Capo 3)
guitarSvg/CS404.svg,old,1/1,4,63,0,8,0,0,0,0,0,19,1,0,2,0,4,1,3,0,0,0,0,1,1,32,0,0,(吉他)
guitarSvg/CS407.svg,old,1/1,3,50,0,3,0,0,0,2,0,13,1,3,1,0,3,1,5,1,0,0,0,1,1,14,0,0,(吉他: Capo 3)
guitarSvg/CS409.svg,old,1/1,5,148,0,16,4,0,0,0,0,3,5,2,1,0,5,1,9,0,0,0,0,1,1,91,0,0,(吉他: Capo 1)
guitarSvg/CS410.svg,old,1/1,4,84,0,12,0,2,0,10,0,10,1,16,2,0,4,1,9,0,0,0,0,1,1,25,0,0,(吉他: Capo 3)
guitarSvg/CS411.svg,old,1/1,4,62,0,14,0,5,0,0,0,20,3,13,1,0,4,1,0,0,0,0,0,1,1,21,0,0,(吉他: Capo 3)
guitarSvg/CS412.svg,old,1/1,4,81,0,8,0,0,0,0,0,32,10,16,1,0,4,1,0,0,0,0,0,1,1,22,0,0,(吉他)
guitarSvg/CS413.svg,old,1/1,4,59,0,4,0,0,0,12,0,3,1,16,1,0,4,1,3,0,0,0,0,1,1,25,0,0,(吉他: Capo 3)
guitarSvg/CS415.svg,old,1/1,8,68,0,16,0,0,0,1,0,0,1,9,2,0,8,1,2,0,0,0,0,1,1,27,0,0,(吉他)
guitarSvg/CS416.svg,old,1/1,4,49,0,4,0,0,0,0,0,0,1,4,1,0,4,1,1,0,0,0,0,1,1,26,0,0,(吉他)
guitarSvg/CS417.svg,old,1/1,4,58,0,1,0,0,0,2,0,0,1,5,1,0,4,1,4,1,0,0,0,1,1,22,0,0,(吉他)
guitarSvg/CS418.svg,old,1/1,4,48,0,4,0,0,0,3,0,11,1,3,1,0,4,1,10,0,0,0,0,1,1,17,0,0,(吉他: Capo 3)
guitarSvg/CS419.svg,old,1/1,4,70,0,4,0,0,0,0,0,0,2,5,1,0,4,1,12,0,0,0,0,1,1,34,0,0,(吉他: Capo 3)
guitarSvg/CS420.svg,old,1/1,8,119,0,16,0,0,0,6,0,68,3,22,2,0,8,1,13,0,0,0,0,1,3,27,0,0,(吉他: Capo 3) | 3 | 3
guitarSvg/CS421.svg,old,1/1,10,112,0,31,0,0,0,4,0,55,1,22,2,0,10,1,9,0,0,0,0,1,1,36,0,0,(吉他)
guitarSvg/CS422.svg,old,1/1,4,70,0,6,0,0,0,5,0,24,5,15,1,0,4,1,0,1,0,0,0,1,1,15,0,0,(吉他)
guitarSvg/CS423.svg,old,1/1,5,65,0,0,0,0,0,6,0,0,2,11,1,0,5,1,11,0,0,0,0,1,1,29,0,0,(吉他)
guitarSvg/CS425.svg,old,1/1,4,66,0,16,0,0,0,8,0,14,1,15,1,0,4,1,6,0,0,0,0,1,1,25,0,0,(吉他: Capo 2)
guitarSvg/CS426.svg,old,1/1,6,105,0,6,0,0,0,6,0,25,0,11,1,0,6,1,14,0,0,0,0,1,1,41,0,0,(吉他)
guitarSvg/CS427.svg,old,1/1,4,138,0,8,4,0,0,13,0,22,3,15,1,0,4,1,20,0,0,0,0,1,1,59,0,0,(吉他)
guitarSvg/CS428.svg,old,1/1,11,284,0,17,0,0,0,2,0,83,1,7,1,0,11,1,39,2,0,0,0,1,1,114,0,0,(吉他)
guitarSvg/CS429.svg,old,1/1,6,98,0,20,0,2,0,2,0,16,1,10,1,0,6,1,14,0,0,0,0,1,1,33,0,0,(吉他: Capo 1)
guitarSvg/CS454.svg,old,1/1,4,69,0,4,0,0,0,5,0,22,1,20,1,0,4,1,21,0,0,0,0,1,1,25,0,0,(吉他)
guitarSvg/CS456.svg,old,1/1,8,101,0,16,0,0,0,2,0,11,0,7,1,0,8,1,2,0,0,0,0,1,1,49,0,0,(吉他: Capo 3)
guitarSvg/CS457.svg,old,1/1,3,55,0,0,0,0,0,5,0,10,1,7,1,0,3,1,7,0,0,0,0,1,1,21,0,0,(吉他)
guitarSvg/CS458.svg,old,1/1,6,54,0,9,6,2,0,0,0,0,0,6,2,0,6,1,6,0,0,0,0,1,1,42,0,0,(吉他: Capo 3)
guitarSvg/CS459.svg,old,1/1,4,60,0,17,0,0,0,0,0,7,1,4,1,0,4,1,8,1,0,0,0,1,1,25,0,0,(吉他: Capo 2)
guitarSvg/CS460.svg,old,1/1,4,96,0,5,0,1,0,0,0,8,1,0,2,0,4,1,8,2,0,0,0,1,1,30,0,0,(吉他: Capo 3)
guitarSvg/CS461.svg,old,1/1,4,74,0,8,0,0,0,5,0,15,1,8,1,0,4,1,6,0,0,0,0,1,1,29,0,0,(吉他)
guitarSvg/CS462.svg,old,1/1,8,90,0,8,0,0,0,0,0,9,1,0,2,0,8,1,0,0,0,0,0,1,1,27,0,0,(吉他: Capo 3)
guitarSvg/CS463.svg,old,1/1,4,80,0,16,3,0,0,1,0,6,0,1,1,0,4,1,0,0,0,0,0,1,19,39,0,0,(吉他: Capo 2) | 3 | 3 | 3
guitarSvg/CS464.svg,old,1/1,4,65,0,4,4,0,0,2,0,14,0,4,1,0,4,1,4,0,0,0,0,1,1,28,0,0,(吉他)
guitarSvg/CS466.svg,old,1/1,6,103,0,3,0,0,0,36,0,4,0,24,2,0,6,1,21,0,0,0,0,1,1,52,0,0,(吉他)
guitarSvg/CS467.svg,old,1/1,7,155,0,9,0,0,0,6,0,29,0,0,1,0,7,1,4,0,0,0,0,1,1,58,0,0,(吉他)
guitarSvg/CS468.svg,old,1/1,11,284,0,17,0,0,0,2,0,83,1,7,1,0,11,1,39,2,0,0,0,1,1,114,0,0,(吉他)
guitarSvg/CS502.svg,old,1/1,4,116,0,4,0,0,0,7,0,29,16,6,1,0,4,1,2,0,0,0,0,1,1,32,0,0,(吉他: Capo 3)
guitarSvg/CS509.svg,old,1/1,4,74,0,15,0,2,0,0,0,39,1,23,1,0,4,1,0,2,0,0,0,1,1,29,0,0,(吉他: Capo 1)
guitarSvg/CS510.svg,old,1/1,4,71,0,13,0,1,0,6,0,10,0,6,1,0,4,1,11,0,0,0,0,1,1,30,0,0,(吉他: Capo 1)
guitarSvg/CS517.svg,old,1/1,1,35,0,3,0,0,0,0,0,7,0,0,1,0,1,1,0,0,0,0,0,1,1,12,0,0,(吉他: Capo 3)
guitarSvg/CS518.svg,old,1/1,8,91,0,8,0,0,0,3,0,3,2,4,1,0,8,1,19,0,0,0,0,1,1,36,0,0,(吉他: Capo 3)
guitarSvg/CS519.svg,old,1/1,4,66,0,16,0,0,0,7,0,17,3,16,1,0,4,1,0,0,0,0,0,1,1,27,0,0,(吉他: Capo 1)
guitarSvg/CS520.svg,old,1/1,5,85,0,24,0,4,0,17,0,0,6,17,1,0,5,1,0,0,0,0,0,1,1,35,0,0,(吉他: Capo 2)
guitarSvg/CS521.svg,old,1/1,8,72,0,16,0,0,0,0,0,10,0,7,2,0,8,1,0,1,0,0,0,1,1,30,0,0,(吉他)
guitarSvg/CS522.svg,old,1/1,4,66,0,8,0,0,0,8,0,10,1,14,1,0,4,1,0,0,0,0,0,1,1,21,0,0,(吉他)
guitarSvg/CS524.svg,old,1/1,4,60,0,6,0,0,0,1,0,36,1,19,2,0,4,1,2,0,0,0,0,1,1,25,0,0,(吉他)
guitarSvg/CS526.svg,old,1/1,8,94,0,24,13,0,0,7,0,0,3,12,1,0,8,1,5,0,0,0,0,1,1,43,0,0,(吉他)
guitarSvg/CS527.svg,old,1/1,11,134,0,24,9,0,0,56,0,0,10,33,2,0,11,1,27,0,0,0,0,1,1,53,0,0,(吉他)
guitarSvg/CS528.svg,old,1/1,4,44,0,9,1,0,0,0,0,0,6,2,1,0,4,1,0,0,0,0,0,1,1,18,0,0,(吉他)
guitarSvg/CS531.svg,old,1/1,4,70,0,4,0,0,0,6,0,32,2,15,2,0,4,1,0,0,0,0,0,1,1,28,0,0,(吉他: Capo 3)
guitarSvg/CS532.svg,old,1/1,5,79,0,5,0,0,0,6,0,6,1,6,1,0,5,1,2,0,0,0,0,1,1,45,0,0,(吉他: Capo 3)
guitarSvg/CS533.svg,old,1/1,5,66,0,10,0,0,0,4,0,26,3,1,2,0,5,1,0,2,0,0,0,1,1,31,0,0,(吉他: Capo 3)
guitarSvg/CS542.svg,old,1/1,8,126,0,24,7,0,0,15,0,2,5,16,1,0,8,1,2,1,0,0,0,1,3,54,0,0,(吉他: Capo 1) | 3 | 3
guitarSvg/CS543.svg,old,1/1,10,105,0,20,0,0,0,0,0,0,0,6,1,0,10,1,7,0,0,0,0,1,1,43,0,0,(吉他: Capo 3)
guitarSvg/CS601.svg,old,1/1,8,126,0,8,0,0,0,3,0,40,4,21,1,3,8,3,14,0,0,0,0,1,1,35,0,0,(吉他)
guitarSvg/CS602.svg,old,1/1,2,37,0,4,6,0,0,6,0,1,8,6,1,0,2,1,3,0,0,0,0,1,1,41,0,0,(吉他)
guitarSvg/CS604.svg,old,1/1,4,50,0,12,0,0,0,7,0,18,3,4,2,0,4,1,0,0,0,0,0,1,1,12,0,0,(吉他: Capo 1)
guitarSvg/CS605.svg,old,1/1,4,95,0,8,0,0,0,6,6,61,1,47,1,0,4,1,7,2,0,0,0,1,2,24,0,0,(吉他) | 3
guitarSvg/CS607.svg,old,1/1,4,57,0,0,0,0,0,7,0,25,0,11,2,0,4,1,11,0,0,0,0,1,1,25,0,0,(吉他)
guitarSvg/CS608.svg,old,1/1,4,60,0,12,1,0,0,3,0,16,1,3,2,0,4,1,0,0,0,0,0,1,1,41,0,0,(吉他: Capo 1)
guitarSvg/CS609.svg,old,1/1,5,83,0,10,0,0,0,8,0,18,1,12,1,0,5,1,4,0,0,0,0,1,1,23,0,0,(吉他: Capo 3)
guitarSvg/CS610.svg,old,1/1,4,51,0,4,0,0,0,5,0,6,1,6,1,0,4,1,2,1,0,0,0,1,1,16,0,0,(吉他: Capo 3)
guitarSvg/CS612.svg,old,1/1,6,83,0,6,0,0,0,12,0,7,2,16,1,0,6,1,7,0,0,0,0,1,1,25,0,0,(吉他)
guitarSvg/CS613.svg,old,1/1,4,81,0,16,0,0,0,0,0,24,1,0,1,0,4,1,1,0,0,0,0,1,1,24,0,0,(吉他: Capo 3)
guitarSvg/CS614.svg,old,1/1,6,109,0,6,0,0,0,15,0,20,7,4,1,0,6,1,13,0,0,0,0,1,1,60,0,0,(吉他)
guitarSvg/CS615.svg,old,1/1,4,65,0,0,0,0,0,3,0,11,8,5,1,0,4,1,15,0,0,0,0,1,1,33,0,0,(吉他)
guitarSvg/CS618.svg,old,1/1,6,72,0,6,1,0,0,5,0,32,1,0,2,0,6,1,8,0,0,0,0,1,2,31,0,0,(吉他: Capo 3) | 3
guitarSvg/CS702.svg,old,1/1,6,131,0,15,0,0,0,1,0,71,0,19,2,0,6,2,27,0,0,0,0,2,1,66,0,0,(吉他: Capo 1)
guitarSvg/CS703.svg,old,1/1,4,69,0,9,0,1,0,15,0,16,3,11,2,0,4,1,5,1,0,0,0,1,1,33,0,0,(吉他: Capo 3)
guitarSvg/CS704.svg,old,1/1,4,39,0,5,0,1,0,1,0,0,1,10,2,0,4,1,8,0,0,0,0,1,1,26,0,0,(吉他)
guitarSvg/CS705.svg,old,1/1,5,68,0,5,2,0,0,10,0,2,1,14,1,0,5,1,7,0,0,0,0,1,1,46,0,0,(吉他: Capo 3)
guitarSvg/CS706.svg,old,1/1,4,72,0,4,0,0,0,3,0,27,1,19,1,0,4,1,11,0,0,0,0,1,1,22,0,0,(吉他: Capo 3)
guitarSvg/CS707.svg,old,1/1,4,38,0,12,0,0,0,4,1,9,2,9,1,0,4,1,0,0,0,0,0,1,1,20,0,0,(吉他: Capo 1)
guitarSvg/CS708.svg,old,1/1,4,33,0,4,0,0,0,2,0,9,1,3,1,0,4,1,0,0,0,0,0,1,1,17,0,0,(吉他: Capo 3)
guitarSvg/CS710.svg,old,1/1,4,56,0,6,1,2,0,4,0,19,9,18,1,0,4,2,1,0,0,0,0,1,1,43,0,0,(吉他: Capo 3)
guitarSvg/CS713.svg,old,1/1,8,93,0,32,0,0,0,0,0,0,4,2,1,0,8,1,13,0,0,0,0,1,1,26,0,0,(吉他: Capo 1)
guitarSvg/CS714.svg,old,1/1,4,106,0,4,0,0,0,0,0,28,0,2,1,0,4,1,4,0,0,0,0,1,1,37,0,0,(吉他: Capo 3)
guitarSvg/CS715.svg,old,1/1,4,65,0,16,0,0,0,6,0,10,1,7,1,0,4,1,0,0,0,0,0,1,1,29,0,0,(吉他: Capo 1)
guitarSvg/CS717.svg,old,1/1,3,29,0,3,0,0,0,0,0,5,1,4,1,0,3,1,0,0,0,0,0,1,1,17,0,0,(吉他)
guitarSvg/CS718.svg,old,1/1,8,136,0,8,0,0,0,8,0,53,1,10,2,0,8,1,8,0,0,0,0,1,1,31,0,0,(吉他)
guitarSvg/CS719.svg,old,1/1,4,82,0,8,0,0,0,0,0,46,1,11,2,0,4,1,0,1,0,0,0,1,1,18,0,0,(吉他: Capo 3)
guitarSvg/CS722.svg,old,1/1,4,83,0,4,0,0,0,0,0,20,5,5,1,0,4,1,0,0,0,0,0,1,1,27,0,0,(吉他)
guitarSvg/CS723.svg,old,1/1,4,102,0,8,1,0,0,28,0,16,1,0,1,0,4,1,0,1,0,0,0,1,1,34,0,0,(吉他)
guitarSvg/CS724.svg,old,1/1,4,82,0,12,0,0,0,0,0,54,1,18,2,0,4,1,4,0,0,0,0,1,1,25,0,0,(吉他: Capo 1)
guitarSvg/CS725.svg,old,1/1,4,76,0,6,0,0,0,2,0,29,1,22,1,0,4,1,0,0,0,0,0,1,1,23,0,0,(吉他)
guitarSvg/CS726.svg,old,1/1,4,53,0,13,0,1,0,1,0,2,0,6,1,0,4,1,1,0,0,0,0,1,1,27,0,0,(吉他: Capo 1)
guitarSvg/CS727.svg,old,1/1,4,49,0,4,0,0,0,0,0,13,5,4,2,0,4,1,1,0,0,0,0,1,1,19,0,0,(吉他)
guitarSvg/CS728.svg,old,1/1,4,57,0,0,0,0,0,7,0,25,0,11,2,0,4,1,11,0,0,0,0,1,1,25,0,0,(吉他)
guitarSvg/CS729.svg,old,1/1,4,39,0,4,0,0,0,0,0,11,0,12,2,0,4,1,0,0,0,0,0,1,1,20,0,0,(吉他)
guitarSvg/CS730.svg,old,1/1,4,57,0,8,0,0,0,3,0,0,1,6,1,0,4,1,0,0,0,0,0,1,1,38,0,0,(吉他: Capo 3)
guitarSvg/CS731.svg,old,1/1,4,69,0,9,0,1,0,3,0,11,5,1,2,0,4,1,16,0,0,0,0,1,1,32,0,0,(吉他: Capo 3)
guitarSvg/CS732.svg,old,1/1,4,86,0,12,0,0,0,18,0,11,1,18,1,0,4,1,0,0,0,0,0,1,1,35,0,0,(吉他: Capo 1)
guitarSvg/CS733.svg,old,1/1,8,150,0,17,0,1,0,4,0,65,2,18,2,0,8,1,20,1,0,0,0,1,1,32,0,0,(吉他: Capo 3)
guitarSvg/CS734.svg,old,1/1,6,91,0,6,0,0,0,16,0,12,0,16,2,0,6,1,7,1,0,0,0,1,1,44,0,0,(吉他: Capo 3)
guitarSvg/CS735.svg,old,1/1,4,81,0,8,0,0,0,3,0,41,3,31,1,0,4,1,0,0,0,0,0,1,1,26,0,0,(吉他: Capo 3)
guitarSvg/CS736.svg,old,1/1,4,48,0,11,1,0,0,0,0,3,0,3,1,0,4,1,7,0,0,0,0,1,1,29,0,0,(吉他)
guitarSvg/CS737.svg,old,1/1,4,102,0,4,0,0,0,0,0,0,1,9,1,0,4,1,6,6,0,0,0,1,1,11,0,0,(吉他: Capo 3)
guitarSvg/CS738.svg,old,1/1,2,32,0,2,0,0,0,0,0,8,1,0,2,0,2,1,0,0,0,0,0,1,1,21,0,0,(吉他: Capo 3)
guitarSvg/CS739.svg,old,1/1,3,44,0,3,0,0,0,2,0,8,0,2,1,0,3,1,3,0,0,0,0,1,1,16,0,0,(吉他)
guitarSvg/CS740.svg,old,1/1,4,66,0,10,0,1,0,2,0,0,0,2,1,0,4,1,0,0,0,0,0,1,1,34,0,0,(吉他: Capo 3)
guitarSvg/CS741.svg,old,1/1,5,77,0,11,0,0,0,2,0,20,1,2,2,0,5,1,10,0,0,0,0,1,1,32,0,0,(吉他: Capo 3)
guitarSvg/CS742.svg,old,1/1,4,49,0,20,0,0,0,2,0,1,1,2,1,0,4,1,1,0,0,0,0,1,1,20,0,0,(吉他: Capo 1)
guitarSvg/CS743.svg,old,1/1,4,66,0,4,0,0,0,5,0,0,0,5,1,0,4,1,0,0,0,0,0,1,1,54,0,0,(吉他)
guitarSvg/CS744.svg,old,1/1,5,86,0,27,4,6,0,10,0,10,2,33,2,0,5,1,11,0,0,0,0,1,1,70,0,0,(吉他: Capo 1)
guitarSvg/CS745.svg,old,1/1,4,53,0,8,0,0,0,11,0,0,3,14,1,0,4,1,0,0,0,0,0,1,1,25,0,0,(吉他)
guitarSvg/CS746.svg,old,1/1,3,46,0,3,0,0,0,0,0,16,1,2,1,0,3,1,0,1,0,0,0,1,1,24,0,0,(吉他: Capo 3)
guitarSvg/CS747.svg,old,1/1,4,74,0,0,0,0,0,5,0,7,1,5,1,0,4,1,10,5,0,0,0,1,1,43,0,0,(吉他)
guitarSvg/CS748.svg,old,1/1,6,94,0,6,0,0,0,10,0,19,1,10,1,0,6,1,0,0,0,0,0,1,1,33,0,0,(吉他)
guitarSvg/CS749.svg,old,1/1,6,92,0,24,0,0,0,14,0,12,0,14,1,0,6,1,2,0,0,0,0,1,1,39,0,0,(吉他: Capo 1)
guitarSvg/CS750.svg,old,1/1,4,62,0,4,0,0,0,7,0,32,1,22,2,0,4,1,2,0,0,0,0,1,1,28,0,0,(吉他)
guitarSvg/CS751.svg,old,1/1,8,154,0,16,0,0,0,10,0,34,1,22,1,0,8,1,15,1,0,0,0,1,1,56,0,0,(吉他: Capo 3)
guitarSvg/CS752.svg,old,1/1,8,146,0,16,0,0,0,9,0,37,1,20,1,0,8,1,2,2,0,0,0,1,1,53,0,0,(吉他: Capo 3)
guitarSvg/CS761.svg,old,1/1,4,59,0,4,1,0,0,0,0,0,0,8,2,0,4,1,3,1,0,0,0,1,1,29,0,0,(吉他: Capo 3)
guitarSvg/CS762.svg,old,1/1,6,116,0,24,0,0,0,8,0,33,6,12,1,0,6,1,3,1,0,0,0,1,1,42,0,0,(吉他: Capo 1)
guitarSvg/CS801.svg,old,1/1,6,109,0,6,0,0,0,15,0,20,7,4,1,0,6,1,13,0,0,0,0,1,1,60,0,0,(吉他)
guitarSvg/CS802.svg,old,1/1,4,64,0,4,0,0,0,0,0,16,1,17,2,0,4,1,0,0,0,0,0,1,1,23,0,0,(吉他: Capo 3)
guitarSvg/CS803.svg,old,1/1,4,53,0,6,0,0,0,0,0,13,2,6,1,0,4,1,12,0,0,0,0,1,1,19,0,0,(吉他)
guitarSvg/CS804.svg,old,1/1,4,88,0,9,0,1,0,0,0,28,0,12,1,0,4,1,0,0,0,0,0,1,1,44,0,0,(吉他: Capo 3)
guitarSvg/CS805.svg,old,1/1,4,54,0,2,0,0,0,1,0,0,1,4,1,0,4,1,0,0,0,0,0,1,1,26,0,0,(吉他)
guitarSvg/CS807.svg,old,1/1,4,49,0,4,0,0,0,0,0,0,1,3,1,0,4,1,6,0,0,0,0,1,1,26,0,0,(吉他: Capo 3)
guitarSvg/CS808.svg,old,1/1,6,102,0,12,0,0,0,9,0,24,1,21,2,0,6,1,17,0,0,0,0,1,1,44,0,0,(吉他)
guitarSvg/CS809.svg,old,1/1,5,78,0,15,0,0,0,4,0,14,2,5,1,0,5,1,1,0,0,0,0,1,1,23,0,0,(吉他: Capo 1)
guitarSvg/CS811.svg,old,1/1,4,82,0,5,3,0,0,1,0,0,4,7,1,0,4,1,3,2,0,0,0,1,1,42,0,0,(吉他: Capo 3)
guitarSvg/CS813.svg,old,1/1,9,208,0,23,2,0,0,14,0,57,14,2,1,0,9,1,36,0,0,0,0,1,1,37,0,0,(吉他)
guitarSvg/CS814.svg,old,1/1,8,88,0,60,10,16,0,0,0,0,0,4,2,0,8,1,2,0,0,0,0,2,1,30,0,0,(吉他)
guitarSvg/CS816.svg,old,1/1,4,74,0,4,0,0,0,3,0,20,2,11,1,0,4,1,6,0,0,0,0,1,1,41,0,0,(吉他: Capo 3)
guitarSvg/CS817.svg,old,1/1,4,74,0,4,0,0,0,3,0,20,2,11,1,0,4,1,6,0,0,0,0,1,1,41,0,0,(吉他: Capo 3)
guitarSvg/CS819.svg,old,1/1,8,88,0,16,0,0,0,11,0,9,1,15,2,0,8,1,7,0,0,0,0,1,1,40,0,0,(吉他)
guitarSvg/CS820.svg,old,1/1,5,96,0,5,0,0,0,0,0,20,0,0,1,0,5,1,7,0,0,0,0,1,1,29,0,0,(吉他: Capo 3)
guitarSvg/CS821.svg,old,1/1,4,34,0,12,1,0,0,2,0,0,0,6,2,0,4,1,2,0,0,0,0,3,1,20,0,0,(吉他)
guitarSvg/CS822.svg,old,1/1,4,56,0,12,11,0,0,1,0,9,8,0,1,0,4,1,3,0,0,0,0,1,1,21,0,0,(吉他)
guitarSvg/CS823.svg,old,1/1,6,131,0,12,10,0,0,0,0,18,2,7,2,0,6,1,8,0,0,0,0,1,1,75,0,0,(吉他)
guitarSvg/CS824.svg,old,1/1,13,200,0,34,18,0,0,9,1,46,8,14,1,0,13,1,22,0,0,0,0,1,1,130,0,0,(吉他)
guitarSvg/CS826.svg,old,1/1,7,81,0,7,0,0,0,0,0,11,2,1,1,0,7,1,26,0,0,0,0,1,1,29,0,0,(吉他: Capo 3)
guitarSvg/CS827.svg,old,1/1,5,78,0,0,0,0,0,2,0,18,1,9,1,2,5,3,12,0,0,0,0,3,1,18,0,0,(吉他)
guitarSvg/CS828.svg,old,1/1,4,58,0,4,0,0,0,8,0,2,2,7,1,0,4,1,7,0,0,0,0,1,1,24,0,0,(吉他)
guitarSvg/CS829.svg,old,1/1,7,136,0,7,0,0,0,0,0,33,6,1,1,0,7,1,19,0,0,0,0,1,1,39,0,0,(吉他)
guitarSvg/CS830.svg,old,1/1,4,68,0,16,0,0,0,8,0,24,3,23,1,0,4,1,0,0,0,0,0,1,1,27,0,0,(吉他: Capo 1)
guitarSvg/CS831.svg,old,1/1,4,69,0,8,4,0,0,19,0,11,1,4,2,0,4,1,2,0,0,0,0,1,1,41,0,0,(吉他)
guitarSvg/CS832.svg,old,1/1,4,68,0,13,6,1,0,8,0,11,3,9,1,0,4,1,10,0,0,0,0,1,1,32,0,0,(吉他)
guitarSvg/CS833.svg,old,1/1,4,95,0,6,0,1,0,1,0,19,1,1,1,0,4,1,8,0,0,0,0,1,2,15,0,0,(吉他: Capo 3) | （第一節）
guitarSvg/CS835.svg,old,1/1,4,45,0,16,0,0,0,4,0,18,0,10,2,0,4,1,3,0,0,0,0,1,1,22,0,0,(吉他: Capo 1)
guitarSvg/CS836.svg,old,1/1,8,104,0,13,0,2,0,15,0,1,1,15,1,0,8,1,8,2,0,0,0,1,1,45,0,0,(吉他: Capo 3)
guitarSvg/CS837.svg,old,1/1,4,93,0,12,1,0,0,2,0,17,1,2,1,0,4,1,17,1,0,0,0,1,1,22,0,0,(吉他: Capo 1)
guitarSvg/CS838.svg,old,1/1,5,96,0,5,2,0,0,15,0,21,1,23,1,0,5,1,3,0,0,0,0,1,1,49,0,0,(吉他: Capo 3)
guitarSvg/CS839.svg,old,1/1,6,85,0,6,3,0,0,3,0,1,0,24,2,0,6,2,22,0,0,0,0,3,1,72,0,0,(吉他)
guitarSvg/CS840.svg,old,1/1,4,65,0,16,0,0,0,6,0,10,1,7,1,0,4,1,0,0,0,0,0,1,1,29,0,0,(吉他: Capo 1)
guitarSvg/CS841.svg,old,1/1,6,80,0,18,0,0,0,3,0,13,1,13,1,2,6,3,16,0,0,0,0,1,1,29,0,0,(吉他)
guitarSvg/CS842.svg,old,1/1,4,68,0,8,0,0,0,4,0,8,2,5,1,0,4,1,15,0,0,0,0,1,1,20,0,0,(吉他)
guitarSvg/CS843.svg,old,1/1,4,48,0,16,0,0,0,0,0,0,0,2,1,0,4,1,6,0,0,0,0,1,1,24,0,0,(吉他: Capo 1)
guitarSvg/CS844.svg,old,1/1,6,106,0,6,0,0,0,6,0,18,6,10,1,0,6,1,12,0,0,0,0,1,1,47,0,0,(吉他: Capo 3)
guitarSvg/CS845.svg,old,1/1,4,71,0,12,0,0,0,0,0,17,1,2,1,0,4,1,8,0,0,0,0,1,1,26,0,0,(吉他)
guitarSvg/CS846.svg,old,1/1,6,85,0,7,0,0,0,15,0,5,1,20,1,0,6,1,6,0,0,0,0,1,1,41,0,0,(吉他)
guitarSvg/CS847.svg,old,1/1,10,186,0,10,1,0,0,10,0,52,1,36,1,0,10,1,4,3,0,0,0,1,1,29,0,0,(吉他)
guitarSvg/CS848.svg,old,1/1,4,53,0,12,0,0,0,2,0,31,1,31,1,0,4,1,0,0,0,0,0,1,2,29,0,0,(吉他: Capo 1) | 3
guitarSvg/CS849.svg,old,1/1,4,60,0,8,0,0,0,4,0,10,1,13,1,0,4,1,4,0,0,0,0,1,1,29,0,0,(吉他: Capo 3)
guitarSvg/CS860.svg,old,1/1,5,92,0,22,0,0,0,2,1,24,3,18,1,0,5,1,4,0,0,0,0,1,3,29,0,0,(吉他: Capo 2) | 3 | 3
guitarSvg/CS861.svg,old,1/1,9,214,0,13,1,2,0,8,0,27,11,3,1,0,9,1,32,1,0,0,0,1,1,106,0,0,(吉他)
guitarSvg/CS862.svg,old,1/1,3,36,0,6,1,0,0,5,0,5,0,7,1,0,3,1,4,0,0,0,0,1,1,18,0,0,(吉他)
guitarSvg/CS863.svg,old,1/1,4,77,0,20,0,2,0,0,0,25,0,14,1,0,4,1,0,0,0,0,0,1,1,41,0,0,(吉他: Capo 1)
guitarSvg/CS864.svg,old,1/1,11,155,0,44,0,0,0,8,0,15,4,17,1,0,11,1,18,0,0,0,0,1,2,58,0,0,(吉他: Capo 1) | 3
guitarSvg/CS865.svg,old,1/1,8,141,0,8,0,0,0,20,0,17,4,19,1,0,8,1,10,0,0,0,0,1,4,51,0,0,(吉他) | 3 | 3 | 3
guitarSvg/CS866.svg,old,1/1,4,59,0,4,0,0,0,5,0,19,3,20,1,0,4,1,6,0,0,0,0,1,2,25,0,0,(吉他) | 3
guitarSvg/CS867.svg,old,1/1,6,154,0,12,4,0,0,24,0,8,1,26,1,0,6,1,10,0,0,0,0,1,8,59,0,0,(吉他) | 3 | 3 | 3
guitarSvg/CS870.svg,old,1/1,6,101,0,1,0,0,0,12,0,12,4,18,1,0,6,1,5,0,0,0,0,1,4,43,0,0,(吉他) | 3 | 3 | 3
guitarSvg/CS871.svg,old,1/1,8,111,0,1,0,0,0,10,0,5,5,12,1,0,8,1,6,0,0,0,0,1,8,58,0,0,(吉他) | 3 | 3 | 3
guitarSvg/CS872.svg,old,1/1,6,118,0,12,8,0,0,14,0,34,1,26,1,0,6,1,0,0,0,0,0,1,1,48,0,0,(吉他)
guitarSvg/CS873.svg,old,1/1,7,108,0,15,5,0,0,10,0,19,1,27,1,3,7,3,8,0,0,0,0,3,4,45,0,0,(吉他) | 3 | 3 | 3
guitarSvg/CS874.svg,old,1/1,5,102,0,0,0,0,0,12,0,10,7,12,1,0,5,1,12,0,0,0,0,1,1,43,0,0,(吉他)
guitarSvg/CS875.svg,old,1/1,4,70,0,16,0,0,0,0,0,34,4,21,1,0,4,1,1,0,0,0,0,1,1,21,0,0,(吉他: Capo 1)
guitarSvg/CS878.svg,old,1/1,6,93,0,6,6,0,0,0,0,19,0,5,1,0,6,1,5,0,0,0,0,1,1,41,0,0,(吉他)
guitarSvg/CS879.svg,old,1/1,6,94,0,14,0,1,0,7,0,20,1,18,1,0,6,1,14,0,0,0,0,1,1,35,0,0,(吉他: Capo 3)
guitarSvg/CS880.svg,old,1/1,8,101,0,16,0,0,0,4,0,22,2,30,1,0,8,1,8,0,0,0,0,1,6,50,0,0,(吉他: Capo 3) | 3 | 3 | 3
guitarSvg/CS902.svg,old,1/1,3,50,0,3,0,0,0,0,0,12,1,5,2,0,3,1,0,0,0,0,0,1,1,11,0,0,(吉他: Capo 3)
guitarSvg/CS903.svg,old,1/1,3,46,0,6,0,0,0,0,0,12,2,2,1,0,3,1,8,0,0,0,0,1,1,7,0,0,(吉他)
guitarSvg/CS904.svg,old,1/1,4,47,0,4,0,0,0,6,0,10,0,9,1,0,4,1,3,0,0,0,0,1,1,19,0,0,(吉他: Capo 3)
guitarSvg/CS906.svg,old,1/1,6,120,0,2,1,0,0,9,3,14,17,15,1,0,6,1,25,0,0,0,0,1,1,60,0,0,(吉他)
guitarSvg/CS907.svg,old,1/1,4,59,0,4,0,0,0,12,0,3,1,16,1,0,4,1,3,0,0,0,0,1,1,25,0,0,(吉他: Capo 3)
guitarSvg/CS908.svg,old,1/1,3,64,0,0,0,0,0,0,0,20,4,0,2,0,3,1,8,0,0,0,0,1,1,31,0,0,(吉他)
guitarSvg/CS910.svg,old,1/1,8,88,0,16,0,0,0,11,0,9,1,15,2,0,8,1,7,0,0,0,0,1,1,40,0,0,(吉他)
guitarSvg/CS911.svg,old,1/1,3,63,0,9,2,0,0,0,0,19,1,1,1,0,3,1,0,0,0,0,0,1,1,31,0,0,(吉他)
guitarSvg/CS913.svg,old,1/1,4,71,0,13,0,1,0,6,0,10,0,6,1,0,4,1,11,0,0,0,0,1,1,30,0,0,(吉他: Capo 1)
guitarSvg/CS926.svg,old,1/1,8,229,0,16,0,0,0,11,0,42,3,19,1,3,8,3,14,0,0,0,0,1,1,0,0,0,(吉他)
guitarSvg/CS927.svg,old,1/1,8,136,0,8,5,0,0,26,0,25,1,31,1,0,8,1,0,0,0,0,0,1,1,74,0,0,(吉他: Capo 3)
guitarSvg/CS928.svg,old,1/1,8,99,0,32,0,0,0,8,0,1,1,8,1,0,8,1,12,0,0,0,0,1,14,43,0,0,(吉他: Capo 1) | 3 | 3 | 3
guitarSvg/E1.svg,old,1/1,2,25,0,8,0,0,0,0,0,0,0,0,1,0,2,1,1,0,0,0,0,1,1,10,0,0,(Guitar: Capo 1)
guitarSvg/E10.svg,old,1/1,4,42,0,4,0,0,0,0,0,0,1,0,2,0,4,1,10,0,0,0,0,1,1,15,0,0,(Guitar)
guitarSvg/E100.svg,old,1/1,2,39,0,9,0,1,0,0,0,1,1,1,2,0,2,1,6,0,0,0,0,1,1,16,0,0,(Guitar: Capo 1)
guitarSvg/E1000.svg,old,1/1,4,60,0,8,0,0,0,0,0,0,0,0,1,0,4,1,0,0,0,0,0,1,1,28,0,0,(Guitar)
guitarSvg/E1001.svg,old,1/1,4,77,0,1,0,0,0,0,0,0,1,32,2,0,4,1,5,0,0,0,0,1,1,40,0,0,(Guitar)
guitarSvg/E1002.svg,old,1/1,4,51,0,16,0,0,0,0,0,28,4,5,2,0,4,1,4,0,0,0,0,1,1,32,0,0,(Guitar: Capo 1)
guitarSvg/E1003.svg,old,1/1,2,45,0,0,0,0,0,0,0,0,1,0,2,0,2,1,1,0,0,0,0,1,1,19,0,0,(Guitar)
guitarSvg/E1004.svg,old,1/1,4,50,0,8,0,0,0,4,0,4,0,4,1,0,4,1,2,0,0,0,0,1,1,25,0,0,(Guitar)
guitarSvg/E1005.svg,old,1/1,4,64,0,0,0,0,0,0,0,29,1,18,1,0,4,1,3,1,0,0,0,1,1,30,0,0,(Guitar)
guitarSvg/E1006.svg,old,1/1,4,67,0,8,0,0,0,12,0,9,1,16,1,0,4,1,11,0,0,0,0,1,1,27,0,0,(Guitar: Capo 3)
guitarSvg/E1007.svg,old,1/1,4,75,0,16,0,0,0,0,0,20,1,6,1,0,4,1,0,0,0,0,0,1,1,27,0,0,(Guitar: Capo 1)
guitarSvg/E1008.svg,old,1/1,4,57,0,4,0,0,0,0,0,3,0,0,1,0,4,1,1,0,0,0,0,1,1,20,0,0,(Guitar: Capo 3)
guitarSvg/E1009.svg,old,1/1,4,69,0,14,0,0,0,3,0,25,1,14,1,0,4,1,0,0,0,0,0,1,1,32,0,0,(Guitar)
guitarSvg/E101.svg,old,1/1,2,38,0,7,0,1,0,0,0,1,1,0,2,0,2,1,5,0,0,0,0,1,1,36,0,0,(Guitar: Capo 1)
guitarSvg/E1010.svg,old,1/1,4,60,0,12,0,0,0,0,0,0,1,0,2,0,4,1,0,1,0,0,0,1,1,40,0,0,(Guitar: Capo 1)
guitarSvg/E1011.svg,old,1/1,4,53,0,0,0,0,0,9,0,0,3,12,1,0,4,1,1,0,0,0,0,1,1,37,0,0,(Guitar)
guitarSvg/E1012.svg,old,1/1,4,60,0,16,0,0,0,0,0,9,2,4,1,0,4,1,0,0,0,0,0,1,1,31,0,0,(Guitar: Capo 1)
guitarSvg/E1013.svg,old,1/1,4,85,0,9,0,2,0,3,3,42,0,30,1,0,4,1,2,0,0,0,0,1,1,31,0,0,(Guitar: Capo 3)
guitarSvg/E1014.svg,old,1/1,4,74,0,4,0,0,0,0,0,23,0,7,1,0,4,1,0,0,0,0,0,1,1,33,0,0,(Guitar: Capo 3)
guitarSvg/E1015.svg,old,1/1,4,57,0,0,0,0,0,7,0,25,0,11,2,0,4,1,11,0,0,0,0,1,1,25,0,0,(Guitar)
guitarSvg/E1016.svg,old,1/1,4,62,0,8,0,0,0,10,0,12,4,6,2,0,4,1,0,0,0,0,0,1,1,38,0,0,(Guitar)
guitarSvg/E1017.svg,old,1/1,5,81,0,10,0,0,0,3,0,41,3,31,1,0,5,1,0,0,0,0,0,1,1,26,0,0,(Guitar: Capo 3)
guitarSvg/E1018.svg,old,1/1,4,73,0,6,0,2,0,11,0,15,1,6,2,0,4,1,0,2,0,0,0,1,1,32,0,0,(Guitar: Capo 3)
guitarSvg/E1019.svg,old,1/1,4,74,0,16,0,3,0,14,0,16,1,6,2,0,4,1,7,3,0,0,0,1,1,33,0,0,(Guitar: Capo 1)
guitarSvg/E102.svg,old,1/1,2,39,0,9,0,1,0,0,0,1,1,1,2,0,2,1,6,0,0,0,0,1,1,16,0,0,(Guitar: Capo 1)
guitarSvg/E1020.svg,old,1/1,4,45,0,8,0,0,0,6,0,0,1,6,1,0,4,1,7,4,0,0,0,1,1,13,0,0,(Guitar)
guitarSvg/E1021.svg,old,1/1,4,59,0,4,0,0,0,12,0,3,1,16,1,0,4,1,3,0,0,0,0,1,1,25,0,0,(Guitar: Capo 3)
guitarSvg/E1022.svg,old,1/1,2,31,0,2,0,0,0,8,0,12,1,14,2,0,2,1,0,1,0,0,0,1,1,21,0,0,(Guitar)
guitarSvg/E1023.svg,old,1/1,4,52,0,9,0,0,0,0,0,0,1,4,1,0,4,1,0,0,0,0,0,1,1,23,0,0,(Guitar)
guitarSvg/E1024.svg,old,1/1,4,85,0,8,0,0,0,3,0,0,2,12,1,0,4,1,1,0,0,0,0,1,1,30,0,0,(Guitar)
guitarSvg/E1025.svg,old,1/1,4,65,0,11,0,3,0,1,0,16,1,16,2,0,4,1,5,0,0,0,0,1,1,34,0,0,(Guitar: Capo 3)
guitarSvg/E1026.svg,old,1/1,2,20,0,7,0,1,0,0,0,0,1,4,1,0,2,1,0,0,0,0,0,1,1,13,0,0,(Guitar: Capo 1)
guitarSvg/E1027.svg,old,1/1,4,73,0,7,0,1,0,4,3,25,6,13,2,0,4,1,6,5,0,0,0,1,1,35,0,0,(Guitar)
guitarSvg/E1028.svg,old,1/1,4,64,0,9,0,1,0,1,0,0,4,13,2,0,4,1,8,0,0,0,0,1,1,32,0,0,(Guitar: Capo 3)
guitarSvg/E1029.svg,old,1/1,4,86,0,4,0,0,0,9,0,16,0,9,1,0,4,1,5,0,0,0,0,1,1,38,0,0,(Guitar)
guitarSvg/E103.svg,old,1/1,4,78,0,12,0,0,0,18,0,6,1,25,2,0,4,1,20,0,0,0,0,1,1,44,0,0,(Guitar: Capo 1)
guitarSvg/E1030.svg,old,1/1,4,73,0,14,0,0,0,5,0,15,1,8,1,0,4,1,6,2,0,0,0,1,1,43,0,0,(Guitar: Capo 1)
guitarSvg/E1031.svg,old,1/1,4,56,0,4,0,0,0,10,0,2,3,14,1,0,4,1,2,0,0,0,0,1,1,37,0,0,(Guitar)
guitarSvg/E1032.svg,old,1/1,3,51,0,12,0,0,0,0,0,6,0,0,1,0,3,1,6,0,0,0,0,1,1,23,0,0,(Guitar: Capo 1)
guitarSvg/E1033.svg,old,1/1,4,62,0,9,0,0,0,2,0,14,4,12,2,0,4,1,4,1,0,0,0,1,1,26,0,0,(Guitar: Capo 3)
guitarSvg/E1034.svg,old,1/1,4,78,0,0,0,0,0,0,0,28,2,16,1,0,4,1,0,2,0,0,0,1,1,36,0,0,(Guitar)
guitarSvg/E1035.svg,old,1/1,4,72,0,5,0,1,0,0,0,27,4,9,1,0,4,1,5,1,0,0,0,1,1,30,0,0,(Guitar: Capo 3)
guitarSvg/E1036.svg,old,1/1,6,71,0,6,0,0,0,0,0,29,0,3,2,0,6,1,1,0,0,0,0,1,1,23,0,0,(Guitar)
guitarSvg/E1037.svg,old,1/1,5,74,0,20,0,0,0,2,0,28,1,11,2,0,5,1,6,1,0,0,0,1,7,35,0,0,(Guitar: Capo 1) | 3 | 3 | 3
guitarSvg/E1038.svg,old,1/1,4,67,0,16,0,0,0,6,0,20,1,16,2,0,4,1,2,2,0,0,0,1,1,30,0,0,(Guitar: Capo 1)
guitarSvg/E1039.svg,old,1/1,4,46,0,8,0,0,0,0,0,7,4,11,1,0,4,1,2,0,0,0,0,1,1,29,0,0,(Guitar: Capo 3)
guitarSvg/E104.svg,old,1/1,2,33,0,2,0,0,0,0,0,3,1,1,2,0,2,1,5,0,0,0,0,1,1,14,0,0,(Guitar)
guitarSvg/E1040.svg,old,1/1,6,82,0,7,0,0,0,1,0,1,6,17,2,0,6,1,7,0,0,0,0,1,1,48,0,0,(Guitar: Capo 3)
guitarSvg/E1041.svg,old,1/1,4,63,0,8,1,0,0,7,0,15,0,16,2,0,4,1,2,2,0,0,0,1,1,36,0,0,(Guitar)
guitarSvg/E1042.svg,old,1/1,4,64,0,0,0,0,0,16,0,0,1,33,2,0,4,1,10,0,0,0,0,1,1,41,0,0,(Guitar)
guitarSvg/E1043.svg,old,1/1,4,95,0,8,0,0,0,6,6,61,1,47,1,0,4,1,6,2,0,0,0,1,2,24,0,0,(Guitar) | 3
guitarSvg/E1044.svg,old,1/1,3,39,0,6,0,0,0,3,0,0,2,5,1,0,3,1,0,0,0,0,0,1,1,20,0,0,(Guitar: Capo 3)
guitarSvg/E1045.svg,old,1/1,4,52,0,13,0,0,0,1,0,20,1,23,1,0,4,1,4,0,0,0,0,1,1,28,0,0,(Guitar: Capo 1)
guitarSvg/E1046.svg,old,1/1,2,43,0,2,0,0,0,11,0,0,0,21,2,0,2,1,3,1,0,0,0,1,1,37,0,0,(Guitar)
guitarSvg/E1047.svg,old,1/1,3,57,0,0,0,0,0,0,0,0,1,0,2,0,3,1,9,0,0,0,0,1,1,42,0,0,(Guitar)
guitarSvg/E1048.svg,old,1/1,2,41,0,6,0,0,0,5,0,2,1,8,2,0,2,1,9,0,0,0,0,1,1,20,0,0,(Guitar: Capo 1)
guitarSvg/E1049.svg,old,1/1,2,31,0,2,0,0,0,0,0,0,1,4,2,0,2,1,1,0,0,0,0,1,1,21,0,0,(Guitar)
guitarSvg/E105.svg,old,1/1,4,51,0,8,0,3,0,5,0,0,1,10,1,0,4,1,2,0,0,0,0,1,1,35,0,0,(Guitar: Capo 3)
guitarSvg/E1050.svg,old,1/1,4,67,0,9,0,0,0,14,0,0,2,23,2,0,4,1,2,0,0,0,0,1,1,33,0,0,(Guitar)
guitarSvg/E1051.svg,old,1/1,4,50,0,8,0,0,0,8,0,11,2,10,2,0,4,1,1,2,0,0,0,1,1,20,0,0,(Guitar)
guitarSvg/E1052.svg,old,1/1,4,52,0,16,0,0,0,17,0,0,6,18,1,0,4,1,3,0,0,0,0,1,1,27,0,0,(Guitar: Capo 1)
guitarSvg/E1053.svg,old,1/1,2,41,0,6,0,0,0,5,0,2,1,8,2,0,2,1,9,0,0,0,0,1,1,20,0,0,(Guitar: Capo 1)
guitarSvg/E1054.svg,old,1/1,4,49,0,4,0,0,0,7,0,9,4,17,1,0,4,1,1,0,0,0,0,1,1,48,0,0,(Guitar)
guitarSvg/E1055.svg,old,1/1,4,58,0,4,0,0,0,0,0,0,0,6,2,0,4,1,0,0,0,0,0,1,1,17,0,0,(Guitar: Capo 3)
guitarSvg/E1056.svg,old,1/1,4,62,0,8,0,0,0,26,0,2,1,4,2,0,4,1,6,0,0,0,0,1,1,24,0,0,(Guitar)
guitarSvg/E1057.svg,old,1/1,4,61,0,16,0,0,0,19,0,0,8,15,2,0,4,1,5,0,0,0,0,1,1,26,0,0,(Guitar: Capo 2)
guitarSvg/E1058.svg,old,1/1,3,42,0,6,0,0,0,4,0,20,1,12,2,0,3,1,0,0,0,0,0,1,1,29,0,0,(Guitar: Capo 3)
guitarSvg/E1059.svg,old,1/1,4,51,0,4,0,0,0,19,0,0,6,7,2,0,4,1,0,0,0,0,0,1,1,28,0,0,(Guitar: Capo 3)
guitarSvg/E106.svg,old,1/1,4,54,0,5,0,1,0,0,0,5,1,5,1,0,4,1,6,1,0,0,0,1,1,36,0,0,(Guitar: Capo 3)
guitarSvg/E1060.svg,old,1/1,4,77,0,4,1,0,0,0,0,22,1,6,1,0,4,1,7,1,0,0,0,1,1,43,0,0,(Guitar: Capo 3)
guitarSvg/E1061.svg,old,1/1,4,67,0,5,0,1,0,7,0,0,2,14,2,0,4,1,3,0,0,0,0,1,1,29,0,0,(Guitar: Capo 3)
guitarSvg/E1062.svg,old,1/1,4,56,0,4,2,0,0,8,0,24,1,16,2,0,4,1,0,0,0,0,0,1,1,39,0,0,(Guitar: Capo 3)
guitarSvg/E1063.svg,old,1/1,6,67,0,6,1,0,0,0,0,0,0,0,1,0,6,1,1,0,0,0,0,1,1,54,0,0,(Guitar: Capo 3)
guitarSvg/E1064.svg,old,1/1,6,85,0,7,0,0,0,15,0,5,1,20,1,0,6,1,6,0,0,0,0,1,1,41,0,0,(Guitar)
guitarSvg/E1065.svg,old,1/1,4,52,0,8,0,0,0,8,0,0,1,8,1,0,4,1,0,0,0,0,0,1,1,43,0,0,(Guitar: Capo 3)
guitarSvg/E1066.svg,old,1/1,4,60,0,4,0,0,0,6,0,16,4,16,1,0,4,1,2,0,0,0,0,1,1,27,0,0,(Guitar)
guitarSvg/E1067.svg,old,1/1,4,84,0,15,0,2,0,4,0,52,1,30,1,0,4,1,0,0,0,0,0,1,1,38,0,0,(Guitar: Capo 1)
guitarSvg/E1068.svg,old,1/1,5,77,0,6,0,0,0,31,0,0,1,15,2,0,5,1,5,1,0,0,0,1,1,35,0,0,(Guitar)
guitarSvg/E1069.svg,old,1/1,4,84,0,0,0,0,0,8,4,20,1,14,1,0,4,1,12,0,0,0,0,1,1,35,0,0,(Guitar)
guitarSvg/E107.svg,old,1/1,2,26,0,0,0,0,0,0,0,0,1,0,2,0,2,1,0,0,0,0,0,1,1,21,0,0,(Guitar)
guitarSvg/E1070.svg,old,1/1,8,98,0,16,0,0,0,24,0,5,6,29,2,0,8,1,12,0,0,0,0,1,1,59,0,0,(Guitar: Capo 3)
guitarSvg/E1071.svg,old,1/1,4,73,0,0,0,0,0,15,0,21,1,29,8,0,4,1,17,0,0,0,0,1,1,35,0,0,(Guitar)
guitarSvg/E1072.svg,old,1/1,4,65,0,2,0,0,0,17,0,13,1,1,2,0,4,1,5,0,0,0,0,1,1,29,0,0,(Guitar)
guitarSvg/E1073.svg,old,1/1,4,70,0,12,0,0,0,2,0,10,0,2,2,0,4,1,10,0,0,0,0,1,1,21,0,0,(Guitar: Capo 1)
guitarSvg/E1074.svg,old,1/1,4,56,0,0,0,0,0,5,0,7,4,11,1,0,4,1,0,0,0,0,0,1,1,32,0,0,(Guitar)
guitarSvg/E1075.svg,old,1/1,6,95,0,2,0,0,0,0,0,23,5,13,1,0,6,1,16,3,0,0,0,1,1,53,0,0,(Guitar)
guitarSvg/E1076.svg,old,1/1,4,59,0,15,0,3,0,2,0,5,1,6,1,0,4,1,7,0,0,0,0,1,2,23,0,0,(Guitar: Capo 1) | * The Compilers prefer that the following three lines be used in place of the last three lines in ver
guitarSvg/E1077.svg,old,1/1,4,64,0,4,2,0,0,14,0,20,3,6,2,0,4,1,4,4,0,0,0,1,2,32,0,0,(Guitar: Capo 3) | (Repeat the last line of each stanza)
guitarSvg/E1078.svg,old,1/1,4,87,0,1,0,0,0,9,0,16,4,11,1,0,4,1,3,0,0,0,0,1,1,30,0,0,(Guitar)
guitarSvg/E1079.svg,old,1/1,4,82,0,12,0,0,0,0,0,54,1,18,2,0,4,1,4,0,0,0,0,1,1,25,0,0,(Guitar: Capo 1)
guitarSvg/E108.svg,old,1/1,2,29,0,4,0,0,0,0,0,4,0,2,1,0,2,1,0,0,0,0,0,1,1,18,0,0,(Guitar: Capo 3)
guitarSvg/E1080.svg,old,1/1,4,53,0,13,0,0,0,1,0,22,1,24,1,0,4,1,2,0,0,0,0,1,1,28,0,0,(Guitar: Capo 1)
guitarSvg/E1081.svg,old,1/1,4,70,0,0,0,0,0,5,0,18,4,13,1,0,4,1,6,2,0,0,0,1,1,31,0,0,(Guitar)
guitarSvg/E1082.svg,old,1/1,2,48,0,2,0,0,0,0,0,3,1,1,2,0,2,1,4,0,0,0,0,1,1,21,0,0,(Guitar)
guitarSvg/E1083.svg,old,1/1,6,115,0,30,0,5,0,1,0,40,2,19,1,0,6,1,0,0,0,0,0,1,7,50,0,0,(Guitar: Capo 1) | 3 | 3 | 3
guitarSvg/E1084.svg,old,1/1,4,40,0,4,1,0,0,1,0,3,2,8,2,0,4,1,7,0,0,0,0,1,1,26,0,0,(Guitar: Capo 3)
guitarSvg/E1085.svg,old,1/1,4,83,0,5,0,1,0,9,0,9,1,13,2,0,4,1,2,0,0,0,0,1,1,44,0,0,(Guitar: Capo 3)
guitarSvg/E1086.svg,old,1/1,4,54,0,13,0,3,0,8,0,23,1,20,2,0,4,1,5,0,0,0,0,1,4,19,0,0,(Guitar: Capo 3) | 3 | 3 | 3
guitarSvg/E1087.svg,old,1/1,4,57,0,0,0,0,0,7,0,25,0,11,2,0,4,1,5,0,0,0,0,1,1,25,0,0,(Guitar)
guitarSvg/E1088.svg,old,1/1,4,61,0,4,0,0,0,6,0,26,1,15,2,0,4,1,3,0,0,0,0,1,1,23,0,0,(Guitar: Capo 3)
guitarSvg/E1089.svg,old,1/1,4,59,0,4,0,0,0,6,0,5,0,6,1,0,4,1,7,0,0,0,0,1,1,24,0,0,(Guitar: Capo 3)
guitarSvg/E109.svg,old,1/1,2,34,0,9,0,1,0,0,0,0,1,2,2,0,2,1,7,0,0,0,0,1,1,19,0,0,(Guitar: Capo 1)
guitarSvg/E1090.svg,old,1/1,2,29,0,6,0,0,0,0,0,0,1,3,1,0,2,1,1,0,0,0,0,1,1,20,0,0,(Guitar: Capo 1)
guitarSvg/E1091.svg,old,1/1,3,60,0,7,0,0,0,8,0,0,1,14,1,0,3,1,0,0,0,0,0,1,1,23,0,0,(Guitar)
guitarSvg/E1092.svg,old,1/1,4,55,0,5,0,0,0,6,0,1,1,10,1,0,4,1,3,0,0,0,0,1,1,29,0,0,(Guitar)
guitarSvg/E1093.svg,old,1/1,2,39,0,9,0,1,0,0,0,1,1,1,2,0,2,1,6,0,0,0,0,1,1,16,0,0,(Guitar: Capo 1)
guitarSvg/E1094.svg,old,1/1,4,72,0,4,0,0,0,2,0,1,0,6,2,0,4,1,12,0,0,0,0,1,1,33,0,0,(Guitar: Capo 3)
guitarSvg/E1095.svg,old,1/1,4,58,0,4,0,0,0,5,0,6,4,6,1,0,4,1,6,1,0,0,0,1,1,25,0,0,(Guitar)
guitarSvg/E1096.svg,old,1/1,4,52,0,4,0,0,0,10,0,0,3,13,1,0,4,1,0,0,0,0,0,1,1,31,0,0,(Guitar: Capo 3)
guitarSvg/E1097.svg,old,1/1,4,74,0,5,0,1,0,0,0,0,2,12,2,0,4,1,18,1,0,0,0,1,1,23,0,0,(Guitar: Capo 3)
guitarSvg/E1098.svg,old,1/1,4,55,0,9,0,0,0,0,0,1,1,2,1,0,4,1,3,0,0,0,0,1,1,21,0,0,(Guitar)
guitarSvg/E1099.svg,old,1/1,4,55,0,9,0,0,0,0,0,1,1,2,1,0,4,1,3,0,0,0,0,1,1,21,0,0,(Guitar)
guitarSvg/E11.svg,old,1/1,2,28,0,8,0,0,0,5,0,0,1,7,1,0,2,1,0,0,0,0,0,1,1,8,0,0,(Guitar: Capo 1)
guitarSvg/E110.svg,old,1/1,3,52,0,7,0,0,0,10,0,0,1,12,1,0,3,1,0,1,0,0,0,1,1,34,0,0,(Guitar)
guitarSvg/E1100.svg,old,1/1,4,61,0,4,0,0,0,6,0,26,1,15,2,0,4,1,2,0,0,0,0,1,1,23,0,0,(Guitar: Capo 3)
guitarSvg/E1101.svg,old,1/1,4,81,0,8,0,0,0,3,0,41,3,31,1,0,4,1,0,0,0,0,0,1,1,26,0,0,(Guitar: Capo 3)
guitarSvg/E1102.svg,old,1/1,4,59,0,15,0,3,0,2,0,5,1,6,1,0,4,1,7,0,0,0,0,1,1,23,0,0,(Guitar: Capo 1)
guitarSvg/E1103.svg,old,1/1,3,45,0,3,0,0,0,4,0,10,1,6,1,0,3,1,6,0,0,0,0,1,1,12,0,0,(Guitar: Capo 3)
guitarSvg/E1104.svg,old,1/1,4,80,0,4,0,0,0,14,0,0,1,20,1,0,4,1,0,0,0,0,0,1,1,38,0,0,(Guitar: Capo 3)
guitarSvg/E1105.svg,old,1/1,4,70,0,16,0,0,0,12,0,6,0,12,1,0,4,1,10,0,0,0,0,1,1,22,0,0,(Guitar: Capo 1)
guitarSvg/E1106.svg,old,1/1,4,48,0,0,0,0,0,10,0,2,1,10,2,0,4,1,1,0,0,0,0,1,1,20,0,0,(Guitar)
guitarSvg/E1107.svg,old,1/1,4,78,0,8,0,0,0,6,0,16,10,6,1,0,4,1,0,3,0,0,0,1,1,25,0,0,(Guitar: Capo 3)
guitarSvg/E1108.svg,old,1/1,4,73,0,12,0,0,0,7,0,14,3,8,1,0,4,1,5,0,0,0,0,1,2,24,0,0,(Guitar: Capo 1) | (Do not repeat chorus after last verse)
guitarSvg/E1109.svg,old,1/1,4,49,0,4,0,0,0,0,0,0,1,4,1,0,4,1,1,0,0,0,0,1,1,26,0,0,(Guitar)
guitarSvg/E111.svg,old,1/1,2,28,0,2,0,0,0,0,0,0,1,3,2,0,2,1,2,0,0,0,0,1,1,15,0,0,(Guitar: Capo 3)
guitarSvg/E1110.svg,old,1/1,4,78,0,8,0,0,0,6,0,16,10,6,1,0,4,1,0,3,0,0,0,1,1,25,0,0,(Guitar: Capo 3)
guitarSvg/E1111.svg,old,1/1,4,59,0,4,1,0,0,0,0,0,0,8,2,0,4,1,3,1,0,0,0,1,1,29,0,0,(Guitar: Capo 3)
guitarSvg/E1112.svg,old,1/1,4,70,0,0,0,0,0,5,0,18,4,13,1,0,4,1,4,2,0,0,0,1,1,31,0,0,(Guitar)
guitarSvg/E1113.svg,old,1/1,4,80,0,9,1,0,0,15,0,15,1,7,1,0,4,1,1,4,0,0,0,1,1,31,0,0,(Guitar)
guitarSvg/E1114.svg,old,1/1,4,48,0,4,0,0,0,0,0,3,1,1,2,0,4,1,4,0,0,0,0,1,1,21,0,0,(Guitar)
guitarSvg/E1115.svg,old,1/1,2,44,0,2,0,0,0,0,0,11,0,0,1,0,2,1,0,0,0,0,0,1,1,19,0,0,(Guitar: Capo 3)
guitarSvg/E1116.svg,old,1/1,4,83,0,5,0,1,0,9,0,9,1,13,2,0,4,1,3,0,0,0,0,1,1,44,0,0,(Guitar: Capo 3)
guitarSvg/E1117.svg,old,1/1,4,50,0,4,0,0,0,0,0,12,1,5,2,0,4,1,0,0,0,0,0,1,1,12,0,0,(Guitar: Capo 3)
guitarSvg/E1118.svg,old,1/1,6,119,0,13,0,0,0,1,16,42,9,39,1,0,6,1,5,1,0,0,0,1,1,25,0,0,(Guitar: Capo 3)
guitarSvg/E1119.svg,old,1/1,5,79,0,5,0,0,0,6,0,6,1,6,1,0,5,1,2,0,0,0,0,1,1,45,0,0,(Guitar: Capo 3)
guitarSvg/E112.svg,old,1/1,8,90,0,8,0,0,0,0,0,9,1,0,2,0,8,1,0,0,0,0,0,1,1,27,0,0,(Guitar: Capo 3)
guitarSvg/E1120.svg,old,1/1,2,32,0,6,0,0,0,6,0,0,1,6,1,0,2,1,0,0,0,0,0,1,1,11,0,0,(Guitar)
guitarSvg/E1121.svg,old,1/1,2,40,0,4,0,0,0,8,0,4,1,13,2,0,2,1,10,0,0,0,0,1,1,11,0,0,(Guitar)
guitarSvg/E1122.svg,old,1/1,5,70,0,7,0,1,0,2,0,18,1,10,2,0,5,1,3,1,0,0,0,1,1,26,0,0,(Guitar: Capo 3)
guitarSvg/E1123.svg,old,1/1,4,72,0,4,0,0,0,2,0,1,0,6,2,0,4,1,12,0,0,0,0,1,1,33,0,0,(Guitar: Capo 3)
guitarSvg/E1124.svg,old,1/1,2,28,0,2,0,0,0,6,0,1,0,6,1,0,2,1,0,0,0,0,0,1,1,10,0,0,(Guitar: Capo 3)
guitarSvg/E1125.svg,old,1/1,4,60,0,4,0,0,0,6,0,16,4,16,1,0,4,1,2,0,0,0,0,1,1,27,0,0,(Guitar)
guitarSvg/E1126.svg,old,1/1,4,60,0,13,0,1,0,28,0,0,1,4,2,0,4,1,4,1,0,0,0,1,1,23,0,0,(Guitar: Capo 1)
guitarSvg/E1127.svg,old,1/1,4,60,0,4,0,0,0,8,0,4,0,0,1,0,4,1,2,0,0,0,0,1,1,40,0,0,(Guitar: Capo 3)
guitarSvg/E1128.svg,old,1/1,4,96,0,9,1,0,0,1,0,31,0,8,1,0,4,1,4,1,0,0,0,1,1,37,0,0,(Guitar)
guitarSvg/E1129.svg,old,1/1,4,47,0,4,0,0,0,0,0,0,2,0,1,0,4,1,3,0,0,0,0,1,1,26,0,0,(Guitar)
guitarSvg/E113.svg,old,1/1,4,39,0,14,0,1,0,0,0,0,0,1,1,0,4,1,7,0,0,0,0,1,1,33,0,0,(Guitar: Capo 1)
guitarSvg/E1130.svg,old,1/1,4,58,0,21,0,1,0,2,0,0,1,2,2,0,4,1,5,0,0,0,0,1,1,24,0,0,(Guitar: Capo 1)
guitarSvg/E1131.svg,old,1/1,4,87,0,4,0,0,0,24,0,9,2,0,1,0,4,1,3,0,0,0,0,1,1,39,0,0,(Guitar)
guitarSvg/E1132.svg,old,1/1,3,44,0,9,0,0,0,3,0,0,0,3,2,0,3,1,9,0,0,0,0,1,1,16,0,0,(Guitar: Capo 1)
guitarSvg/E1133.svg,old,1/1,2,48,0,2,0,0,0,0,0,3,1,1,2,0,2,1,4,0,0,0,0,1,1,21,0,0,(Guitar)
guitarSvg/E1134.svg,old,1/1,4,67,0,5,0,1,0,7,0,0,2,14,2,0,4,1,2,0,0,0,0,1,1,29,0,0,(Guitar: Capo 3)
guitarSvg/E1135.svg,old,1/1,4,85,0,12,0,0,0,1,0,32,1,17,1,0,4,1,5,2,0,0,0,1,1,33,0,0,(Guitar: Capo 1)
guitarSvg/E1136.svg,old,1/1,4,62,0,12,0,0,0,11,0,2,0,11,2,0,4,1,2,1,0,0,0,1,1,33,0,0,(Guitar: Capo 1)
guitarSvg/E1137.svg,old,1/1,4,89,0,0,0,0,0,9,0,37,1,18,2,0,4,1,5,0,0,0,0,1,1,32,0,0,(Guitar)
guitarSvg/E1138.svg,old,1/1,4,63,0,8,0,0,0,0,0,19,1,0,2,0,4,1,3,0,0,0,0,1,1,32,0,0,(Guitar)
guitarSvg/E1139.svg,old,1/1,4,62,0,12,0,0,0,9,0,8,0,11,1,0,4,1,0,0,0,0,0,1,1,20,0,0,(Guitar: Capo 1)
guitarSvg/E114.svg,old,1/1,5,77,0,5,0,0,0,2,0,2,0,6,2,0,5,1,16,0,0,0,0,1,1,51,0,0,(Guitar: Capo 3)
guitarSvg/E1140.svg,old,1/1,3,44,0,8,0,2,0,8,0,4,1,9,1,0,3,1,0,0,0,0,0,1,1,18,0,0,(Guitar: Capo 3)
guitarSvg/E1141.svg,old,1/1,2,40,0,2,0,0,0,1,0,13,1,3,1,0,2,1,2,0,0,0,0,1,1,17,0,0,(Guitar: Capo 3)
guitarSvg/E1142.svg,old,1/1,4,52,0,0,0,0,0,0,0,34,3,12,2,0,4,1,0,0,0,0,0,1,1,24,0,0,(Guitar)
guitarSvg/E1143.svg,old,1/1,4,36,0,4,0,0,0,2,0,5,1,3,2,0,4,1,8,0,0,0,0,1,1,17,0,0,(Guitar)
guitarSvg/E1144.svg,old,1/1,4,64,0,4,0,0,0,0,0,16,0,8,1,0,4,1,0,0,0,0,0,1,1,30,0,0,(Guitar)
guitarSvg/E1145.svg,old,1/1,4,62,0,8,0,0,0,26,0,2,1,4,2,0,4,1,6,0,0,0,0,1,1,24,0,0,(Guitar)
guitarSvg/E1146.svg,old,1/1,4,60,0,4,0,0,0,12,0,16,0,20,2,0,4,1,0,0,0,0,0,1,1,40,0,0,(Guitar)
guitarSvg/E1147.svg,old,1/1,2,35,0,6,0,0,0,0,0,7,1,2,1,0,2,1,9,0,0,0,0,1,1,23,0,0,(Guitar: Capo 1)
guitarSvg/E1148.svg,old,1/1,3,47,0,6,0,0,0,0,0,18,1,8,1,0,3,1,0,0,0,0,0,1,1,19,0,0,(Guitar: Capo 3)
guitarSvg/E1149.svg,old,1/1,4,50,0,8,0,0,0,6,0,20,1,6,2,0,4,1,0,0,0,0,0,1,1,22,0,0,(Guitar)
guitarSvg/E115.svg,old,1/1,2,22,0,2,0,0,0,0,0,0,0,0,1,0,2,1,0,0,0,0,0,1,1,17,0,0,(Guitar: Capo 3)
guitarSvg/E1150.svg,old,1/1,4,84,0,0,0,0,0,8,4,20,1,14,1,0,4,1,12,0,0,0,0,1,1,35,0,0,(Guitar)
guitarSvg/E1151.svg,old,1/1,5,87,0,20,0,0,0,19,0,15,2,6,1,0,5,1,1,0,0,0,0,1,1,24,0,0,(Guitar: Capo 1)
guitarSvg/E1152.svg,old,1/1,4,86,0,8,0,0,0,5,0,45,1,36,1,0,4,1,3,1,0,0,0,1,1,31,0,0,(Guitar: Capo 3)
guitarSvg/E1153.svg,old,1/1,4,73,0,16,0,0,0,0,0,10,1,3,1,0,4,1,0,0,0,0,0,1,1,31,0,0,(Guitar: Capo 1)
guitarSvg/E1154.svg,old,1/1,5,76,0,10,0,0,0,4,0,0,6,11,1,0,5,1,0,0,0,0,0,1,4,34,0,0,(Guitar) | 3 | 3 | (Repeat the last three lines of each stanza)
guitarSvg/E1155.svg,old,1/1,4,60,0,4,0,0,0,2,0,17,1,3,2,0,4,1,0,2,0,0,0,1,1,23,0,0,(Guitar)
guitarSvg/E1156.svg,old,1/1,4,62,0,12,0,0,0,9,0,8,0,11,1,0,4,1,0,0,0,0,0,1,1,20,0,0,(Guitar: Capo 1)
guitarSvg/E1157.svg,old,1/1,4,66,0,0,0,0,0,0,0,23,1,19,1,0,4,1,0,0,0,0,0,1,1,31,0,0,(Guitar)
guitarSvg/E1158.svg,old,1/1,3,46,0,13,0,1,0,2,0,12,1,2,2,0,3,1,0,0,0,0,0,1,1,16,0,0,(Guitar: Capo 1)
guitarSvg/E1159.svg,old,1/1,4,76,0,12,0,0,0,8,0,17,8,9,1,0,4,1,0,0,0,0,0,1,1,24,0,0,(Guitar: Capo 1)
guitarSvg/E116.svg,old,1/1,4,60,0,13,0,1,0,28,0,0,1,4,2,0,4,1,4,1,0,0,0,1,1,24,0,0,(Guitar: Capo 1)
guitarSvg/E1160.svg,old,1/1,4,60,0,4,0,0,0,8,0,16,1,8,2,0,4,1,0,0,0,0,0,1,1,19,0,0,(Guitar)
guitarSvg/E1161.svg,old,1/1,4,60,0,4,0,0,0,2,0,17,1,3,2,0,4,1,0,2,0,0,0,1,1,23,0,0,(Guitar)
guitarSvg/E1162.svg,old,1/1,4,78,0,19,0,3,0,21,0,13,0,5,1,0,4,1,3,0,0,0,0,1,1,31,0,0,(Guitar: Capo 1)
guitarSvg/E1163.svg,old,1/1,4,57,0,4,0,0,0,6,0,32,1,22,2,0,4,1,0,0,0,0,0,1,1,19,0,0,(Guitar: Capo 3)
guitarSvg/E1164.svg,old,1/1,4,59,0,16,0,0,0,15,0,7,2,10,2,0,4,1,4,1,0,0,0,1,1,24,0,0,(Guitar: Capo 1)
guitarSvg/E1165.svg,old,1/1,4,64,0,4,0,0,0,7,0,32,6,18,2,0,4,1,0,0,0,0,0,1,1,20,0,0,(Guitar: Capo 3)
guitarSvg/E1166.svg,old,1/1,4,61,0,4,0,0,0,6,0,26,1,15,2,0,4,1,3,0,0,0,0,1,1,23,0,0,(Guitar: Capo 3)
guitarSvg/E1167.svg,old,1/1,4,88,0,9,0,1,0,0,0,28,0,12,1,0,4,1,0,0,0,0,0,1,1,44,0,0,(Guitar: Capo 3)
guitarSvg/E1168.svg,old,1/1,4,93,0,4,1,0,0,0,0,0,4,8,1,0,4,1,0,1,0,0,0,1,1,63,0,0,(Guitar: Capo 3)
guitarSvg/E1169.svg,old,1/1,2,37,0,2,0,0,0,0,0,5,1,0,1,0,2,1,5,1,0,0,0,1,1,13,0,0,(Guitar)
guitarSvg/E117.svg,old,1/1,5,74,0,25,0,0,0,0,0,9,0,0,1,0,5,1,17,0,0,0,0,1,1,26,0,0,(Guitar: Capo 4)
guitarSvg/E1170.svg,old,1/1,6,142,0,23,0,1,0,4,0,41,1,25,2,0,6,1,27,0,0,0,0,1,3,42,0,0,(Guitar: Capo 1) | 3 | 3
guitarSvg/E1171.svg,old,1/1,2,30,0,7,0,2,0,3,0,6,0,4,1,0,2,1,0,0,0,0,0,1,1,15,0,0,(Guitar: Capo 3)
guitarSvg/E1172.svg,old,1/1,6,112,0,2,0,0,0,1,0,50,1,25,2,0,6,1,0,0,0,0,0,1,1,50,0,0,(Guitar)
guitarSvg/E1173.svg,old,1/1,4,62,0,18,0,2,0,14,0,8,0,10,2,0,4,1,1,2,0,0,0,1,1,36,0,0,(Guitar: Capo 1)
guitarSvg/E1174.svg,old,1/1,3,47,0,15,0,0,0,3,0,2,0,3,1,0,3,1,2,0,0,0,0,1,1,25,0,0,(Guitar: Capo 4)
guitarSvg/E1175.svg,old,1/1,4,69,0,14,0,0,0,3,0,25,1,14,1,0,4,1,0,0,0,0,0,1,1,32,0,0,(Guitar)
guitarSvg/E1176.svg,old,1/1,4,76,0,20,0,2,0,0,0,25,0,14,1,0,4,1,1,0,0,0,0,1,1,41,0,0,(Guitar: Capo 1)
guitarSvg/E1177.svg,old,1/1,4,113,0,18,0,2,0,45,0,2,1,17,2,0,4,1,15,2,0,0,0,1,1,48,0,0,(Guitar: Capo 1)
guitarSvg/E1178.svg,old,1/1,4,138,0,10,0,0,0,12,0,30,15,12,1,0,4,1,0,0,0,0,0,1,1,71,0,0,(Guitar: Capo 3)
guitarSvg/E1179.svg,old,1/1,3,44,0,8,0,2,0,8,0,4,1,9,1,0,3,1,0,0,0,0,0,1,1,19,0,0,(Guitar: Capo 3)
guitarSvg/E118.svg,old,1/1,6,90,0,6,0,0,0,12,0,0,0,12,1,0,6,1,0,0,0,0,0,1,1,39,0,0,(Guitar)
guitarSvg/E1180.svg,old,1/1,5,138,0,12,0,0,0,12,0,31,15,12,1,0,5,1,1,0,0,0,0,1,1,70,0,0,(Guitar: Capo 3)
guitarSvg/E1181.svg,old,1/1,6,89,0,22,0,4,0,24,0,3,1,21,1,0,6,1,4,0,0,0,0,1,1,40,0,0,(Guitar: Capo 1)
guitarSvg/E1182.svg,old,1/1,4,56,0,9,0,1,0,8,0,0,1,12,1,0,4,1,0,0,0,0,0,1,1,25,0,0,(Guitar: Capo 3)
guitarSvg/E1183.svg,old,1/1,4,71,0,13,0,1,0,6,0,10,0,6,1,0,4,1,11,0,0,0,0,1,1,30,0,0,(Guitar: Capo 1)
guitarSvg/E1184.svg,old,1/1,4,38,0,8,0,0,0,0,0,0,0,1,1,0,4,1,6,0,0,0,0,1,1,13,0,0,(Guitar)
guitarSvg/E1185.svg,old,1/1,4,60,0,5,0,0,0,8,0,8,8,12,1,0,4,1,0,0,0,0,0,1,1,33,0,0,(Guitar: Capo 3)
guitarSvg/E1186.svg,old,1/1,4,74,0,5,0,1,0,0,0,0,2,12,2,0,4,1,18,1,0,0,0,1,1,23,0,0,(Guitar: Capo 3)
guitarSvg/E1187.svg,old,1/1,2,40,0,1,0,0,0,0,0,0,1,5,1,0,2,1,0,0,0,0,0,1,1,30,0,0,(Guitar)
guitarSvg/E1188.svg,old,1/1,4,57,0,4,0,0,0,0,0,12,1,0,2,0,4,1,1,0,0,0,0,1,1,34,0,0,(Guitar)
guitarSvg/E1189.svg,old,1/1,2,44,0,2,0,0,0,0,0,11,0,0,1,0,2,1,0,0,0,0,0,1,1,19,0,0,(Guitar: Capo 3)
guitarSvg/E119.svg,old,1/1,4,60,0,4,0,0,0,8,0,32,1,24,2,0,4,1,0,0,0,0,0,1,1,42,0,0,(Guitar: Capo 3)
guitarSvg/E1190.svg,old,1/1,4,85,0,12,0,0,0,1,0,32,1,17,1,0,4,1,5,2,0,0,0,1,1,33,0,0,(Guitar: Capo 1)
guitarSvg/E1191.svg,old,1/1,4,83,0,12,0,2,0,10,0,9,1,16,2,0,4,1,9,0,0,0,0,1,1,25,0,0,(Guitar: Capo 3)
guitarSvg/E1192.svg,old,1/1,2,31,0,2,0,0,0,1,0,0,0,5,2,0,2,1,3,0,0,0,0,1,1,19,0,0,(Guitar: Capo 3)
guitarSvg/E1193.svg,old,1/1,2,43,0,4,0,0,0,1,0,17,0,1,2,0,2,1,4,0,0,0,0,1,1,17,0,0,(Guitar)
guitarSvg/E1194.svg,old,1/1,5,102,0,10,1,0,0,28,0,16,1,0,1,0,5,1,0,1,0,0,0,1,1,35,0,0,(Guitar)
guitarSvg/E1195.svg,old,1/1,4,40,0,5,0,1,0,0,0,0,0,0,1,0,4,1,0,0,0,0,0,1,1,21,0,0,(Guitar: Capo 3)
guitarSvg/E1196.svg,old,1/1,2,38,0,2,0,0,0,2,0,7,1,6,1,0,2,1,0,0,0,0,0,1,1,15,0,0,(Guitar)
guitarSvg/E1197.svg,old,1/1,7,134,0,21,2,0,0,4,0,35,1,5,1,0,7,1,2,0,0,0,0,1,1,61,0,0,(Guitar: Capo 1)
guitarSvg/E1198.svg,old,1/1,4,71,0,1,0,0,0,0,0,7,1,4,1,0,4,1,7,5,0,0,0,1,1,39,0,0,(Guitar)
guitarSvg/E1199.svg,old,1/1,4,81,0,8,0,0,0,3,0,41,3,31,1,0,4,1,0,0,0,0,0,1,1,26,0,0,(Guitar: Capo 3)
guitarSvg/E12.svg,old,1/1,2,34,0,4,0,0,0,0,0,0,1,1,2,0,2,1,6,0,0,0,0,1,1,14,0,0,(Guitar)
guitarSvg/E120.svg,old,1/1,4,40,0,16,0,0,0,3,0,0,1,7,1,0,4,1,0,0,0,0,0,1,1,14,0,0,(Guitar: Capo 1)
guitarSvg/E1200.svg,old,1/1,4,70,0,4,0,0,0,0,0,20,1,10,1,0,4,1,4,0,0,0,0,1,1,35,0,0,(Guitar: Capo 3)
guitarSvg/E1201.svg,old,1/1,4,60,0,12,1,0,0,3,0,16,1,3,2,0,4,1,0,0,0,0,0,1,1,41,0,0,(Guitar: Capo 1)
guitarSvg/E1202.svg,old,1/1,4,41,0,12,0,0,0,1,0,0,0,2,1,0,4,1,1,0,0,0,0,1,1,18,0,0,(Guitar: Capo 1)
guitarSvg/E1203.svg,old,1/1,4,71,0,13,0,1,0,6,0,10,0,6,1,0,4,1,11,0,0,0,0,1,1,30,0,0,(Guitar: Capo 1)
guitarSvg/E1204.svg,old,1/1,6,95,0,15,0,2,0,7,0,30,1,25,1,0,6,1,12,1,0,0,0,1,1,49,0,0,(Guitar: Capo 3)
guitarSvg/E1205.svg,old,1/1,5,65,0,0,0,0,0,6,0,0,2,11,1,0,5,1,11,0,0,0,0,1,1,29,0,0,(Guitar)
guitarSvg/E1206.svg,old,1/1,4,75,0,5,0,1,0,0,0,26,1,13,1,0,4,1,1,0,0,0,0,1,1,35,0,0,(Guitar: Capo 3)
guitarSvg/E1207.svg,old,1/1,4,70,0,4,0,0,0,0,0,20,1,10,1,0,4,1,4,0,0,0,0,1,1,35,0,0,(Guitar: Capo 3)
guitarSvg/E1208.svg,old,1/1,4,62,0,0,0,0,0,6,0,18,2,20,1,0,4,1,0,0,0,0,0,1,1,26,0,0,(Guitar)
guitarSvg/E1209.svg,old,1/1,4,49,0,4,0,0,0,0,0,0,1,4,1,0,4,1,1,0,0,0,0,1,2,26,0,0,(Guitar) | (Repeat the last line of each stanza)
guitarSvg/E121.svg,old,1/1,6,77,0,20,2,2,0,5,0,7,0,5,1,0,6,1,13,0,0,0,0,1,1,56,0,0,(Guitar: Capo 1)
guitarSvg/E1210.svg,old,1/1,4,76,0,12,0,0,0,8,0,17,8,9,1,0,4,1,0,0,0,0,0,1,1,24,0,0,(Guitar: Capo 1)
guitarSvg/E1211.svg,old,1/1,2,44,0,2,0,0,0,0,0,11,0,0,1,0,2,1,0,0,0,0,0,1,1,19,0,0,(Guitar: Capo 3)
guitarSvg/E1212.svg,old,1/1,4,56,0,16,1,0,0,12,0,0,1,16,1,0,4,1,0,0,0,0,0,1,1,35,0,0,(Guitar: Capo 2)
guitarSvg/E1213.svg,old,1/1,4,60,0,12,0,0,0,0,0,24,5,18,1,0,4,1,0,0,0,0,0,1,1,26,0,0,(Guitar: Capo 1)
guitarSvg/E1214.svg,old,1/1,4,72,0,8,0,0,0,0,0,42,1,29,1,0,4,1,0,1,0,0,0,1,1,30,0,0,(Guitar: Capo 3)
guitarSvg/E1215.svg,old,1/1,4,69,0,14,0,0,0,3,0,25,1,14,1,0,4,1,0,0,0,0,0,1,1,32,0,0,(Guitar)
guitarSvg/E1216.svg,old,1/1,4,45,0,16,0,0,0,6,0,0,6,7,1,0,4,1,2,0,0,0,0,1,1,35,0,0,(Guitar: Capo 1)
guitarSvg/E1217.svg,old,1/1,4,60,0,1,0,0,0,7,0,16,1,7,2,0,4,1,0,0,0,0,0,1,1,24,0,0,(Guitar)
guitarSvg/E1218.svg,old,1/1,4,60,0,12,0,0,0,0,0,24,5,18,1,0,4,1,0,0,0,0,0,1,1,26,0,0,(Guitar: Capo 1)
guitarSvg/E1219.svg,old,1/1,4,77,0,5,0,0,0,22,0,12,1,6,1,0,4,1,1,3,0,0,0,1,1,23,0,0,(Guitar)
guitarSvg/E122.svg,old,1/1,4,43,0,4,0,0,0,0,0,0,0,0,1,0,4,1,0,0,0,0,0,1,1,25,0,0,(Guitar: Capo 3)
guitarSvg/E1220.svg,old,1/1,4,78,0,4,0,0,0,1,0,16,1,5,1,0,4,1,17,0,0,0,0,1,2,18,0,0,(Guitar) | (Repeat the last two lines of each stanza)
guitarSvg/E1221.svg,old,1/1,4,58,0,9,0,0,0,0,0,15,0,13,2,0,4,1,1,0,0,0,0,1,1,28,0,0,(Guitar: Capo 3)
guitarSvg/E1222.svg,old,1/1,4,82,0,4,1,0,0,0,0,16,2,1,1,0,4,1,0,0,0,0,0,1,1,51,0,0,(Guitar)
guitarSvg/E1223.svg,old,1/1,3,46,0,0,0,0,0,8,0,11,1,5,2,0,3,1,7,0,0,0,0,1,1,20,0,0,(Guitar)
guitarSvg/E1224.svg,old,1/1,4,62,0,8,0,0,0,26,0,2,1,4,2,0,4,1,6,0,0,0,0,1,1,24,0,0,(Guitar)
guitarSvg/E1225.svg,old,1/1,4,60,0,5,0,1,0,5,0,29,1,18,2,0,4,1,0,0,0,0,0,1,1,31,0,0,(Guitar: Capo 3)
guitarSvg/E1226.svg,old,1/1,4,90,0,4,0,0,0,0,0,61,1,41,1,0,4,1,3,0,0,0,0,1,1,28,0,0,(Guitar)
guitarSvg/E1227.svg,old,1/1,4,59,0,10,0,1,0,3,0,16,0,3,2,0,4,1,0,3,0,0,0,1,1,19,0,0,(Guitar: Capo 3)
guitarSvg/E1228.svg,old,1/1,5,75,0,9,0,0,0,0,0,13,1,5,1,0,5,1,1,0,0,0,0,1,1,31,0,0,(Guitar)
guitarSvg/E1229.svg,old,1/1,4,52,0,12,0,0,0,1,0,0,1,5,1,0,4,1,0,0,0,0,0,1,1,24,0,0,(Guitar: Capo 1)
guitarSvg/E123.svg,old,1/1,4,72,0,9,0,1,0,0,0,25,0,18,1,0,4,1,0,0,0,0,0,1,1,42,0,0,(Guitar: Capo 3)
guitarSvg/E1230.svg,old,1/1,4,65,0,5,0,1,0,3,0,12,0,9,1,0,4,1,1,0,0,0,0,1,1,34,0,0,(Guitar: Capo 3)
guitarSvg/E1231.svg,old,1/1,4,57,0,0,0,0,0,7,0,25,0,11,2,0,4,1,6,0,0,0,0,1,1,25,0,0,(Guitar)
guitarSvg/E1232.svg,old,1/1,4,76,0,4,0,0,0,3,0,44,3,27,5,0,4,1,1,0,0,0,0,1,1,35,0,0,(Guitar)
guitarSvg/E1233.svg,old,1/1,4,79,0,4,0,0,0,7,0,7,1,14,2,0,4,1,7,0,0,0,0,1,1,38,0,0,(Guitar)
guitarSvg/E1234.svg,old,1/1,4,85,0,4,0,0,0,4,0,18,2,9,1,0,4,1,0,0,0,0,0,1,1,35,0,0,(Guitar)
guitarSvg/E1235.svg,old,1/1,5,65,0,0,0,0,0,6,0,0,2,11,1,0,5,1,12,0,0,0,0,1,1,31,0,0,(Guitar)
guitarSvg/E1236.svg,old,1/1,6,103,0,12,0,0,0,9,0,10,2,20,1,0,6,1,0,0,0,0,0,1,1,45,0,0,(Guitar: Capo 3)
guitarSvg/E1237.svg,old,1/1,4,96,0,6,0,0,0,1,0,24,2,5,1,0,4,1,1,0,0,0,0,1,1,26,0,0,(Guitar)
guitarSvg/E1238.svg,old,1/1,4,73,0,0,0,0,0,15,0,21,1,29,8,0,4,1,17,0,0,0,0,1,1,35,0,0,(Guitar)
guitarSvg/E1239.svg,old,1/1,2,31,0,2,0,0,0,1,0,0,0,5,2,0,2,1,3,0,0,0,0,1,1,19,0,0,(Guitar: Capo 3)
guitarSvg/E124.svg,old,1/1,3,46,0,6,0,0,0,4,0,1,0,4,1,0,3,1,1,0,0,0,0,1,1,15,0,0,(Guitar: Capo 3)
guitarSvg/E1240.svg,old,1/1,2,61,0,8,0,0,0,3,0,16,5,13,1,0,2,1,6,0,0,0,0,1,1,24,0,0,(Guitar: Capo 1)
guitarSvg/E1241.svg,old,1/1,2,38,0,2,0,0,0,16,0,2,1,3,2,0,2,1,4,0,0,0,0,1,1,13,0,0,(Guitar)
guitarSvg/E1242.svg,old,1/1,3,86,0,6,0,0,0,5,0,45,1,36,1,0,3,1,3,1,0,0,0,1,1,31,0,0,(Guitar: Capo 3)
guitarSvg/E1243.svg,old,1/1,4,80,0,16,0,0,0,0,0,24,1,0,1,0,4,1,1,0,0,0,0,1,1,24,0,0,(Guitar: Capo 3)
guitarSvg/E1244.svg,old,1/1,4,49,0,4,0,0,0,0,0,0,1,4,1,0,4,1,1,0,0,0,0,1,2,26,0,0,(Guitar) | (Repeat the last line of each stanza)
guitarSvg/E1245.svg,old,1/1,4,76,0,5,0,1,0,0,0,16,1,29,2,0,4,1,16,1,0,0,0,1,1,32,0,0,(Guitar: Capo 3)
guitarSvg/E1246.svg,old,1/1,4,58,0,16,0,0,0,0,0,19,2,11,1,0,4,1,0,0,0,0,0,1,1,35,0,0,(Guitar: Capo 1)
guitarSvg/E1247.svg,old,1/1,4,60,0,4,0,0,0,2,0,17,1,3,2,0,4,1,0,2,0,0,0,1,1,23,0,0,(Guitar)
guitarSvg/E1248.svg,old,1/1,4,60,0,12,3,0,0,9,0,3,3,14,1,0,4,1,8,1,0,0,0,1,2,31,0,0,(Guitar: Capo 1) | (Repeat the last four lines)
guitarSvg/E1249.svg,old,1/1,4,62,0,4,0,0,0,4,0,26,1,16,2,0,4,1,2,2,0,0,0,1,1,20,0,0,(Guitar: Capo 3)
guitarSvg/E125.svg,old,1/1,4,68,0,9,0,0,0,0,0,8,0,0,1,0,4,1,8,0,0,0,0,1,1,36,0,0,(Guitar: Capo 3)
guitarSvg/E1250.svg,old,1/1,3,74,0,4,0,1,0,0,0,0,2,12,2,0,3,1,18,1,0,0,0,1,1,23,0,0,(Guitar: Capo 3)
guitarSvg/E1251.svg,old,1/1,4,96,0,12,0,0,0,0,0,64,1,39,1,0,4,1,0,1,0,0,0,1,1,23,0,0,(Guitar)
guitarSvg/E1252.svg,old,1/1,4,64,0,4,0,0,0,0,0,16,0,8,1,0,4,1,0,0,0,0,0,1,1,30,0,0,(Guitar)
guitarSvg/E1253.svg,old,1/1,4,72,0,4,0,0,0,2,0,1,0,6,2,0,4,1,12,0,0,0,0,1,1,33,0,0,(Guitar: Capo 3)
guitarSvg/E1254.svg,old,1/1,6,113,0,26,0,2,0,45,0,2,1,17,2,0,6,1,15,2,0,0,0,1,1,48,0,0,(Guitar: Capo 1)
guitarSvg/E1255.svg,old,1/1,6,92,0,7,0,0,0,5,0,18,0,12,1,0,6,1,1,0,0,0,0,1,1,43,0,0,(Guitar)
guitarSvg/E1256.svg,old,1/1,8,90,0,37,4,5,0,10,0,11,4,33,2,0,8,1,12,0,0,0,0,1,1,71,0,0,(Guitar: Capo 1)
guitarSvg/E1257.svg,old,1/1,4,66,0,16,0,0,0,7,0,17,3,16,1,0,4,1,0,0,0,0,0,1,1,27,0,0,(Guitar: Capo 1)
guitarSvg/E1258.svg,old,1/1,4,77,0,4,0,0,0,2,0,2,0,6,2,0,4,1,15,0,0,0,0,1,1,51,0,0,(Guitar: Capo 3)
guitarSvg/E1259.svg,old,1/1,4,74,0,13,0,1,0,3,0,2,0,3,1,0,4,1,7,1,0,0,0,1,1,30,0,0,(Guitar: Capo 1)
guitarSvg/E126.svg,old,1/1,4,64,0,15,1,2,0,0,0,0,1,9,2,0,4,1,8,0,0,0,0,1,1,47,0,0,(Guitar: Capo 1)
guitarSvg/E1260.svg,old,1/1,4,54,0,3,0,0,0,2,0,0,0,4,1,0,4,1,4,0,0,0,0,1,1,28,0,0,(Guitar)
guitarSvg/E1261.svg,old,1/1,4,76,0,20,0,2,0,0,0,25,0,14,1,0,4,1,1,0,0,0,0,1,2,41,0,0,"(Guitar: Capo 1) | The name of the city may be replaced with any three-syllable name; or in the place of “in Chicago,” “"
guitarSvg/E1262.svg,old,1/1,4,60,0,13,0,1,0,28,0,0,1,4,2,0,4,1,5,1,0,0,0,1,1,23,0,0,(Guitar: Capo 1)
guitarSvg/E1263.svg,old,1/1,4,71,0,13,0,1,0,6,0,10,0,6,1,0,4,1,11,0,0,0,0,1,1,30,0,0,(Guitar: Capo 1)
guitarSvg/E1264.svg,old,1/1,8,109,0,0,0,0,0,0,0,33,0,3,1,0,8,1,1,0,0,0,0,1,1,24,0,0,(Guitar)
guitarSvg/E1265.svg,old,1/1,6,82,0,7,3,0,0,0,0,0,3,5,1,0,6,1,1,2,0,0,0,1,1,42,0,0,(Guitar: Capo 3)
guitarSvg/E1266.svg,old,1/1,4,109,0,0,0,0,0,0,0,33,0,3,1,0,4,1,1,0,0,0,0,1,1,24,0,0,(Guitar)
guitarSvg/E1267.svg,old,1/1,2,37,0,2,0,0,0,1,0,7,1,15,2,0,2,1,7,0,0,0,0,1,1,12,0,0,(Guitar)
guitarSvg/E1268.svg,old,1/1,6,86,0,12,0,0,0,5,0,45,1,36,1,0,6,1,3,1,0,0,0,1,1,31,0,0,(Guitar: Capo 3)
guitarSvg/E1269.svg,old,1/1,6,74,0,19,0,1,0,3,0,2,0,3,1,0,6,1,7,1,0,0,0,1,1,32,0,0,(Guitar: Capo 1)
guitarSvg/E127.svg,old,1/1,2,37,0,2,0,0,0,1,0,7,1,15,2,0,2,1,7,0,0,0,0,1,1,12,0,0,(Guitar)
guitarSvg/E1270.svg,old,1/1,4,65,0,0,0,0,0,6,0,0,2,11,1,0,4,1,9,0,0,0,0,1,1,31,0,0,(Guitar)
guitarSvg/E1271.svg,old,1/1,4,82,0,4,1,0,0,0,0,16,2,1,1,0,4,1,0,0,0,0,0,1,1,51,0,0,(Guitar)
guitarSvg/E1272.svg,old,1/1,2,37,0,2,0,0,0,0,0,5,1,0,1,0,2,1,5,1,0,0,0,1,1,13,0,0,(Guitar)
guitarSvg/E1273.svg,old,1/1,4,95,0,8,0,0,0,6,6,61,1,47,1,0,4,1,6,2,0,0,0,1,2,24,0,0,(Guitar) | 3
guitarSvg/E1274.svg,old,1/1,2,37,0,2,0,0,0,0,0,5,1,0,1,0,2,1,5,1,0,0,0,1,1,13,0,0,(Guitar)
guitarSvg/E1275.svg,old,1/1,4,71,0,13,0,1,0,6,0,10,0,6,1,0,4,1,11,0,0,0,0,1,1,30,0,0,(Guitar: Capo 1)
guitarSvg/E1276.svg,old,1/1,2,40,0,4,0,0,0,8,0,4,1,13,2,0,2,1,10,0,0,0,0,1,1,11,0,0,(Guitar)
guitarSvg/E1277.svg,old,1/1,4,52,0,4,0,0,0,10,0,0,3,13,1,0,4,1,0,0,0,0,0,1,1,31,0,0,(Guitar: Capo 3)
guitarSvg/E1278.svg,old,1/1,4,46,0,20,0,0,0,3,0,0,1,5,1,0,4,1,2,0,0,0,0,1,1,20,0,0,(Guitar: Capo 1)
guitarSvg/E1279.svg,old,1/1,3,44,0,3,0,0,0,4,0,9,1,6,1,0,3,1,5,0,0,0,0,1,1,12,0,0,(Guitar: Capo 3)
guitarSvg/E128.svg,old,1/1,4,78,0,19,0,3,0,0,0,1,0,9,2,0,4,1,0,2,0,0,0,1,1,37,0,0,(Guitar: Capo 1)
guitarSvg/E1280.svg,old,1/1,6,91,0,10,0,3,0,0,0,36,0,24,1,0,6,1,1,0,0,0,0,1,1,43,0,0,(Guitar)
guitarSvg/E1281.svg,old,1/1,4,60,0,12,1,0,0,3,0,16,1,3,2,0,4,1,0,0,0,0,0,1,1,41,0,0,(Guitar: Capo 1)
guitarSvg/E1282.svg,old,1/1,4,87,0,0,0,0,0,0,0,0,6,2,1,0,4,1,7,0,0,0,0,1,1,27,0,0,(Guitar)
guitarSvg/E1283.svg,old,1/1,8,134,0,28,0,0,0,38,0,3,0,3,1,0,8,1,2,0,0,0,0,1,1,52,0,0,(Guitar)
guitarSvg/E1284.svg,old,1/1,6,82,0,7,3,0,0,0,0,0,3,5,1,0,6,1,2,2,0,0,0,1,1,42,0,0,(Guitar: Capo 3)
guitarSvg/E1285.svg,old,1/1,4,70,0,8,1,0,0,5,0,10,1,12,1,0,4,1,8,0,0,0,0,1,1,41,0,0,(Guitar)
guitarSvg/E1286.svg,old,1/1,8,90,0,26,0,2,0,12,0,45,2,30,2,0,8,1,2,0,0,0,0,1,1,31,0,0,(Guitar: Capo 1)
guitarSvg/E1287.svg,old,1/1,6,119,0,13,0,0,0,1,16,42,9,39,1,0,6,1,5,1,0,0,0,1,1,25,0,0,(Guitar: Capo 3)
guitarSvg/E1288.svg,old,1/1,5,71,0,1,0,0,0,0,0,7,1,4,1,0,5,1,7,5,0,0,0,1,1,36,0,0,(Guitar)
guitarSvg/E1289.svg,old,1/1,7,119,0,15,0,0,0,1,16,42,9,39,1,0,7,1,5,1,0,0,0,1,1,25,0,0,(Guitar: Capo 3)
guitarSvg/E129.svg,old,1/1,2,29,0,3,0,0,0,0,0,1,1,2,1,0,2,1,1,0,0,0,0,1,1,21,0,0,(Guitar)
guitarSvg/E1290.svg,old,1/1,5,54,0,2,0,0,0,1,0,0,1,4,1,0,5,1,2,0,0,0,0,1,1,26,0,0,(Guitar)
guitarSvg/E1291.svg,old,1/1,4,102,0,8,1,0,0,28,0,16,1,0,1,0,4,1,1,1,0,0,0,1,1,34,0,0,(Guitar)
guitarSvg/E1292.svg,old,1/1,4,64,0,4,0,0,0,0,0,16,1,17,2,0,4,1,0,0,0,0,0,1,1,21,0,0,(Guitar: Capo 3)
guitarSvg/E1293.svg,old,1/1,3,51,0,13,0,0,0,0,0,14,3,2,1,0,3,1,4,0,0,0,0,1,1,13,0,0,(Guitar: Capo 1)
guitarSvg/E1294.svg,old,1/1,3,51,0,13,0,0,0,0,0,14,3,2,1,0,3,1,4,0,0,0,0,1,1,13,0,0,(Guitar: Capo 1)
guitarSvg/E1295.svg,old,1/1,4,65,0,18,0,2,0,0,0,25,4,16,1,0,4,1,1,0,0,0,0,1,1,34,0,0,(Guitar: Capo 1)
guitarSvg/E1296.svg,old,1/1,4,56,0,8,0,0,0,8,0,0,1,12,1,0,4,1,0,0,0,0,0,1,1,34,0,0,(Guitar: Capo 3)
guitarSvg/E1297.svg,old,1/1,6,102,0,12,0,0,0,9,0,24,1,21,2,0,6,1,18,0,0,0,0,1,1,44,0,0,(Guitar)
guitarSvg/E1298.svg,old,1/1,4,39,0,17,0,1,0,0,0,1,1,1,2,0,4,1,6,0,0,0,0,1,1,16,0,0,(Guitar: Capo 1)
guitarSvg/E1299.svg,old,1/1,4,68,0,9,0,0,0,0,0,8,0,0,1,0,4,1,8,0,0,0,0,1,1,36,0,0,(Guitar: Capo 3)
guitarSvg/E13.svg,old,1/1,4,58,0,4,0,0,0,7,0,32,1,23,2,0,4,1,0,0,0,0,0,1,1,19,0,0,(Guitar: Capo 3)
guitarSvg/E130.svg,old,1/1,4,72,0,5,2,1,0,6,0,7,0,10,1,0,4,1,5,0,0,0,0,1,2,34,0,0,(Guitar: Capo 3) | 3
guitarSvg/E1300.svg,old,1/1,4,64,0,4,0,0,0,14,0,16,1,15,2,0,4,1,0,0,0,0,0,1,1,27,0,0,(Guitar)
guitarSvg/E1301.svg,old,1/1,4,76,0,19,0,3,0,0,0,0,0,10,2,0,4,1,0,2,0,0,0,1,1,37,0,0,(Guitar: Capo 1)
guitarSvg/E1302.svg,old,1/1,6,85,0,16,0,2,0,0,0,1,0,25,2,0,6,1,9,0,0,0,0,1,1,36,0,0,(Guitar: Capo 3)
guitarSvg/E1303.svg,old,1/1,4,64,0,4,0,0,0,0,0,16,1,17,2,0,4,1,0,0,0,0,0,1,1,21,0,0,(Guitar: Capo 3)
guitarSvg/E1304.svg,old,1/1,4,95,0,8,0,0,0,6,6,61,1,47,1,0,4,1,6,2,0,0,0,1,2,24,0,0,(Guitar) | 3
guitarSvg/E1305.svg,old,1/1,4,94,0,5,0,0,0,0,0,0,2,7,1,0,4,1,0,0,0,0,0,1,1,58,0,0,(Guitar: Capo 3)
guitarSvg/E1306.svg,old,1/1,2,30,0,2,0,0,0,0,0,4,1,3,1,0,2,1,4,0,0,0,0,1,1,18,0,0,(Guitar: Capo 3)
guitarSvg/E1307.svg,old,1/1,4,87,0,1,0,0,0,9,0,16,4,11,1,0,4,1,3,0,0,0,0,1,1,30,0,0,(Guitar)
guitarSvg/E1308.svg,old,1/1,4,71,0,12,0,0,0,8,0,12,1,10,1,0,4,1,2,0,0,0,0,1,1,35,0,0,(Guitar: Capo 1)
guitarSvg/E1309.svg,old,1/1,4,76,0,8,0,1,0,6,0,30,1,26,1,0,4,1,0,0,0,0,0,1,1,35,0,0,(Guitar)
guitarSvg/E131.svg,old,1/1,2,44,0,7,0,1,0,2,0,0,1,2,2,0,2,1,0,0,0,0,0,1,1,25,0,0,(Guitar: Capo 1)
guitarSvg/E1310.svg,old,1/1,4,29,0,12,0,0,0,0,0,0,1,3,1,0,4,1,1,0,0,0,0,1,1,21,0,0,(Guitar: Capo 1)
guitarSvg/E1311.svg,old,1/1,5,91,0,10,1,0,0,10,0,17,1,10,1,0,5,1,5,5,0,0,0,1,1,44,0,0,(Guitar)
guitarSvg/E1312.svg,old,1/1,4,78,0,0,0,0,0,3,0,14,1,11,2,0,4,1,0,2,0,0,0,1,1,44,0,0,(Guitar)
guitarSvg/E1313.svg,old,1/1,5,95,0,15,1,0,0,0,0,35,1,13,1,0,5,1,1,0,0,0,0,1,1,37,0,0,(Guitar)
guitarSvg/E1314.svg,old,1/1,4,41,0,12,0,0,0,0,0,0,0,0,1,0,4,1,3,0,0,0,0,1,1,21,0,0,(Guitar: Capo 1)
guitarSvg/E1315.svg,old,1/1,6,103,0,6,0,0,0,0,0,12,1,5,1,0,6,1,7,0,0,0,0,1,1,43,0,0,(Guitar)
guitarSvg/E1316.svg,old,1/1,5,104,0,6,0,0,0,8,5,34,1,17,1,0,5,1,1,1,0,0,0,1,1,45,0,0,(Guitar: Capo 3)
guitarSvg/E1317.svg,old,1/1,6,88,0,6,0,0,0,0,0,24,1,4,1,0,6,1,2,0,0,0,0,1,1,43,0,0,(Guitar)
guitarSvg/E1318.svg,old,1/1,4,96,0,6,0,0,0,1,0,24,2,5,1,0,4,1,1,0,0,0,0,1,1,26,0,0,(Guitar)
guitarSvg/E1319.svg,old,1/1,4,70,0,8,1,0,0,5,0,10,1,12,1,0,4,1,8,0,0,0,0,1,1,41,0,0,(Guitar)
guitarSvg/E132.svg,old,1/1,2,37,0,2,0,0,0,1,0,7,1,15,2,0,2,1,7,0,0,0,0,1,1,12,0,0,(Guitar)
guitarSvg/E1320.svg,old,1/1,4,66,0,16,0,0,0,7,0,17,3,16,1,0,4,1,0,0,0,0,0,1,1,27,0,0,(Guitar: Capo 1)
guitarSvg/E1321.svg,old,1/1,4,70,0,18,0,2,0,18,0,10,1,4,2,0,4,1,14,0,0,0,0,1,1,33,0,0,(Guitar: Capo 1)
guitarSvg/E1322.svg,old,1/1,2,41,0,8,0,0,0,1,0,2,1,2,2,0,2,1,9,0,0,0,0,1,1,13,0,0,(Guitar: Capo 1)
guitarSvg/E1323.svg,old,1/1,4,55,0,4,0,0,0,7,0,2,1,11,1,0,4,1,3,0,0,0,0,1,1,26,0,0,(Guitar: Capo 3)
guitarSvg/E1324.svg,old,1/1,4,62,0,4,0,0,0,3,0,2,0,3,1,0,4,1,2,0,0,0,0,1,1,34,0,0,(Guitar: Capo 3)
guitarSvg/E1325.svg,old,1/1,4,62,0,12,0,0,0,11,0,2,0,11,2,0,4,1,2,1,0,0,0,1,1,33,0,0,(Guitar: Capo 1)
guitarSvg/E1326.svg,old,1/1,9,143,0,8,0,0,0,18,0,23,1,18,2,0,9,1,13,0,0,0,0,1,1,60,0,0,(Guitar)
guitarSvg/E1327.svg,old,1/1,6,98,0,6,0,0,0,3,0,20,6,6,1,0,6,1,7,0,0,0,0,1,1,55,0,0,(Guitar)
guitarSvg/E1328.svg,old,1/1,5,115,0,5,2,0,0,13,0,27,2,16,1,0,5,1,23,0,0,0,0,1,1,59,0,0,(Guitar: Capo 3)
guitarSvg/E1329.svg,old,1/1,4,87,0,1,0,0,0,9,0,16,4,11,1,0,4,1,3,0,0,0,0,1,1,30,0,0,(Guitar)
guitarSvg/E133.svg,old,1/1,2,33,0,8,0,0,0,0,0,4,1,2,1,0,2,1,5,0,0,0,0,1,1,14,0,0,(Guitar: Capo 1)
guitarSvg/E1330.svg,old,1/1,4,62,0,16,0,0,0,3,0,21,2,17,1,0,4,1,5,0,0,0,0,1,1,28,0,0,(Guitar: Capo 1)
guitarSvg/E1331.svg,old,1/1,4,45,0,8,0,0,0,1,0,12,1,1,1,0,4,1,8,0,0,0,0,1,1,20,0,0,(Guitar)
guitarSvg/E1332.svg,old,1/1,4,60,0,5,0,0,0,8,0,8,8,12,1,0,4,1,0,0,0,0,0,1,1,33,0,0,(Guitar: Capo 3)
guitarSvg/E1333.svg,old,1/1,2,34,0,2,0,0,0,4,0,8,3,4,2,0,2,1,2,0,0,0,0,1,1,12,0,0,(Guitar: Capo 3)
guitarSvg/E1334.svg,old,1/1,4,69,0,25,0,7,0,7,0,9,1,1,1,0,4,1,0,0,0,0,0,1,1,18,0,0,(Guitar: Capo 1)
guitarSvg/E1335.svg,old,1/1,5,76,0,5,0,0,0,1,0,10,0,5,1,0,5,1,1,0,0,0,0,1,1,25,0,0,(Guitar: Capo 3)
guitarSvg/E1336.svg,old,1/1,4,47,0,8,0,0,0,6,0,0,8,6,4,0,4,1,7,0,0,0,0,1,1,21,0,0,(Guitar)
guitarSvg/E1337.svg,old,1/1,6,102,0,6,0,0,0,5,0,45,5,13,2,0,6,1,17,0,0,0,0,1,1,31,0,0,(Guitar: Capo 3)
guitarSvg/E1338.svg,old,1/1,4,74,0,5,0,1,0,2,0,9,1,14,2,0,4,1,6,0,0,0,0,1,1,33,0,0,(Guitar)
guitarSvg/E1339.svg,old,1/1,9,192,0,27,0,0,0,11,0,25,0,20,2,0,9,1,23,0,0,0,0,1,1,89,0,0,(Guitar: Capo 1)
guitarSvg/E134.svg,old,1/1,4,60,0,1,0,0,0,4,0,0,0,4,1,0,4,1,0,0,0,0,0,1,1,35,0,0,(Guitar)
guitarSvg/E1340.svg,old,1/1,8,138,0,16,0,0,0,35,0,0,3,71,3,0,8,1,35,0,0,0,0,1,2,37,0,0,(Guitar: Capo 3) | 3
guitarSvg/E1341.svg,old,1/1,7,124,0,14,0,0,0,18,0,46,9,27,4,0,7,1,10,0,0,0,0,1,1,41,0,0,(Guitar: Capo 3)
guitarSvg/E1342.svg,old,1/1,6,90,0,7,0,1,0,0,0,21,1,0,2,0,6,1,20,0,0,0,0,1,1,40,0,0,(Guitar: Capo 3)
guitarSvg/E1343.svg,old,1/1,7,76,0,14,0,0,0,4,0,0,6,11,1,0,7,1,0,0,0,0,0,1,3,34,0,0,(Guitar) | 3 | 3
guitarSvg/E1344.svg,old,1/1,6,98,0,4,0,0,0,5,0,4,3,9,2,0,6,1,10,0,0,0,0,1,1,61,0,0,(Guitar)
guitarSvg/E1345.svg,old,1/1,4,91,0,4,0,0,0,4,0,16,1,8,2,0,4,1,14,0,0,0,0,1,1,33,0,0,(Guitar: Capo 3)
guitarSvg/E1346.svg,old,1/1,4,58,0,4,0,0,0,0,0,12,1,5,1,0,4,1,3,0,0,0,0,1,1,37,0,0,(Guitar: Capo 3)
guitarSvg/E1347.svg,old,1/1,7,94,0,0,0,0,0,0,0,11,0,3,1,0,7,1,11,0,0,0,0,1,1,41,0,0,(Guitar)
guitarSvg/E1348.svg,old,1/1,8,107,0,8,0,0,0,0,0,4,2,13,1,0,8,1,5,0,0,0,0,1,1,53,0,0,(Guitar: Capo 3)
guitarSvg/E1349.svg,old,1/1,4,88,0,9,0,1,0,0,0,28,0,12,1,0,4,1,0,0,0,0,0,1,1,44,0,0,(Guitar: Capo 3)
guitarSvg/E135.svg,old,1/1,2,31,0,2,0,0,0,1,0,0,0,5,2,0,2,1,3,0,0,0,0,1,1,19,0,0,(Guitar: Capo 3)
guitarSvg/E1350.svg,old,1/1,4,52,0,8,0,0,0,0,0,10,1,7,1,0,4,1,1,0,0,0,0,1,1,22,0,0,(Guitar: Capo 3)
guitarSvg/E1351.svg,old,1/1,4,45,0,16,0,0,0,4,0,18,0,10,2,0,4,1,3,0,0,0,0,1,1,22,0,0,(Guitar: Capo 1)
guitarSvg/E1352.svg,old,1/1,4,40,0,8,1,0,0,0,0,0,1,1,1,0,4,1,0,0,0,0,0,1,1,31,0,0,(Guitar: Capo 3)
guitarSvg/E1353.svg,old,1/1,4,43,0,20,0,0,0,6,0,6,1,7,2,0,4,1,1,0,0,0,0,1,1,27,0,0,(Guitar: Capo 4)
guitarSvg/E1354.svg,old,1/1,6,90,0,6,0,0,0,0,0,61,1,41,1,0,6,1,3,0,0,0,0,1,1,30,0,0,(Guitar)
guitarSvg/E1355.svg,old,1/1,4,67,0,6,0,1,0,10,0,11,3,14,5,0,4,1,2,0,0,0,0,1,1,38,0,0,(Guitar)
guitarSvg/E1356.svg,old,1/1,2,38,0,8,0,0,0,0,0,18,2,13,1,0,2,1,0,0,0,0,0,1,1,24,0,0,(Guitar: Capo 1)
guitarSvg/E1357.svg,old,1/1,4,60,0,8,0,0,0,6,0,12,1,12,2,0,4,1,13,1,0,0,0,1,1,30,0,0,(Guitar)
guitarSvg/E1358.svg,old,1/1,3,63,0,9,2,0,0,0,0,19,1,1,1,0,3,1,0,0,0,0,0,1,1,31,0,0,(Guitar)
guitarSvg/E1359.svg,old,1/1,4,64,0,0,0,0,0,1,0,33,7,30,1,0,4,1,0,0,0,0,0,1,1,29,0,0,(Guitar)
guitarSvg/E136.svg,old,1/1,2,30,0,2,0,0,0,3,0,4,0,3,1,0,2,1,0,0,0,0,0,1,1,16,0,0,(Guitar: Capo 3)
guitarSvg/E1360.svg,old,1/1,4,58,0,4,0,0,0,0,0,0,0,6,2,0,4,1,0,0,0,0,0,1,1,17,0,0,(Guitar: Capo 3)
guitarSvg/E137.svg,old,1/1,3,49,0,4,0,1,0,1,0,2,1,4,1,0,3,1,6,0,0,0,0,1,2,17,0,0,(Guitar: Capo 3) | (Repeat the last two lines of each stanza)
guitarSvg/E138.svg,old,1/1,3,37,0,6,0,0,0,0,0,3,0,1,1,0,3,1,3,1,0,0,0,1,1,30,0,0,(Guitar: Capo 3)
guitarSvg/E139.svg,old,1/1,4,68,0,16,0,0,0,4,0,12,4,7,2,0,4,1,11,0,0,0,0,1,1,42,0,0,(Guitar: Capo 1)
guitarSvg/E14.svg,old,1/1,4,47,0,4,0,0,0,0,0,3,1,0,2,0,4,1,3,0,0,0,0,1,1,30,0,0,(Guitar)
guitarSvg/E140.svg,old,1/1,3,47,0,15,0,0,0,3,0,2,0,3,1,0,3,1,2,0,0,0,0,1,1,25,0,0,(Guitar: Capo 4)
guitarSvg/E1403.svg,old,1/1,4,74,0,5,0,0,0,16,0,22,1,7,2,0,4,1,9,3,0,0,0,1,1,41,0,0,(吉他)
guitarSvg/E1404.svg,old,1/1,2,28,0,2,0,0,0,6,0,1,0,6,1,0,2,1,0,0,0,0,0,1,1,24,0,0,(吉他: Capo 3)
guitarSvg/E141.svg,old,1/1,2,34,0,8,0,0,0,0,0,2,1,2,2,0,2,1,6,0,0,0,0,1,1,14,0,0,(Guitar: Capo 1)
guitarSvg/E142.svg,old,1/1,4,53,0,13,0,1,0,1,0,2,0,6,1,0,4,1,1,0,0,0,0,1,1,27,0,0,(Guitar: Capo 1)
guitarSvg/E143.svg,old,1/1,3,45,0,7,0,1,0,2,0,0,0,2,1,0,3,1,0,0,0,0,0,1,1,27,0,0,(Guitar: Capo 3)
guitarSvg/E144.svg,old,1/1,3,44,0,3,0,0,0,0,0,0,0,0,1,0,3,1,0,0,0,0,0,1,1,35,0,0,(Guitar: Capo 3)
guitarSvg/E145.svg,old,1/1,4,38,0,8,0,0,0,0,0,0,0,1,1,0,4,1,6,0,0,0,0,1,1,13,0,0,(Guitar)
guitarSvg/E146.svg,old,1/1,3,40,0,1,0,0,0,0,0,0,1,5,1,0,3,1,0,0,0,0,0,1,1,30,0,0,(Guitar)
guitarSvg/E147.svg,old,1/1,4,67,0,0,0,0,0,0,0,5,1,7,2,0,4,1,15,0,0,0,0,1,1,29,0,0,(Guitar)
guitarSvg/E148.svg,old,1/1,3,49,0,3,0,0,0,5,0,0,0,10,2,0,3,1,7,0,0,0,0,1,1,21,0,0,(Guitar)
guitarSvg/E149.svg,old,1/1,3,62,0,3,0,0,0,2,0,0,3,10,2,0,3,1,3,0,0,0,0,1,1,24,0,0,(Guitar: Capo 3)
guitarSvg/E15.svg,old,1/1,4,55,0,9,0,0,0,0,0,1,1,2,1,0,4,1,3,0,0,0,0,1,1,21,0,0,(Guitar)
guitarSvg/E150.svg,old,1/1,4,87,0,12,0,0,0,0,0,20,1,0,2,0,4,1,14,0,0,0,0,1,1,31,0,0,(Guitar: Capo 1)
guitarSvg/E151.svg,old,1/1,6,76,0,27,0,3,0,0,0,0,0,10,2,0,6,1,0,1,0,0,0,1,1,37,0,0,(Guitar: Capo 1)
guitarSvg/E152.svg,old,1/1,4,95,0,16,0,0,0,9,0,0,0,9,2,0,4,1,22,1,0,0,0,1,14,53,0,0,(Guitar: Capo 3) | 3 | 3 | 3
guitarSvg/E153.svg,old,1/1,2,40,0,8,0,0,0,1,0,2,1,2,2,0,2,1,12,0,0,0,0,1,1,26,0,0,(Guitar: Capo 1)
guitarSvg/E154.svg,old,1/1,4,44,0,10,0,2,0,8,0,4,1,9,1,0,4,1,0,0,0,0,0,1,1,20,0,0,(Guitar: Capo 3)
guitarSvg/E155.svg,old,1/1,2,28,0,8,0,0,0,3,0,0,0,3,1,0,2,1,0,0,0,0,0,1,1,17,0,0,(Guitar: Capo 1)
guitarSvg/E156.svg,old,1/1,4,56,0,16,2,0,0,1,0,0,1,12,2,0,4,1,0,0,0,0,0,1,1,35,0,0,(Guitar: Capo 2)
guitarSvg/E157.svg,old,1/1,2,32,0,6,3,0,0,0,0,0,1,4,2,0,2,1,4,0,0,0,0,1,1,18,0,0,(Guitar)
guitarSvg/E158.svg,old,1/1,3,46,0,3,0,0,0,8,0,2,0,8,1,0,3,1,2,0,0,0,0,1,1,28,0,0,(Guitar)
guitarSvg/E159.svg,old,1/1,4,62,0,4,1,0,0,21,0,7,1,6,2,0,4,1,5,4,0,0,0,1,1,28,0,0,(Guitar: Capo 3)
guitarSvg/E16.svg,old,1/1,4,65,0,2,0,0,0,17,0,13,1,1,2,0,4,1,9,0,0,0,0,1,1,30,0,0,(Guitar)
guitarSvg/E160.svg,old,1/1,4,58,0,12,1,0,0,2,0,16,3,13,1,0,4,1,0,0,0,0,0,1,1,35,0,0,(Guitar: Capo 1)
guitarSvg/E161.svg,old,1/1,2,29,0,2,0,0,0,0,0,14,1,7,2,0,2,1,0,0,0,0,0,1,1,15,0,0,(Guitar)
guitarSvg/E162.svg,old,1/1,4,51,0,12,0,0,0,0,0,14,1,7,2,0,4,1,4,0,0,0,0,1,1,23,0,0,(Guitar)
guitarSvg/E163.svg,old,1/1,2,29,0,2,0,0,0,0,0,0,1,0,2,0,2,1,1,0,0,0,0,1,1,23,0,0,(Guitar)
guitarSvg/E164.svg,old,1/1,4,41,0,10,0,0,0,0,0,5,4,2,2,0,4,1,3,0,0,0,0,1,1,20,0,0,(Guitar)
guitarSvg/E165.svg,old,1/1,4,56,0,13,1,1,0,0,0,4,1,4,1,0,4,1,4,0,0,0,0,1,1,41,0,0,(Guitar: Capo 1)
guitarSvg/E166.svg,old,1/1,4,47,0,4,0,0,0,2,0,0,0,10,2,0,4,1,0,0,0,0,0,1,1,32,0,0,(Guitar: Capo 3)
guitarSvg/E167.svg,old,1/1,3,36,0,3,0,0,0,0,0,14,1,9,1,0,3,1,4,0,0,0,0,1,1,18,0,0,(Guitar)
guitarSvg/E168.svg,old,1/1,4,68,0,12,0,0,0,0,0,8,0,4,1,0,4,1,2,4,0,0,0,1,1,49,0,0,(Guitar: Capo 1)
guitarSvg/E169.svg,old,1/1,4,55,0,4,0,0,0,7,0,2,1,11,1,0,4,1,3,0,0,0,0,1,1,29,0,0,(Guitar: Capo 3)
guitarSvg/E17.svg,old,1/1,4,78,0,8,0,0,0,6,0,16,10,6,1,0,4,1,0,3,0,0,0,1,1,25,0,0,(Guitar: Capo 3)
guitarSvg/E170.svg,old,1/1,2,30,0,0,0,0,0,2,0,0,0,2,1,0,2,1,0,0,0,0,0,1,1,10,0,0,(Guitar)
guitarSvg/E171.svg,old,1/1,4,67,0,16,0,0,0,19,0,8,1,5,2,0,4,1,8,0,0,0,0,1,2,24,0,0,"(Guitar: Capo 1) | * An Old World plant, prized for its fragrant yellow and white flowers. (Song of Sol. 1:14, A.S.V.)"
guitarSvg/E172.svg,old,1/1,3,42,0,3,0,0,0,9,0,11,1,12,2,0,3,1,0,0,0,0,0,1,2,19,0,0,"(Guitar: Capo 3) | * An Old World plant, prized for its fragrant yellow and white flowers. (Song of Sol. 1:14, A.S.V.)"
guitarSvg/E173.svg,old,1/1,4,64,0,5,0,0,0,0,0,30,2,23,1,0,4,1,2,0,0,0,0,1,1,42,0,0,(Guitar)
guitarSvg/E174.svg,old,1/1,3,70,0,6,0,0,0,0,0,0,1,0,1,0,3,1,0,4,0,0,0,1,1,50,0,0,(Guitar)
guitarSvg/E175.svg,old,1/1,2,42,0,6,0,0,0,1,0,0,0,1,1,0,2,1,5,0,0,0,0,1,1,20,0,0,(Guitar: Capo 1)
guitarSvg/E176.svg,old,1/1,4,44,0,10,0,0,0,0,0,0,4,10,2,0,4,1,0,0,0,0,0,1,1,26,0,0,(Guitar)
guitarSvg/E177.svg,old,1/1,2,38,0,2,0,0,0,16,0,2,1,3,2,0,2,1,4,0,0,0,0,1,1,14,0,0,(Guitar)
guitarSvg/E178.svg,old,1/1,3,60,0,6,0,0,0,2,0,0,1,2,2,0,3,1,12,0,0,0,0,1,1,38,0,0,(Guitar)
guitarSvg/E179.svg,old,1/1,2,41,0,2,0,0,0,3,0,1,1,6,2,0,2,1,2,0,0,0,0,1,1,13,0,0,(Guitar: Capo 3)
guitarSvg/E18.svg,old,1/1,4,56,0,9,0,1,0,8,0,0,1,12,1,0,4,1,0,0,0,0,0,1,1,26,0,0,(Guitar: Capo 3)
guitarSvg/E180.svg,old,1/1,4,84,0,4,0,0,0,5,0,39,2,19,1,0,4,1,1,0,0,0,0,1,1,37,0,0,(Guitar)
guitarSvg/E181.svg,old,1/1,4,52,0,16,0,0,0,7,0,0,0,7,1,0,4,1,0,0,0,0,0,1,1,31,0,0,(Guitar: Capo 1)
guitarSvg/E182.svg,old,1/1,2,37,0,2,0,0,0,2,0,7,0,2,2,0,2,1,7,0,0,0,0,1,1,29,0,0,(Guitar: Capo 3)
guitarSvg/E183.svg,old,1/1,2,33,0,8,0,0,0,0,0,4,1,2,1,0,2,1,5,0,0,0,0,1,1,14,0,0,(Guitar: Capo 1)
guitarSvg/E184.svg,old,1/1,4,38,0,8,0,0,0,0,0,0,0,1,1,0,4,1,6,0,0,0,0,1,1,13,0,0,(Guitar)
guitarSvg/E185.svg,old,1/1,4,52,0,0,0,0,0,0,0,34,3,12,2,0,4,1,0,0,0,0,0,1,1,24,0,0,(Guitar)
guitarSvg/E186.svg,old,1/1,3,46,0,6,0,0,0,4,0,1,0,4,1,0,3,1,1,0,0,0,0,1,1,15,0,0,(Guitar: Capo 3)
guitarSvg/E187.svg,old,1/1,2,33,0,2,0,0,0,2,0,2,1,2,1,0,2,1,3,0,0,0,0,1,1,20,0,0,(Guitar)
guitarSvg/E188.svg,old,1/1,2,33,0,2,0,0,0,2,0,2,1,2,1,0,2,1,3,0,0,0,0,1,1,20,0,0,(Guitar)
guitarSvg/E189.svg,old,1/1,4,53,0,20,0,0,0,2,0,1,1,6,1,0,4,1,1,0,0,0,0,1,1,25,0,0,(Guitar: Capo 1)
guitarSvg/E19.svg,old,1/1,4,85,0,9,0,0,0,6,0,4,1,11,2,0,4,1,0,1,0,0,0,1,1,44,0,0,(Guitar)
guitarSvg/E190.svg,old,1/1,4,70,0,18,0,2,0,8,0,11,3,12,1,0,4,1,6,0,0,0,0,1,1,24,0,0,(Guitar: Capo 1)
guitarSvg/E191.svg,old,1/1,4,70,0,16,0,0,0,12,0,6,0,12,1,0,4,1,10,0,0,0,0,1,1,22,0,0,(Guitar: Capo 1)
guitarSvg/E192.svg,old,1/1,3,40,0,1,0,0,0,0,0,0,1,5,1,0,3,1,0,0,0,0,0,1,1,30,0,0,(Guitar)
guitarSvg/E193.svg,old,1/1,4,70,0,10,0,1,0,18,0,10,1,4,2,0,4,1,14,0,0,0,0,1,1,31,0,0,(Guitar: Capo 3)
guitarSvg/E194.svg,old,1/1,4,62,0,9,0,0,0,26,0,3,1,4,2,0,4,1,6,0,0,0,0,1,1,27,0,0,(Guitar)
guitarSvg/E195.svg,old,1/1,4,53,0,20,0,0,0,2,0,1,1,6,1,0,4,1,1,0,0,0,0,1,1,25,0,0,(Guitar: Capo 1)
guitarSvg/E196.svg,old,1/1,4,70,0,16,0,0,0,12,0,6,0,12,1,0,4,1,10,0,0,0,0,1,1,22,0,0,(Guitar: Capo 1)
guitarSvg/E197.svg,old,1/1,2,36,0,2,0,0,0,0,0,0,1,2,2,0,2,1,9,0,0,0,0,1,1,14,0,0,(Guitar: Capo 3)
guitarSvg/E198.svg,old,1/1,2,35,0,3,0,1,0,0,0,3,1,2,2,0,2,1,7,0,0,0,0,1,1,19,0,0,(Guitar: Capo 3)
guitarSvg/E199.svg,old,1/1,6,92,0,19,0,1,0,0,0,48,5,29,1,0,6,1,2,0,0,0,0,1,1,44,0,0,(Guitar: Capo 1)
guitarSvg/E2.svg,old,1/1,4,47,0,5,0,1,0,2,0,0,0,2,1,0,4,1,0,0,0,0,0,1,1,31,0,0,(Guitar: Capo 3)
guitarSvg/E20.svg,old,1/1,4,71,0,13,0,1,0,6,0,10,0,6,1,0,4,1,11,0,0,0,0,1,1,30,0,0,(Guitar: Capo 1)
guitarSvg/E200.svg,old,1/1,2,36,0,2,0,0,0,0,0,0,1,1,2,0,2,1,7,0,0,0,0,1,1,13,0,0,(Guitar: Capo 3)
guitarSvg/E201.svg,old,1/1,2,35,0,7,0,0,0,0,0,0,1,1,2,0,2,1,7,0,0,0,0,1,1,15,0,0,(Guitar)
guitarSvg/E202.svg,old,1/1,4,53,0,20,0,0,0,2,0,1,1,6,1,0,4,1,1,0,0,0,0,1,1,25,0,0,(Guitar: Capo 1)
guitarSvg/E203.svg,old,1/1,4,72,0,4,0,0,0,2,0,1,0,6,2,0,4,1,12,0,0,0,0,1,1,33,0,0,(Guitar: Capo 3)
guitarSvg/E204.svg,old,1/1,2,33,0,4,0,0,0,5,0,2,2,3,2,0,2,1,3,1,0,0,0,1,1,15,0,0,(Guitar: Capo 3)
guitarSvg/E205.svg,old,1/1,2,35,0,4,0,0,0,0,0,0,0,3,2,0,2,1,3,0,0,0,0,1,1,14,0,0,(Guitar)
guitarSvg/E206.svg,old,1/1,4,55,0,4,0,0,0,7,0,2,1,11,1,0,4,1,3,0,0,0,0,1,1,29,0,0,(Guitar: Capo 3)
guitarSvg/E207.svg,old,1/1,2,38,0,2,0,0,0,0,0,5,1,3,2,0,2,1,7,0,0,0,0,1,1,26,0,0,(Guitar: Capo 3)
guitarSvg/E208.svg,old,1/1,4,65,0,1,0,0,0,0,0,0,1,3,2,0,4,1,7,0,0,0,0,1,1,27,0,0,(Guitar)
guitarSvg/E209.svg,old,1/1,2,29,0,2,0,0,0,0,0,0,1,4,2,0,2,1,1,0,0,0,0,1,1,16,0,0,(Guitar)
guitarSvg/E21.svg,old,1/1,2,45,0,0,0,0,0,0,0,0,1,0,2,0,2,1,1,0,0,0,0,1,1,20,0,0,(Guitar)
guitarSvg/E210.svg,old,1/1,4,99,0,4,0,0,0,8,0,23,1,4,1,0,4,1,5,0,0,0,0,1,1,35,0,0,(Guitar: Capo 3)
guitarSvg/E211.svg,old,1/1,4,38,0,8,0,0,0,0,0,0,0,1,1,0,4,1,6,0,0,0,0,1,1,13,0,0,(Guitar)
guitarSvg/E212.svg,old,1/1,4,40,0,5,0,1,0,0,0,0,0,0,1,0,4,1,0,0,0,0,0,1,1,31,0,0,(Guitar: Capo 3)
guitarSvg/E213.svg,old,1/1,4,55,0,12,0,0,0,1,0,3,1,5,1,0,4,1,3,0,0,0,0,1,1,40,0,0,(Guitar: Capo 1)
guitarSvg/E214.svg,old,1/1,2,33,0,2,0,0,0,0,0,2,1,2,2,0,2,1,6,0,0,0,0,1,1,17,0,0,(Guitar: Capo 3)
guitarSvg/E215.svg,old,1/1,4,63,0,8,0,0,0,0,0,19,1,0,2,0,4,1,3,0,0,0,0,1,1,32,0,0,(Guitar)
guitarSvg/E216.svg,old,1/1,2,28,0,8,0,0,0,0,0,0,1,0,2,0,2,1,0,0,0,0,0,1,1,23,0,0,(Guitar: Capo 1)
guitarSvg/E217.svg,old,1/1,2,26,0,2,0,0,0,3,0,2,0,3,1,0,2,1,2,0,0,0,0,1,1,16,0,0,(Guitar: Capo 3)
guitarSvg/E218.svg,old,1/1,2,38,0,3,0,1,0,0,0,0,1,1,2,0,2,1,10,0,0,0,0,1,1,13,0,0,(Guitar: Capo 3)
guitarSvg/E219.svg,old,1/1,4,40,0,5,0,0,0,0,0,0,0,0,1,0,4,1,0,0,0,0,0,1,1,16,0,0,(Guitar)
guitarSvg/E22.svg,old,1/1,2,30,0,0,0,0,0,2,0,0,0,2,1,0,2,1,0,0,0,0,0,1,1,10,0,0,(Guitar)
guitarSvg/E220.svg,old,1/1,2,35,0,7,0,0,0,0,0,0,1,1,2,0,2,1,7,0,0,0,0,1,1,15,0,0,(Guitar)
guitarSvg/E221.svg,old,1/1,6,89,0,22,0,4,0,24,0,3,1,21,1,0,6,1,4,0,0,0,0,1,1,40,0,0,(Guitar: Capo 1)
guitarSvg/E222.svg,old,1/1,2,38,0,0,0,0,0,2,0,4,1,4,2,0,2,1,10,0,0,0,0,1,1,13,0,0,(Guitar)
guitarSvg/E223.svg,old,1/1,4,59,0,4,1,0,0,0,0,0,0,8,2,0,4,1,3,1,0,0,0,1,1,29,0,0,(Guitar: Capo 3)
guitarSvg/E224.svg,old,1/1,4,56,0,5,0,1,0,7,0,0,0,7,1,0,4,1,0,0,0,0,0,1,1,22,0,0,(Guitar: Capo 3)
guitarSvg/E225.svg,old,1/1,4,40,0,4,0,0,0,1,0,0,0,1,1,0,4,1,0,0,0,0,0,1,1,21,0,0,(Guitar: Capo 3)
guitarSvg/E226.svg,old,1/1,2,27,0,2,0,0,0,5,0,0,0,5,1,0,2,1,0,0,0,0,0,1,1,22,0,0,(Guitar)
guitarSvg/E227.svg,old,1/1,6,89,0,22,0,4,0,24,0,3,1,21,1,0,6,1,4,0,0,0,0,1,1,40,0,0,(Guitar: Capo 1)
guitarSvg/E228.svg,old,1/1,2,29,0,2,0,0,0,5,0,2,1,7,1,0,2,1,3,0,0,0,0,1,1,20,0,0,(Guitar: Capo 3)
guitarSvg/E229.svg,old,1/1,2,32,0,2,0,0,0,0,0,0,1,2,2,0,2,1,8,0,0,0,0,1,1,15,0,0,(Guitar)
guitarSvg/E23.svg,old,1/1,4,56,0,9,0,1,0,8,0,0,1,12,1,0,4,1,0,0,0,0,0,1,1,26,0,0,(Guitar: Capo 3)
guitarSvg/E230.svg,old,1/1,2,28,0,8,0,0,0,0,0,0,1,0,2,0,2,1,0,0,0,0,0,1,1,23,0,0,(Guitar: Capo 1)
guitarSvg/E231.svg,old,1/1,2,37,0,2,0,0,0,0,0,0,1,0,2,0,2,1,5,0,0,0,0,1,1,10,0,0,(Guitar)
guitarSvg/E232.svg,old,1/1,2,29,0,6,0,1,0,0,0,1,1,1,1,0,2,1,1,0,0,0,0,1,1,14,0,0,(Guitar)
guitarSvg/E233.svg,old,1/1,2,36,0,0,0,0,0,5,0,4,0,6,1,0,2,1,4,0,0,0,0,1,1,16,0,0,(Guitar)
guitarSvg/E234.svg,old,1/1,3,44,0,3,0,0,0,6,0,12,1,6,2,0,3,1,0,0,0,0,0,1,1,21,0,0,(Guitar)
guitarSvg/E235.svg,old,1/1,4,91,0,4,0,0,0,6,0,11,3,43,2,0,4,1,4,0,0,0,0,1,1,51,0,0,(Guitar)
guitarSvg/E236.svg,old,1/1,4,60,0,12,1,0,0,0,0,0,0,0,1,0,4,1,0,0,0,0,0,1,1,31,0,0,(Guitar: Capo 1)
guitarSvg/E237.svg,old,1/1,4,40,0,24,1,0,2,0,0,0,0,0,1,0,4,1,0,0,0,0,0,1,1,29,0,0,(Guitar: Capo 4)
guitarSvg/E238.svg,old,1/1,2,38,0,4,0,0,0,1,0,0,1,6,1,0,2,1,2,0,0,0,0,1,1,20,0,0,(Guitar: Capo 3)
guitarSvg/E239.svg,old,1/1,6,80,0,6,0,0,0,14,0,0,1,20,1,0,6,1,0,0,0,0,0,1,1,38,0,0,(Guitar: Capo 3)
guitarSvg/E24.svg,old,1/1,3,49,0,4,0,1,0,1,0,2,1,4,1,0,3,1,6,0,0,0,0,1,1,17,0,0,(Guitar: Capo 3)
guitarSvg/E240.svg,old,1/1,2,44,0,2,0,0,0,1,0,4,0,1,1,0,2,1,4,0,0,0,0,1,1,21,0,0,(Guitar: Capo 3)
guitarSvg/E241.svg,old,1/1,6,97,0,7,0,1,0,34,0,1,0,2,1,0,6,1,1,0,0,0,0,1,1,46,0,0,(Guitar: Capo 3)
guitarSvg/E242.svg,old,1/1,2,37,0,2,0,0,0,0,0,10,1,4,1,0,2,1,9,0,0,0,0,1,1,12,0,0,(Guitar: Capo 3)
guitarSvg/E243.svg,old,1/1,2,40,0,2,0,0,0,2,0,0,1,2,2,0,2,1,8,0,0,0,0,1,1,15,0,0,(Guitar: Capo 3)
guitarSvg/E244.svg,old,1/1,2,32,0,6,0,0,0,6,0,0,1,6,1,0,2,1,0,0,0,0,0,1,1,11,0,0,(Guitar)
guitarSvg/E245.svg,old,1/1,4,84,0,8,0,0,0,12,0,12,1,12,2,0,4,1,0,2,0,0,0,1,1,38,0,0,(Guitar: Capo 3)
guitarSvg/E246.svg,old,1/1,4,68,0,8,0,0,0,4,0,25,1,5,2,0,4,1,4,0,0,0,0,1,1,28,0,0,(Guitar: Capo 3)
guitarSvg/E247.svg,old,1/1,2,26,0,1,0,0,0,3,0,0,1,6,1,0,2,1,0,0,0,0,0,1,1,15,0,0,(Guitar)
guitarSvg/E248.svg,old,1/1,5,89,0,28,0,3,0,3,1,33,1,13,5,0,5,1,0,0,0,0,0,1,1,43,0,0,(Guitar: Capo 1)
guitarSvg/E249.svg,old,1/1,4,43,0,12,0,0,0,2,0,0,0,5,1,0,4,1,1,0,0,0,0,1,1,21,0,0,(Guitar: Capo 1)
guitarSvg/E25.svg,old,1/1,4,55,0,16,0,0,0,5,0,14,0,7,2,0,4,1,7,0,0,0,0,1,1,18,0,0,(Guitar: Capo 1)
guitarSvg/E250.svg,old,1/1,2,24,0,5,0,1,0,4,0,0,0,4,1,0,2,1,0,0,0,0,0,1,1,8,0,0,(Guitar: Capo 3)
guitarSvg/E251.svg,old,1/1,4,60,0,6,0,1,0,0,0,0,0,12,2,0,4,1,4,0,0,0,0,1,1,24,0,0,(Guitar: Capo 3)
guitarSvg/E252.svg,old,1/1,3,63,0,0,0,0,0,0,0,0,1,0,2,0,3,1,15,0,0,0,0,1,1,36,0,0,(Guitar)
guitarSvg/E253.svg,old,1/1,2,28,0,2,0,0,0,0,0,0,1,3,2,0,2,1,2,0,0,0,0,1,1,15,0,0,(Guitar: Capo 3)
guitarSvg/E254.svg,old,1/1,2,33,0,6,0,0,0,1,0,0,0,5,2,0,2,1,1,0,0,0,0,1,1,17,0,0,(Guitar: Capo 1)
guitarSvg/E255.svg,old,1/1,4,56,0,8,0,0,0,7,0,14,1,7,2,0,4,1,0,0,0,0,0,1,1,23,0,0,(Guitar: Capo 3)
guitarSvg/E256.svg,old,1/1,4,85,0,12,0,0,0,1,0,32,1,17,1,0,4,1,5,2,0,0,0,1,1,34,0,0,(Guitar: Capo 1)
guitarSvg/E257.svg,old,1/1,4,56,0,8,0,0,0,10,0,0,1,14,1,0,4,1,0,0,0,0,0,1,1,31,0,0,(Guitar)
guitarSvg/E258.svg,old,1/1,4,40,0,5,0,0,0,0,0,0,0,0,1,0,4,1,0,0,0,0,0,1,1,16,0,0,(Guitar)
guitarSvg/E259.svg,old,1/1,3,43,0,3,1,0,0,0,0,0,0,5,2,0,3,1,0,4,0,0,0,1,1,31,0,0,(Guitar: Capo 3)
guitarSvg/E26.svg,old,1/1,4,54,0,24,0,0,2,9,0,3,1,10,1,0,4,1,1,0,0,0,0,1,1,26,0,0,(Guitar: Capo 2)
guitarSvg/E260.svg,old,1/1,4,58,0,9,0,0,0,0,0,15,0,13,2,0,4,1,1,0,0,0,0,1,1,28,0,0,(Guitar: Capo 3)
guitarSvg/E261.svg,old,1/1,4,72,0,12,0,0,0,0,0,0,4,4,2,0,4,1,16,0,0,0,0,1,1,37,0,0,(Guitar: Capo 1)
guitarSvg/E262.svg,old,1/1,5,70,0,7,0,1,0,2,0,18,1,10,2,0,5,1,3,1,0,0,0,1,1,27,0,0,(Guitar: Capo 3)
guitarSvg/E263.svg,old,1/1,5,96,0,10,0,0,0,14,0,22,1,20,1,0,5,1,0,0,0,0,0,1,1,40,0,0,(Guitar: Capo 3)
guitarSvg/E264.svg,old,1/1,2,38,0,2,0,0,0,16,0,2,1,3,2,0,2,1,4,0,0,0,0,1,1,14,0,0,(Guitar)
guitarSvg/E265.svg,old,1/1,2,33,0,2,0,0,0,0,0,2,0,0,1,0,2,1,3,0,0,0,0,1,1,12,0,0,(Guitar: Capo 3)
guitarSvg/E266.svg,old,1/1,4,71,0,8,0,0,0,0,0,14,0,2,1,0,4,1,0,2,0,0,0,1,1,28,0,0,(Guitar)
guitarSvg/E267.svg,old,1/1,4,58,0,4,0,0,0,0,0,0,0,6,2,0,4,1,0,0,0,0,0,1,1,17,0,0,(Guitar: Capo 3)
guitarSvg/E268.svg,old,1/1,4,60,0,4,0,0,0,2,0,17,1,3,2,0,4,1,0,2,0,0,0,1,1,23,0,0,(Guitar)
guitarSvg/E269.svg,old,1/1,3,48,0,6,2,0,0,0,0,0,0,6,2,0,3,1,6,0,0,0,0,1,1,37,0,0,(Guitar)
guitarSvg/E27.svg,old,1/1,4,68,0,0,0,0,0,6,0,10,1,6,1,0,4,1,10,2,0,0,0,1,1,30,0,0,(Guitar)
guitarSvg/E270.svg,old,1/1,4,40,0,8,1,0,0,0,0,0,1,1,1,0,4,1,0,0,0,0,0,1,1,31,0,0,(Guitar: Capo 3)
guitarSvg/E271.svg,old,1/1,4,72,0,4,0,0,0,2,0,1,0,6,2,0,4,1,12,0,0,0,0,1,1,33,0,0,(Guitar: Capo 3)
guitarSvg/E272.svg,old,1/1,4,62,0,20,0,3,0,0,0,0,1,7,2,0,4,1,2,0,0,0,0,1,1,41,0,0,(Guitar: Capo 1)
guitarSvg/E273.svg,old,1/1,4,76,0,20,0,2,0,0,0,25,0,14,1,0,4,1,1,0,0,0,0,1,1,41,0,0,(Guitar: Capo 1)
guitarSvg/E274.svg,old,1/1,4,66,0,16,0,0,0,2,0,22,2,14,1,0,4,1,0,0,0,0,0,1,1,36,0,0,(Guitar: Capo 1)
guitarSvg/E275.svg,old,1/1,4,60,0,5,0,1,0,0,0,0,2,6,2,0,4,1,4,1,0,0,0,1,1,41,0,0,(Guitar: Capo 3)
guitarSvg/E276.svg,old,1/1,4,63,0,4,0,0,0,0,0,16,0,8,1,0,4,1,0,0,0,0,0,1,1,30,0,0,(Guitar)
guitarSvg/E277.svg,old,1/1,3,46,0,6,0,0,0,4,0,1,0,4,1,0,3,1,1,0,0,0,0,1,1,15,0,0,(Guitar: Capo 3)
guitarSvg/E278.svg,old,1/1,4,48,0,4,0,0,0,0,0,3,1,1,2,0,4,1,4,0,0,0,0,1,1,21,0,0,(Guitar)
guitarSvg/E279.svg,old,1/1,5,90,0,5,0,0,0,13,0,41,1,30,2,0,5,1,2,0,0,0,0,1,2,29,0,0,(Guitar: Capo 3) | 3
guitarSvg/E28.svg,old,1/1,6,98,0,0,0,0,0,14,0,46,1,35,2,0,6,1,10,0,0,0,0,1,1,35,0,0,(Guitar)
guitarSvg/E280.svg,old,1/1,6,79,0,0,0,0,0,9,0,0,5,14,1,0,6,1,1,0,0,0,0,1,1,37,0,0,(Guitar)
guitarSvg/E281.svg,old,1/1,2,46,0,2,0,0,0,0,0,9,0,0,2,0,2,1,11,0,0,0,0,1,2,18,0,0,(Guitar: Capo 3) | (Repeat the last line of each stanza)
guitarSvg/E282.svg,old,1/1,2,35,0,2,0,0,0,0,0,4,0,6,2,0,2,1,7,0,0,0,0,1,1,17,0,0,(Guitar)
guitarSvg/E283.svg,old,1/1,3,43,0,3,1,0,0,0,0,0,0,5,2,0,3,1,0,4,0,0,0,1,1,31,0,0,(Guitar: Capo 3)
guitarSvg/E284.svg,old,1/1,5,70,0,16,0,1,0,0,0,0,1,10,2,0,5,1,0,0,0,0,0,1,1,29,0,0,(Guitar: Capo 1)
guitarSvg/E285.svg,old,1/1,2,28,0,2,0,0,0,0,0,0,1,3,2,0,2,1,2,0,0,0,0,1,1,15,0,0,(Guitar: Capo 3)
guitarSvg/E286.svg,old,1/1,5,88,0,25,0,4,0,8,0,24,3,20,4,0,5,1,3,2,0,0,0,1,1,36,0,0,(Guitar: Capo 1)
guitarSvg/E287.svg,old,1/1,2,26,0,8,0,0,0,0,0,0,0,0,1,0,2,1,4,1,0,0,0,1,1,22,0,0,(Guitar: Capo 1)
guitarSvg/E288.svg,old,1/1,4,62,0,4,0,0,0,4,0,26,1,16,2,0,4,1,2,2,0,0,0,1,1,19,0,0,(Guitar: Capo 3)
guitarSvg/E289.svg,old,1/1,6,81,0,26,0,1,0,3,0,22,3,13,2,0,6,1,0,1,0,0,0,1,1,37,0,0,(Guitar: Capo 1)
guitarSvg/E29.svg,old,1/1,4,63,0,4,0,0,0,0,0,2,1,5,2,0,4,1,17,0,0,0,0,1,1,34,0,0,(Guitar)
guitarSvg/E290.svg,old,1/1,4,61,0,4,0,0,0,2,0,17,2,12,1,0,4,1,1,1,0,0,0,1,1,38,0,0,(Guitar)
guitarSvg/E291.svg,old,1/1,4,73,0,4,0,0,0,3,0,19,0,10,2,0,4,1,1,0,0,0,0,1,1,42,0,0,(Guitar)
guitarSvg/E292.svg,old,1/1,4,64,0,4,0,0,0,0,0,16,1,17,2,0,4,1,0,0,0,0,0,1,1,23,0,0,(Guitar: Capo 3)
guitarSvg/E293.svg,old,1/1,2,33,0,6,0,0,0,0,0,7,0,2,1,0,2,1,1,1,0,0,0,1,1,22,0,0,(Guitar: Capo 1)
guitarSvg/E294.svg,old,1/1,4,66,0,0,0,0,0,8,0,12,3,12,1,0,4,1,1,0,0,0,0,1,1,35,0,0,(Guitar)
guitarSvg/E295.svg,old,1/1,4,39,0,17,0,1,0,0,0,1,1,1,2,0,4,1,6,0,0,0,0,1,1,16,0,0,(Guitar: Capo 1)
guitarSvg/E296.svg,old,1/1,4,84,0,4,0,0,0,2,0,0,0,8,1,0,4,1,16,0,0,0,0,1,1,37,0,0,(Guitar)
guitarSvg/E297.svg,old,1/1,2,34,0,4,0,0,0,0,0,5,1,1,1,0,2,1,6,0,0,0,0,1,1,19,0,0,(Guitar)
guitarSvg/E298.svg,old,1/1,4,56,0,4,0,0,0,0,0,14,1,0,2,0,4,1,0,1,0,0,0,1,1,25,0,0,(Guitar: Capo 3)
guitarSvg/E299.svg,old,1/1,2,33,0,2,0,0,0,0,0,3,1,1,2,0,2,1,5,0,0,0,0,1,1,14,0,0,(Guitar)
guitarSvg/E3.svg,old,1/1,3,41,0,3,0,0,0,3,0,1,1,6,2,0,3,1,2,0,0,0,0,1,1,12,0,0,(Guitar: Capo 3)
guitarSvg/E30.svg,old,1/1,2,28,0,8,0,0,0,5,0,0,1,7,1,0,2,1,0,0,0,0,0,1,1,8,0,0,(Guitar: Capo 1)
guitarSvg/E300.svg,old,1/1,4,70,0,9,0,0,0,0,0,23,1,10,2,0,4,1,20,2,0,0,0,1,1,38,0,0,(Guitar)
guitarSvg/E301.svg,old,1/1,4,66,0,4,0,0,0,10,0,12,1,10,2,0,4,1,8,1,0,0,0,1,1,36,0,0,(Guitar)
guitarSvg/E302.svg,old,1/1,4,71,0,4,0,0,0,4,0,12,1,9,1,0,4,1,9,0,0,0,0,1,1,35,0,0,(Guitar: Capo 3)
guitarSvg/E303.svg,old,1/1,4,81,0,1,0,0,0,9,0,23,1,9,1,0,4,1,3,1,0,0,0,1,3,35,0,0,(Guitar) | 3 | 3
guitarSvg/E304.svg,old,1/1,6,61,0,1,0,0,0,0,0,0,0,0,1,0,6,1,1,0,0,0,0,1,1,39,0,0,(Guitar)
guitarSvg/E305.svg,old,1/1,4,85,0,4,0,0,0,13,0,12,1,27,5,0,4,1,25,0,0,0,0,1,1,37,0,0,(Guitar)
guitarSvg/E306.svg,old,1/1,2,23,0,2,0,0,0,1,0,0,3,3,1,0,2,1,0,0,0,0,0,1,1,18,0,0,(Guitar)
guitarSvg/E307.svg,old,1/1,4,71,0,18,0,2,0,1,1,34,1,23,1,0,4,1,7,2,0,0,0,1,1,37,0,0,(Guitar: Capo 1)
guitarSvg/E308.svg,old,1/1,4,81,0,21,0,1,0,1,0,17,1,33,2,0,4,1,8,0,0,0,0,1,1,30,0,0,(Guitar: Capo 1)
guitarSvg/E309.svg,old,1/1,4,77,0,5,0,0,0,22,0,12,1,6,1,0,4,1,1,3,0,0,0,1,1,23,0,0,(Guitar)
guitarSvg/E31.svg,old,1/1,2,38,0,1,0,0,0,0,0,0,1,2,2,0,2,1,11,0,0,0,0,1,1,26,0,0,(Guitar)
guitarSvg/E310.svg,old,1/1,4,80,0,8,0,0,0,0,0,16,1,33,2,0,4,1,4,0,0,0,0,1,1,31,0,0,(Guitar)
guitarSvg/E311.svg,old,1/1,4,74,0,8,0,0,0,14,0,24,0,18,1,0,4,1,0,1,0,0,0,1,1,39,0,0,(Guitar: Capo 3)
guitarSvg/E312.svg,old,1/1,4,49,0,1,0,0,0,8,0,10,4,8,2,0,4,1,0,2,0,0,0,1,1,32,0,0,(Guitar)
guitarSvg/E313.svg,old,1/1,4,36,0,4,0,0,0,2,0,5,1,3,2,0,4,1,8,0,0,0,0,1,1,17,0,0,(Guitar)
guitarSvg/E314.svg,old,1/1,4,64,0,8,0,0,0,1,0,10,2,5,1,0,4,1,4,1,0,0,0,1,1,27,0,0,(Guitar)
guitarSvg/E315.svg,old,1/1,4,72,0,5,1,1,0,2,0,26,1,17,2,0,4,1,1,0,0,0,0,1,1,36,0,0,(Guitar: Capo 3)
guitarSvg/E316.svg,old,1/1,4,64,0,12,0,0,0,16,0,17,1,18,2,0,4,1,0,0,0,0,0,1,1,33,0,0,(Guitar: Capo 1)
guitarSvg/E317.svg,old,1/1,4,43,0,16,0,0,0,0,0,0,3,7,1,0,4,1,1,0,0,0,0,1,1,29,0,0,(Guitar: Capo 1)
guitarSvg/E318.svg,old,1/1,4,61,0,4,0,0,0,0,0,0,1,8,2,0,4,1,1,0,0,0,0,1,1,29,0,0,(Guitar)
guitarSvg/E319.svg,old,1/1,4,63,0,8,0,0,0,0,0,19,1,0,2,0,4,1,3,0,0,0,0,1,1,32,0,0,(Guitar)
guitarSvg/E32.svg,old,1/1,4,43,0,16,0,0,0,0,0,2,0,1,2,0,4,1,11,0,0,0,0,1,1,14,0,0,(Guitar: Capo 1)
guitarSvg/E320.svg,old,1/1,4,63,0,4,0,0,0,14,0,16,1,14,2,0,4,1,1,1,0,0,0,1,1,29,0,0,(Guitar: Capo 3)
guitarSvg/E321.svg,old,1/1,4,59,0,4,0,0,0,6,0,5,0,6,1,0,4,1,7,0,0,0,0,1,1,24,0,0,(Guitar: Capo 3)
guitarSvg/E322.svg,old,1/1,4,79,0,9,0,1,0,1,0,16,3,4,1,0,4,1,0,0,0,0,0,1,1,30,0,0,(Guitar: Capo 3)
guitarSvg/E323.svg,old,1/1,4,58,0,16,2,5,0,5,0,2,1,9,1,0,4,1,2,1,0,0,0,1,1,29,0,0,(Guitar: Capo 3)
guitarSvg/E324.svg,old,1/1,7,103,0,14,0,0,0,9,0,10,2,20,1,0,7,1,0,0,0,0,0,1,1,46,0,0,(Guitar: Capo 3)
guitarSvg/E325.svg,old,1/1,4,60,0,12,1,0,0,3,0,16,1,3,2,0,4,1,0,0,0,0,0,1,1,41,0,0,(Guitar: Capo 1)
guitarSvg/E326.svg,old,1/1,4,39,0,14,0,1,0,0,0,0,0,1,1,0,4,1,7,0,0,0,0,1,1,33,0,0,(Guitar: Capo 1)
guitarSvg/E327.svg,old,1/1,2,37,0,1,0,0,0,0,0,5,1,0,1,0,2,1,5,0,0,0,0,1,1,19,0,0,(Guitar)
guitarSvg/E328.svg,old,1/1,4,64,0,5,0,0,0,1,0,0,1,18,2,0,4,1,0,0,0,0,0,1,1,35,0,0,(Guitar: Capo 3)
guitarSvg/E329.svg,old,1/1,2,32,0,5,0,0,0,0,0,6,0,1,1,0,2,1,0,0,0,0,0,1,1,16,0,0,(Guitar)
guitarSvg/E33.svg,old,1/1,4,59,0,4,0,0,0,6,0,5,0,6,1,0,4,1,7,0,0,0,0,1,1,24,0,0,(Guitar: Capo 3)
guitarSvg/E330.svg,old,1/1,4,57,0,4,0,0,0,0,0,12,1,0,2,0,4,1,1,0,0,0,0,1,1,34,0,0,(Guitar)
guitarSvg/E331.svg,old,1/1,4,78,0,4,0,0,0,2,0,24,1,10,1,0,4,1,3,1,0,0,0,1,1,33,0,0,(Guitar: Capo 3)
guitarSvg/E332.svg,old,1/1,2,26,0,2,0,0,0,0,0,0,1,3,1,0,2,1,0,1,0,0,0,1,1,18,0,0,(Guitar)
guitarSvg/E333.svg,old,1/1,4,70,0,8,1,0,0,5,0,10,1,12,1,0,4,1,8,0,0,0,0,1,1,41,0,0,(Guitar)
guitarSvg/E334.svg,old,1/1,5,89,0,0,0,0,0,9,0,37,1,18,2,0,5,1,5,0,0,0,0,1,1,33,0,0,(Guitar)
guitarSvg/E335.svg,old,1/1,4,80,0,9,1,0,0,15,0,15,1,7,1,0,4,1,1,4,0,0,0,1,1,32,0,0,(Guitar)
guitarSvg/E336.svg,old,1/1,4,80,0,12,0,0,0,0,0,0,2,2,2,0,4,1,0,0,0,0,0,1,1,50,0,0,(Guitar: Capo 1)
guitarSvg/E337.svg,old,1/1,4,68,0,0,0,0,0,4,0,34,1,22,4,0,4,1,8,1,0,0,0,1,3,44,0,0,(Guitar) | 3 | 3
guitarSvg/E338.svg,old,1/1,4,38,0,10,0,0,0,1,0,1,0,6,2,0,4,1,0,0,0,0,0,1,1,23,0,0,(Guitar)
guitarSvg/E339.svg,old,1/1,5,65,0,20,0,0,0,3,0,0,1,5,1,0,5,1,9,0,0,0,0,1,1,40,0,0,(Guitar: Capo 1)
guitarSvg/E34.svg,old,1/1,4,54,0,24,0,0,2,9,0,3,1,10,1,0,4,1,1,0,0,0,0,1,1,26,0,0,(Guitar: Capo 2)
guitarSvg/E340.svg,old,1/1,6,72,0,24,0,0,0,1,0,36,1,26,1,0,6,1,0,1,0,0,0,1,1,35,0,0,(Guitar: Capo 1)
guitarSvg/E341.svg,old,1/1,4,58,0,1,0,0,0,2,0,0,1,5,1,0,4,1,4,1,0,0,0,1,1,22,0,0,(Guitar)
guitarSvg/E342.svg,old,1/1,5,62,0,0,0,0,0,6,0,18,2,20,1,0,5,1,0,0,0,0,0,1,1,26,0,0,(Guitar)
guitarSvg/E343.svg,old,1/1,4,67,0,5,0,0,0,3,0,24,1,21,1,0,4,1,6,0,0,0,0,1,2,34,0,0,(Guitar) | 3
guitarSvg/E344.svg,old,1/1,3,32,0,4,0,0,0,5,0,4,1,6,1,0,3,1,1,0,0,0,0,1,1,15,0,0,(Guitar: Capo 3)
guitarSvg/E345.svg,old,1/1,6,68,0,12,0,0,0,2,0,36,1,25,1,0,6,1,0,1,0,0,0,1,1,22,0,0,(Guitar)
guitarSvg/E346.svg,old,1/1,2,32,0,6,0,0,0,0,0,8,1,0,2,0,2,1,1,1,0,0,0,1,1,17,0,0,(Guitar: Capo 1)
guitarSvg/E347.svg,old,1/1,5,76,0,5,0,0,0,4,0,0,3,23,2,0,5,1,0,0,0,0,0,1,1,53,0,0,(Guitar: Capo 3)
guitarSvg/E348.svg,old,1/1,4,64,0,4,0,0,0,16,0,25,1,26,2,0,4,1,0,0,0,0,0,1,1,36,0,0,(Guitar)
guitarSvg/E349.svg,old,1/1,2,33,0,2,0,0,0,0,0,3,1,1,2,0,2,1,5,0,0,0,0,1,1,14,0,0,(Guitar)
guitarSvg/E35.svg,old,1/1,2,34,0,2,0,0,0,0,0,0,1,0,2,0,2,1,0,0,0,0,0,1,1,19,0,0,(Guitar: Capo 3)
guitarSvg/E350.svg,old,1/1,4,40,0,10,0,0,0,0,0,0,0,0,1,0,4,1,0,0,0,0,0,1,1,24,0,0,(Guitar)
guitarSvg/E351.svg,old,1/1,4,44,0,17,0,1,0,4,0,9,2,6,1,0,4,1,3,0,0,0,0,1,1,19,0,0,(Guitar: Capo 1)
guitarSvg/E352.svg,old,1/1,4,31,0,4,0,0,0,1,0,0,0,5,2,0,4,1,3,0,0,0,0,1,1,21,0,0,(Guitar: Capo 3)
guitarSvg/E353.svg,old,1/1,5,85,0,10,0,0,0,3,0,0,2,12,1,0,5,1,1,0,0,0,0,1,1,30,0,0,(Guitar)
guitarSvg/E354.svg,old,1/1,4,40,0,8,1,0,0,0,0,0,1,1,1,0,4,1,0,0,0,0,0,1,1,31,0,0,(Guitar: Capo 3)
guitarSvg/E355.svg,old,1/1,2,34,0,7,0,1,0,0,0,2,1,3,2,0,2,1,9,0,0,0,0,1,1,22,0,0,(Guitar: Capo 1)
guitarSvg/E356.svg,old,1/1,2,28,0,2,0,0,0,0,0,0,1,3,2,0,2,1,2,0,0,0,0,1,1,15,0,0,(Guitar: Capo 3)
guitarSvg/E357.svg,old,1/1,6,55,0,8,0,2,0,0,0,0,1,1,2,0,6,1,11,0,0,0,0,1,1,34,0,0,(Guitar: Capo 3)
guitarSvg/E358.svg,old,1/1,4,68,0,9,0,0,0,0,0,8,0,0,1,0,4,1,8,0,0,0,0,1,1,36,0,0,(Guitar: Capo 3)
guitarSvg/E359.svg,old,1/1,4,50,0,7,1,1,0,7,0,8,1,7,2,0,4,1,0,1,0,0,0,1,1,25,0,0,(Guitar: Capo 3)
guitarSvg/E36.svg,old,1/1,4,54,0,2,0,0,0,1,0,0,1,4,1,0,4,1,2,0,0,0,0,1,1,26,0,0,(Guitar)
guitarSvg/E360.svg,old,1/1,2,26,0,4,0,0,0,0,0,0,1,0,2,0,2,1,0,0,0,0,0,1,1,20,0,0,(Guitar)
guitarSvg/E361.svg,old,1/1,2,42,0,5,0,0,0,0,0,0,1,0,2,0,2,1,10,0,0,0,0,1,1,13,0,0,(Guitar)
guitarSvg/E362.svg,old,1/1,4,71,0,16,0,0,0,13,0,11,2,8,4,0,4,1,10,1,0,0,0,1,1,39,0,0,(Guitar: Capo 1)
guitarSvg/E363.svg,old,1/1,7,84,0,18,0,0,0,10,0,0,0,18,1,0,7,1,0,1,0,0,0,1,1,48,0,0,(Guitar)
guitarSvg/E364.svg,old,1/1,2,29,0,2,0,0,0,5,0,7,1,6,2,0,2,1,1,1,0,0,0,1,1,22,0,0,(Guitar)
guitarSvg/E365.svg,old,1/1,2,32,0,2,0,0,0,0,0,0,1,5,2,0,2,1,6,0,0,0,0,1,1,27,0,0,(Guitar)
guitarSvg/E366.svg,old,1/1,3,44,0,3,0,0,0,1,0,2,0,1,1,0,3,1,2,0,0,0,0,1,1,25,0,0,(Guitar)
guitarSvg/E367.svg,old,1/1,2,37,0,2,0,0,0,0,0,0,1,2,2,0,2,1,10,0,0,0,0,1,1,23,0,0,(Guitar)
guitarSvg/E368.svg,old,1/1,4,40,0,16,0,0,0,4,0,0,4,8,1,0,4,1,0,0,0,0,0,1,1,35,0,0,(Guitar: Capo 1)
guitarSvg/E369.svg,old,1/1,6,89,0,22,0,4,0,24,0,3,1,21,1,0,6,1,5,0,0,0,0,1,1,40,0,0,(Guitar: Capo 1)
guitarSvg/E37.svg,old,1/1,2,42,0,2,0,0,0,0,0,0,1,0,2,0,2,1,10,0,0,0,0,1,1,14,0,0,(Guitar)
guitarSvg/E370.svg,old,1/1,4,40,0,17,0,0,0,0,0,0,0,0,1,0,4,1,0,0,0,0,0,1,1,33,0,0,(Guitar: Capo 2)
guitarSvg/E371.svg,old,1/1,4,49,0,4,0,0,0,8,0,7,1,8,2,0,4,1,5,0,0,0,0,1,1,33,0,0,(Guitar)
guitarSvg/E372.svg,old,1/1,4,77,0,4,0,0,0,10,0,20,5,2,2,0,4,1,2,0,0,0,0,1,1,30,0,0,(Guitar: Capo 3)
guitarSvg/E373.svg,old,1/1,5,35,0,5,1,0,0,0,0,0,0,6,2,0,5,1,0,1,0,0,0,1,1,17,0,0,(Guitar: Capo 3)
guitarSvg/E374.svg,old,1/1,4,37,0,4,0,0,0,0,0,0,0,4,2,0,4,1,5,0,0,0,0,1,1,13,0,0,(Guitar: Capo 3)
guitarSvg/E375.svg,old,1/1,4,54,0,2,0,0,0,6,0,4,1,10,1,0,4,1,0,0,0,0,0,1,1,37,0,0,(Guitar)
guitarSvg/E376.svg,old,1/1,2,38,0,2,0,0,0,0,0,1,1,1,2,0,2,1,9,0,0,0,0,1,1,29,0,0,(Guitar: Capo 3)
guitarSvg/E377.svg,old,1/1,4,44,0,10,0,0,0,0,0,0,4,10,2,0,4,1,0,0,0,0,0,1,1,26,0,0,(Guitar)
guitarSvg/E378.svg,old,1/1,4,60,0,16,0,0,0,9,0,0,1,21,2,0,4,1,0,0,0,0,0,1,1,28,0,0,(Guitar: Capo 1)
guitarSvg/E379.svg,old,1/1,2,27,0,10,0,0,0,0,0,0,1,1,4,0,2,1,3,3,0,0,0,1,1,18,0,0,(Guitar: Capo 1)
guitarSvg/E38.svg,old,1/1,2,38,0,3,0,1,0,0,0,0,1,1,2,0,2,1,10,0,0,0,0,1,1,13,0,0,(Guitar: Capo 3)
guitarSvg/E380.svg,old,1/1,4,58,0,4,0,0,0,5,0,6,4,6,1,0,4,1,6,1,0,0,0,1,1,27,0,0,(Guitar)
guitarSvg/E381.svg,old,1/1,4,83,0,4,1,0,0,3,0,16,4,27,2,0,4,1,8,0,0,0,0,1,1,38,0,0,(Guitar: Capo 3)
guitarSvg/E382.svg,old,1/1,4,60,0,4,0,0,0,12,0,16,0,20,2,0,4,1,0,0,0,0,0,1,1,40,0,0,(Guitar)
guitarSvg/E383.svg,old,1/1,6,87,0,12,0,0,0,8,0,13,4,10,3,0,6,1,19,0,0,0,0,1,1,53,0,0,(Guitar: Capo 3)
guitarSvg/E384.svg,old,1/1,4,61,0,13,2,1,0,4,0,16,6,8,1,0,4,1,13,1,0,0,0,1,1,47,0,0,(Guitar: Capo 1)
guitarSvg/E385.svg,old,1/1,4,48,0,12,0,0,0,0,0,0,1,7,1,0,4,1,0,0,0,0,0,1,1,23,0,0,(Guitar: Capo 1)
guitarSvg/E386.svg,old,1/1,4,57,0,4,0,0,0,6,0,32,1,22,2,0,4,1,0,0,0,0,0,1,1,19,0,0,(Guitar: Capo 3)
guitarSvg/E387.svg,old,1/1,4,69,0,4,0,0,0,3,0,22,5,12,1,0,4,1,1,1,0,0,0,1,1,40,0,0,(Guitar)
guitarSvg/E388.svg,old,1/1,4,42,0,6,0,0,0,2,0,13,0,3,2,0,4,1,0,0,0,0,0,1,1,17,0,0,(Guitar)
guitarSvg/E389.svg,old,1/1,4,96,0,5,0,1,0,0,0,8,1,0,2,0,4,1,8,2,0,0,0,1,1,30,0,0,(Guitar: Capo 3)
guitarSvg/E39.svg,old,1/1,8,90,0,8,0,0,0,0,0,9,1,0,2,0,8,1,0,0,0,0,0,1,1,27,0,0,(Guitar: Capo 3)
guitarSvg/E390.svg,old,1/1,4,55,0,1,0,0,0,7,0,7,7,13,1,0,4,1,1,1,0,0,0,1,1,31,0,0,(Guitar)
guitarSvg/E391.svg,old,1/1,3,52,0,0,0,0,0,0,0,28,1,14,2,0,3,1,0,1,0,0,0,1,1,28,0,0,(Guitar)
guitarSvg/E392.svg,old,1/1,3,44,0,12,0,0,0,6,0,18,1,12,2,0,3,1,2,0,0,0,0,1,3,24,0,0,(Guitar: Capo 1) | 3 | 3
guitarSvg/E393.svg,old,1/1,2,27,0,10,0,0,0,0,0,0,1,1,4,0,2,1,3,3,0,0,0,1,1,18,0,0,(Guitar: Capo 1)
guitarSvg/E394.svg,old,1/1,3,56,0,4,0,0,0,5,0,7,0,5,1,0,3,1,12,0,0,0,0,1,1,31,0,0,(Guitar: Capo 3)
guitarSvg/E395.svg,old,1/1,4,72,0,12,0,0,0,0,0,0,4,4,2,0,4,1,16,0,0,0,0,1,1,36,0,0,(Guitar: Capo 1)
guitarSvg/E396.svg,old,1/1,4,64,0,4,0,0,0,14,0,16,1,15,2,0,4,1,0,0,0,0,0,1,1,27,0,0,(Guitar)
guitarSvg/E397.svg,old,1/1,6,76,0,6,0,0,0,4,0,12,0,32,2,0,6,1,5,0,0,0,0,1,1,47,0,0,(Guitar)
guitarSvg/E398.svg,old,1/1,4,76,0,2,0,0,0,0,0,16,1,0,2,0,4,1,0,1,0,0,0,1,17,24,0,0,(Guitar) | 3 | 3 | 3
guitarSvg/E399.svg,old,1/1,2,22,0,6,0,0,0,4,0,0,0,4,1,0,2,1,0,0,0,0,0,1,1,16,0,0,(Guitar)
guitarSvg/E4.svg,old,1/1,2,32,0,4,0,0,0,0,0,0,0,3,2,0,2,1,0,0,0,0,0,1,1,16,0,0,(Guitar)
guitarSvg/E40.svg,old,1/1,3,50,0,3,0,0,0,0,0,12,1,5,2,0,3,1,0,0,0,0,0,1,1,11,0,0,(Guitar: Capo 3)
guitarSvg/E400.svg,old,1/1,4,55,0,6,0,0,0,23,0,0,0,9,2,0,4,1,0,2,0,0,0,1,1,28,0,0,(Guitar)
guitarSvg/E401.svg,old,1/1,2,30,0,7,0,1,0,0,0,2,0,0,1,0,2,1,2,0,0,0,0,1,1,13,0,0,(Guitar: Capo 1)
guitarSvg/E402.svg,old,1/1,3,36,0,3,0,0,0,0,0,0,1,1,2,0,3,1,1,0,0,0,0,1,1,17,0,0,(Guitar)
guitarSvg/E403.svg,old,1/1,4,61,0,9,0,0,0,6,0,0,1,14,2,0,4,1,1,0,0,0,0,1,1,29,0,0,(Guitar)
guitarSvg/E404.svg,old,1/1,2,33,0,4,0,0,0,0,0,0,1,2,2,0,2,1,1,0,0,0,0,1,1,18,0,0,(Guitar)
guitarSvg/E405.svg,old,1/1,4,60,0,12,0,0,0,8,0,8,4,12,1,0,4,1,0,0,0,0,0,1,1,26,0,0,(Guitar: Capo 1)
guitarSvg/E406.svg,old,1/1,4,43,0,6,0,2,0,5,0,0,0,7,2,0,4,1,1,1,0,0,0,1,1,24,0,0,(Guitar: Capo 3)
guitarSvg/E407.svg,old,1/1,2,28,0,8,0,0,0,0,0,0,1,0,2,0,2,1,0,0,0,0,0,1,1,23,0,0,(Guitar: Capo 1)
guitarSvg/E408.svg,old,1/1,6,65,0,6,0,0,0,6,0,1,1,7,2,0,6,1,1,0,0,0,0,1,1,35,0,0,(Guitar)
guitarSvg/E409.svg,old,1/1,4,65,0,11,0,2,0,7,0,0,2,24,2,0,4,1,1,0,0,0,0,1,1,41,0,0,(Guitar: Capo 3)
guitarSvg/E41.svg,old,1/1,5,96,0,11,1,0,0,1,0,31,0,8,1,0,5,1,4,1,0,0,0,1,1,37,0,0,(Guitar)
guitarSvg/E410.svg,old,1/1,2,38,0,1,0,0,0,0,0,0,1,2,2,0,2,1,11,0,0,0,0,1,1,26,0,0,(Guitar)
guitarSvg/E411.svg,old,1/1,2,35,0,6,0,0,0,0,0,7,1,2,1,0,2,1,9,0,0,0,0,1,1,23,0,0,(Guitar: Capo 1)
guitarSvg/E412.svg,old,1/1,4,61,0,16,0,0,0,19,0,0,8,15,2,0,4,1,5,0,0,0,0,1,1,26,0,0,(Guitar: Capo 2)
guitarSvg/E413.svg,old,1/1,2,31,0,2,0,0,0,1,0,0,0,5,2,0,2,1,3,0,0,0,0,1,1,19,0,0,(Guitar: Capo 3)
guitarSvg/E414.svg,old,1/1,2,28,0,2,0,0,0,0,0,0,1,0,2,0,2,1,0,2,0,0,0,1,1,18,0,0,(Guitar)
guitarSvg/E415.svg,old,1/1,4,57,0,23,0,3,0,0,0,9,4,5,1,0,4,1,1,0,0,0,0,1,1,29,0,0,(Guitar: Capo 1)
guitarSvg/E416.svg,old,1/1,4,77,0,8,0,0,0,2,0,1,6,10,2,0,4,1,0,0,0,0,0,1,1,38,0,0,(Guitar: Capo 3)
guitarSvg/E417.svg,old,1/1,2,36,0,3,0,0,0,2,0,0,1,7,1,0,2,1,0,0,0,0,0,1,1,26,0,0,(Guitar)
guitarSvg/E418.svg,old,1/1,3,50,0,13,5,1,0,9,0,2,1,11,1,0,3,1,2,1,0,0,0,1,1,39,0,0,(Guitar: Capo 3)
guitarSvg/E419.svg,old,1/1,3,63,0,0,0,0,0,0,0,0,1,0,2,0,3,1,13,0,0,0,0,1,1,36,0,0,(Guitar)
guitarSvg/E42.svg,old,1/1,4,53,0,20,0,0,0,2,0,1,1,6,1,0,4,1,1,0,0,0,0,1,1,25,0,0,(Guitar: Capo 1)
guitarSvg/E420.svg,old,1/1,4,42,0,8,0,0,0,0,0,0,0,0,1,0,4,1,0,0,0,0,0,1,1,27,0,0,(Guitar: Capo 3)
guitarSvg/E421.svg,old,1/1,2,22,0,2,0,0,0,0,0,0,0,0,1,0,2,1,0,0,0,0,0,1,1,16,0,0,(Guitar)
guitarSvg/E422.svg,old,1/1,4,53,0,13,0,1,0,1,0,2,0,6,1,0,4,1,1,0,0,0,0,1,1,27,0,0,(Guitar: Capo 1)
guitarSvg/E423.svg,old,1/1,3,54,0,3,0,0,0,0,0,0,0,6,2,0,3,1,6,0,0,0,0,1,1,38,0,0,(Guitar)
guitarSvg/E424.svg,old,1/1,2,28,0,8,0,0,0,0,0,0,1,0,2,0,2,1,0,0,0,0,0,1,1,23,0,0,(Guitar: Capo 1)
guitarSvg/E425.svg,old,1/1,2,31,0,2,0,0,0,1,0,0,0,5,2,0,2,1,3,0,0,0,0,1,1,19,0,0,(Guitar: Capo 3)
guitarSvg/E426.svg,old,1/1,4,50,0,7,1,1,0,7,0,8,1,7,2,0,4,1,0,1,0,0,0,1,1,25,0,0,(Guitar: Capo 3)
guitarSvg/E427.svg,old,1/1,3,44,0,10,0,1,0,2,0,0,1,2,2,0,3,1,0,0,0,0,0,1,1,25,0,0,(Guitar: Capo 1)
guitarSvg/E428.svg,old,1/1,3,60,0,6,0,0,0,2,0,0,1,2,2,0,3,1,12,0,0,0,0,1,1,38,0,0,(Guitar)
guitarSvg/E429.svg,old,1/1,3,38,0,6,0,0,0,5,0,0,0,5,1,0,3,1,0,0,0,0,0,1,1,26,0,0,(Guitar)
guitarSvg/E43.svg,old,1/1,4,71,0,13,0,1,0,6,0,10,0,6,1,0,4,1,11,0,0,0,0,1,1,30,0,0,(Guitar: Capo 1)
guitarSvg/E430.svg,old,1/1,4,30,0,4,1,0,0,0,0,0,0,5,2,0,4,1,2,0,0,0,0,1,1,30,0,0,(Guitar)
guitarSvg/E431.svg,old,1/1,4,41,0,12,0,0,0,1,0,0,0,2,1,0,4,1,1,0,0,0,0,1,1,18,0,0,(Guitar: Capo 1)
guitarSvg/E432.svg,old,1/1,2,41,0,2,0,0,0,5,0,4,1,7,1,0,2,1,3,0,0,0,0,1,1,21,0,0,(Guitar)
guitarSvg/E433.svg,old,1/1,4,42,0,8,0,0,0,0,0,0,0,0,1,0,4,1,0,0,0,0,0,1,1,17,0,0,(Guitar)
guitarSvg/E434.svg,old,1/1,5,59,0,5,0,0,0,1,0,0,3,4,1,0,5,1,15,0,0,0,0,1,1,27,0,0,(Guitar: Capo 3)
guitarSvg/E435.svg,old,1/1,6,56,0,6,0,0,0,1,0,0,3,4,2,0,6,1,11,0,0,0,0,1,1,35,0,0,(Guitar)
guitarSvg/E436.svg,old,1/1,4,65,0,8,0,0,0,19,0,7,1,6,2,0,4,1,11,0,0,0,0,1,1,27,0,0,(Guitar: Capo 3)
guitarSvg/E437.svg,old,1/1,4,60,0,4,0,0,0,7,0,0,0,7,1,0,4,1,0,0,0,0,0,1,1,26,0,0,(Guitar)
guitarSvg/E438.svg,old,1/1,6,85,0,28,0,4,0,17,0,0,6,17,1,0,6,1,0,0,0,0,0,1,1,35,0,0,(Guitar: Capo 2)
guitarSvg/E439.svg,old,1/1,3,66,0,3,0,0,0,5,0,0,0,5,1,0,3,1,0,0,0,0,0,1,1,53,0,0,(Guitar)
guitarSvg/E44.svg,old,1/1,3,60,0,7,0,0,0,8,0,0,1,14,1,0,3,1,0,0,0,0,0,1,1,23,0,0,(Guitar)
guitarSvg/E440.svg,old,1/1,4,56,0,4,0,0,0,1,0,0,3,4,2,0,4,1,11,0,0,0,0,1,1,33,0,0,(Guitar)
guitarSvg/E441.svg,old,1/1,4,53,0,8,0,0,0,11,0,0,3,14,1,0,4,1,0,0,0,0,0,1,1,25,0,0,(Guitar)
guitarSvg/E442.svg,old,1/1,2,50,0,6,0,2,0,4,0,7,0,21,2,0,2,1,10,0,0,0,0,1,1,22,0,0,(Guitar: Capo 3)
guitarSvg/E443.svg,old,1/1,2,30,0,4,0,0,0,0,0,4,1,2,1,0,2,1,4,0,0,0,0,1,1,16,0,0,(Guitar)
guitarSvg/E444.svg,old,1/1,4,60,0,12,0,0,0,8,0,8,4,12,1,0,4,1,0,0,0,0,0,1,1,26,0,0,(Guitar: Capo 1)
guitarSvg/E445.svg,old,1/1,2,46,0,2,0,0,0,0,0,7,0,0,2,0,2,1,11,0,0,0,0,1,1,18,0,0,(Guitar: Capo 3)
guitarSvg/E446.svg,old,1/1,6,89,0,23,5,1,0,0,0,0,5,14,2,0,6,1,6,0,0,0,0,1,1,61,0,0,(Guitar)
guitarSvg/E447.svg,old,1/1,4,52,0,8,0,0,0,0,0,0,4,9,2,0,4,1,0,0,0,0,0,1,1,37,0,0,(Guitar)
guitarSvg/E448.svg,old,1/1,4,88,0,12,0,0,0,14,0,10,1,17,2,0,4,1,7,0,0,0,0,1,1,37,0,0,(Guitar: Capo 1)
guitarSvg/E449.svg,old,1/1,2,40,0,8,0,2,0,0,0,0,1,17,2,0,2,1,4,0,0,0,0,1,1,21,0,0,(Guitar: Capo 1)
guitarSvg/E45.svg,old,1/1,4,68,0,12,0,0,0,1,0,8,0,1,1,0,4,1,8,0,0,0,0,1,1,32,0,0,(Guitar: Capo 1)
guitarSvg/E450.svg,old,1/1,4,43,0,12,0,0,0,0,0,0,3,6,2,0,4,1,1,0,0,0,0,1,1,36,0,0,(Guitar: Capo 1)
guitarSvg/E451.svg,old,1/1,2,32,0,3,0,1,0,0,0,0,1,2,2,0,2,1,6,0,0,0,0,1,1,13,0,0,(Guitar: Capo 3)
guitarSvg/E452.svg,old,1/1,6,86,0,26,0,3,0,8,0,25,11,28,1,0,6,1,4,0,0,0,0,1,1,50,0,0,(Guitar)
guitarSvg/E453.svg,old,1/1,2,26,0,10,0,0,0,0,0,2,2,1,1,0,2,1,4,2,0,0,0,1,1,18,0,0,(Guitar: Capo 1)
guitarSvg/E454.svg,old,1/1,4,40,0,5,0,1,0,0,0,0,0,0,1,0,4,1,0,0,0,0,0,1,1,21,0,0,(Guitar: Capo 3)
guitarSvg/E455.svg,old,1/1,3,48,0,1,0,0,0,6,0,4,0,6,1,0,3,1,4,0,0,0,0,1,1,24,0,0,(Guitar)
guitarSvg/E456.svg,old,1/1,6,93,0,6,1,0,0,0,0,0,4,8,1,0,6,1,0,1,0,0,0,1,2,63,0,0,"(Guitar: Capo 3) | The Compilers prefer that the New Testament word, “redemption,” be used and sung instead of “atonemen"
guitarSvg/E457.svg,old,1/1,4,60,0,4,0,0,0,10,0,24,1,20,2,0,4,1,0,4,0,0,0,1,1,39,0,0,(Guitar: Capo 3)
guitarSvg/E458.svg,old,1/1,4,72,0,17,0,4,0,8,0,8,8,24,2,0,4,1,8,0,0,0,0,1,1,31,0,0,(Guitar: Capo 1)
guitarSvg/E459.svg,old,1/1,2,26,0,2,0,0,0,0,0,0,1,3,1,0,2,1,0,1,0,0,0,1,1,18,0,0,(Guitar)
guitarSvg/E46.svg,old,1/1,4,54,0,2,0,0,0,1,0,0,1,4,1,0,4,1,2,0,0,0,0,1,1,26,0,0,(Guitar)
guitarSvg/E460.svg,old,1/1,4,70,0,16,0,0,0,12,0,6,0,12,1,0,4,1,10,0,0,0,0,1,1,22,0,0,(Guitar: Capo 1)
guitarSvg/E461.svg,old,1/1,4,92,0,4,0,0,0,0,0,25,0,5,1,0,4,1,2,0,0,0,0,1,1,42,0,0,(Guitar)
guitarSvg/E462.svg,old,1/1,4,39,0,17,0,1,0,0,0,1,1,1,2,0,4,1,6,0,0,0,0,1,1,16,0,0,(Guitar: Capo 1)
guitarSvg/E463.svg,old,1/1,4,52,0,1,0,0,0,2,0,0,1,6,1,0,4,1,0,0,0,0,0,1,1,29,0,0,(Guitar)
guitarSvg/E464.svg,old,1/1,2,40,0,6,0,0,0,0,0,1,1,0,2,0,2,1,8,0,0,0,0,1,1,17,0,0,(Guitar)
guitarSvg/E465.svg,old,1/1,4,52,0,5,0,0,0,8,0,0,1,12,1,0,4,1,0,0,0,0,0,1,1,25,0,0,(Guitar: Capo 3)
guitarSvg/E466.svg,old,1/1,2,30,0,8,0,0,0,0,0,0,1,1,2,0,2,1,0,0,0,0,0,1,1,20,0,0,(Guitar: Capo 1)
guitarSvg/E467.svg,old,1/1,2,27,0,3,0,0,0,0,0,0,2,5,2,0,2,1,1,0,0,0,0,1,1,19,0,0,(Guitar: Capo 3)
guitarSvg/E468.svg,old,1/1,4,57,0,0,0,0,0,2,0,14,1,18,1,0,4,1,2,0,0,0,0,1,1,45,0,0,(Guitar)
guitarSvg/E469.svg,old,1/1,4,66,0,10,0,1,0,2,0,0,0,2,1,0,4,1,0,0,0,0,0,1,1,34,0,0,(Guitar: Capo 3)
guitarSvg/E47.svg,old,1/1,2,38,0,3,0,1,0,0,0,0,1,1,2,0,2,1,10,0,0,0,0,1,1,13,0,0,(Guitar: Capo 3)
guitarSvg/E470.svg,old,1/1,3,44,0,3,0,0,0,1,0,2,0,1,1,0,3,1,2,0,0,0,0,1,1,25,0,0,(Guitar)
guitarSvg/E471.svg,old,1/1,2,45,0,0,0,0,0,0,0,0,1,0,2,0,2,1,1,0,0,0,0,1,1,20,0,0,(Guitar)
guitarSvg/E472.svg,old,1/1,4,62,0,12,2,0,0,18,0,6,0,8,2,0,4,1,10,0,0,0,0,1,1,37,0,0,(Guitar)
guitarSvg/E473.svg,old,1/1,4,66,0,5,0,1,0,22,0,6,1,4,2,0,4,1,10,1,0,0,0,1,1,34,0,0,(Guitar: Capo 3)
guitarSvg/E474.svg,old,1/1,4,57,0,4,0,0,0,6,0,32,1,22,2,0,4,1,0,0,0,0,0,1,1,19,0,0,(Guitar: Capo 3)
guitarSvg/E475.svg,old,1/1,4,70,0,16,0,0,0,12,0,6,0,12,1,0,4,1,10,0,0,0,0,1,1,22,0,0,(Guitar: Capo 1)
guitarSvg/E476.svg,old,1/1,4,41,0,16,5,2,0,0,0,0,0,0,1,0,4,1,1,0,0,0,0,1,1,34,0,0,(Guitar: Capo 1)
guitarSvg/E477.svg,old,1/1,6,89,0,27,0,2,0,30,0,6,1,12,2,0,6,1,12,2,0,0,0,1,1,41,0,0,(Guitar: Capo 1)
guitarSvg/E478.svg,old,1/1,5,75,0,5,0,0,0,2,0,0,1,10,2,0,5,1,0,0,0,0,0,1,1,30,0,0,(Guitar)
guitarSvg/E479.svg,old,1/1,7,103,0,1,0,0,0,4,0,0,5,27,2,0,7,1,13,0,0,0,0,1,1,78,0,0,(Guitar)
guitarSvg/E48.svg,old,1/1,4,52,0,1,0,0,0,2,0,0,1,6,1,0,4,1,0,0,0,0,0,1,1,29,0,0,(Guitar)
guitarSvg/E480.svg,old,1/1,2,35,0,3,0,1,0,0,0,3,1,2,2,0,2,1,7,0,0,0,0,1,1,19,0,0,(Guitar: Capo 3)
guitarSvg/E481.svg,old,1/1,6,90,0,6,0,0,0,13,0,41,1,30,2,0,6,1,2,0,0,0,0,1,2,29,0,0,(Guitar: Capo 3) | 3
guitarSvg/E482.svg,old,1/1,4,69,0,4,0,0,0,25,0,5,2,4,2,0,4,1,8,0,0,0,0,1,1,28,0,0,(Guitar: Capo 3)
guitarSvg/E483.svg,old,1/1,2,41,0,5,0,1,0,0,0,0,1,14,2,0,2,1,1,1,0,0,0,1,1,16,0,0,(Guitar: Capo 3)
guitarSvg/E484.svg,old,1/1,5,84,0,11,0,2,0,2,0,45,1,31,1,0,5,1,3,2,0,0,0,1,3,38,0,0,(Guitar: Capo 3) | 3 | 3
guitarSvg/E485.svg,old,1/1,2,33,0,6,0,0,0,1,0,0,0,5,2,0,2,1,1,0,0,0,0,1,1,17,0,0,(Guitar: Capo 1)
guitarSvg/E486.svg,old,1/1,4,80,0,6,0,1,0,7,0,0,6,9,2,0,4,1,0,1,0,0,0,1,1,42,0,0,(Guitar: Capo 3)
guitarSvg/E487.svg,old,1/1,4,76,0,4,0,0,0,3,0,30,5,28,1,0,4,1,0,0,0,0,0,1,1,26,0,0,(Guitar: Capo 3)
guitarSvg/E488.svg,old,1/1,4,39,0,4,0,0,0,0,0,0,0,0,1,0,4,1,7,0,0,0,0,1,1,17,0,0,(Guitar: Capo 3)
guitarSvg/E489.svg,old,1/1,4,37,0,1,0,0,0,0,0,0,1,0,2,0,4,1,5,0,0,0,0,1,1,41,0,0,(Guitar)
guitarSvg/E49.svg,old,1/1,2,28,0,2,0,0,0,3,0,0,0,3,1,0,2,1,1,0,0,0,0,1,1,15,0,0,(Guitar: Capo 3)
guitarSvg/E490.svg,old,1/1,4,32,0,8,0,0,0,0,0,0,0,3,2,0,4,1,0,0,0,0,0,1,1,17,0,0,(Guitar)
guitarSvg/E491.svg,old,1/1,4,42,0,9,0,0,0,0,0,0,1,0,2,0,4,1,10,0,0,0,0,1,1,13,0,0,(Guitar)
guitarSvg/E492.svg,old,1/1,4,38,0,8,0,0,0,0,0,0,0,1,1,0,4,1,6,0,0,0,0,1,1,13,0,0,(Guitar)
guitarSvg/E493.svg,old,1/1,4,38,0,4,0,0,0,0,0,0,1,1,2,0,4,1,6,0,0,0,0,1,1,21,0,0,(Guitar)
guitarSvg/E494.svg,old,1/1,4,38,0,8,0,0,0,0,0,0,0,1,1,0,4,1,6,0,0,0,0,1,1,13,0,0,(Guitar)
guitarSvg/E495.svg,old,1/1,2,31,0,2,0,0,0,1,0,0,0,5,2,0,2,1,2,0,0,0,0,1,1,19,0,0,(Guitar: Capo 3)
guitarSvg/E496.svg,old,1/1,4,41,0,1,0,0,0,2,0,0,0,2,1,0,4,1,1,0,0,0,0,1,1,20,0,0,(Guitar)
guitarSvg/E497.svg,old,1/1,4,40,0,10,0,0,0,0,0,0,0,0,1,0,4,1,0,0,0,0,0,1,1,24,0,0,(Guitar)
guitarSvg/E498.svg,old,1/1,4,68,0,10,0,1,0,6,0,13,3,17,6,0,4,1,11,0,0,0,0,1,1,40,0,0,(Guitar)
guitarSvg/E499.svg,old,1/1,4,84,0,4,0,0,0,2,0,0,0,8,1,0,4,1,16,0,0,0,0,1,2,37,0,0,(Guitar) | (Repeat the last two lines of each stanza)
guitarSvg/E5.svg,old,1/1,4,68,0,9,0,0,0,0,0,8,0,0,1,0,4,1,8,0,0,0,0,1,1,36,0,0,(Guitar: Capo 3)
guitarSvg/E50.svg,old,1/1,4,40,0,8,1,0,0,0,0,0,1,1,1,0,4,1,0,0,0,0,0,1,1,31,0,0,(Guitar: Capo 3)
guitarSvg/E500.svg,old,1/1,4,84,0,4,0,0,0,2,0,0,0,8,1,0,4,1,16,0,0,0,0,1,2,36,0,0,(Guitar) | (Repeat the last two lines of each stanza)
guitarSvg/E501.svg,old,1/1,4,74,0,5,0,0,0,16,0,22,1,7,2,0,4,1,9,3,0,0,0,1,1,27,0,0,(Guitar)
guitarSvg/E502.svg,old,1/1,4,65,0,8,0,0,0,19,0,7,1,6,2,0,4,1,11,0,0,0,0,1,1,27,0,0,(Guitar: Capo 3)
guitarSvg/E503.svg,old,1/1,5,113,0,22,0,2,0,45,0,2,1,17,2,0,5,1,15,2,0,0,0,1,1,48,0,0,(Guitar: Capo 1)
guitarSvg/E504.svg,old,1/1,2,28,0,2,0,0,0,0,0,0,1,3,2,0,2,1,2,0,0,0,0,1,1,15,0,0,(Guitar: Capo 3)
guitarSvg/E505.svg,new,,5,66,0,20,0,0,0,3,0,1,1,5,1,0,5,1,11,0,0,0,0,1,1,0,0,0,(Guitar: Capo 1)
guitarSvg/E506.svg,old,1/1,3,34,0,15,0,0,0,2,0,0,0,4,8,0,3,1,0,0,0,0,0,1,1,27,0,0,(Guitar: Capo 4)
guitarSvg/E507.svg,old,1/1,4,57,0,4,1,0,0,0,0,0,0,13,2,0,4,1,6,0,0,0,0,1,1,23,0,0,(Guitar: Capo 3)
guitarSvg/E508.svg,old,1/1,4,59,0,15,0,3,0,2,0,5,1,6,1,0,4,1,7,0,0,0,0,1,1,24,0,0,(Guitar: Capo 1)
guitarSvg/E509.svg,old,1/1,4,74,0,20,0,4,0,4,0,11,9,26,2,0,4,1,11,1,0,0,0,1,1,27,0,0,(Guitar: Capo 1)
guitarSvg/E51.svg,old,1/1,4,48,0,12,0,0,0,0,0,0,1,7,1,0,4,1,0,0,0,0,0,1,1,23,0,0,(Guitar: Capo 1)
guitarSvg/E510.svg,old,1/1,2,34,0,4,0,0,0,0,0,3,1,1,2,0,2,1,6,1,0,0,0,1,1,13,0,0,(Guitar)
guitarSvg/E511.svg,old,1/1,4,82,0,5,0,0,0,2,0,16,1,31,2,0,4,1,20,0,0,0,0,1,1,32,0,0,(Guitar)
guitarSvg/E512.svg,old,1/1,3,40,0,2,0,0,0,5,0,0,0,5,1,0,3,1,0,0,0,0,0,1,1,29,0,0,(Guitar)
guitarSvg/E513.svg,old,1/1,4,75,0,12,0,0,0,25,0,1,6,16,2,0,4,1,8,1,0,0,0,1,1,29,0,0,(Guitar: Capo 1)
guitarSvg/E514.svg,old,1/1,5,88,0,22,0,2,0,11,0,30,2,17,1,0,5,1,0,1,0,0,0,1,1,39,0,0,(Guitar: Capo 1)
guitarSvg/E515.svg,old,1/1,5,89,0,15,2,0,0,0,0,3,0,6,2,0,5,1,17,2,0,0,0,1,1,71,0,0,(Guitar)
guitarSvg/E516.svg,old,1/1,4,38,0,8,0,0,0,0,0,0,0,1,1,0,4,1,6,0,0,0,0,1,1,13,0,0,(Guitar)
guitarSvg/E517.svg,old,1/1,6,57,0,0,0,0,0,5,0,0,3,10,2,0,6,1,0,0,0,0,0,1,1,35,0,0,(Guitar)
guitarSvg/E518.svg,old,1/1,4,59,0,0,0,0,0,0,0,9,0,3,1,0,4,1,1,1,0,0,0,1,1,27,0,0,(Guitar)
guitarSvg/E519.svg,old,1/1,4,78,0,12,0,0,0,18,0,6,1,25,2,0,4,1,20,0,0,0,0,1,1,44,0,0,(Guitar: Capo 1)
guitarSvg/E52.svg,old,1/1,4,55,0,16,0,0,0,5,0,14,0,7,2,0,4,1,7,0,0,0,0,1,1,18,0,0,(Guitar: Capo 1)
guitarSvg/E520.svg,old,1/1,2,33,0,0,0,0,0,0,0,0,1,1,2,0,2,1,1,0,0,0,0,1,1,29,0,0,(Guitar)
guitarSvg/E521.svg,old,1/1,3,44,0,6,2,0,0,1,0,0,1,5,1,0,3,1,0,0,0,0,0,1,1,25,0,0,(Guitar)
guitarSvg/E522.svg,old,1/1,4,74,0,5,0,1,0,0,0,0,2,12,2,0,4,1,18,1,0,0,0,1,1,23,0,0,(Guitar: Capo 3)
guitarSvg/E523.svg,old,1/1,6,114,0,2,0,0,0,2,0,5,1,14,2,0,6,1,14,0,0,0,0,1,1,68,0,0,(Guitar)
guitarSvg/E524.svg,old,1/1,4,56,0,5,0,1,0,0,0,7,6,5,1,0,4,1,1,0,0,0,0,1,1,39,0,0,(Guitar: Capo 3)
guitarSvg/E525.svg,old,1/1,6,48,0,12,2,0,0,0,0,0,0,6,2,0,6,1,6,0,0,0,0,1,1,38,0,0,(Guitar)
guitarSvg/E526.svg,old,1/1,3,54,0,3,0,0,0,0,0,0,0,6,2,0,3,1,6,0,0,0,0,1,1,38,0,0,(Guitar)
guitarSvg/E527.svg,old,1/1,2,35,0,3,0,1,0,0,0,3,1,2,2,0,2,1,7,0,0,0,0,1,1,19,0,0,(Guitar: Capo 3)
guitarSvg/E528.svg,old,1/1,2,33,0,2,0,0,0,2,0,2,1,2,1,0,2,1,3,0,0,0,0,1,1,20,0,0,(Guitar)
guitarSvg/E529.svg,old,1/1,4,64,0,4,0,0,0,0,0,16,1,17,2,0,4,1,0,0,0,0,0,1,1,36,0,0,(Guitar: Capo 3)
guitarSvg/E53.svg,old,1/1,4,44,0,17,0,1,0,4,0,9,2,6,1,0,4,1,4,0,0,0,0,1,1,19,0,0,(Guitar: Capo 1)
guitarSvg/E530.svg,old,1/1,4,59,0,16,0,0,0,15,0,7,2,10,2,0,4,1,4,1,0,0,0,1,1,24,0,0,(Guitar: Capo 1)
guitarSvg/E531.svg,old,1/1,4,47,0,12,0,0,0,17,0,0,0,13,2,0,4,1,5,0,0,0,0,1,1,30,0,0,(Guitar: Capo 1)
guitarSvg/E532.svg,old,1/1,6,54,0,9,6,2,0,0,0,0,0,6,2,0,6,1,6,0,0,0,0,1,1,42,0,0,(Guitar: Capo 3)
guitarSvg/E533.svg,old,1/1,2,32,0,3,0,1,0,0,0,0,0,5,2,0,2,1,2,0,0,0,0,1,1,23,0,0,(Guitar: Capo 3)
guitarSvg/E534.svg,old,1/1,4,69,0,13,1,1,0,2,0,16,1,4,1,0,4,1,0,0,0,0,0,1,1,27,0,0,(Guitar: Capo 1)
guitarSvg/E535.svg,old,1/1,6,54,0,6,0,0,0,0,0,0,0,6,2,0,6,1,6,0,0,0,0,1,1,38,0,0,(Guitar)
guitarSvg/E536.svg,old,1/1,4,48,0,4,0,0,0,0,0,3,1,1,2,0,4,1,4,0,0,0,0,1,1,21,0,0,(Guitar)
guitarSvg/E537.svg,old,1/1,4,69,0,4,0,0,0,25,0,5,2,4,2,0,4,1,7,0,0,0,0,1,1,28,0,0,(Guitar: Capo 3)
guitarSvg/E538.svg,old,1/1,4,60,0,4,0,0,0,6,0,24,1,14,2,0,4,1,0,0,0,0,0,1,1,21,0,0,(Guitar)
guitarSvg/E539.svg,old,1/1,4,65,0,2,0,0,0,17,0,13,1,1,2,0,4,1,10,0,0,0,0,1,1,29,0,0,(Guitar)
guitarSvg/E54.svg,old,1/1,4,41,0,12,0,0,0,3,0,0,1,4,1,0,4,1,1,0,0,0,0,1,1,32,0,0,(Guitar: Capo 1)
guitarSvg/E540.svg,old,1/1,4,60,0,16,0,0,0,9,0,0,1,21,2,0,4,1,0,0,0,0,0,1,1,28,0,0,(Guitar: Capo 1)
guitarSvg/E541.svg,old,1/1,4,44,0,12,0,0,0,3,0,0,0,3,1,0,4,1,0,0,0,0,0,1,1,27,0,0,(Guitar)
guitarSvg/E542.svg,old,1/1,4,60,0,4,0,0,0,8,0,16,1,8,2,0,4,1,0,0,0,0,0,1,1,19,0,0,(Guitar)
guitarSvg/E543.svg,old,1/1,2,28,0,2,0,0,0,0,0,0,1,3,2,0,2,1,2,0,0,0,0,1,1,15,0,0,(Guitar: Capo 3)
guitarSvg/E544.svg,old,1/1,4,51,0,4,0,0,0,3,0,0,1,6,1,0,4,1,7,0,0,0,0,1,1,27,0,0,(Guitar: Capo 3)
guitarSvg/E545.svg,old,1/1,3,42,0,9,0,0,0,3,0,0,0,3,1,0,3,1,0,0,0,0,0,1,1,28,0,0,(Guitar: Capo 1)
guitarSvg/E546.svg,old,1/1,4,52,0,16,0,0,0,0,0,0,0,2,1,0,4,1,0,0,0,0,0,1,1,27,0,0,(Guitar: Capo 1)
guitarSvg/E547.svg,old,1/1,2,33,0,2,0,0,0,0,0,2,0,0,1,0,2,1,3,0,0,0,0,1,1,12,0,0,(Guitar: Capo 3)
guitarSvg/E548.svg,old,1/1,2,28,0,2,0,0,0,6,0,1,0,6,1,0,2,1,0,0,0,0,0,1,1,10,0,0,(Guitar: Capo 3)
guitarSvg/E549.svg,old,1/1,4,40,0,5,0,1,0,0,0,0,0,0,1,0,4,1,0,0,0,0,0,1,1,21,0,0,(Guitar: Capo 3)
guitarSvg/E55.svg,old,1/1,4,44,0,17,0,1,0,4,0,9,2,6,1,0,4,1,4,0,0,0,0,1,1,19,0,0,(Guitar: Capo 1)
guitarSvg/E550.svg,old,1/1,4,52,0,13,0,1,0,12,0,0,0,12,1,0,4,1,0,0,0,0,0,1,1,32,0,0,(Guitar: Capo 1)
guitarSvg/E551.svg,old,1/1,6,96,0,18,0,0,0,0,0,64,1,39,1,0,6,1,0,1,0,0,0,1,1,27,0,0,(Guitar)
guitarSvg/E552.svg,old,1/1,4,60,0,5,0,1,0,5,0,29,1,18,2,0,4,1,0,0,0,0,0,1,1,31,0,0,(Guitar: Capo 3)
guitarSvg/E553.svg,old,1/1,5,67,0,7,2,0,0,0,0,36,1,5,2,0,5,1,0,1,0,0,0,1,2,34,0,0,(Guitar) | (Repeat the last line of each stanza)
guitarSvg/E554.svg,old,1/1,4,75,0,17,0,1,0,15,0,23,1,7,2,0,4,1,6,1,0,0,0,1,1,29,0,0,(Guitar: Capo 1)
guitarSvg/E555.svg,old,1/1,4,43,0,12,0,0,0,2,0,0,0,5,1,0,4,1,1,0,0,0,0,1,1,21,0,0,(Guitar: Capo 1)
guitarSvg/E556.svg,old,1/1,4,40,0,0,0,0,0,12,0,0,0,16,2,0,4,1,1,0,0,0,0,1,2,23,0,0,"(Guitar) | Old World plant, prized for its fragrant yellow and white flowers. (Song of Sol. 1:14, A.S.V.)"
guitarSvg/E557.svg,old,1/1,3,34,0,3,0,0,0,0,0,0,1,7,1,0,3,1,0,1,0,0,0,1,1,17,0,0,(Guitar: Capo 3)
guitarSvg/E558.svg,old,1/1,4,63,0,4,0,0,0,0,0,16,0,8,1,0,4,1,0,0,0,0,0,1,1,30,0,0,(Guitar)
guitarSvg/E559.svg,old,1/1,4,60,0,1,0,0,0,7,0,16,1,7,2,0,4,1,0,0,0,0,0,1,1,24,0,0,(Guitar)
guitarSvg/E56.svg,old,1/1,4,38,0,0,0,0,0,2,0,4,1,4,2,0,4,1,10,0,0,0,0,1,1,13,0,0,(Guitar)
guitarSvg/E560.svg,old,1/1,3,48,0,5,0,0,0,6,0,0,1,6,1,0,3,1,0,0,0,0,0,1,1,38,0,0,(Guitar)
guitarSvg/E561.svg,old,1/1,2,33,0,3,0,0,0,0,0,3,0,0,2,0,2,1,3,0,0,0,0,1,1,17,0,0,(Guitar)
guitarSvg/E562.svg,old,1/1,4,62,0,4,0,0,0,0,0,0,1,9,2,0,4,1,9,0,0,0,0,1,1,40,0,0,(Guitar: Capo 3)
guitarSvg/E563.svg,old,1/1,4,40,0,12,0,0,0,0,0,0,0,1,1,0,4,1,0,0,0,0,0,1,1,35,0,0,(Guitar: Capo 1)
guitarSvg/E564.svg,old,1/1,5,111,0,10,0,0,0,7,0,0,2,7,1,0,5,1,1,0,0,0,0,1,1,53,0,0,(Guitar)
guitarSvg/E565.svg,old,1/1,4,76,0,23,0,3,0,0,0,1,2,6,2,0,4,1,3,0,0,0,0,1,1,36,0,0,(Guitar: Capo 1)
guitarSvg/E566.svg,old,1/1,6,65,0,19,0,1,0,5,0,0,3,12,1,0,6,1,2,0,0,0,0,1,1,47,0,0,(Guitar: Capo 1)
guitarSvg/E567.svg,old,1/1,2,26,0,2,0,0,0,4,0,0,1,6,1,0,2,1,0,0,0,0,0,1,1,23,0,0,(Guitar: Capo 3)
guitarSvg/E568.svg,old,1/1,4,60,0,4,0,0,0,7,0,0,0,7,1,0,4,1,0,0,0,0,0,1,1,26,0,0,(Guitar)
guitarSvg/E569.svg,old,1/1,4,59,0,4,1,0,0,0,0,0,0,8,2,0,4,1,3,1,0,0,0,1,1,29,0,0,(Guitar: Capo 3)
guitarSvg/E57.svg,old,1/1,2,34,0,8,0,0,0,0,0,2,1,2,2,0,2,1,7,0,0,0,0,1,1,14,0,0,(Guitar: Capo 1)
guitarSvg/E570.svg,old,1/1,4,60,0,12,0,0,0,1,0,24,1,9,2,0,4,1,0,0,0,0,0,1,1,40,0,0,(Guitar: Capo 1)
guitarSvg/E571.svg,old,1/1,4,49,0,8,0,0,0,2,0,5,0,2,1,0,4,1,5,0,0,0,0,1,1,28,0,0,(Guitar: Capo 3)
guitarSvg/E572.svg,old,1/1,4,66,0,16,0,0,0,0,0,0,2,11,2,0,4,1,11,0,0,0,0,1,1,36,0,0,(Guitar: Capo 1)
guitarSvg/E573.svg,old,1/1,4,62,0,0,0,0,0,11,1,17,4,13,2,0,4,1,4,1,0,0,0,1,1,32,0,0,(Guitar)
guitarSvg/E574.svg,old,1/1,2,44,0,7,0,1,0,2,0,0,1,2,2,0,2,1,0,0,0,0,0,1,1,25,0,0,(Guitar: Capo 1)
guitarSvg/E575.svg,old,1/1,4,40,0,5,0,1,0,0,0,0,0,0,1,0,4,1,0,0,0,0,0,1,1,21,0,0,(Guitar: Capo 3)
guitarSvg/E576.svg,old,1/1,4,56,0,12,0,0,0,11,0,0,1,15,1,0,4,1,0,0,0,0,0,1,1,24,0,0,(Guitar: Capo 1)
guitarSvg/E577.svg,old,1/1,4,50,0,4,2,0,0,0,0,0,4,4,1,0,4,1,3,2,0,0,0,1,1,31,0,0,(Guitar: Capo 3)
guitarSvg/E578.svg,old,1/1,4,35,0,8,0,0,0,0,0,0,0,3,2,0,4,1,3,0,0,0,0,1,1,15,0,0,(Guitar)
guitarSvg/E579.svg,old,1/1,6,85,0,7,0,0,0,9,0,0,0,9,1,0,6,1,1,0,0,0,0,1,1,38,0,0,(Guitar)
guitarSvg/E58.svg,old,1/1,4,60,0,12,0,0,0,10,0,3,1,14,1,0,4,1,4,0,0,0,0,1,1,24,0,0,(Guitar)
guitarSvg/E580.svg,old,1/1,4,44,0,8,0,0,0,0,0,24,0,16,1,0,4,1,0,0,0,0,0,1,1,18,0,0,(Guitar: Capo 3)
guitarSvg/E581.svg,old,1/1,5,90,0,7,0,2,0,0,0,0,6,13,4,0,5,1,6,1,0,0,0,1,1,57,0,0,(Guitar: Capo 3)
guitarSvg/E582.svg,old,1/1,3,65,0,3,0,0,0,0,0,9,1,1,2,0,3,1,0,0,0,0,0,1,1,33,0,0,(Guitar: Capo 3)
guitarSvg/E583.svg,old,1/1,2,28,0,2,0,0,0,4,0,0,0,4,1,0,2,1,0,0,0,0,0,1,1,18,0,0,(Guitar: Capo 3)
guitarSvg/E584.svg,old,1/1,6,72,0,1,0,0,0,24,0,0,0,24,2,0,6,1,6,0,0,0,0,1,1,47,0,0,(Guitar)
guitarSvg/E585.svg,old,1/1,4,74,0,0,0,0,0,5,0,7,1,5,1,0,4,1,9,5,0,0,0,1,1,43,0,0,(Guitar)
guitarSvg/E586.svg,old,1/1,4,66,0,4,0,0,0,20,2,20,7,34,1,0,4,1,0,4,0,0,0,1,1,39,0,0,(Guitar: Capo 3)
guitarSvg/E587.svg,old,1/1,4,56,0,12,0,0,0,8,0,2,0,8,1,0,4,1,2,0,0,0,0,1,1,36,0,0,(Guitar: Capo 1)
guitarSvg/E588.svg,old,1/1,2,42,0,5,0,0,0,0,0,0,1,0,2,0,2,1,10,0,0,0,0,1,1,13,0,0,(Guitar)
guitarSvg/E589.svg,old,1/1,4,62,0,12,0,0,0,11,0,2,0,11,2,0,4,1,2,1,0,0,0,1,1,33,0,0,(Guitar: Capo 1)
guitarSvg/E59.svg,old,1/1,5,53,0,15,1,0,0,0,0,0,1,1,2,0,5,1,9,0,0,0,0,1,1,40,0,0,(Guitar: Capo 1)
guitarSvg/E590.svg,old,1/1,2,34,0,4,0,0,0,0,0,0,0,2,2,0,2,1,4,0,0,0,0,1,1,22,0,0,(Guitar)
guitarSvg/E591.svg,old,1/1,6,71,0,18,0,0,0,12,0,4,4,20,1,0,6,1,0,0,0,0,0,1,1,27,0,0,(Guitar: Capo 1)
guitarSvg/E592.svg,old,1/1,2,40,0,4,0,0,0,4,0,0,1,9,2,0,2,1,0,5,0,0,0,1,1,20,0,0,(Guitar: Capo 3)
guitarSvg/E593.svg,old,1/1,4,44,0,4,0,0,0,0,0,0,0,0,1,0,4,1,0,0,0,0,0,1,1,21,0,0,(Guitar)
guitarSvg/E594.svg,old,1/1,4,45,0,4,0,0,0,0,0,0,0,0,1,0,4,1,1,0,0,0,0,1,1,26,0,0,(Guitar: Capo 3)
guitarSvg/E595.svg,old,1/1,5,75,0,5,0,0,0,2,0,0,1,10,2,0,5,1,0,0,0,0,0,1,1,29,0,0,(Guitar)
guitarSvg/E596.svg,old,1/1,4,42,0,8,0,0,0,0,0,0,0,0,1,0,4,1,0,0,0,0,0,1,1,27,0,0,(Guitar: Capo 3)
guitarSvg/E597.svg,old,1/1,2,36,0,1,0,0,0,4,0,3,1,5,2,0,2,1,8,0,0,0,0,1,1,37,0,0,(Guitar)
guitarSvg/E598.svg,old,1/1,4,76,0,5,0,1,0,1,0,0,0,1,1,0,4,1,4,0,0,0,0,1,1,52,0,0,(Guitar: Capo 3)
guitarSvg/E599.svg,old,1/1,2,38,0,4,0,1,0,0,0,0,0,6,2,0,2,1,6,0,0,0,0,1,1,26,0,0,(Guitar: Capo 3)
guitarSvg/E6.svg,old,1/1,2,46,0,6,0,0,0,4,0,0,0,4,1,0,2,1,0,0,0,0,0,1,1,20,0,0,(Guitar: Capo 1)
guitarSvg/E60.svg,old,1/1,4,59,0,4,0,0,0,6,0,5,0,6,1,0,4,1,7,0,0,0,0,1,1,24,0,0,(Guitar: Capo 3)
guitarSvg/E600.svg,old,1/1,3,38,0,3,0,0,0,16,0,2,1,3,2,0,3,1,4,0,0,0,0,1,1,13,0,0,(Guitar)
guitarSvg/E601.svg,old,1/1,4,66,0,15,0,0,0,0,0,0,1,1,2,0,4,1,10,2,0,0,0,1,1,23,0,0,(Guitar)
guitarSvg/E602.svg,old,1/1,3,47,0,15,0,0,0,3,0,2,0,3,1,0,3,1,2,0,0,0,0,1,1,25,0,0,(Guitar: Capo 4)
guitarSvg/E603.svg,old,1/1,3,37,0,3,1,0,0,4,0,0,1,7,1,0,3,1,1,0,0,0,0,1,1,21,0,0,(Guitar: Capo 3)
guitarSvg/E604.svg,old,1/1,3,48,0,9,0,0,0,0,0,0,1,7,1,0,3,1,0,0,0,0,0,1,1,23,0,0,(Guitar: Capo 1)
guitarSvg/E605.svg,old,1/1,3,63,0,8,0,0,0,0,0,0,0,3,1,0,3,1,3,0,0,0,0,1,1,53,0,0,(Guitar)
guitarSvg/E606.svg,old,1/1,2,32,0,6,3,0,0,0,0,0,1,4,2,0,2,1,4,0,0,0,0,1,1,18,0,0,(Guitar)
guitarSvg/E607.svg,old,1/1,2,28,0,1,0,0,0,0,0,0,1,2,1,0,2,1,0,0,0,0,0,1,1,20,0,0,(Guitar)
guitarSvg/E608.svg,old,1/1,4,78,0,8,0,0,0,6,0,16,10,6,1,0,4,1,0,3,0,0,0,1,1,25,0,0,(Guitar: Capo 3)
guitarSvg/E609.svg,old,1/1,2,41,0,8,0,0,0,1,0,2,1,2,2,0,2,1,8,0,0,0,0,1,1,13,0,0,(Guitar: Capo 1)
guitarSvg/E61.svg,old,1/1,2,39,0,9,0,1,0,0,0,1,1,1,2,0,2,1,6,0,0,0,0,1,1,16,0,0,(Guitar: Capo 1)
guitarSvg/E610.svg,old,1/1,2,37,0,2,0,0,0,0,0,0,0,4,2,0,2,1,5,0,0,0,0,1,1,12,0,0,(Guitar: Capo 3)
guitarSvg/E611.svg,old,1/1,2,33,0,6,0,0,0,1,0,0,0,5,2,0,2,1,1,0,0,0,0,1,1,17,0,0,(Guitar: Capo 1)
guitarSvg/E612.svg,old,1/1,4,50,0,8,0,0,0,4,0,4,0,4,1,0,4,1,1,0,0,0,0,1,1,25,0,0,(Guitar)
guitarSvg/E613.svg,old,1/1,3,43,0,0,0,0,0,0,0,0,1,1,2,0,3,1,9,1,0,0,0,1,2,24,0,0,(Guitar) | (Repeat the last line of each stanza)
guitarSvg/E614.svg,old,1/1,4,44,0,4,0,0,0,5,0,0,1,6,1,0,4,1,2,0,0,0,0,1,1,24,0,0,(Guitar: Capo 3)
guitarSvg/E615.svg,old,1/1,2,37,0,2,0,0,0,0,0,0,1,1,2,0,2,1,11,0,0,0,0,1,1,24,0,0,(Guitar: Capo 3)
guitarSvg/E616.svg,old,1/1,4,65,0,8,0,0,0,0,0,0,3,14,2,0,4,1,5,0,0,0,0,1,1,47,0,0,(Guitar)
guitarSvg/E617.svg,old,1/1,4,39,0,14,0,1,0,0,0,0,0,1,1,0,4,1,7,0,0,0,0,1,1,33,0,0,(Guitar: Capo 1)
guitarSvg/E618.svg,old,1/1,4,83,0,12,0,2,0,10,0,9,1,16,2,0,4,1,9,0,0,0,0,1,1,25,0,0,(Guitar: Capo 3)
guitarSvg/E619.svg,old,1/1,2,34,0,5,0,1,0,0,0,2,4,0,2,0,2,1,3,0,0,0,0,1,1,32,0,0,(Guitar: Capo 3)
guitarSvg/E62.svg,old,1/1,6,89,0,22,0,4,0,24,0,3,1,21,1,0,6,1,4,0,0,0,0,1,1,40,0,0,(Guitar: Capo 1)
guitarSvg/E620.svg,old,1/1,6,95,0,15,0,2,0,7,0,30,1,25,1,0,6,1,11,1,0,0,0,1,1,49,0,0,(Guitar: Capo 3)
guitarSvg/E621.svg,old,1/1,4,57,0,22,0,2,0,8,0,2,1,12,1,0,4,1,0,0,0,0,0,1,1,41,0,0,(Guitar: Capo 1)
guitarSvg/E622.svg,old,1/1,4,48,0,12,0,0,0,4,0,0,0,4,1,0,4,1,0,0,0,0,0,1,1,16,0,0,(Guitar: Capo 1)
guitarSvg/E623.svg,old,1/1,4,64,0,29,0,6,0,2,0,31,1,16,2,0,4,1,0,6,0,0,0,1,1,25,0,0,(Guitar: Capo 1)
guitarSvg/E624.svg,old,1/1,3,60,0,6,0,0,0,2,0,0,1,2,2,0,3,1,11,0,0,0,0,1,1,38,0,0,(Guitar)
guitarSvg/E625.svg,old,1/1,2,31,0,2,0,0,0,1,0,0,0,5,2,0,2,1,3,0,0,0,0,1,1,19,0,0,(Guitar: Capo 3)
guitarSvg/E626.svg,old,1/1,6,81,0,12,0,0,0,5,0,8,12,11,1,0,6,1,0,0,0,0,0,1,1,43,0,0,(Guitar)
guitarSvg/E627.svg,old,1/1,2,28,0,8,0,0,0,0,0,0,0,2,1,0,2,1,0,0,0,0,0,1,1,19,0,0,(Guitar: Capo 1)
guitarSvg/E628.svg,old,1/1,4,60,0,5,0,0,0,8,0,8,8,12,1,0,4,1,0,0,0,0,0,1,1,33,0,0,(Guitar: Capo 3)
guitarSvg/E629.svg,old,1/1,3,36,0,4,0,1,0,6,0,0,1,8,1,0,3,1,0,0,0,0,0,1,1,18,0,0,(Guitar)
guitarSvg/E63.svg,old,1/1,2,30,0,2,0,0,0,0,0,0,1,3,2,0,2,1,2,0,0,0,0,1,1,30,0,0,(Guitar: Capo 3)
guitarSvg/E630.svg,old,1/1,4,74,0,4,0,0,0,0,0,17,1,3,1,0,4,1,3,0,0,0,0,1,1,35,0,0,(Guitar)
guitarSvg/E631.svg,old,1/1,4,53,0,8,0,0,0,11,0,0,3,14,1,0,4,1,0,0,0,0,0,1,1,25,0,0,(Guitar)
guitarSvg/E632.svg,old,1/1,2,34,0,3,0,1,0,4,0,1,2,5,2,0,2,1,5,0,0,0,0,1,1,25,0,0,(Guitar: Capo 3)
guitarSvg/E633.svg,old,1/1,2,44,0,9,0,1,0,4,0,9,2,6,1,0,2,1,2,0,0,0,0,1,1,19,0,0,(Guitar: Capo 1)
guitarSvg/E634.svg,old,1/1,4,67,0,4,2,0,0,3,0,0,0,3,1,0,4,1,1,0,0,0,0,1,1,49,0,0,(Guitar: Capo 3)
guitarSvg/E635.svg,old,1/1,2,61,0,5,0,0,0,6,0,0,1,14,2,0,2,1,1,0,0,0,0,1,1,29,0,0,(Guitar)
guitarSvg/E636.svg,old,1/1,2,28,0,4,0,0,0,0,0,0,0,4,2,0,2,1,2,0,0,0,0,1,1,22,0,0,(Guitar: Capo 3)
guitarSvg/E637.svg,old,1/1,3,53,0,16,0,0,0,0,0,0,0,5,2,0,3,1,11,0,0,0,0,1,1,34,0,0,(Guitar: Capo 4)
guitarSvg/E638.svg,old,1/1,2,33,0,6,0,0,0,1,0,0,0,5,2,0,2,1,1,0,0,0,0,1,1,17,0,0,(Guitar: Capo 1)
guitarSvg/E639.svg,old,1/1,4,40,0,4,0,0,0,0,0,0,0,1,1,0,4,1,0,0,0,0,0,1,1,18,0,0,(Guitar: Capo 3)
guitarSvg/E64.svg,old,1/1,4,60,0,16,2,0,0,4,0,8,1,8,1,0,4,1,8,0,0,0,0,1,1,40,0,0,(Guitar)
guitarSvg/E640.svg,old,1/1,2,42,0,4,0,0,0,0,0,0,0,0,1,0,2,1,0,0,0,0,0,1,1,16,0,0,(Guitar)
guitarSvg/E641.svg,old,1/1,4,75,0,12,0,0,0,0,0,15,0,0,2,0,4,1,15,0,0,0,0,1,1,27,0,0,(Guitar: Capo 1)
guitarSvg/E642.svg,old,1/1,2,42,0,7,0,1,0,0,0,0,2,4,1,0,2,1,0,0,0,0,0,1,1,31,0,0,(Guitar: Capo 1)
guitarSvg/E643.svg,old,1/1,4,48,0,4,0,0,0,0,0,0,0,24,2,0,4,1,4,0,0,0,0,1,1,35,0,0,(Guitar: Capo 3)
guitarSvg/E644.svg,old,1/1,4,66,0,4,0,0,0,5,0,0,0,5,1,0,4,1,0,0,0,0,0,1,1,54,0,0,(Guitar)
guitarSvg/E645.svg,old,1/1,4,72,0,7,0,1,0,2,0,2,6,10,2,0,4,1,6,0,0,0,0,1,1,30,0,0,(Guitar: Capo 3)
guitarSvg/E646.svg,old,1/1,4,52,0,1,0,0,0,2,0,0,1,6,1,0,4,1,0,0,0,0,0,1,1,36,0,0,(Guitar)
guitarSvg/E647.svg,old,1/1,2,30,0,9,0,1,0,3,0,0,0,3,1,0,2,1,0,0,0,0,0,1,1,14,0,0,(Guitar: Capo 1)
guitarSvg/E648.svg,old,1/1,4,48,0,5,1,1,0,6,0,1,0,6,1,0,4,1,1,0,0,0,0,1,1,35,0,0,(Guitar: Capo 3)
guitarSvg/E649.svg,old,1/1,4,78,0,26,0,5,0,4,0,8,1,10,6,0,4,1,0,0,0,0,0,1,1,39,0,0,(Guitar: Capo 1)
guitarSvg/E65.svg,old,1/1,4,44,0,4,0,0,0,5,0,0,1,6,1,0,4,1,2,0,0,0,0,1,1,24,0,0,(Guitar: Capo 3)
guitarSvg/E650.svg,old,1/1,5,85,0,1,0,0,0,15,0,22,1,17,2,0,5,1,16,0,0,0,0,1,1,51,0,0,(Guitar)
guitarSvg/E651.svg,old,1/1,4,48,0,12,0,0,0,4,0,0,0,4,1,0,4,1,0,0,0,0,0,1,1,16,0,0,(Guitar: Capo 1)
guitarSvg/E652.svg,old,1/1,4,69,0,9,0,0,0,6,0,30,1,12,2,0,4,1,1,2,0,0,0,1,1,32,0,0,(Guitar: Capo 3)
guitarSvg/E653.svg,old,1/1,2,29,0,6,1,0,0,3,0,6,0,4,1,0,2,1,5,0,0,0,0,1,1,27,0,0,(Guitar: Capo 1)
guitarSvg/E654.svg,old,1/1,2,42,0,6,0,0,0,2,0,0,0,4,1,0,2,1,0,0,0,0,0,1,1,31,0,0,(Guitar: Capo 1)
guitarSvg/E655.svg,old,1/1,4,56,0,6,2,0,0,1,0,2,1,6,1,0,4,1,2,0,0,0,0,1,1,33,0,0,(Guitar: Capo 3)
guitarSvg/E656.svg,old,1/1,4,41,0,1,0,0,0,2,0,0,0,2,1,0,4,1,1,0,0,0,0,1,1,20,0,0,(Guitar)
guitarSvg/E657.svg,old,1/1,4,46,0,8,0,0,0,1,0,0,0,1,1,0,4,1,2,0,0,0,0,1,1,35,0,0,(Guitar)
guitarSvg/E658.svg,old,1/1,2,28,0,2,0,0,0,0,0,0,1,0,2,0,2,1,0,2,0,0,0,1,1,18,0,0,(Guitar)
guitarSvg/E659.svg,old,1/1,4,72,0,5,0,1,0,4,0,16,5,9,1,0,4,1,1,0,0,0,0,1,1,30,0,0,(Guitar: Capo 3)
guitarSvg/E66.svg,old,1/1,4,78,0,4,0,0,0,1,0,16,1,5,1,0,4,1,16,0,0,0,0,1,1,16,0,0,(Guitar)
guitarSvg/E660.svg,old,1/1,4,44,0,4,0,0,0,0,0,0,0,0,1,0,4,1,0,0,0,0,0,1,1,26,0,0,(Guitar)
guitarSvg/E661.svg,old,1/1,3,52,0,12,0,0,0,0,0,0,1,3,2,0,3,1,10,0,0,0,0,1,1,33,0,0,(Guitar: Capo 2)
guitarSvg/E662.svg,old,1/1,2,33,0,8,0,0,0,9,0,4,1,3,2,0,2,1,7,0,0,0,0,1,1,17,0,0,(Guitar: Capo 1)
guitarSvg/E663.svg,old,1/1,6,67,0,6,0,0,0,0,0,0,0,0,1,0,6,1,1,0,0,0,0,1,1,55,0,0,(Guitar: Capo 3)
guitarSvg/E664.svg,old,1/1,2,35,0,6,2,0,0,0,0,0,0,2,2,0,2,1,5,0,0,0,0,1,1,24,0,0,(Guitar)
guitarSvg/E665.svg,old,1/1,2,34,0,4,0,0,0,0,0,5,1,1,1,0,2,1,6,0,0,0,0,1,1,19,0,0,(Guitar)
guitarSvg/E666.svg,old,1/1,4,51,0,5,0,1,0,1,0,12,0,7,1,0,4,1,1,0,0,0,0,1,1,28,0,0,(Guitar: Capo 3)
guitarSvg/E667.svg,old,1/1,2,31,0,1,0,0,0,8,0,0,1,15,2,0,2,1,1,0,0,0,0,1,1,23,0,0,(Guitar)
guitarSvg/E668.svg,old,1/1,6,84,0,12,0,0,0,0,0,0,6,6,2,0,6,1,7,1,0,0,0,1,1,59,0,0,(Guitar)
guitarSvg/E669.svg,old,1/1,4,44,0,4,0,0,0,7,0,0,0,7,1,0,4,1,0,0,0,0,0,1,1,42,0,0,(Guitar: Capo 3)
guitarSvg/E67.svg,old,1/1,4,59,0,10,0,1,0,3,0,16,1,3,2,0,4,1,0,3,0,0,0,1,1,20,0,0,(Guitar: Capo 3)
guitarSvg/E670.svg,old,1/1,4,57,0,16,0,0,0,0,0,20,2,17,1,0,4,1,1,1,0,0,0,1,1,27,0,0,(Guitar: Capo 1)
guitarSvg/E671.svg,old,1/1,4,40,0,4,0,0,0,1,0,0,0,1,1,0,4,1,0,0,0,0,0,1,1,21,0,0,(Guitar: Capo 3)
guitarSvg/E672.svg,old,1/1,4,41,0,5,0,1,0,0,0,0,0,0,1,0,4,1,1,0,0,0,0,1,1,28,0,0,(Guitar: Capo 3)
guitarSvg/E673.svg,old,1/1,4,64,0,4,0,0,0,16,0,16,1,17,2,0,4,1,0,0,0,0,0,1,1,29,0,0,(Guitar)
guitarSvg/E674.svg,old,1/1,2,38,0,2,0,0,0,0,0,0,1,1,2,0,2,1,5,0,0,0,0,1,1,21,0,0,(Guitar)
guitarSvg/E675.svg,old,1/1,2,33,0,2,0,0,0,0,0,5,1,2,1,0,2,1,5,0,0,0,0,1,1,22,0,0,(Guitar: Capo 3)
guitarSvg/E676.svg,old,1/1,4,60,0,16,0,0,0,9,0,0,1,21,2,0,4,1,0,0,0,0,0,1,1,28,0,0,(Guitar: Capo 1)
guitarSvg/E677.svg,old,1/1,6,90,0,0,0,0,0,4,0,24,1,4,2,0,6,1,0,1,0,0,0,1,1,49,0,0,(Guitar)
guitarSvg/E678.svg,old,1/1,2,31,0,4,0,0,0,0,0,4,1,1,1,0,2,1,4,0,0,0,0,1,1,20,0,0,(Guitar: Capo 3)
guitarSvg/E679.svg,old,1/1,3,86,0,5,0,2,0,4,0,22,5,19,1,0,3,1,8,1,0,0,0,1,1,32,0,0,(Guitar: Capo 3)
guitarSvg/E68.svg,old,1/1,4,69,0,10,0,2,0,6,0,33,1,19,2,0,4,1,9,0,0,0,0,1,4,19,0,0,(Guitar: Capo 3) | 3 | 3 | 3
guitarSvg/E680.svg,old,1/1,3,60,0,7,0,0,0,8,0,0,1,14,1,0,3,1,0,0,0,0,0,1,1,23,0,0,(Guitar)
guitarSvg/E681.svg,old,1/1,2,33,0,0,0,0,0,2,0,6,1,2,2,0,2,1,7,2,0,0,0,1,1,15,0,0,(Guitar)
guitarSvg/E682.svg,old,1/1,2,29,0,7,0,1,0,1,0,1,1,3,1,0,2,1,1,0,0,0,0,1,1,17,0,0,(Guitar: Capo 1)
guitarSvg/E683.svg,old,1/1,3,42,0,4,0,0,0,0,0,0,1,9,2,0,3,1,6,0,0,0,0,1,1,22,0,0,(Guitar)
guitarSvg/E684.svg,old,1/1,2,48,0,1,0,0,0,7,0,1,4,8,1,0,2,1,6,0,0,0,0,1,1,31,0,0,(Guitar)
guitarSvg/E685.svg,old,1/1,4,37,0,8,0,0,0,0,0,0,0,4,2,0,4,1,1,0,0,0,0,1,1,26,0,0,(Guitar)
guitarSvg/E686.svg,old,1/1,4,116,0,8,0,0,0,12,2,20,8,26,2,0,4,1,18,0,0,0,0,1,2,28,0,0,"(Guitar: Capo 3) | An Old World plant, prized for its fragrant yellow and white flowers. (Song of Sol. 1:14, A.S.V.)"
guitarSvg/E687.svg,old,1/1,4,43,0,0,0,0,0,3,0,0,1,5,1,0,4,1,5,0,0,0,0,1,1,31,0,0,(Guitar)
guitarSvg/E688.svg,old,1/1,4,135,0,24,0,8,0,29,1,23,5,13,2,0,4,1,25,0,0,0,0,1,1,40,0,0,(Guitar: Capo 3)
guitarSvg/E689.svg,old,1/1,3,66,0,3,0,0,0,0,0,1,1,0,2,0,3,1,1,0,0,0,0,1,1,28,0,0,(Guitar: Capo 3)
guitarSvg/E69.svg,old,1/1,4,62,0,5,0,1,0,8,0,2,1,8,1,0,4,1,4,0,0,0,0,1,1,36,0,0,(Guitar: Capo 3)
guitarSvg/E690.svg,old,1/1,6,77,0,24,0,0,0,17,0,6,4,21,2,0,6,1,13,0,0,0,0,1,1,52,0,0,(Guitar: Capo 1)
guitarSvg/E691.svg,old,1/1,3,46,0,6,0,0,0,4,0,1,0,4,1,0,3,1,1,0,0,0,0,1,1,15,0,0,(Guitar: Capo 3)
guitarSvg/E692.svg,old,1/1,4,68,0,4,0,0,0,10,0,12,1,13,1,0,4,1,2,0,0,0,0,1,1,26,0,0,(Guitar: Capo 3)
guitarSvg/E693.svg,old,1/1,4,42,0,12,0,0,0,0,0,0,0,0,1,0,4,1,10,0,0,0,0,1,1,24,0,0,(Guitar)
guitarSvg/E694.svg,old,1/1,4,61,0,18,0,2,0,7,0,11,0,14,2,0,4,1,7,1,0,0,0,1,1,32,0,0,(Guitar: Capo 1)
guitarSvg/E695.svg,old,1/1,4,70,0,2,0,0,0,18,0,15,1,4,2,0,4,1,4,1,0,0,0,1,1,34,0,0,(Guitar)
guitarSvg/E696.svg,old,1/1,2,28,0,4,0,0,0,0,0,0,1,2,1,0,2,1,0,0,0,0,0,1,1,21,0,0,(Guitar)
guitarSvg/E697.svg,old,1/1,4,63,0,4,0,0,0,8,0,24,1,13,2,0,4,1,0,1,0,0,0,1,1,23,0,0,(Guitar: Capo 3)
guitarSvg/E698.svg,old,1/1,4,60,0,4,0,0,0,0,0,16,1,0,2,0,4,1,4,0,0,0,0,1,1,23,0,0,(Guitar: Capo 3)
guitarSvg/E699.svg,old,1/1,4,47,0,9,2,1,0,0,0,0,4,3,1,0,4,1,2,0,0,0,0,1,1,26,0,0,(Guitar: Capo 3)
guitarSvg/E7.svg,old,1/1,4,62,0,12,0,0,0,9,0,8,0,11,1,0,4,1,0,0,0,0,0,1,1,20,0,0,(Guitar: Capo 1)
guitarSvg/E70.svg,old,1/1,4,59,0,4,0,0,0,12,0,8,1,9,2,0,4,1,7,0,0,0,0,1,1,20,0,0,(Guitar: Capo 3)
guitarSvg/E700.svg,old,1/1,3,43,0,13,0,0,0,12,0,2,0,13,2,0,3,1,6,0,0,0,0,1,1,20,0,0,(Guitar: Capo 2)
guitarSvg/E701.svg,old,1/1,5,75,0,5,0,0,0,2,0,0,1,10,2,0,5,1,0,0,0,0,0,1,1,29,0,0,(Guitar)
guitarSvg/E702.svg,old,1/1,4,64,0,16,0,2,0,16,0,16,1,17,2,0,4,1,0,2,0,0,0,1,1,40,0,0,(Guitar: Capo 1)
guitarSvg/E703.svg,old,1/1,4,76,0,5,0,1,0,0,0,16,1,29,2,0,4,1,16,1,0,0,0,1,1,32,0,0,(Guitar: Capo 3)
guitarSvg/E704.svg,old,1/1,2,43,0,2,0,0,0,0,0,1,1,0,2,0,2,1,1,0,0,0,0,1,1,30,0,0,(Guitar)
guitarSvg/E705.svg,old,1/1,4,60,0,4,0,0,0,0,0,6,1,0,2,0,4,1,4,1,0,0,0,1,1,31,0,0,(Guitar: Capo 3)
guitarSvg/E706.svg,old,1/1,4,58,0,4,0,0,0,5,0,6,4,6,1,0,4,1,6,1,0,0,0,1,1,25,0,0,(Guitar)
guitarSvg/E707.svg,old,1/1,4,82,0,8,0,0,0,4,0,26,0,4,2,0,4,1,0,1,0,0,0,1,1,37,0,0,(Guitar)
guitarSvg/E708.svg,old,1/1,6,91,0,2,0,1,0,8,0,0,7,27,2,0,6,1,11,0,0,0,0,1,1,50,0,0,(Guitar)
guitarSvg/E709.svg,old,1/1,2,47,0,5,0,0,0,13,0,1,0,18,2,0,2,1,7,0,0,0,0,1,1,29,0,0,(Guitar)
guitarSvg/E71.svg,old,1/1,2,35,0,7,0,0,0,0,0,0,1,1,2,0,2,1,7,0,0,0,0,1,1,15,0,0,(Guitar)
guitarSvg/E710.svg,old,1/1,4,52,0,1,0,0,0,2,0,0,1,6,1,0,4,1,0,0,0,0,0,1,1,29,0,0,(Guitar)
guitarSvg/E711.svg,old,1/1,6,95,0,13,0,0,0,0,0,0,1,6,2,0,6,1,17,3,0,0,0,1,1,56,0,0,(Guitar)
guitarSvg/E712.svg,old,1/1,2,33,0,6,0,0,0,1,0,0,0,5,2,0,2,1,1,0,0,0,0,1,1,17,0,0,(Guitar: Capo 1)
guitarSvg/E713.svg,old,1/1,4,76,0,12,0,0,0,8,0,17,8,9,1,0,4,1,2,0,0,0,0,1,1,24,0,0,(Guitar: Capo 1)
guitarSvg/E714.svg,old,1/1,2,38,0,8,0,0,0,1,0,1,1,2,2,0,2,1,10,1,0,0,0,1,1,31,0,0,(Guitar: Capo 1)
guitarSvg/E715.svg,old,1/1,4,67,0,6,0,1,0,10,0,11,3,14,5,0,4,1,2,0,0,0,0,1,1,38,0,0,(Guitar)
guitarSvg/E716.svg,old,1/1,2,44,0,2,0,0,0,0,0,4,1,2,2,0,2,1,2,0,0,0,0,1,1,33,0,0,(Guitar)
guitarSvg/E717.svg,old,1/1,4,83,0,4,0,0,0,11,0,20,2,7,1,0,4,1,4,3,0,0,0,1,1,26,0,0,(Guitar)
guitarSvg/E718.svg,old,1/1,2,21,0,4,0,0,0,0,0,0,0,2,1,0,2,1,1,0,0,0,0,1,1,14,0,0,(Guitar: Capo 3)
guitarSvg/E719.svg,old,1/1,6,66,0,6,0,0,0,0,0,0,0,0,1,0,6,1,0,0,0,0,0,1,1,47,0,0,(Guitar: Capo 3)
guitarSvg/E72.svg,old,1/1,2,29,0,2,0,0,0,0,0,0,1,0,2,0,2,1,1,0,0,0,0,1,1,23,0,0,(Guitar)
guitarSvg/E720.svg,old,1/1,4,82,0,14,0,0,0,2,0,16,1,31,2,0,4,1,8,1,0,0,0,1,1,30,0,0,(Guitar: Capo 1)
guitarSvg/E721.svg,old,1/1,6,107,0,21,0,2,0,12,0,35,10,14,2,0,6,1,5,1,0,0,0,1,1,51,0,0,(Guitar: Capo 1)
guitarSvg/E722.svg,old,1/1,4,74,0,23,0,3,0,9,0,15,3,11,1,0,4,1,3,0,0,0,0,1,1,33,0,0,(Guitar: Capo 1)
guitarSvg/E723.svg,old,1/1,4,47,0,4,0,0,0,0,0,1,1,0,2,0,4,1,1,0,0,0,0,1,1,26,0,0,(Guitar: Capo 3)
guitarSvg/E724.svg,old,1/1,4,50,0,8,0,0,0,2,0,5,1,5,1,0,4,1,7,1,0,0,0,1,1,26,0,0,(Guitar: Capo 3)
guitarSvg/E725.svg,old,1/1,3,50,0,9,0,0,0,0,0,0,1,2,2,0,3,1,8,1,0,0,0,1,1,26,0,0,(Guitar: Capo 1)
guitarSvg/E726.svg,old,1/1,6,55,0,8,0,2,0,0,0,0,1,1,2,0,6,1,11,0,0,0,0,1,1,34,0,0,(Guitar: Capo 3)
guitarSvg/E727.svg,old,1/1,2,40,0,6,0,0,0,0,0,8,0,8,2,0,2,1,4,0,0,0,0,1,1,15,0,0,(Guitar)
guitarSvg/E728.svg,old,1/1,2,45,0,2,0,0,0,0,0,4,1,1,2,0,2,1,3,0,0,0,0,1,1,23,0,0,(Guitar)
guitarSvg/E729.svg,old,1/1,3,43,0,3,0,0,0,0,0,4,3,3,1,0,3,1,4,0,0,0,0,1,1,20,0,0,(Guitar)
guitarSvg/E73.svg,old,1/1,2,40,0,4,0,0,0,8,0,4,1,13,2,0,2,1,10,0,0,0,0,1,1,11,0,0,(Guitar)
guitarSvg/E730.svg,old,1/1,3,62,0,8,0,0,0,0,0,0,0,3,1,0,3,1,2,0,0,0,0,1,1,53,0,0,(Guitar)
guitarSvg/E731.svg,old,1/1,2,26,0,0,0,0,0,0,0,0,1,0,2,0,2,1,2,0,0,0,0,1,1,22,0,0,(Guitar)
guitarSvg/E732.svg,old,1/1,4,66,0,17,0,3,0,12,0,6,1,14,2,0,4,1,0,1,0,0,0,1,1,25,0,0,(Guitar: Capo 1)
guitarSvg/E733.svg,old,1/1,2,32,0,4,0,0,0,0,0,0,0,3,2,0,2,1,0,0,0,0,0,1,1,16,0,0,(Guitar)
guitarSvg/E734.svg,old,1/1,2,37,0,2,0,0,0,0,0,0,1,0,2,0,2,1,5,0,0,0,0,1,1,10,0,0,(Guitar)
guitarSvg/E735.svg,old,1/1,2,43,0,8,0,0,0,0,0,2,0,1,2,0,2,1,11,0,0,0,0,1,1,13,0,0,(Guitar: Capo 1)
guitarSvg/E736.svg,old,1/1,2,41,0,8,0,0,0,1,0,2,1,2,2,0,2,1,9,0,0,0,0,1,1,13,0,0,(Guitar: Capo 1)
guitarSvg/E737.svg,old,1/1,2,22,0,6,0,0,0,4,0,0,0,4,1,0,2,1,0,0,0,0,0,1,1,16,0,0,(Guitar)
guitarSvg/E738.svg,old,1/1,2,38,0,3,0,1,0,0,0,0,1,1,2,0,2,1,10,0,0,0,0,1,1,13,0,0,(Guitar: Capo 3)
guitarSvg/E739.svg,old,1/1,4,40,0,5,0,0,0,0,0,0,0,0,1,0,4,1,0,0,0,0,0,1,1,16,0,0,(Guitar)
guitarSvg/E74.svg,old,1/1,4,68,0,8,0,0,0,4,0,0,2,15,2,0,4,1,0,1,0,0,0,1,1,35,0,0,(Guitar: Capo 3)
guitarSvg/E740.svg,old,1/1,2,44,0,2,0,0,0,0,0,0,1,0,2,0,2,1,10,0,0,0,0,1,1,17,0,0,(Guitar: Capo 3)
guitarSvg/E741.svg,old,1/1,4,70,0,5,0,1,0,0,0,0,0,4,2,0,4,1,10,0,0,0,0,1,1,30,0,0,(Guitar: Capo 3)
guitarSvg/E742.svg,old,1/1,2,37,0,2,0,0,0,0,0,0,0,4,2,0,2,1,5,0,0,0,0,1,1,12,0,0,(Guitar: Capo 3)
guitarSvg/E743.svg,old,1/1,2,33,0,2,0,0,0,0,0,2,0,0,1,0,2,1,3,0,0,0,0,1,1,12,0,0,(Guitar: Capo 3)
guitarSvg/E744.svg,old,1/1,2,29,0,2,0,0,0,0,0,0,1,4,2,0,2,1,1,0,0,0,0,1,1,16,0,0,(Guitar)
guitarSvg/E745.svg,old,1/1,2,29,0,6,0,0,0,0,0,0,1,3,1,0,2,1,1,0,0,0,0,1,1,20,0,0,(Guitar: Capo 1)
guitarSvg/E746.svg,old,1/1,2,44,0,2,0,0,0,0,0,0,1,0,2,0,2,1,10,0,0,0,0,1,1,17,0,0,(Guitar: Capo 3)
guitarSvg/E747.svg,old,1/1,2,40,0,6,0,0,0,0,0,1,1,0,2,0,2,1,7,0,0,0,0,1,1,16,0,0,(Guitar)
guitarSvg/E748.svg,old,1/1,2,30,0,8,0,0,0,0,0,0,1,1,2,0,2,1,0,0,0,0,0,1,1,20,0,0,(Guitar: Capo 1)
guitarSvg/E749.svg,old,1/1,2,40,0,2,0,0,0,2,0,0,1,2,2,0,2,1,8,0,0,0,0,1,1,15,0,0,(Guitar: Capo 3)
guitarSvg/E75.svg,old,1/1,2,30,0,2,0,0,0,0,0,0,0,0,1,0,2,1,0,0,0,0,0,1,1,17,0,0,(Guitar)
guitarSvg/E750.svg,old,1/1,4,64,0,8,0,0,0,1,0,10,2,5,1,0,4,1,4,1,0,0,0,1,1,27,0,0,(Guitar)
guitarSvg/E751.svg,old,1/1,4,44,0,12,0,0,0,3,0,0,0,3,1,0,4,1,0,0,0,0,0,1,1,27,0,0,(Guitar)
guitarSvg/E752.svg,old,1/1,2,45,0,5,0,0,0,5,0,8,1,12,2,0,2,1,12,0,0,0,0,1,1,20,0,0,(Guitar: Capo 3)
guitarSvg/E753.svg,old,1/1,2,38,0,4,0,0,0,0,0,3,1,0,2,0,2,1,6,0,0,0,0,1,1,21,0,0,(Guitar: Capo 3)
guitarSvg/E754.svg,old,1/1,2,31,0,2,0,0,0,0,0,0,1,4,2,0,2,1,1,0,0,0,0,1,1,21,0,0,(Guitar)
guitarSvg/E755.svg,old,1/1,4,74,0,0,0,0,0,5,0,7,1,5,1,0,4,1,10,5,0,0,0,1,1,43,0,0,(Guitar)
guitarSvg/E756.svg,old,1/1,6,94,0,12,0,0,0,0,0,0,1,13,2,0,6,1,0,2,0,0,0,1,1,59,0,0,(Guitar: Capo 3)
guitarSvg/E757.svg,old,1/1,2,42,0,2,0,0,0,0,0,0,1,0,2,0,2,1,10,0,0,0,0,1,2,13,0,0,(Guitar) | Vv. 4 and 5 may be omitted if hymn is sung for physical healing.
guitarSvg/E758.svg,old,1/1,5,100,0,0,0,0,0,4,4,65,1,44,1,0,5,1,3,0,0,0,0,1,1,35,0,0,(Guitar)
guitarSvg/E759.svg,old,1/1,4,65,0,16,0,0,0,6,0,22,2,14,4,0,4,1,2,0,0,0,0,1,1,38,0,0,(Guitar: Capo 1)
guitarSvg/E76.svg,old,1/1,4,46,0,8,0,0,0,1,0,0,0,1,1,0,4,1,2,0,0,0,0,1,1,35,0,0,(Guitar)
guitarSvg/E760.svg,old,1/1,4,65,0,2,0,0,0,17,0,13,1,1,2,0,4,1,4,0,0,0,0,1,1,29,0,0,(Guitar)
guitarSvg/E761.svg,old,1/1,2,32,0,6,3,0,0,0,0,0,1,4,2,0,2,1,4,0,0,0,0,1,1,18,0,0,(Guitar)
guitarSvg/E762.svg,old,1/1,4,40,0,5,0,1,0,0,0,0,0,0,1,0,4,1,0,0,0,0,0,1,1,21,0,0,(Guitar: Capo 3)
guitarSvg/E763.svg,old,1/1,2,32,0,6,3,0,0,0,0,0,1,4,2,0,2,1,4,0,0,0,0,1,1,18,0,0,(Guitar)
guitarSvg/E764.svg,old,1/1,2,41,0,6,0,0,0,1,0,0,0,2,1,0,2,1,1,0,0,0,0,1,1,17,0,0,(Guitar: Capo 1)
guitarSvg/E765.svg,old,1/1,2,24,0,4,0,0,0,3,0,0,0,4,1,0,2,1,0,0,0,0,0,1,1,22,0,0,(Guitar)
guitarSvg/E766.svg,old,1/1,4,80,0,8,0,0,0,0,0,16,1,33,2,0,4,1,8,0,0,0,0,1,1,42,0,0,(Guitar)
guitarSvg/E767.svg,old,1/1,2,29,0,2,0,0,0,4,0,0,1,4,2,0,2,1,1,1,0,0,0,1,1,13,0,0,(Guitar: Capo 3)
guitarSvg/E768.svg,old,1/1,2,24,0,2,0,0,0,0,0,0,1,4,1,0,2,1,1,0,0,0,0,1,1,19,0,0,(Guitar: Capo 3)
guitarSvg/E769.svg,old,1/1,2,30,0,2,0,0,0,4,0,0,0,4,2,0,2,1,2,0,0,0,0,1,1,14,0,0,(Guitar)
guitarSvg/E77.svg,old,1/1,2,33,0,3,0,1,0,0,0,0,0,4,2,0,2,1,1,0,0,0,0,1,1,19,0,0,(Guitar: Capo 3)
guitarSvg/E770.svg,old,1/1,4,66,0,16,0,0,0,8,0,24,3,23,1,0,4,1,16,0,0,0,0,1,1,27,0,0,(Guitar: Capo 1)
guitarSvg/E771.svg,old,1/1,2,29,0,2,0,0,0,0,0,0,1,3,2,0,2,1,1,0,0,0,0,1,1,19,0,0,(Guitar)
guitarSvg/E772.svg,old,1/1,4,56,0,9,0,1,0,5,0,0,0,5,1,0,4,1,0,0,0,0,0,1,1,24,0,0,(Guitar)
guitarSvg/E773.svg,old,1/1,4,39,0,4,0,0,0,0,0,0,0,0,1,0,4,1,7,0,0,0,0,1,1,17,0,0,(Guitar: Capo 3)
guitarSvg/E774.svg,old,1/1,2,38,0,4,0,0,0,0,0,3,1,0,2,0,2,1,6,0,0,0,0,1,1,21,0,0,(Guitar: Capo 3)
guitarSvg/E775.svg,old,1/1,4,57,0,16,0,0,0,0,0,20,2,17,1,0,4,1,1,1,0,0,0,1,1,27,0,0,(Guitar: Capo 1)
guitarSvg/E776.svg,old,1/1,2,35,0,6,2,0,0,0,0,0,0,2,2,0,2,1,5,0,0,0,0,1,1,24,0,0,(Guitar)
guitarSvg/E777.svg,old,1/1,3,45,0,14,0,0,0,5,0,0,5,5,5,0,3,1,5,0,0,0,0,1,1,30,0,0,(Guitar: Capo 1)
guitarSvg/E778.svg,old,1/1,3,46,0,6,0,0,0,5,0,3,1,6,1,0,3,1,9,0,0,0,0,1,2,32,0,0,(Guitar) | (Repeat the last line of each stanza)
guitarSvg/E779.svg,old,1/1,4,60,0,4,0,0,0,2,0,17,1,3,2,0,4,1,0,2,0,0,0,1,1,23,0,0,(Guitar)
guitarSvg/E78.svg,old,1/1,2,29,0,2,0,0,0,0,0,14,1,7,2,0,2,1,0,0,0,0,0,1,1,15,0,0,(Guitar)
guitarSvg/E780.svg,old,1/1,4,72,0,4,0,0,0,2,0,1,0,6,2,0,4,1,12,0,0,0,0,1,1,33,0,0,(Guitar: Capo 3)
guitarSvg/E781.svg,old,1/1,4,49,0,17,0,0,0,8,0,1,5,12,1,0,4,1,5,0,0,0,0,1,1,31,0,0,(Guitar: Capo 2)
guitarSvg/E782.svg,old,1/1,2,29,0,2,0,0,0,0,0,1,0,0,1,0,2,1,1,0,0,0,0,1,1,11,0,0,(Guitar: Capo 3)
guitarSvg/E783.svg,old,1/1,2,29,0,2,0,0,0,4,0,0,0,4,1,0,2,1,1,0,0,0,0,1,1,17,0,0,(Guitar)
guitarSvg/E784.svg,old,1/1,4,60,0,5,0,0,0,8,0,8,8,12,1,0,4,1,0,0,0,0,0,1,1,33,0,0,(Guitar: Capo 3)
guitarSvg/E785.svg,old,1/1,2,28,0,2,0,0,0,4,0,0,0,4,1,0,2,1,0,0,0,0,0,1,1,18,0,0,(Guitar: Capo 3)
guitarSvg/E786.svg,old,1/1,2,29,0,2,0,0,0,4,0,1,0,4,1,0,2,1,1,0,0,0,0,1,1,12,0,0,(Guitar)
guitarSvg/E787.svg,old,1/1,4,80,0,8,0,0,0,0,0,16,5,29,2,0,4,1,4,0,0,0,0,1,1,45,0,0,(Guitar)
guitarSvg/E788.svg,old,1/1,4,61,0,9,0,0,0,6,0,26,1,15,2,0,4,1,1,0,0,0,0,1,1,39,0,0,(Guitar)
guitarSvg/E789.svg,old,1/1,4,60,0,5,0,0,0,8,0,8,8,12,1,0,4,1,0,0,0,0,0,1,1,33,0,0,(Guitar: Capo 3)
guitarSvg/E79.svg,old,1/1,4,64,0,16,0,0,0,3,0,16,3,14,1,0,4,1,0,0,0,0,0,1,1,37,0,0,(Guitar: Capo 1)
guitarSvg/E790.svg,old,1/1,2,44,0,8,0,1,0,4,0,0,1,5,1,0,2,1,0,0,0,0,0,1,1,19,0,0,(Guitar: Capo 1)
guitarSvg/E791.svg,old,1/1,4,62,0,8,0,0,0,26,0,2,1,4,2,0,4,1,6,0,0,0,0,1,1,24,0,0,(Guitar)
guitarSvg/E792.svg,old,1/1,3,35,0,3,1,0,0,0,0,0,0,6,2,0,3,1,0,1,0,0,0,1,1,15,0,0,(Guitar: Capo 3)
guitarSvg/E793.svg,old,1/1,4,40,0,4,0,0,0,0,0,0,0,0,1,0,4,1,0,0,0,0,0,1,1,32,0,0,(Guitar: Capo 3)
guitarSvg/E794.svg,old,1/1,3,60,0,7,0,0,0,8,0,0,1,14,1,0,3,1,0,0,0,0,0,1,1,23,0,0,(Guitar)
guitarSvg/E795.svg,old,1/1,2,30,0,2,1,0,0,2,0,2,0,2,1,0,2,1,2,0,0,0,0,1,1,16,0,0,(Guitar: Capo 3)
guitarSvg/E796.svg,old,1/1,2,28,0,2,0,0,0,0,0,0,0,0,1,0,2,1,0,0,0,0,0,1,1,20,0,0,(Guitar: Capo 3)
guitarSvg/E797.svg,old,1/1,4,64,0,4,1,0,0,4,0,12,1,10,1,0,4,1,12,0,0,0,0,1,1,52,0,0,(Guitar: Capo 3)
guitarSvg/E798.svg,old,1/1,4,64,0,4,1,0,0,4,0,12,1,10,1,0,4,1,12,0,0,0,0,1,1,52,0,0,(Guitar: Capo 3)
guitarSvg/E799.svg,old,1/1,4,42,0,12,0,0,0,0,0,0,0,0,1,0,4,1,2,0,0,0,0,1,1,24,0,0,(Guitar)
guitarSvg/E8.svg,old,1/1,2,34,0,2,0,0,0,0,0,0,1,2,1,0,2,1,2,0,0,0,0,1,1,12,0,0,(Guitar)
guitarSvg/E80.svg,old,1/1,3,40,0,1,0,0,0,0,0,0,1,5,1,0,3,1,0,0,0,0,0,1,1,30,0,0,(Guitar)
guitarSvg/E800.svg,old,1/1,4,48,0,11,0,0,0,0,0,0,0,16,2,0,4,1,4,0,0,0,0,1,1,35,0,0,(Guitar)
guitarSvg/E801.svg,old,1/1,4,40,0,8,0,0,0,0,0,0,0,0,1,0,4,1,0,0,0,0,0,1,1,22,0,0,(Guitar)
guitarSvg/E802.svg,old,1/1,2,32,0,9,0,1,0,0,0,0,1,0,1,0,2,1,0,1,0,0,0,1,1,14,0,0,(Guitar: Capo 1)
guitarSvg/E803.svg,old,1/1,4,56,0,13,1,1,0,0,0,4,1,4,1,0,4,1,4,0,0,0,0,1,1,40,0,0,(Guitar: Capo 1)
guitarSvg/E804.svg,old,1/1,4,57,0,8,0,0,0,3,0,0,1,6,1,0,4,1,1,0,0,0,0,1,1,38,0,0,(Guitar: Capo 3)
guitarSvg/E805.svg,old,1/1,4,42,0,4,0,0,0,0,0,0,1,0,2,0,4,1,10,0,0,0,0,1,1,13,0,0,(Guitar)
guitarSvg/E806.svg,old,1/1,4,40,0,8,0,0,0,0,0,0,0,0,1,0,4,1,0,0,0,0,0,1,1,22,0,0,(Guitar)
guitarSvg/E807.svg,old,1/1,4,62,0,18,0,2,0,14,0,8,0,10,2,0,4,1,1,2,0,0,0,1,1,36,0,0,(Guitar: Capo 1)
guitarSvg/E808.svg,old,1/1,4,44,0,4,0,0,0,0,0,0,0,0,1,0,4,1,0,0,0,0,0,1,1,35,0,0,(Guitar: Capo 3)
guitarSvg/E809.svg,old,1/1,2,22,0,6,0,0,0,4,0,0,0,4,1,0,2,1,0,0,0,0,0,1,1,16,0,0,(Guitar)
guitarSvg/E81.svg,old,1/1,2,41,0,8,0,0,0,1,0,2,1,2,2,0,2,1,9,0,0,0,0,1,1,13,0,0,(Guitar: Capo 1)
guitarSvg/E810.svg,old,1/1,2,35,0,4,0,0,0,0,0,0,0,3,2,0,2,1,3,0,0,0,0,1,1,14,0,0,(Guitar)
guitarSvg/E811.svg,old,1/1,4,77,0,8,0,0,0,0,0,1,6,8,2,0,4,1,0,0,0,0,0,1,1,30,0,0,(Guitar: Capo 3)
guitarSvg/E812.svg,old,1/1,2,28,0,2,0,0,0,0,0,0,1,3,2,0,2,1,2,0,0,0,0,1,1,15,0,0,(Guitar: Capo 3)
guitarSvg/E813.svg,old,1/1,2,40,0,6,0,0,0,0,0,1,1,0,2,0,2,1,8,0,0,0,0,1,1,16,0,0,(Guitar)
guitarSvg/E814.svg,old,1/1,4,37,0,4,0,0,0,0,0,0,0,4,2,0,4,1,5,0,0,0,0,1,1,13,0,0,(Guitar: Capo 3)
guitarSvg/E815.svg,old,1/1,2,42,0,5,0,0,0,0,0,0,1,0,2,0,2,1,10,0,0,0,0,1,1,13,0,0,(Guitar)
guitarSvg/E816.svg,old,1/1,4,63,0,12,0,0,0,1,0,3,2,1,1,0,4,1,3,0,0,0,0,1,1,26,0,0,(Guitar: Capo 1)
guitarSvg/E817.svg,old,1/1,4,57,0,0,0,0,0,6,0,1,1,10,1,0,4,1,1,0,0,0,0,1,1,41,0,0,(Guitar)
guitarSvg/E818.svg,old,1/1,4,41,0,8,0,0,0,1,0,0,0,1,1,0,4,1,9,0,0,0,0,1,1,21,0,0,(Guitar)
guitarSvg/E819.svg,old,1/1,2,32,0,3,0,1,0,0,0,0,1,2,2,0,2,1,6,0,0,0,0,1,1,13,0,0,(Guitar: Capo 3)
guitarSvg/E82.svg,old,1/1,4,82,0,18,0,2,0,3,0,2,16,5,1,0,4,1,0,3,0,0,0,1,1,26,0,0,(Guitar: Capo 2)
guitarSvg/E820.svg,old,1/1,2,36,0,0,0,0,0,5,0,4,0,6,1,0,2,1,4,0,0,0,0,1,1,15,0,0,(Guitar)
guitarSvg/E821.svg,old,1/1,2,36,0,4,0,0,0,0,0,0,0,2,2,0,2,1,4,0,0,0,0,1,1,17,0,0,(Guitar)
guitarSvg/E822.svg,old,1/1,2,37,0,2,0,0,0,0,0,5,1,0,1,0,2,1,5,1,0,0,0,1,1,13,0,0,(Guitar)
guitarSvg/E823.svg,old,1/1,4,61,0,4,0,0,0,0,0,0,1,8,2,0,4,1,1,0,0,0,0,1,1,29,0,0,(Guitar)
guitarSvg/E824.svg,old,1/1,4,52,0,12,0,0,0,1,0,0,1,5,1,0,4,1,0,0,0,0,0,1,1,24,0,0,(Guitar: Capo 1)
guitarSvg/E825.svg,old,1/1,4,60,0,1,0,0,0,4,0,0,0,4,1,0,4,1,0,0,0,0,0,1,1,35,0,0,(Guitar)
guitarSvg/E826.svg,old,1/1,4,41,0,5,0,1,0,0,0,0,0,0,1,0,4,1,1,0,0,0,0,1,1,28,0,0,(Guitar: Capo 3)
guitarSvg/E827.svg,old,1/1,4,48,0,11,0,0,0,0,0,0,0,16,2,0,4,1,4,0,0,0,0,1,1,35,0,0,(Guitar)
guitarSvg/E828.svg,old,1/1,3,61,0,1,0,0,0,0,0,0,0,0,1,0,3,1,1,0,0,0,0,1,1,37,0,0,(Guitar)
guitarSvg/E829.svg,old,1/1,4,41,0,14,0,1,0,2,0,0,0,2,1,0,4,1,3,0,0,0,0,1,1,17,0,0,(Guitar: Capo 1)
guitarSvg/E83.svg,old,1/1,2,30,0,2,0,0,0,0,0,0,0,0,1,0,2,1,0,0,0,0,0,1,1,21,0,0,(Guitar: Capo 3)
guitarSvg/E830.svg,old,1/1,6,54,0,6,0,0,0,0,0,0,0,6,2,0,6,1,6,0,0,0,0,1,1,38,0,0,(Guitar)
guitarSvg/E831.svg,old,1/1,4,64,0,15,0,3,0,4,0,4,1,4,1,0,4,1,4,0,0,0,0,1,1,28,0,0,(Guitar: Capo 1)
guitarSvg/E832.svg,old,1/1,4,44,0,14,0,1,0,4,0,0,1,5,1,0,4,1,0,0,0,0,0,1,1,21,0,0,(Guitar: Capo 1)
guitarSvg/E833.svg,old,1/1,4,52,0,12,0,0,0,1,0,0,1,5,1,0,4,1,0,0,0,0,0,1,1,24,0,0,(Guitar: Capo 1)
guitarSvg/E834.svg,old,1/1,4,68,0,5,0,1,0,0,0,0,0,4,2,0,4,1,8,0,0,0,0,1,1,28,0,0,(Guitar: Capo 3)
guitarSvg/E835.svg,old,1/1,4,38,0,8,0,0,0,0,0,0,0,1,1,0,4,1,6,0,0,0,0,1,1,13,0,0,(Guitar)
guitarSvg/E836.svg,old,1/1,3,46,0,6,0,0,0,4,0,1,0,4,1,0,3,1,1,0,0,0,0,1,1,15,0,0,(Guitar: Capo 3)
guitarSvg/E837.svg,old,1/1,4,39,0,4,0,0,0,0,0,0,0,0,1,0,4,1,7,0,0,0,0,1,1,17,0,0,(Guitar: Capo 3)
guitarSvg/E838.svg,old,1/1,2,40,0,2,0,0,0,2,0,0,1,2,2,0,2,1,8,0,0,0,0,1,1,15,0,0,(Guitar: Capo 3)
guitarSvg/E839.svg,new,,4,56,0,13,0,1,0,0,0,0,1,8,1,0,4,1,0,0,0,0,0,1,1,0,1,0,(Guitar: Capo 1)
guitarSvg/E84.svg,old,1/1,5,76,0,5,0,0,0,7,0,2,0,7,1,0,5,1,5,0,0,0,0,1,1,30,0,0,(Guitar: Capo 3)
guitarSvg/E840.svg,old,1/1,4,61,0,9,0,0,0,6,0,0,1,14,2,0,4,1,1,0,0,0,0,1,1,29,0,0,(Guitar)
guitarSvg/E841.svg,old,1/1,4,44,0,4,0,0,0,3,0,0,0,3,1,0,4,1,0,0,0,0,0,1,1,25,0,0,(Guitar)
guitarSvg/E842.svg,old,1/1,2,27,0,4,0,0,0,0,0,0,1,3,2,0,2,1,1,0,0,0,0,1,1,21,0,0,(Guitar)
guitarSvg/E843.svg,old,1/1,2,44,0,2,0,0,0,0,0,0,1,0,2,0,2,1,10,0,0,0,0,1,1,17,0,0,(Guitar: Capo 3)
guitarSvg/E844.svg,old,1/1,2,31,0,2,0,0,0,8,0,12,1,14,2,0,2,1,0,1,0,0,0,1,1,21,0,0,(Guitar)
guitarSvg/E845.svg,old,1/1,2,40,0,8,0,0,0,3,0,0,1,7,1,0,2,1,0,0,0,0,0,1,1,13,0,0,(Guitar: Capo 1)
guitarSvg/E846.svg,old,1/1,2,42,0,8,0,1,0,5,0,0,0,8,2,0,2,1,0,0,0,0,0,1,1,21,0,0,(Guitar: Capo 1)
guitarSvg/E847.svg,old,1/1,2,34,0,4,0,0,0,2,0,0,0,2,1,0,2,1,0,0,0,0,0,1,1,12,0,0,(Guitar)
guitarSvg/E848.svg,old,1/1,4,60,0,4,0,0,0,8,0,16,1,8,2,0,4,1,0,0,0,0,0,1,1,19,0,0,(Guitar)
guitarSvg/E849.svg,old,1/1,4,58,0,12,0,0,0,4,0,2,0,4,1,0,4,1,2,0,0,0,0,1,1,18,0,0,(Guitar: Capo 1)
guitarSvg/E85.svg,old,1/1,3,63,0,12,0,0,0,3,0,0,1,5,1,0,3,1,5,0,0,0,0,1,1,38,0,0,(Guitar: Capo 1)
guitarSvg/E850.svg,old,1/1,4,72,0,5,0,0,0,0,0,0,1,8,2,0,4,1,4,0,0,0,0,1,1,42,0,0,(Guitar: Capo 3)
guitarSvg/E851.svg,old,1/1,2,34,0,2,0,0,0,0,0,0,1,3,1,0,2,1,2,2,0,0,0,1,1,11,0,0,(Guitar: Capo 3)
guitarSvg/E852.svg,old,1/1,2,29,0,6,0,0,0,0,0,0,1,3,1,0,2,1,1,0,0,0,0,1,1,20,0,0,(Guitar: Capo 1)
guitarSvg/E853.svg,old,1/1,2,30,0,2,0,0,0,0,0,4,1,3,1,0,2,1,4,0,0,0,0,1,1,18,0,0,(Guitar: Capo 3)
guitarSvg/E854.svg,old,1/1,2,22,0,2,0,0,0,0,0,0,0,0,1,0,2,1,0,0,0,0,0,1,1,17,0,0,(Guitar: Capo 3)
guitarSvg/E855.svg,old,1/1,4,66,0,15,0,0,0,0,0,0,1,1,2,0,4,1,10,2,0,0,0,1,1,23,0,0,(Guitar)
guitarSvg/E856.svg,old,1/1,2,29,0,4,0,0,0,0,0,0,2,8,1,0,2,1,1,0,0,0,0,1,1,22,0,0,(Guitar)
guitarSvg/E857.svg,old,1/1,2,30,0,5,0,0,0,0,0,0,1,4,2,0,2,1,2,0,0,0,0,1,1,27,0,0,(Guitar: Capo 3)
guitarSvg/E858.svg,old,1/1,2,38,0,2,0,0,0,16,0,2,1,3,2,0,2,1,4,0,0,0,0,1,1,13,0,0,(Guitar)
guitarSvg/E859.svg,old,1/1,2,35,0,2,0,0,0,0,0,0,1,3,2,0,2,1,9,0,0,0,0,1,1,24,0,0,(Guitar)
guitarSvg/E86.svg,old,1/1,2,36,0,4,0,0,0,3,0,9,0,3,2,0,2,1,5,0,0,0,0,1,1,13,0,0,(Guitar: Capo 3)
guitarSvg/E860.svg,old,1/1,2,37,0,2,0,0,0,0,0,0,1,1,2,0,2,1,11,0,0,0,0,1,1,24,0,0,(Guitar: Capo 3)
guitarSvg/E861.svg,old,1/1,4,70,0,0,0,0,0,5,0,18,4,13,1,0,4,1,6,2,0,0,0,1,1,31,0,0,(Guitar)
guitarSvg/E862.svg,old,1/1,2,36,0,4,0,0,0,0,0,0,0,2,2,0,2,1,4,0,0,0,0,1,1,17,0,0,(Guitar)
guitarSvg/E863.svg,old,1/1,4,40,0,0,0,0,0,12,0,0,0,16,2,0,4,1,0,0,0,0,0,1,1,23,0,0,(Guitar)
guitarSvg/E864.svg,old,1/1,4,62,0,8,0,0,0,26,0,2,1,4,2,0,4,1,6,0,0,0,0,1,1,24,0,0,(Guitar)
guitarSvg/E865.svg,old,1/1,2,28,0,8,0,0,0,5,0,0,1,7,1,0,2,1,0,0,0,0,0,1,1,9,0,0,(Guitar: Capo 1)
guitarSvg/E866.svg,old,1/1,2,22,0,6,0,0,0,4,0,0,0,4,1,0,2,1,0,0,0,0,0,1,1,16,0,0,(Guitar)
guitarSvg/E867.svg,old,1/1,4,52,0,12,0,0,0,1,0,0,1,5,1,0,4,1,0,0,0,0,0,1,1,24,0,0,(Guitar: Capo 1)
guitarSvg/E868.svg,old,1/1,4,40,0,4,0,0,0,1,0,0,0,1,1,0,4,1,0,0,0,0,0,1,1,21,0,0,(Guitar: Capo 3)
guitarSvg/E869.svg,old,1/1,4,41,0,12,0,0,0,3,0,0,1,4,1,0,4,1,1,0,0,0,0,1,1,32,0,0,(Guitar: Capo 1)
guitarSvg/E87.svg,old,1/1,2,38,0,0,0,0,0,2,0,4,1,4,2,0,2,1,10,0,0,0,0,1,1,13,0,0,(Guitar)
guitarSvg/E870.svg,new,,6,82,0,7,3,0,0,0,0,0,3,5,1,0,6,1,3,0,0,0,0,1,1,0,2,0,(Guitar: Capo 3)
guitarSvg/E871.svg,old,1/1,3,74,0,10,0,1,0,3,0,2,0,3,1,0,3,1,7,1,0,0,0,1,1,29,0,0,(Guitar: Capo 1)
guitarSvg/E872.svg,old,1/1,2,32,0,2,0,0,0,0,0,0,0,4,2,0,2,1,0,0,0,0,0,1,1,24,0,0,(Guitar)
guitarSvg/E873.svg,old,1/1,4,59,0,15,0,3,0,2,0,5,1,6,1,0,4,1,7,0,0,0,0,1,1,23,0,0,(Guitar: Capo 1)
guitarSvg/E874.svg,old,1/1,2,26,0,2,0,0,0,0,0,0,0,0,1,0,2,1,0,0,0,0,0,1,1,17,0,0,(Guitar)
guitarSvg/E875.svg,old,1/1,4,55,0,5,0,0,0,6,0,1,1,10,1,0,4,1,3,0,0,0,0,1,1,29,0,0,(Guitar)
guitarSvg/E876.svg,old,1/1,2,20,0,7,0,1,0,0,0,0,2,0,1,0,2,1,0,0,0,0,0,1,1,17,0,0,(Guitar: Capo 1)
guitarSvg/E877.svg,old,1/1,6,82,0,7,3,0,0,0,0,0,3,5,1,0,6,1,2,2,0,0,0,1,1,43,0,0,(Guitar: Capo 3)
guitarSvg/E878.svg,old,1/1,6,102,0,12,0,0,0,0,0,15,1,58,2,0,6,1,10,0,0,0,0,1,1,55,0,0,(Guitar: Capo 3)
guitarSvg/E879.svg,old,1/1,4,47,0,14,0,0,0,7,0,0,0,8,1,0,4,1,3,0,0,0,0,1,1,24,0,0,(Guitar)
guitarSvg/E88.svg,old,1/1,2,36,0,0,0,0,0,5,0,4,0,6,1,0,2,1,4,0,0,0,0,1,1,16,0,0,(Guitar)
guitarSvg/E880.svg,old,1/1,4,64,0,8,0,0,0,1,0,10,2,5,1,0,4,1,3,1,0,0,0,1,1,27,0,0,(Guitar)
guitarSvg/E881.svg,old,1/1,3,69,0,3,1,0,0,6,0,0,2,16,1,0,3,1,8,0,0,0,0,1,1,35,0,0,(Guitar: Capo 3)
guitarSvg/E882.svg,old,1/1,5,88,0,16,0,1,0,34,0,3,2,10,2,0,5,1,7,1,0,0,0,1,1,47,0,0,(Guitar: Capo 1)
guitarSvg/E883.svg,old,1/1,2,35,0,10,0,0,0,1,0,5,0,1,1,0,2,1,7,0,0,0,0,1,1,20,0,0,(Guitar: Capo 4)
guitarSvg/E884.svg,old,1/1,4,56,0,16,0,0,0,8,0,0,1,12,1,0,4,1,0,0,0,0,0,1,1,36,0,0,(Guitar: Capo 1)
guitarSvg/E885.svg,old,1/1,4,60,0,16,0,0,0,9,0,0,1,21,2,0,4,1,0,0,0,0,0,1,1,28,0,0,(Guitar: Capo 1)
guitarSvg/E886.svg,old,1/1,5,71,0,1,0,0,0,0,0,7,1,4,1,0,5,1,7,5,0,0,0,1,1,36,0,0,(Guitar)
guitarSvg/E887.svg,old,1/1,4,74,0,5,0,1,0,0,0,0,2,12,2,0,4,1,18,1,0,0,0,1,1,23,0,0,(Guitar: Capo 3)
guitarSvg/E888.svg,old,1/1,3,53,0,3,0,0,0,2,0,5,0,3,1,0,3,1,1,0,0,0,0,1,1,40,0,0,(Guitar)
guitarSvg/E889.svg,old,1/1,4,61,0,4,0,0,0,6,0,26,1,15,2,0,4,1,1,0,0,0,0,1,1,23,0,0,(Guitar: Capo 3)
guitarSvg/E89.svg,old,1/1,2,40,0,4,0,0,0,0,0,0,1,1,2,0,2,1,12,0,0,0,0,1,1,24,0,0,(Guitar)
guitarSvg/E890.svg,old,1/1,4,52,0,0,0,0,0,0,0,34,3,12,2,0,4,1,0,0,0,0,0,1,1,24,0,0,(Guitar)
guitarSvg/E891.svg,old,1/1,4,88,0,16,0,0,0,3,0,11,3,9,1,0,4,1,15,0,0,0,0,1,1,52,0,0,(Guitar: Capo 1)
guitarSvg/E892.svg,old,1/1,2,37,0,2,0,0,0,0,0,5,1,0,1,0,2,1,5,1,0,0,0,1,1,13,0,0,(Guitar)
guitarSvg/E893.svg,old,1/1,4,53,0,13,0,1,0,1,0,2,0,6,1,0,4,1,1,0,0,0,0,1,1,27,0,0,(Guitar: Capo 1)
guitarSvg/E894.svg,old,1/1,4,52,0,0,0,0,0,0,0,34,3,12,2,0,4,1,0,0,0,0,0,1,1,24,0,0,(Guitar)
guitarSvg/E895.svg,old,1/1,4,74,0,15,0,2,0,0,0,39,1,23,1,0,4,1,0,2,0,0,0,1,1,29,0,0,(Guitar: Capo 1)
guitarSvg/E896.svg,old,1/1,2,33,0,3,0,1,0,0,0,0,0,4,2,0,2,1,1,0,0,0,0,1,1,19,0,0,(Guitar: Capo 3)
guitarSvg/E897.svg,old,1/1,4,53,0,5,0,1,0,1,0,16,0,9,1,0,4,1,1,0,0,0,0,1,1,32,0,0,(Guitar: Capo 3)
guitarSvg/E898.svg,old,1/1,4,52,0,14,0,2,0,2,0,0,1,6,1,0,4,1,0,0,0,0,0,1,1,34,0,0,(Guitar: Capo 1)
guitarSvg/E899.svg,old,1/1,5,81,0,21,0,0,0,9,0,8,1,13,1,0,5,1,11,0,0,0,0,1,1,38,0,0,(Guitar: Capo 1)
guitarSvg/E9.svg,old,1/1,4,46,0,8,0,0,0,4,0,1,0,4,1,0,4,1,1,0,0,0,0,1,1,15,0,0,(Guitar: Capo 3)
guitarSvg/E90.svg,old,1/1,2,30,0,0,0,0,0,2,0,0,0,2,1,0,2,1,2,0,0,0,0,1,1,10,0,0,(Guitar)
guitarSvg/E900.svg,old,1/1,6,106,0,1,0,0,0,14,2,30,5,15,2,0,6,1,20,1,0,0,0,1,1,53,0,0,(Guitar)
guitarSvg/E901.svg,old,1/1,5,47,0,15,0,0,0,3,0,2,0,7,2,0,5,1,6,0,0,0,0,1,1,28,0,0,(Guitar: Capo 1)
guitarSvg/E902.svg,old,1/1,4,51,0,4,0,0,0,0,0,0,0,0,2,0,4,1,3,0,0,0,0,1,1,34,0,0,(Guitar)
guitarSvg/E903.svg,old,1/1,2,37,0,2,0,0,0,0,0,5,1,0,1,0,2,1,5,1,0,0,0,1,1,13,0,0,(Guitar)
guitarSvg/E904.svg,old,1/1,4,64,0,4,0,0,0,0,0,16,1,17,2,0,4,1,0,0,0,0,0,1,1,21,0,0,(Guitar: Capo 3)
guitarSvg/E905.svg,old,1/1,2,35,0,4,0,0,0,0,0,0,0,3,2,0,2,1,3,0,0,0,0,1,1,14,0,0,(Guitar)
guitarSvg/E906.svg,old,1/1,2,48,0,2,0,0,0,8,0,12,1,4,2,0,2,1,5,0,0,0,0,1,1,19,0,0,(Guitar: Capo 3)
guitarSvg/E907.svg,old,1/1,2,31,0,0,0,0,0,0,0,3,0,0,1,0,2,1,3,0,0,0,0,1,1,13,0,0,(Guitar)
guitarSvg/E908.svg,old,1/1,4,61,0,14,0,2,0,3,0,1,1,3,1,0,4,1,1,0,0,0,0,1,1,33,0,0,(Guitar: Capo 1)
guitarSvg/E909.svg,new,,5,74,0,13,0,1,0,0,0,39,1,23,1,0,5,1,0,0,0,0,0,1,1,0,1,0,(Guitar)
guitarSvg/E91.svg,old,1/1,4,61,0,5,0,0,0,6,1,12,1,17,1,0,4,1,5,3,0,0,0,1,1,44,0,0,(Guitar: Capo 3)
guitarSvg/E910.svg,old,1/1,4,62,0,4,0,0,0,4,0,26,1,16,2,0,4,1,2,2,0,0,0,1,1,20,0,0,(Guitar: Capo 3)
guitarSvg/E911.svg,old,1/1,4,60,0,4,0,0,0,6,0,24,1,14,2,0,4,1,0,0,0,0,0,1,1,21,0,0,(Guitar)
guitarSvg/E912.svg,old,1/1,4,61,0,4,0,0,0,0,0,0,1,8,2,0,4,1,1,0,0,0,0,1,1,29,0,0,(Guitar)
guitarSvg/E913.svg,old,1/1,4,62,0,12,0,0,0,0,0,0,1,6,2,0,4,1,2,0,0,0,0,1,1,27,0,0,(Guitar: Capo 1)
guitarSvg/E914.svg,old,1/1,4,60,0,0,0,0,0,6,0,16,1,6,2,0,4,1,0,0,0,0,0,1,1,20,0,0,(Guitar)
guitarSvg/E915.svg,old,1/1,4,54,0,9,0,0,0,0,0,2,1,4,1,0,4,1,0,0,0,0,0,1,1,23,0,0,(Guitar)
guitarSvg/E916.svg,old,1/1,2,30,0,2,0,0,0,2,0,2,0,2,1,0,2,1,2,0,0,0,0,1,1,17,0,0,(Guitar)
guitarSvg/E917.svg,old,1/1,4,78,0,5,0,0,0,3,0,24,0,13,1,0,4,1,0,0,0,0,0,1,1,38,0,0,(Guitar)
guitarSvg/E918.svg,old,1/1,3,63,0,9,0,2,0,2,0,0,1,5,1,0,3,1,1,0,0,0,0,1,1,43,0,0,(Guitar: Capo 3)
guitarSvg/E919.svg,old,1/1,6,49,0,6,0,0,0,5,0,0,0,10,2,0,6,1,7,0,0,0,0,1,1,24,0,0,(Guitar)
guitarSvg/E92.svg,old,1/1,2,39,0,6,4,0,0,2,0,3,1,4,2,0,2,1,1,0,0,0,0,1,1,24,0,0,(Guitar)
guitarSvg/E920.svg,old,1/1,4,43,0,4,0,0,0,6,0,0,0,6,1,0,4,1,1,0,0,0,0,1,1,40,0,0,(Guitar)
guitarSvg/E921.svg,old,1/1,3,63,0,9,2,0,0,0,0,19,1,1,1,0,3,1,0,0,0,0,0,1,1,31,0,0,(Guitar)
guitarSvg/E922.svg,old,1/1,4,66,0,11,0,3,0,2,0,16,1,15,2,0,4,1,4,0,0,0,0,1,1,34,0,0,(Guitar: Capo 3)
guitarSvg/E923.svg,old,1/1,4,41,0,1,0,0,0,2,0,0,0,2,1,0,4,1,1,0,0,0,0,1,1,20,0,0,(Guitar)
guitarSvg/E924.svg,old,1/1,6,99,0,23,4,3,0,0,0,3,1,11,2,0,6,1,14,0,0,0,0,1,1,63,0,0,(Guitar: Capo 3)
guitarSvg/E925.svg,old,1/1,4,60,0,4,0,0,0,2,0,17,1,3,2,0,4,1,0,2,0,0,0,1,1,23,0,0,(Guitar)
guitarSvg/E926.svg,old,1/1,2,30,0,6,0,0,0,4,0,0,1,5,1,0,2,1,0,0,0,0,0,1,1,16,0,0,(Guitar: Capo 1)
guitarSvg/E927.svg,old,1/1,2,37,0,2,0,0,0,0,0,5,1,0,1,0,2,1,5,1,0,0,0,1,1,13,0,0,(Guitar)
guitarSvg/E928.svg,old,1/1,4,79,0,12,0,0,0,5,3,31,2,16,2,0,4,1,2,0,0,0,0,1,1,41,0,0,(Guitar)
guitarSvg/E929.svg,old,1/1,4,78,0,10,0,0,0,0,0,0,0,28,2,0,4,1,6,0,0,0,0,1,1,56,0,0,(Guitar: Capo 3)
guitarSvg/E93.svg,old,1/1,4,62,0,12,0,0,0,9,0,8,0,11,1,0,4,1,0,0,0,0,0,1,1,20,0,0,(Guitar: Capo 1)
guitarSvg/E930.svg,old,1/1,4,66,0,0,0,0,0,22,0,6,0,4,2,0,4,1,6,0,0,0,0,1,1,42,0,0,(Guitar)
guitarSvg/E931.svg,old,1/1,3,47,0,9,0,0,0,0,0,0,0,3,2,0,3,1,2,0,0,0,0,1,1,22,0,0,(Guitar: Capo 1)
guitarSvg/E932.svg,old,1/1,4,62,0,5,0,1,0,0,0,1,1,4,2,0,4,1,6,0,0,0,0,1,1,38,0,0,(Guitar: Capo 3)
guitarSvg/E933.svg,old,1/1,3,71,0,3,0,0,0,0,0,0,1,2,1,0,3,1,3,3,0,0,0,1,1,45,0,0,(Guitar: Capo 3)
guitarSvg/E934.svg,old,1/1,4,94,0,0,0,0,0,0,0,0,3,12,2,0,4,1,8,1,0,0,0,1,1,26,0,0,(Guitar)
guitarSvg/E935.svg,old,1/1,4,53,0,20,0,0,0,2,0,1,1,6,1,0,4,1,1,0,0,0,0,1,1,25,0,0,(Guitar: Capo 1)
guitarSvg/E936.svg,old,1/1,4,74,0,20,0,0,0,0,0,9,0,0,1,0,4,1,5,0,0,0,0,1,1,25,0,0,(Guitar: Capo 4)
guitarSvg/E937.svg,old,1/1,2,29,0,2,0,0,0,4,0,0,1,4,2,0,2,1,1,1,0,0,0,1,1,13,0,0,(Guitar: Capo 3)
guitarSvg/E938.svg,old,1/1,2,34,0,6,0,0,0,0,0,14,0,8,1,0,2,1,4,0,0,0,0,1,1,15,0,0,(Guitar)
guitarSvg/E939.svg,old,1/1,4,68,0,12,0,0,0,4,0,13,1,10,1,0,4,1,16,0,0,0,0,1,1,40,0,0,(Guitar: Capo 1)
guitarSvg/E94.svg,old,1/1,3,44,0,9,0,0,0,10,0,2,1,13,1,0,3,1,2,0,0,0,0,1,1,28,0,0,(Guitar: Capo 1)
guitarSvg/E940.svg,old,1/1,4,58,0,4,0,0,0,6,0,25,1,14,2,0,4,1,2,0,0,0,0,1,2,33,0,0,(Guitar: Capo 3) | (Repeat the last two lines of each stanza)
guitarSvg/E941.svg,old,1/1,4,52,0,9,0,0,0,0,0,0,1,4,1,0,4,1,0,0,0,0,0,1,1,23,0,0,(Guitar)
guitarSvg/E942.svg,old,1/1,2,41,0,8,0,0,0,1,0,2,1,2,2,0,2,1,9,0,0,0,0,1,1,13,0,0,(Guitar: Capo 1)
guitarSvg/E943.svg,old,1/1,2,37,0,2,0,0,0,0,0,5,1,0,1,0,2,1,5,1,0,0,0,1,1,13,0,0,(Guitar)
guitarSvg/E944.svg,old,1/1,2,40,0,6,0,0,0,0,0,1,1,0,2,0,2,1,8,0,0,0,0,1,1,16,0,0,(Guitar)
guitarSvg/E945.svg,old,1/1,2,38,0,2,0,0,0,0,0,0,1,1,2,0,2,1,6,0,0,0,0,1,1,21,0,0,(Guitar)
guitarSvg/E946.svg,old,1/1,4,70,0,5,0,1,0,0,0,0,0,4,2,0,4,1,10,0,0,0,0,1,1,30,0,0,(Guitar: Capo 3)
guitarSvg/E947.svg,old,1/1,4,51,0,12,0,0,0,0,0,14,1,7,2,0,4,1,4,0,0,0,0,1,1,23,0,0,(Guitar)
guitarSvg/E948.svg,old,1/1,4,78,0,16,0,0,0,0,0,42,4,31,1,0,4,1,0,0,0,0,0,1,1,45,0,0,(Guitar: Capo 1)
guitarSvg/E949.svg,old,1/1,5,113,0,22,0,2,0,45,0,2,1,17,2,0,5,1,14,2,0,0,0,1,1,48,0,0,(Guitar: Capo 1)
guitarSvg/E95.svg,old,1/1,4,52,0,16,0,0,0,6,0,0,1,10,1,0,4,1,0,0,0,0,0,1,1,17,0,0,(Guitar: Capo 1)
guitarSvg/E950.svg,old,1/1,4,40,0,11,1,1,0,3,0,0,3,10,1,0,4,1,0,0,0,0,0,1,1,37,0,0,(Guitar)
guitarSvg/E951.svg,old,1/1,3,46,0,6,0,0,0,0,0,1,0,0,1,0,3,1,1,0,0,0,0,1,1,25,0,0,(Guitar)
guitarSvg/E952.svg,old,1/1,4,89,0,5,0,0,0,5,3,29,4,9,1,0,4,1,2,1,0,0,0,1,1,41,0,0,(Guitar: Capo 3)
guitarSvg/E953.svg,old,1/1,5,105,0,6,0,0,0,7,5,36,1,17,1,0,5,1,1,1,0,0,0,1,1,45,0,0,(Guitar: Capo 3)
guitarSvg/E954.svg,old,1/1,4,61,0,6,0,0,0,6,0,0,1,7,1,0,4,1,1,0,0,0,0,1,1,44,0,0,(Guitar: Capo 3)
guitarSvg/E955.svg,old,1/1,2,32,0,9,0,3,0,2,0,2,0,2,2,0,2,1,2,0,0,0,0,1,1,25,0,0,(Guitar: Capo 1)
guitarSvg/E956.svg,old,1/1,4,78,0,16,0,0,0,0,0,42,4,31,1,0,4,1,0,0,0,0,0,1,1,45,0,0,(Guitar: Capo 1)
guitarSvg/E957.svg,old,1/1,4,79,0,9,0,0,0,0,0,16,1,32,2,0,4,1,12,0,0,0,0,1,1,33,0,0,(Guitar)
guitarSvg/E958.svg,old,1/1,4,94,0,0,0,0,0,0,0,0,3,12,2,0,4,1,8,1,0,0,0,1,1,26,0,0,(Guitar)
guitarSvg/E959.svg,old,1/1,4,77,0,7,0,1,0,4,0,27,4,10,2,0,4,1,4,8,0,0,0,1,1,31,0,0,(Guitar)
guitarSvg/E96.svg,old,1/1,2,40,0,0,0,0,0,0,0,0,1,4,1,0,2,1,0,0,0,0,0,1,1,23,0,0,(Guitar)
guitarSvg/E960.svg,old,1/1,4,70,0,18,0,2,0,18,0,10,1,4,2,0,4,1,14,0,0,0,0,1,1,33,0,0,(Guitar: Capo 1)
guitarSvg/E961.svg,old,1/1,4,64,0,4,1,0,0,4,0,12,1,10,1,0,4,1,12,0,0,0,0,1,1,52,0,0,(Guitar: Capo 3)
guitarSvg/E962.svg,old,1/1,4,70,0,5,0,0,0,10,0,16,2,19,1,0,4,1,1,0,0,0,0,1,1,32,0,0,(Guitar)
guitarSvg/E963.svg,old,1/1,4,60,0,16,0,0,0,8,0,8,5,13,1,0,4,1,0,2,0,0,0,1,1,38,0,0,(Guitar: Capo 1)
guitarSvg/E964.svg,old,1/1,4,52,0,8,0,0,0,0,0,12,1,0,2,0,4,1,0,0,0,0,0,1,1,30,0,0,(Guitar)
guitarSvg/E965.svg,old,1/1,4,57,0,4,0,0,0,0,0,4,2,3,1,0,4,1,9,0,0,0,0,1,1,29,0,0,(Guitar)
guitarSvg/E966.svg,old,1/1,4,76,0,19,0,3,0,0,0,0,0,10,2,0,4,1,0,2,0,0,0,1,1,29,0,0,(Guitar: Capo 1)
guitarSvg/E967.svg,old,1/1,4,66,0,1,0,0,0,2,0,0,0,2,1,0,4,1,0,0,0,0,0,1,1,32,0,0,(Guitar)
guitarSvg/E968.svg,old,1/1,4,52,0,4,2,0,0,0,0,0,1,4,1,0,4,1,0,0,0,0,0,1,1,35,0,0,(Guitar: Capo 3)
guitarSvg/E969.svg,old,1/1,4,45,0,10,0,0,0,0,0,0,0,2,1,0,4,1,3,0,0,0,0,1,1,28,0,0,(Guitar)
guitarSvg/E97.svg,old,1/1,2,33,0,6,0,1,0,4,0,9,0,8,1,0,2,1,1,0,0,0,0,1,1,17,0,0,(Guitar: Capo 3)
guitarSvg/E970.svg,old,1/1,2,42,0,0,0,0,0,0,0,7,0,0,1,0,2,1,12,0,0,0,0,1,1,17,0,0,(Guitar)
guitarSvg/E971.svg,old,1/1,4,49,0,17,0,0,0,8,0,1,5,12,1,0,4,1,5,0,0,0,0,1,1,31,0,0,(Guitar: Capo 2)
guitarSvg/E972.svg,old,1/1,2,28,0,2,0,0,0,6,0,1,0,6,1,0,2,1,0,0,0,0,0,1,1,10,0,0,(Guitar: Capo 3)
guitarSvg/E973.svg,old,1/1,5,58,0,1,0,0,0,17,0,2,5,19,2,0,5,1,8,0,0,0,0,1,1,42,0,0,(Guitar)
guitarSvg/E974.svg,old,1/1,6,71,0,12,2,0,0,10,0,2,2,16,1,0,6,1,9,0,0,0,0,1,1,74,0,0,(Guitar)
guitarSvg/E975.svg,old,1/1,4,40,0,5,0,1,0,0,0,0,0,0,1,0,4,1,0,0,0,0,0,1,1,21,0,0,(Guitar: Capo 3)
guitarSvg/E976.svg,old,1/1,6,89,0,22,0,4,0,24,0,3,1,21,1,0,6,1,4,0,0,0,0,1,1,40,0,0,(Guitar: Capo 1)
guitarSvg/E977.svg,old,1/1,4,71,0,13,0,1,0,6,0,10,0,6,1,0,4,1,11,0,0,0,0,1,1,30,0,0,(Guitar: Capo 1)
guitarSvg/E978.svg,old,1/1,4,54,0,12,2,0,0,8,0,13,1,8,2,0,4,1,1,1,0,0,0,1,1,35,0,0,(Guitar: Capo 1)
guitarSvg/E979.svg,old,1/1,2,37,0,2,0,0,0,0,0,0,0,4,2,0,2,1,5,0,0,0,0,1,1,12,0,0,(Guitar: Capo 3)
guitarSvg/E98.svg,old,1/1,5,76,0,10,0,0,0,8,0,20,1,8,2,0,5,1,2,0,0,0,0,1,1,37,0,0,(Guitar: Capo 3)
guitarSvg/E980.svg,old,1/1,2,34,0,2,0,0,0,0,0,0,1,3,1,0,2,1,2,2,0,0,0,1,1,11,0,0,(Guitar: Capo 3)
guitarSvg/E981.svg,old,1/1,2,30,0,9,0,1,0,3,0,0,0,3,1,0,2,1,0,0,0,0,0,1,1,14,0,0,(Guitar: Capo 1)
guitarSvg/E982.svg,old,1/1,3,60,0,7,0,0,0,8,0,0,1,14,1,0,3,1,0,0,0,0,0,1,1,23,0,0,(Guitar)
guitarSvg/E983.svg,old,1/1,4,74,0,5,0,1,0,0,0,0,2,12,2,0,4,1,18,1,0,0,0,1,1,23,0,0,(Guitar: Capo 3)
guitarSvg/E984.svg,old,1/1,4,60,0,6,0,1,0,0,0,0,0,12,2,0,4,1,2,0,0,0,0,1,1,24,0,0,(Guitar: Capo 3)
guitarSvg/E985.svg,old,1/1,2,27,0,3,0,0,0,0,0,0,2,5,2,0,2,1,1,0,0,0,0,1,1,19,0,0,(Guitar: Capo 3)
guitarSvg/E986.svg,old,1/1,4,55,0,8,0,0,0,0,0,4,1,1,1,0,4,1,0,0,0,0,0,1,1,25,0,0,(Guitar)
guitarSvg/E987.svg,old,1/1,4,87,0,0,0,0,0,0,0,0,0,25,2,0,4,1,4,0,0,0,0,1,1,41,0,0,(Guitar)
guitarSvg/E988.svg,old,1/1,4,49,0,18,0,4,0,17,0,0,0,15,2,0,4,1,4,0,0,0,0,1,1,34,0,0,(Guitar: Capo 1)
guitarSvg/E989.svg,old,1/1,4,68,0,4,0,0,0,4,0,21,4,13,2,0,4,1,4,0,0,0,0,1,2,40,0,0,(Guitar: Capo 3) | (Repeat the last two lines of each stanza for chorus)
guitarSvg/E99.svg,old,1/1,2,32,0,8,0,0,0,0,0,0,1,0,1,0,2,1,0,0,0,0,0,1,1,21,0,0,(Guitar: Capo 1)
guitarSvg/E990.svg,old,1/1,4,59,0,8,0,0,0,23,0,2,1,7,2,0,4,1,2,0,0,0,0,1,1,36,0,0,(Guitar)
guitarSvg/E991.svg,old,1/1,4,58,0,4,0,0,0,0,0,42,1,21,2,0,4,1,5,0,0,0,0,1,1,35,0,0,(Guitar: Capo 3)
guitarSvg/E992.svg,old,1/1,4,65,0,4,0,0,0,8,0,0,3,8,18,0,4,1,0,0,0,0,0,1,1,33,0,0,(Guitar: Capo 3)
guitarSvg/E993.svg,old,1/1,6,123,0,24,0,0,0,33,0,13,0,18,2,0,6,1,22,0,0,0,0,1,1,82,0,0,(Guitar: Capo 1)
guitarSvg/E994.svg,old,1/1,4,76,0,4,0,0,0,3,0,30,5,28,1,0,4,1,0,0,0,0,0,1,1,26,0,0,(Guitar: Capo 3)
guitarSvg/E995.svg,old,1/1,4,61,0,11,1,0,0,27,0,1,1,4,2,0,4,1,5,0,0,0,0,1,1,33,0,0,(Guitar)
guitarSvg/E996.svg,old,1/1,2,29,0,2,0,0,0,0,0,1,0,0,1,0,2,1,1,0,0,0,0,1,1,11,0,0,(Guitar: Capo 3)
guitarSvg/E997.svg,old,1/1,4,50,0,8,0,0,0,8,0,12,3,9,2,0,4,1,1,1,0,0,0,1,1,38,0,0,(Guitar)
guitarSvg/E998.svg,old,1/1,4,66,0,12,0,0,0,12,0,11,2,7,2,0,4,1,8,0,0,0,0,1,1,26,0,0,(Guitar)
guitarSvg/E999.svg,old,1/1,4,71,0,16,0,0,0,4,0,17,1,12,1,0,4,1,2,0,0,0,0,1,1,33,0,0,(Guitar: Capo 2)
guitarSvg/NS1.svg,old,1/1,2,48,0,2,0,0,0,0,0,3,1,1,2,0,2,1,5,0,0,0,0,1,1,32,0,0,(Guitar)
guitarSvg/NS10.svg,old,1/1,4,88,0,16,0,0,0,9,0,18,0,4,1,0,4,1,0,2,0,0,0,1,1,37,0,0,(Guitar: Capo 2)
guitarSvg/NS100.svg,old,1/1,8,164,0,8,0,0,0,8,0,8,0,22,2,0,8,1,5,0,0,0,0,1,1,83,0,0,(Guitar: Capo 3)
guitarSvg/NS1000.svg,new,1/1,7,69,0,7,0,0,0,13,0,9,5,15,1,0,7,1,4,0,0,0,0,1,1,25,0,0,(Guitar)
guitarSvg/NS10001.svg,old,1/1,4,91,0,8,0,0,0,7,0,17,1,14,1,0,4,1,17,0,0,0,0,1,2,37,0,0,(Guitar) | 3
guitarSvg/NS10002.svg,old,1/1,6,110,0,6,0,0,0,6,11,26,7,16,1,0,6,1,10,0,0,0,0,1,1,45,0,0,(Guitar: Capo 3)
guitarSvg/NS10003.svg,old,1/1,6,100,0,6,2,0,0,9,0,17,5,10,1,0,6,1,30,0,0,0,0,1,1,69,0,0,(Guitar: Capo 3)
guitarSvg/NS10004.svg,old,1/1,4,62,0,12,0,0,0,0,0,5,1,14,2,0,4,1,6,0,0,0,0,1,1,32,0,0,(Guitar: Capo 1)
guitarSvg/NS10005.svg,old,1/1,4,60,0,4,0,0,0,9,0,6,1,14,1,0,4,1,8,0,0,0,0,1,1,31,0,0,(Guitar: Capo 3)
guitarSvg/NS10006.svg,old,1/1,4,51,0,4,0,0,0,2,0,7,1,11,1,0,4,1,7,0,0,0,0,1,1,33,0,0,(Guitar: Capo 3)
guitarSvg/NS10007.svg,old,1/1,6,85,0,6,5,0,0,5,0,16,7,10,1,0,6,1,15,0,0,0,0,1,1,52,0,0,(Guitar: Capo 3)
guitarSvg/NS10008.svg,old,1/1,3,52,0,13,4,2,0,0,0,0,8,0,1,0,3,1,0,0,0,0,0,1,1,25,0,0,(Guitar)
guitarSvg/NS10009.svg,old,1/1,4,73,0,16,0,0,0,7,0,9,7,0,2,0,4,1,5,0,0,0,0,1,1,46,0,0,(Guitar: Capo 2)
guitarSvg/NS1001.svg,new,1/1,13,271,0,26,0,0,0,14,0,61,13,16,1,0,13,1,104,0,0,0,0,2,1,72,0,0,(Guitar: Capo 3)
guitarSvg/NS10010.svg,old,1/1,8,84,0,8,0,0,0,1,0,11,1,7,2,0,8,1,16,0,0,0,0,1,1,35,0,0,(Guitar: Capo 3)
guitarSvg/NS10011.svg,old,1/1,6,79,0,12,3,0,0,0,0,18,7,2,1,0,6,1,10,0,0,0,0,1,1,42,0,0,(Guitar)
guitarSvg/NS10012.svg,old,1/1,3,39,0,3,2,0,0,1,0,4,1,10,1,0,3,1,10,1,0,0,0,1,1,24,0,0,(Guitar: Capo 3)
guitarSvg/NS10013.svg,old,1/1,4,50,0,8,0,0,0,2,0,0,0,5,1,3,4,2,0,0,0,0,0,1,2,24,0,0,(Guitar: Capo 3) | 3
guitarSvg/NS10014.svg,old,1/1,6,87,0,12,0,0,0,12,0,18,8,1,7,0,6,1,5,0,0,0,0,1,1,33,0,0,(Guitar)
guitarSvg/NS10015.svg,old,1/1,8,136,0,16,0,0,0,13,0,36,12,11,1,0,8,1,28,0,0,0,0,1,1,42,0,0,(Guitar)
guitarSvg/NS10016.svg,old,1/1,4,41,0,8,1,0,0,0,0,7,11,5,1,0,4,2,3,1,0,0,0,1,1,32,0,0,(Guitar: Capo 3)
guitarSvg/NS10017.svg,old,1/1,4,57,0,12,5,0,0,9,0,8,8,6,1,0,4,1,14,0,0,0,0,1,1,34,0,0,(Guitar: Capo 1)
guitarSvg/NS10018.svg,old,1/1,6,64,0,6,1,0,0,5,0,7,0,9,1,0,6,1,7,2,0,0,0,1,1,46,0,0,(Guitar: Capo 3)
guitarSvg/NS10019.svg,old,1/1,4,96,0,4,4,0,0,12,0,4,4,30,1,0,4,1,22,0,0,0,0,1,1,58,0,0,(Guitar: Capo 3)
guitarSvg/NS1002.svg,new,1/1,8,89,0,33,2,1,0,4,0,11,4,7,1,0,8,1,39,0,0,0,0,1,1,26,0,0,(Guitar: Capo 3)
guitarSvg/NS10020.svg,old,1/1,6,112,0,0,0,0,0,8,0,17,7,23,1,0,6,1,29,0,0,0,0,1,1,58,0,0,(Guitar)
guitarSvg/NS10021.svg,old,1/1,4,74,0,4,1,0,0,12,0,0,11,13,1,0,4,1,7,2,0,0,0,1,1,23,0,0,(Guitar: Capo 3)
guitarSvg/NS10022.svg,old,1/1,3,42,0,3,1,0,0,7,0,3,0,8,1,0,3,1,6,0,0,0,0,1,1,21,0,0,(Guitar: Capo 3)
guitarSvg/NS10023.svg,old,1/1,6,73,0,6,0,0,0,7,0,12,9,11,1,0,6,1,10,0,0,0,0,1,1,39,0,0,(Guitar: Capo 3)
guitarSvg/NS10024.svg,old,1/1,4,63,0,4,0,0,0,0,0,1,1,10,2,0,4,1,5,0,0,0,0,1,1,43,0,0,(Guitar: Capo 3)
guitarSvg/NS10025.svg,old,1/1,4,61,0,4,0,0,0,3,0,14,5,7,1,0,4,2,13,0,0,0,0,0,1,0,0,0,(Guitar: Capo 3)
guitarSvg/NS10026.svg,old,1/1,4,97,0,12,3,0,0,12,0,10,1,26,1,0,4,1,16,0,0,0,0,1,1,53,0,0,(Guitar: Capo 1)
guitarSvg/NS10027.svg,old,1/1,6,98,0,6,0,0,0,12,0,14,1,13,15,0,6,1,16,0,0,0,0,1,1,50,0,0,(Guitar: Capo 3)
guitarSvg/NS10028.svg,old,1/1,4,72,0,0,0,0,0,10,0,4,3,11,1,0,4,1,8,0,0,0,0,1,1,43,0,0,(Guitar)
guitarSvg/NS10029.svg,old,1/1,4,79,0,4,0,0,0,0,0,0,2,5,2,0,4,1,7,0,0,0,0,1,1,50,0,0,(Guitar)
guitarSvg/NS1003.svg,new,1/1,8,138,0,8,0,0,0,5,0,26,8,8,1,2,8,2,48,0,0,0,0,1,7,39,0,0,(Guitar: Capo 3) | 3 | 3 | 3
guitarSvg/NS10030.svg,old,1/1,4,61,0,0,0,0,0,1,0,11,0,3,1,0,4,1,5,1,0,0,0,1,1,46,0,0,(Guitar)
guitarSvg/NS10031.svg,old,1/1,4,61,0,4,0,0,0,2,0,3,1,12,2,0,4,1,10,0,0,0,0,1,1,39,0,0,(Guitar)
guitarSvg/NS10032.svg,old,1/1,8,182,0,32,3,0,0,15,0,32,17,24,1,0,8,1,18,0,1,0,0,1,1,95,0,0,(Guitar: Capo 2)
guitarSvg/NS10033.svg,old,1/1,4,58,0,4,0,0,0,0,0,0,1,9,2,0,4,1,12,0,0,0,0,1,1,40,0,0,(Guitar)
guitarSvg/NS10034.svg,old,1/1,9,211,0,6,0,0,0,10,0,24,4,36,2,0,9,1,35,0,0,0,0,1,1,102,0,0,(Guitar)
guitarSvg/NS10035.svg,old,1/1,4,96,0,16,7,0,0,5,0,15,14,5,2,0,4,1,8,0,0,0,0,1,1,73,0,0,(Guitar: Capo 2)
guitarSvg/NS10036.svg,old,1/1,4,66,0,4,3,0,0,2,0,6,4,25,1,0,4,1,17,0,0,0,0,1,1,43,0,0,(Guitar: Capo 3)
guitarSvg/NS10037.svg,old,1/1,3,93,0,0,0,0,0,7,0,17,3,9,1,0,3,1,16,0,0,0,0,1,1,44,0,0,(Guitar)
guitarSvg/NS10038.svg,old,1/1,3,80,0,12,12,0,0,0,0,8,9,1,1,0,3,1,0,0,0,0,0,1,1,52,0,0,(Guitar)
guitarSvg/NS10039.svg,old,1/1,6,101,0,18,0,0,0,16,0,12,18,28,1,0,6,1,34,0,0,0,0,1,1,101,0,0,(Guitar: Capo 1)
guitarSvg/NS1004.svg,new,1/1,10,127,0,30,0,0,0,2,0,11,3,2,1,0,10,1,13,0,0,0,0,1,1,33,0,0,(Guitar: Capo 1)
guitarSvg/NS10040.svg,old,1/1,5,86,0,22,4,0,0,3,0,15,18,9,1,0,5,1,10,0,0,0,0,1,1,38,0,0,(Guitar: Capo 2)
guitarSvg/NS10041.svg,old,1/1,4,95,0,14,8,0,0,5,0,18,10,15,1,0,4,1,29,0,0,0,0,1,1,53,0,0,(Guitar)
guitarSvg/NS10042.svg,old,1/1,4,78,0,12,1,0,0,7,0,13,8,14,1,0,4,1,19,0,0,0,0,1,1,39,0,0,(Guitar: Capo 1)
guitarSvg/NS10043.svg,old,1/1,6,119,0,6,0,0,0,6,0,23,14,8,1,0,6,1,17,0,0,0,0,1,1,52,0,0,(Guitar)
guitarSvg/NS10044.svg,old,1/1,3,57,0,3,2,0,0,5,0,3,8,12,1,0,3,1,8,0,0,0,0,1,1,30,0,0,(Guitar: Capo 3)
guitarSvg/NS10045.svg,old,1/1,2,22,0,2,0,0,0,0,0,0,0,6,1,0,2,1,0,0,0,0,0,1,1,23,0,0,(Guitar)
guitarSvg/NS10046.svg,old,1/1,7,149,0,7,0,0,0,12,0,25,7,21,1,3,7,3,34,0,0,0,0,1,6,38,0,0,(Guitar: Capo 3) | 3 | 3 | 3
guitarSvg/NS10047.svg,old,1/1,4,67,0,4,0,0,0,0,0,3,1,5,1,0,4,1,7,0,0,0,0,1,4,28,0,0,(Guitar: Capo 3) | 3 | 3 | 3
guitarSvg/NS10048.svg,old,1/1,8,144,0,8,2,0,0,4,0,37,12,20,1,0,8,1,7,0,1,0,0,1,1,58,0,0,(Guitar: Capo 3)
guitarSvg/NS10049.svg,old,1/1,4,86,0,16,2,0,0,16,0,13,0,15,2,0,4,1,24,0,0,0,0,1,1,28,0,0,(Guitar: Capo 3)
guitarSvg/NS1005.svg,new,1/1,7,109,0,28,0,0,0,9,0,24,4,10,1,0,7,1,37,0,0,0,0,1,1,32,0,0,(Guitar: Capo 2)
guitarSvg/NS10050.svg,old,1/1,4,88,0,2,0,0,0,6,0,12,5,19,1,0,4,1,22,0,0,0,0,1,6,42,0,0,(Guitar) | 3 | 3 | 3
guitarSvg/NS10051.svg,old,1/1,5,102,0,15,2,0,0,2,0,22,10,4,1,0,5,1,11,0,0,0,0,1,1,42,0,0,(Guitar: Capo 1)
guitarSvg/NS10052.svg,old,1/1,4,100,0,12,0,0,0,10,0,7,6,24,1,0,4,1,13,0,0,0,0,1,1,59,0,0,(Guitar: Capo 1)
guitarSvg/NS10053.svg,old,1/1,4,72,0,5,0,0,0,9,0,6,2,17,6,0,4,1,7,1,0,0,0,1,1,58,0,0,(Guitar)
guitarSvg/NS10054.svg,old,1/1,6,123,0,12,4,0,0,8,0,22,12,7,1,0,6,1,32,0,0,0,0,1,1,49,0,0,(Guitar)
guitarSvg/NS10055.svg,old,1/1,5,85,0,10,3,0,0,7,0,11,4,16,1,0,5,1,31,0,0,0,0,1,1,29,0,0,(Guitar)
guitarSvg/NS10056.svg,old,1/1,2,38,0,4,0,0,0,3,0,2,6,7,1,0,2,1,1,0,0,0,0,1,1,19,0,0,(Guitar)
guitarSvg/NS10057.svg,old,1/1,4,82,0,8,0,0,0,11,0,11,0,15,1,0,4,1,18,0,0,0,0,1,2,11,0,0,(Guitar) | 3
guitarSvg/NS10058.svg,old,1/1,5,87,0,10,0,0,0,10,0,1,1,32,2,0,5,1,13,0,0,0,0,1,1,41,0,0,(Guitar: Capo 3)
guitarSvg/NS10059.svg,old,1/1,4,70,0,8,2,0,0,0,0,13,5,19,1,0,4,1,20,0,0,0,0,1,1,45,0,0,(Guitar)
guitarSvg/NS1006.svg,new,1/1,4,66,0,4,1,0,0,2,0,16,4,6,1,0,4,1,7,0,0,0,0,1,1,30,0,0,(Guitar: Capo 3)
guitarSvg/NS10060.svg,old,1/1,5,71,0,1,0,0,0,2,0,0,1,18,2,0,5,1,7,0,0,0,0,1,1,43,0,0,(Guitar)
guitarSvg/NS10062.svg,old,1/1,6,91,0,13,0,0,0,8,0,11,6,14,1,0,6,1,26,0,0,0,0,1,1,30,0,0,(Guitar: Capo 3)
guitarSvg/NS10063.svg,old,1/1,6,77,0,6,0,0,0,13,0,7,12,19,1,0,6,1,24,0,0,0,0,1,1,30,0,0,(Guitar: Capo 3)
guitarSvg/NS10065.svg,old,1/1,5,109,0,5,2,0,0,1,0,24,12,4,1,0,5,1,17,0,0,0,0,1,1,54,0,0,(Guitar: Capo 3)
guitarSvg/NS10066.svg,old,1/1,4,83,0,8,0,0,0,6,0,8,9,11,11,0,4,1,8,0,0,0,0,1,1,48,0,0,(Guitar: Capo 3)
guitarSvg/NS10067.svg,old,1/1,6,137,0,14,2,0,0,14,0,28,9,14,1,0,6,1,13,0,0,0,0,1,1,84,0,0,(Guitar)
guitarSvg/NS10069.svg,old,1/1,4,101,0,0,0,0,0,7,0,12,9,11,1,0,4,1,10,0,0,0,0,1,1,70,0,0,(Guitar)
guitarSvg/NS1007.svg,new,1/1,4,57,0,4,0,0,0,2,0,10,5,4,1,0,4,1,16,0,0,0,0,1,1,24,0,0,(Guitar: Capo 3)
guitarSvg/NS10070.svg,old,1/1,4,75,0,12,1,0,0,4,0,16,6,7,1,0,4,1,6,0,0,0,0,1,1,24,0,0,(Guitar: Capo 1)
guitarSvg/NS10071.svg,old,1/1,4,66,0,12,0,0,0,0,0,16,6,5,1,0,4,1,7,0,0,0,0,1,1,22,0,0,(Guitar)
guitarSvg/NS10074.svg,old,1/1,6,140,0,6,0,0,0,1,0,22,2,6,2,0,6,1,8,0,0,0,0,1,1,56,0,0,(Guitar: Capo 3)
guitarSvg/NS10075.svg,old,1/1,7,135,0,21,4,0,0,16,0,19,1,18,1,0,7,1,24,0,0,0,0,1,1,62,0,0,(Guitar: Capo 1)
guitarSvg/NS10076.svg,old,1/1,9,141,0,27,2,0,0,4,0,20,15,19,1,2,9,3,18,0,0,0,0,1,4,74,0,0,(Guitar: Capo 1) | (Guitar: Capo 1) | 3 | 3
guitarSvg/NS10077.svg,old,1/1,2,43,0,2,0,0,0,5,0,10,0,4,1,0,2,1,2,0,0,0,0,1,1,22,0,0,(Guitar: Capo 3)
guitarSvg/NS10078.svg,old,1/1,4,73,0,12,2,0,0,2,0,18,8,2,1,0,4,1,17,0,0,0,0,1,1,40,0,0,(Guitar: Capo 1)
guitarSvg/NS10079.svg,old,1/1,2,53,0,2,0,0,0,0,0,4,2,2,1,0,2,1,6,0,0,0,0,1,1,19,0,0,(Guitar: Capo 3)
guitarSvg/NS1008.svg,new,1/1,5,74,0,5,0,0,0,1,0,32,1,20,1,0,5,1,8,0,0,0,0,1,1,17,0,0,(Guitar: Capo 3)
guitarSvg/NS10080.svg,old,1/1,4,86,0,12,0,0,0,0,0,44,0,26,1,0,4,1,1,0,0,0,0,1,6,37,0,0,(Guitar: Capo 1) | 3 | 3 | 3
guitarSvg/NS10081.svg,old,1/1,5,106,0,6,0,1,0,1,0,17,1,14,1,0,5,1,16,0,0,0,0,1,1,35,0,0,(Guitar: Capo 3)
guitarSvg/NS10082.svg,old,1/1,4,120,0,4,4,0,0,19,0,20,13,28,1,0,4,1,13,0,0,0,0,1,1,59,0,0,(Guitar: Capo 3)
guitarSvg/NS10086.svg,old,1/1,4,70,0,9,0,1,0,8,0,15,2,8,1,0,4,1,16,0,0,0,0,1,1,19,0,0,(Guitar)
guitarSvg/NS1009.svg,new,,9,136,0,36,0,0,0,9,0,24,8,9,1,0,9,1,47,0,0,0,0,1,1,33,0,0,(Guitar: Capo 2)
guitarSvg/NS101.svg,old,1/1,5,81,0,5,0,0,0,0,0,15,4,10,1,0,5,1,10,0,0,0,0,1,1,32,0,0,(Guitar: Capo 3)
guitarSvg/NS1010.svg,new,1/1,6,102,0,6,1,0,0,12,0,32,0,15,2,0,6,1,12,0,0,0,0,1,1,31,0,0,(Guitar: Capo 3)
guitarSvg/NS1011.svg,new,1/1,6,131,0,6,0,0,0,5,0,30,9,7,1,0,6,1,43,0,0,0,0,1,1,70,0,0,(Guitar)
guitarSvg/NS1012.svg,new,1/1,8,81,0,11,2,0,0,5,0,7,9,8,1,0,8,1,45,0,0,0,0,1,2,38,0,0,(Guitar: Capo 3) | (Verse and chorus can be sung together in round)
guitarSvg/NS1013.svg,new,1/1,10,122,0,30,8,0,0,3,0,5,0,11,1,0,10,1,7,0,0,0,0,1,5,56,0,0,(Guitar: Capo 1) | 3 | 3 | 3
guitarSvg/NS1014.svg,new,1/1,5,81,0,0,0,0,0,9,0,14,3,8,1,0,5,1,14,0,0,0,0,1,1,32,0,0,(Guitar)
guitarSvg/NS1015.svg,new,1/1,4,101,0,4,0,0,0,4,0,25,1,4,1,0,4,1,2,0,0,0,0,1,1,35,0,0,(Guitar: Capo 3)
guitarSvg/NS1016.svg,new,1/1,12,192,0,12,0,0,0,17,0,15,6,22,1,2,12,2,38,0,0,0,0,2,1,50,0,0,(Guitar: Capo 3)
guitarSvg/NS1017.svg,new,1/1,6,62,0,12,2,0,0,0,0,11,7,1,1,0,6,1,12,0,0,0,0,1,1,25,0,0,(Guitar)
guitarSvg/NS1018.svg,new,1/1,5,60,0,1,0,0,0,3,0,0,1,5,1,0,5,1,6,1,0,0,0,1,1,25,0,0,(Guitar)
guitarSvg/NS1019.svg,new,1/1,8,170,0,24,3,0,0,3,0,64,10,18,1,0,8,1,19,0,0,0,0,1,5,98,0,0,(Guitar: Capo 1) | 3 | 3 | 3
guitarSvg/NS102.svg,old,1/1,5,124,0,5,0,0,0,13,0,12,4,20,1,0,5,1,18,0,0,0,0,1,5,55,0,0,(Guitar) | 3 | 3 | 3
guitarSvg/NS1020.svg,new,1/1,6,84,0,6,0,0,0,2,0,29,5,7,1,0,6,1,18,0,0,0,0,1,1,20,0,0,(Guitar)
guitarSvg/NS1021.svg,new,,4,50,0,8,0,0,0,21,0,0,0,9,2,0,4,1,1,1,0,0,0,1,1,18,0,0,(Guitar)
guitarSvg/NS1022.svg,new,1/1,6,66,0,6,0,0,0,0,0,10,1,1,2,0,6,1,0,0,0,0,0,1,1,33,0,0,(Guitar: Capo 3)
guitarSvg/NS1023.svg,new,1/1,8,143,0,4,0,0,0,15,0,32,1,23,1,0,8,1,31,0,0,0,0,1,3,46,0,0,(Guitar) | 3 | 3
guitarSvg/NS1024.svg,new,1/1,8,143,0,24,0,0,0,6,0,22,9,25,2,0,8,1,26,0,0,0,0,1,1,107,0,0,(Guitar)
guitarSvg/NS1025.svg,new,1/1,7,59,0,0,0,0,0,5,0,4,3,22,2,0,7,1,19,0,0,0,0,1,1,22,0,0,(Guitar)
guitarSvg/NS1026.svg,new,1/1,10,139,0,30,0,0,0,8,0,9,4,14,1,0,10,1,33,0,0,0,0,1,1,48,0,0,(Guitar: Capo 1)
guitarSvg/NS1027.svg,new,1/1,6,63,0,12,0,0,0,0,0,6,5,5,1,0,6,1,9,0,0,0,0,1,1,34,0,0,(Guitar)
guitarSvg/NS1028.svg,new,1/1,7,131,0,21,0,0,0,10,0,21,6,11,1,0,7,1,37,0,0,0,0,1,1,46,0,0,(Guitar: Capo 1)
guitarSvg/NS1029.svg,new,1/1,6,74,0,19,0,1,0,3,0,2,0,3,1,0,6,1,10,1,0,0,0,1,1,32,0,0,(Guitar: Capo 1)
guitarSvg/NS103.svg,old,1/1,4,63,0,4,0,0,0,3,0,0,2,15,2,0,4,1,6,0,0,0,0,1,1,37,0,0,(Guitar)
guitarSvg/NS1030.svg,new,1/1,4,45,0,4,0,0,0,0,0,5,1,0,2,0,4,1,2,0,0,0,0,1,1,18,0,0,(Guitar: Capo 3)
guitarSvg/NS1032.svg,new,1/1,8,142,0,24,6,0,0,5,0,31,6,16,1,2,8,3,51,0,0,0,0,2,1,53,0,0,(Guitar: Capo 1)
guitarSvg/NS1033.svg,new,1/1,5,64,0,12,3,0,0,2,0,13,4,13,1,0,5,1,5,0,0,0,0,1,1,26,0,0,(Guitar)
guitarSvg/NS1034.svg,new,1/1,14,256,0,42,0,0,0,0,2,122,10,84,2,0,14,1,43,0,0,0,0,1,1,124,0,0,(Guitar: Capo 1)
guitarSvg/NS1035.svg,new,1/1,4,52,0,1,0,0,0,2,0,0,1,6,1,0,4,1,0,0,0,0,0,1,1,29,0,0,(Guitar)
guitarSvg/NS1036.svg,new,1/1,4,66,0,4,0,0,0,0,0,22,1,10,1,0,4,1,0,1,0,0,0,1,1,26,0,0,(Guitar: Capo 3)
guitarSvg/NS1037.svg,new,1/1,4,71,0,4,0,0,0,0,0,50,1,24,2,0,4,1,8,0,0,0,0,1,3,20,0,0,(Guitar: Capo 3) | 3 | 3
guitarSvg/NS1038.svg,new,1/1,7,104,0,7,0,0,0,6,0,15,11,10,1,3,7,2,7,0,0,0,0,1,1,37,0,0,(Guitar: Capo 3)
guitarSvg/NS1039.svg,new,1/1,6,77,0,9,0,3,0,7,0,11,1,12,1,0,6,1,4,0,0,0,0,1,1,45,0,0,(Guitar: Capo 3)
guitarSvg/NS104.svg,old,1/1,4,98,0,8,2,0,0,0,0,11,2,5,1,0,4,1,18,0,0,0,0,1,1,44,0,0,(Guitar)
guitarSvg/NS1040.svg,new,1/1,6,103,0,12,0,0,0,10,0,24,1,17,1,2,6,2,2,0,0,0,0,1,2,52,0,0,(Guitar: Capo 3) | 3
guitarSvg/NS1041.svg,new,1/1,5,84,0,5,0,0,0,2,0,36,1,14,1,0,5,1,23,0,0,0,0,1,1,19,0,0,(Guitar: Capo 3)
guitarSvg/NS1042.svg,new,1/1,5,71,0,5,0,0,0,0,5,37,6,28,1,0,5,1,9,0,0,0,0,1,1,19,0,0,(Guitar: Capo 3)
guitarSvg/NS1043.svg,new,,4,80,0,8,0,0,0,0,0,16,1,33,2,0,4,1,4,0,0,0,0,1,1,31,0,0,(Guitar)
guitarSvg/NS1044.svg,new,1/1,9,112,0,18,0,0,0,0,0,0,1,10,1,0,9,1,7,4,0,0,0,1,1,39,0,0,(Guitar)
guitarSvg/NS1045.svg,new,1/1,4,40,0,16,0,0,0,1,0,2,1,3,2,0,4,1,4,0,0,0,0,1,1,13,0,0,(Guitar: Capo 1)
guitarSvg/NS1046.svg,new,1/1,4,75,0,16,0,4,0,4,0,11,1,7,1,0,4,1,6,0,0,0,0,2,1,27,0,0,(Guitar: Capo 1)
guitarSvg/NS1047.svg,new,1/1,8,120,0,8,0,0,0,1,0,0,6,35,2,0,8,1,5,0,0,0,0,1,1,90,0,0,(Guitar: Capo 3)
guitarSvg/NS1048.svg,new,,8,115,0,0,0,0,0,4,0,15,0,9,1,0,8,1,19,0,0,0,0,1,1,37,0,0,(Guitar)
guitarSvg/NS1049.svg,new,1/1,4,67,0,8,1,0,0,13,0,20,2,14,2,0,4,1,3,1,0,0,0,1,1,31,0,0,(Guitar)
guitarSvg/NS105.svg,old,1/1,4,88,0,12,0,0,0,8,0,16,1,12,1,0,4,1,22,0,0,0,0,1,1,41,0,0,(Guitar: Capo 1)
guitarSvg/NS1050.svg,new,1/1,4,44,0,4,0,0,0,5,0,0,1,6,1,0,4,1,1,0,0,0,0,1,1,24,0,0,(Guitar: Capo 3)
guitarSvg/NS1051.svg,new,1/1,5,78,0,15,1,0,0,0,0,1,3,16,2,0,5,1,7,0,0,0,0,1,1,24,0,0,(Guitar: Capo 1)
guitarSvg/NS1052.svg,new,1/1,7,104,0,28,0,0,0,0,0,5,15,9,2,0,7,1,10,0,0,0,0,1,1,39,0,0,(Guitar: Capo 1)
guitarSvg/NS1053.svg,new,1/1,10,146,0,10,0,0,0,8,0,19,18,15,1,0,10,2,15,0,0,0,0,2,1,42,0,0,(Guitar: Capo 3)
guitarSvg/NS1054.svg,new,,4,49,0,12,0,0,0,0,0,2,4,6,2,0,4,1,5,0,0,0,0,1,1,29,0,0,(Guitar: Capo 1)
guitarSvg/NS1055.svg,new,,7,156,0,7,0,0,0,17,0,21,6,14,2,0,7,1,23,0,0,0,0,1,1,51,0,0,(Guitar: Capo 3)
guitarSvg/NS1056.svg,new,,6,86,0,2,0,0,0,0,0,16,1,14,1,0,6,1,3,0,0,0,0,1,1,35,0,0,(Guitar)
guitarSvg/NS1057.svg,new,,4,68,0,4,0,0,0,2,0,14,8,4,1,0,4,1,6,0,0,0,0,1,1,40,0,0,(Guitar: Capo 3)
guitarSvg/NS1058.svg,new,,16,399,0,0,0,0,0,6,0,94,29,5,1,0,16,1,87,0,0,0,0,1,2,98,0,0,(Guitar) | The countermelodies can be sung together with the chorus.
guitarSvg/NS1059.svg,new,,6,120,0,6,6,0,0,14,0,22,4,17,1,0,6,1,1,1,0,0,0,1,1,58,0,0,(Guitar: Capo 3)
guitarSvg/NS106.svg,old,1/1,7,112,0,7,3,0,0,23,0,9,0,22,1,0,7,1,18,0,0,0,0,2,1,53,0,0,(Guitar: Capo 3)
guitarSvg/NS1060.svg,new,,5,66,0,5,0,0,0,2,0,9,2,8,1,0,5,1,12,0,0,0,0,1,4,25,0,0,(Guitar: Capo 3) | 3 | 3 | 3
guitarSvg/NS1061.svg,new,,9,213,0,18,0,0,0,5,0,51,5,16,1,4,9,5,47,0,0,0,0,1,1,73,0,0,(Guitar)
guitarSvg/NS1062.svg,new,,4,67,0,8,0,0,0,2,0,5,6,13,2,0,4,1,9,0,0,0,0,1,1,19,0,0,(Guitar)
guitarSvg/NS1063.svg,new,,5,59,0,10,0,0,0,27,0,2,3,4,2,0,5,1,1,3,0,0,0,1,1,20,0,0,(Guitar)
guitarSvg/NS1064.svg,new,,6,105,0,18,9,0,0,16,0,12,14,29,1,0,6,1,35,0,0,0,0,1,1,48,0,0,(Guitar)
guitarSvg/NS1065.svg,new,,8,101,0,24,0,0,0,19,0,24,3,22,2,0,8,1,3,0,0,0,0,1,1,55,0,0,(Guitar: Capo 1)
guitarSvg/NS1066.svg,new,,6,104,0,18,0,0,0,5,0,23,9,6,1,0,6,1,9,0,0,0,0,1,2,48,0,0,(Guitar) | (All parts can be sung together in round and then all arrive together on Part 3)
guitarSvg/NS1067.svg,new,,5,58,0,0,0,0,0,2,0,6,1,10,1,2,5,3,21,0,0,0,0,1,6,20,0,0,(Guitar) | 3 | 3 | 3
guitarSvg/NS1068.svg,new,,9,119,0,9,0,0,0,6,0,15,3,8,1,0,9,1,3,0,0,0,0,1,2,58,0,0,(Guitar) | 3
guitarSvg/NS1069.svg,new,,3,46,0,6,0,0,0,4,0,1,0,4,1,0,3,1,1,0,0,0,0,1,1,15,0,0,(Guitar: Capo 3)
guitarSvg/NS107.svg,old,1/1,6,130,0,0,0,0,0,1,0,7,1,6,1,0,6,1,18,0,0,0,0,1,1,61,0,0,(Guitar)
guitarSvg/NS1070.svg,new,,4,56,0,5,0,1,0,8,0,0,0,8,1,0,4,1,0,0,0,0,0,1,1,22,0,0,(Guitar: Capo 3)
guitarSvg/NS1071.svg,new,,8,118,0,0,0,0,0,38,0,9,3,15,2,0,8,1,14,0,0,0,0,2,1,41,0,0,(Guitar)
guitarSvg/NS1072.svg,new,,6,105,0,0,0,0,0,11,0,41,8,0,2,0,6,1,13,1,0,0,0,1,1,41,0,0,(Guitar)
guitarSvg/NS1073.svg,new,,11,171,0,33,3,0,0,7,0,34,5,19,2,0,11,1,17,0,0,0,0,1,1,56,0,0,(Guitar)
guitarSvg/NS1074.svg,new,,6,69,0,0,0,0,0,0,0,5,3,13,1,0,6,1,19,0,0,0,0,1,1,24,0,0,(Guitar)
guitarSvg/NS1075.svg,new,,4,70,0,4,0,0,0,7,0,13,4,9,1,0,4,1,3,0,0,0,0,1,1,17,0,0,(Guitar: Capo 3)
guitarSvg/NS1076.svg,new,,4,31,0,0,1,0,0,2,0,1,1,8,2,0,4,1,2,0,0,0,0,1,1,17,0,0,(Guitar)
guitarSvg/NS1077.svg,new,,6,98,0,7,0,1,0,30,0,10,1,8,2,0,6,1,8,0,0,0,0,1,1,52,0,0,(Guitar: Capo 3)
guitarSvg/NS1078.svg,new,,8,127,0,16,2,0,0,21,0,15,0,27,1,0,8,1,41,0,0,0,0,1,1,41,0,0,(Guitar)
guitarSvg/NS1079.svg,new,,4,53,0,16,0,0,0,4,0,0,3,4,1,0,4,1,1,0,0,0,0,1,1,43,0,0,(Guitar: Capo 1)
guitarSvg/NS108.svg,old,1/1,7,149,0,25,0,2,0,9,0,24,6,10,1,0,7,1,36,0,0,0,0,1,1,49,0,0,(Guitar: Capo 1)
guitarSvg/NS1080.svg,new,,7,145,0,0,0,0,0,7,0,32,5,8,1,0,7,1,41,0,0,0,0,1,1,45,0,0,(Guitar)
guitarSvg/NS1081.svg,new,,4,67,0,12,1,0,0,14,0,10,0,16,1,0,4,1,11,0,0,0,0,1,1,24,0,0,(Guitar: Capo 1)
guitarSvg/NS1082.svg,new,,11,158,0,0,0,0,0,12,0,16,5,25,2,0,11,1,16,0,0,0,0,1,2,63,0,0,(Guitar) | 3
guitarSvg/NS1083.svg,new,,4,40,0,4,0,0,0,0,0,0,0,1,1,0,4,1,0,0,0,0,0,1,1,18,0,0,(Guitar: Capo 3)
guitarSvg/NS1084.svg,new,,6,109,0,18,2,0,0,1,0,28,1,2,1,0,6,1,17,0,0,0,0,1,1,23,0,0,(Guitar: Capo 1)
guitarSvg/NS1085.svg,new,,8,114,0,16,3,0,0,3,0,17,0,11,1,2,8,2,29,0,0,0,0,2,1,55,0,0,(Guitar)
guitarSvg/NS1086.svg,new,,8,107,0,9,0,0,0,10,0,6,2,15,1,0,8,1,16,0,0,0,0,1,2,47,0,0,(Guitar) | 3
guitarSvg/NS1087.svg,new,,12,199,0,24,0,0,0,14,0,17,9,29,3,0,12,1,15,0,0,0,0,1,10,71,0,0,(Guitar) | 3 | 3 | 3
guitarSvg/NS1088.svg,new,,12,138,0,24,0,0,0,9,0,23,13,15,1,0,12,1,47,0,0,0,0,1,1,58,0,0,(Guitar: Capo 3)
guitarSvg/NS1089.svg,new,,4,70,0,18,0,2,0,18,0,10,1,4,2,0,4,1,14,0,0,0,0,1,1,33,0,0,(Guitar: Capo 1)
guitarSvg/NS109.svg,old,1/1,4,76,0,12,0,0,0,3,0,22,0,5,1,0,4,1,7,1,0,0,0,1,1,32,0,0,(Guitar: Capo 1)
guitarSvg/NS1090.svg,new,,6,145,0,18,7,0,0,16,0,11,8,24,1,0,6,1,19,1,0,0,0,1,1,87,0,0,(Guitar: Capo 1)
guitarSvg/NS1091.svg,new,,8,111,0,24,2,0,0,6,0,1,5,15,1,0,8,1,15,0,0,0,0,1,1,51,0,0,(Guitar: Capo 1)
guitarSvg/NS1092.svg,new,,4,63,0,8,0,0,0,0,0,19,1,0,2,0,4,1,3,0,0,0,0,1,1,32,0,0,(Guitar)
guitarSvg/NS1093.svg,new,,6,73,0,6,0,0,0,1,0,33,3,24,1,0,6,1,7,0,0,0,0,1,1,24,0,0,(Guitar: Capo 3)
guitarSvg/NS1094.svg,new,,8,83,0,8,0,0,0,6,0,1,2,7,1,0,8,1,18,0,0,0,0,1,1,20,0,0,(Guitar)
guitarSvg/NS1095.svg,new,,11,245,0,24,0,0,0,13,0,38,17,13,1,0,11,1,18,0,0,0,0,2,7,50,0,0,(Guitar) | 3 | 3 | 3
guitarSvg/NS1096.svg,new,,4,58,0,12,0,0,0,5,0,13,1,13,1,0,4,1,21,0,0,0,0,1,1,21,0,0,(Guitar: Capo 1)
guitarSvg/NS1097.svg,new,,6,102,0,12,0,0,0,28,0,16,1,0,1,0,6,1,0,1,0,0,0,1,1,34,0,0,(Guitar)
guitarSvg/NS1098.svg,new,,4,60,0,4,0,0,0,7,0,0,0,7,1,0,4,1,0,0,0,0,0,1,1,26,0,0,(Guitar)
guitarSvg/NS1099.svg,new,,5,67,0,5,0,0,0,0,0,11,1,1,2,0,5,1,15,0,0,0,0,1,1,33,0,0,(Guitar: Capo 3)
guitarSvg/NS11.svg,old,1/1,2,48,0,8,0,0,0,0,0,6,3,4,1,0,2,1,7,0,0,0,0,1,1,22,0,0,(Guitar: Capo 1)
guitarSvg/NS110.svg,old,1/1,2,43,0,4,0,0,0,0,0,1,1,6,1,0,2,1,6,0,0,0,0,1,1,25,0,0,(Guitar)
guitarSvg/NS1100.svg,new,,8,126,0,32,0,0,0,15,0,6,9,22,1,0,8,1,16,0,0,0,0,1,14,35,0,0,(Guitar: Capo 1) | 3 | 3 | 3
guitarSvg/NS1101.svg,new,,7,108,0,21,0,0,0,8,3,37,11,19,1,0,7,1,14,0,0,0,0,1,4,43,0,0,(Guitar: Capo 1) | 3 | 3 | 3
guitarSvg/NS1102.svg,new,,8,116,0,0,0,0,0,35,0,13,1,21,2,0,8,1,8,1,0,0,0,1,1,72,0,0,(Guitar)
guitarSvg/NS1103.svg,new,,8,157,0,0,0,0,0,13,0,15,5,26,2,0,8,1,16,0,0,0,0,1,2,65,0,0,(Guitar) | 3
guitarSvg/NS1104.svg,new,,6,94,0,24,0,0,0,14,0,10,3,20,1,0,6,1,2,0,0,0,0,1,1,42,0,0,(Guitar: Capo 1)
guitarSvg/NS1105.svg,new,,8,132,0,16,0,0,0,6,1,43,8,15,1,0,8,1,23,0,0,0,0,1,5,18,0,0,(Guitar) | 3 | 3 | 3
guitarSvg/NS1106.svg,new,,4,76,0,0,0,0,0,5,0,19,7,6,1,0,4,1,8,0,0,0,0,1,1,28,0,0,(Guitar)
guitarSvg/NS1107.svg,new,,5,103,0,15,0,0,0,5,0,28,8,7,1,0,5,1,11,0,0,0,0,1,1,30,0,0,(Guitar: Capo 1)
guitarSvg/NS1108.svg,new,,4,84,0,9,0,0,0,4,0,1,1,20,1,0,4,1,20,0,0,0,0,1,1,36,0,0,(Guitar: Capo 3)
guitarSvg/NS1109.svg,new,,4,62,0,18,0,2,0,14,0,8,0,10,2,0,4,1,2,2,0,0,0,1,2,36,0,0,"(Guitar: Capo 1) | (cf. 2010 Thanksgiving Day Conference, Message 2)"
guitarSvg/NS111.svg,old,1/1,3,64,0,6,0,0,0,2,0,10,2,4,1,0,3,1,10,0,0,0,0,1,1,36,0,0,(Guitar)
guitarSvg/NS1110.svg,new,,8,116,0,16,0,0,0,0,0,20,0,0,1,0,8,1,11,0,0,0,0,1,1,48,0,0,(Guitar)
guitarSvg/NS1111.svg,new,,8,123,0,32,0,0,0,33,0,13,0,18,2,0,8,1,26,0,0,0,0,1,1,82,0,0,(Guitar: Capo 1)
guitarSvg/NS1112.svg,new,,6,57,0,0,0,0,0,7,0,0,2,10,1,0,6,1,11,0,0,0,0,1,3,31,0,0,(Guitar) | 3 | 3
guitarSvg/NS1113.svg,new,,4,44,0,12,0,0,0,3,0,5,1,9,1,0,4,1,8,0,0,0,0,1,1,19,0,0,(Guitar: Capo 1)
guitarSvg/NS1114.svg,new,,7,88,0,21,0,0,0,9,0,6,10,24,1,2,7,3,21,0,0,0,0,2,1,45,0,0,(Guitar: Capo 1)
guitarSvg/NS1115.svg,new,,4,77,0,12,0,0,0,7,0,6,2,8,1,0,4,1,5,0,0,0,0,1,14,34,0,0,(Guitar: Capo 1) | 3 | 3 | 3
guitarSvg/NS1116.svg,new,,5,84,0,0,0,0,0,6,0,21,5,6,1,0,5,1,14,0,0,0,0,1,1,22,0,0,(Guitar)
guitarSvg/NS1117.svg,new,,12,183,0,0,0,0,0,13,0,23,7,23,1,0,12,1,36,0,0,0,0,1,3,60,0,0,(Guitar) | 3 | 3
guitarSvg/NS1118.svg,new,,6,88,0,18,0,0,0,5,0,16,1,8,1,0,6,1,10,0,0,0,0,1,1,19,0,0,(Guitar: Capo 1)
guitarSvg/NS1119.svg,new,,4,71,0,8,1,0,0,5,0,11,1,12,1,0,4,1,1,0,0,0,0,1,1,41,0,0,(Guitar)
guitarSvg/NS112.svg,old,1/1,4,52,0,8,1,0,0,2,0,6,4,4,1,0,4,1,8,0,0,0,0,1,1,20,0,0,(Guitar)
guitarSvg/NS1120.svg,new,,4,54,0,4,0,0,0,7,0,6,1,8,1,0,4,1,5,0,0,0,0,1,1,30,0,0,(Guitar: Capo 3)
guitarSvg/NS1121.svg,new,,10,146,0,20,9,0,0,14,0,22,6,21,2,0,10,1,15,0,0,0,0,1,1,72,0,0,(Guitar)
guitarSvg/NS1122.svg,new,,6,78,0,0,0,0,0,5,1,22,4,12,1,0,6,1,14,0,0,0,0,1,1,20,0,0,(Guitar)
guitarSvg/NS1123.svg,new,,3,45,0,3,0,0,0,4,0,10,1,6,1,0,3,1,6,0,0,0,0,1,1,12,0,0,(Guitar: Capo 3)
guitarSvg/NS1124.svg,new,,8,99,0,8,0,0,0,11,0,18,11,18,1,0,8,1,37,0,0,0,0,1,1,34,0,0,(Guitar: Capo 3)
guitarSvg/NS1125.svg,new,,15,209,0,30,4,0,0,18,0,34,20,34,1,0,15,1,69,0,0,0,0,1,1,95,0,0,(Guitar)
guitarSvg/NS1126.svg,new,,11,271,0,30,31,0,0,15,0,37,4,25,1,0,11,1,39,0,0,0,0,1,1,103,0,0,(Guitar)
guitarSvg/NS1127.svg,new,,8,91,0,16,0,0,0,6,0,13,5,8,1,0,8,1,28,0,0,0,0,1,1,35,0,0,(Guitar)
guitarSvg/NS1128.svg,new,,6,114,0,12,0,0,0,17,0,17,9,17,1,0,6,1,39,1,0,0,0,1,1,31,0,0,(Guitar: Capo 3)
guitarSvg/NS1129.svg,new,,8,86,0,24,0,0,0,21,0,3,1,37,2,0,8,1,14,0,0,0,0,1,1,39,0,0,(Guitar: Capo 1)
guitarSvg/NS113.svg,old,1/1,2,28,0,4,0,0,0,4,0,3,1,8,1,0,2,1,1,0,0,0,0,1,1,15,0,0,(Guitar)
guitarSvg/NS1130.svg,new,,9,100,0,9,2,0,0,6,0,13,10,12,1,0,9,1,6,0,0,0,0,1,1,27,0,0,(Guitar: Capo 3)
guitarSvg/NS1131.svg,new,,8,74,0,0,0,0,0,2,0,0,8,2,1,0,8,1,17,0,0,0,0,1,1,40,0,0,(Guitar)
guitarSvg/NS1132.svg,new,,7,125,0,29,0,0,0,9,0,22,2,18,1,0,7,1,9,0,0,0,0,1,14,47,0,0,(Guitar: Capo 2) | 3 | 3 | 3
guitarSvg/NS1133.svg,new,,10,104,0,30,0,0,0,12,0,6,7,24,1,0,10,1,24,0,0,0,0,1,1,49,0,0,(Guitar: Capo 1)
guitarSvg/NS1134.svg,new,,6,129,0,18,3,0,0,11,0,38,16,11,1,0,6,1,14,0,0,0,0,1,1,27,0,0,(Guitar)
guitarSvg/NS1135.svg,new,,8,124,0,26,6,1,0,2,0,19,15,5,1,0,8,1,6,0,0,0,0,1,1,52,0,0,(Guitar: Capo 1)
guitarSvg/NS1136.svg,new,,12,234,0,48,0,0,0,25,0,49,20,29,1,0,12,1,42,0,0,0,0,1,1,53,0,0,(Guitar: Capo 2)
guitarSvg/NS1137.svg,new,,11,153,0,11,0,0,0,18,0,18,4,32,1,0,11,1,47,0,0,0,0,1,2,44,0,0,(Guitar: Capo 3) | 3
guitarSvg/NS1138.svg,new,,8,114,0,0,0,0,0,5,0,16,4,13,1,0,8,1,8,0,0,0,0,1,1,34,0,0,(Guitar)
guitarSvg/NS1139.svg,new,,4,55,0,0,0,0,0,0,0,14,2,8,1,0,4,1,2,0,0,0,0,1,1,13,0,0,(Guitar)
guitarSvg/NS114.svg,old,1/1,6,92,0,0,0,0,0,6,0,7,11,11,1,0,6,1,10,0,0,0,0,1,1,41,0,0,(Guitar)
guitarSvg/NS1140.svg,new,,8,121,0,8,2,0,0,10,0,20,4,13,1,0,8,1,39,0,0,0,0,1,1,46,0,0,(Guitar: Capo 3)
guitarSvg/NS1141.svg,new,,8,125,0,16,5,0,0,8,0,19,4,14,1,0,8,1,20,0,0,0,0,1,1,63,0,0,(Guitar)
guitarSvg/NS1142.svg,new,,7,112,0,9,0,1,0,4,0,6,4,10,1,0,7,1,3,0,0,0,0,1,9,59,0,0,(Guitar) | 3 | 3 | 3
guitarSvg/NS1143.svg,new,,6,101,0,8,0,0,0,2,0,23,12,9,1,0,6,1,4,0,0,0,0,1,1,27,0,0,(Guitar)
guitarSvg/NS1144.svg,new,,4,49,0,8,0,0,0,0,0,8,9,3,1,0,4,1,0,0,0,0,0,2,1,18,0,0,(Guitar)
guitarSvg/NS1145.svg,new,,14,161,0,28,0,0,0,9,0,57,27,47,1,0,14,1,23,0,0,0,0,1,1,62,0,0,(Guitar)
guitarSvg/NS1146.svg,new,,9,123,0,0,0,0,0,14,0,28,8,13,1,0,9,1,10,0,0,0,0,1,1,36,0,0,(Guitar)
guitarSvg/NS1147.svg,new,,9,163,0,27,13,0,0,3,0,1,27,7,1,0,9,1,14,0,0,0,0,1,1,66,0,0,(Guitar)
guitarSvg/NS1148.svg,new,,7,99,0,22,3,1,0,50,0,2,8,7,2,0,7,1,9,0,0,0,0,1,1,65,0,0,(Guitar: Capo 1)
guitarSvg/NS1149.svg,new,,4,71,0,16,0,0,0,0,0,16,1,5,1,0,4,1,8,0,0,0,0,1,1,39,0,0,(Guitar: Capo 1)
guitarSvg/NS115.svg,old,1/1,2,42,0,2,0,0,0,0,0,4,1,3,2,0,2,1,1,0,0,0,0,1,1,22,0,0,(Guitar: Capo 3)
guitarSvg/NS1150.svg,new,,4,60,0,4,0,0,0,7,0,0,0,7,1,0,4,1,0,0,0,0,0,1,1,0,0,0,(Guitar)
guitarSvg/NS1151.svg,new,,8,125,0,8,4,0,0,0,0,17,2,9,1,0,8,1,8,0,0,0,0,1,1,54,0,0,(Guitar: Capo 3)
guitarSvg/NS1152.svg,new,,8,107,0,25,0,0,0,2,0,23,11,16,1,0,8,1,10,0,0,0,0,2,1,36,0,0,(Guitar)
guitarSvg/NS1153.svg,new,,8,103,0,8,0,0,0,0,0,22,15,7,1,0,8,1,32,0,0,0,0,1,1,0,0,0,(Guitar: Capo 3)
guitarSvg/NS1154.svg,new,,13,206,0,26,2,0,0,14,0,41,10,26,1,0,13,1,87,0,0,0,0,1,3,0,0,0,(Guitar) | 3 | 3
guitarSvg/NS1155.svg,new,,4,60,0,4,0,0,0,7,0,0,0,7,1,0,4,1,0,0,0,0,0,1,1,0,0,0,(Guitar)
guitarSvg/NS1156.svg,new,,14,248,0,14,8,0,0,16,0,31,22,32,1,0,14,1,45,0,0,0,0,1,1,0,0,0,(Guitar: Capo 3)
guitarSvg/NS1157.svg,new,,12,113,0,12,2,0,0,13,0,12,5,18,2,0,12,1,29,0,0,0,0,1,1,0,0,0,(Guitar: Capo 3)
guitarSvg/NS1158.svg,new,,8,130,0,8,0,0,0,15,0,23,11,21,1,0,8,1,36,0,0,0,0,1,1,0,0,0,(Guitar: Capo 3)
guitarSvg/NS1159.svg,new,,13,168,0,13,3,0,0,19,0,15,15,23,1,0,13,1,41,0,0,0,0,1,1,0,0,0,(Guitar: Capo 3)
guitarSvg/NS116.svg,old,1/1,4,99,0,8,1,0,0,4,0,10,1,18,1,0,4,1,27,0,0,0,0,1,2,54,0,0,(Guitar) | 3
guitarSvg/NS1160.svg,new,,12,233,0,24,0,0,0,2,0,62,20,41,1,0,12,1,23,0,0,0,0,1,1,0,0,0,(Guitar)
guitarSvg/NS1161.svg,new,,8,117,0,0,0,0,0,3,0,11,12,3,1,0,8,1,16,0,0,0,0,1,1,0,0,0,(Guitar)
guitarSvg/NS117.svg,old,1/1,4,78,0,4,0,0,0,0,0,7,6,4,2,0,4,1,1,0,0,0,0,1,1,46,0,0,(Guitar: Capo 3)
guitarSvg/NS118.svg,old,1/1,6,92,0,22,0,1,0,13,0,13,0,13,1,0,6,1,2,0,0,0,0,1,1,38,0,0,(Guitar: Capo 1)
guitarSvg/NS119.svg,old,1/1,4,101,0,12,0,0,0,2,0,26,2,2,1,0,4,1,11,1,0,0,0,1,1,38,0,0,(Guitar: Capo 1)
guitarSvg/NS12.svg,old,1/1,3,54,0,12,0,0,0,0,0,2,1,3,2,0,3,1,10,0,0,0,0,1,1,33,0,0,(Guitar: Capo 2)
guitarSvg/NS120.svg,old,1/1,2,38,0,6,0,0,0,0,0,0,2,2,1,0,2,1,7,0,0,0,0,1,1,26,0,0,(Guitar: Capo 1)
guitarSvg/NS121.svg,old,1/1,3,48,0,6,0,0,0,2,0,10,0,4,1,0,3,1,8,0,0,0,0,1,1,33,0,0,(Guitar)
guitarSvg/NS122.svg,old,1/1,2,36,0,4,0,0,0,1,0,6,6,2,1,0,2,1,4,0,0,0,0,1,1,15,0,0,(Guitar)
guitarSvg/NS123.svg,old,1/1,14,347,0,42,9,0,0,28,0,42,19,40,1,0,14,1,55,0,0,0,0,1,2,132,0,0,(Guitar: Capo 1) | 3
guitarSvg/NS124.svg,old,1/1,5,67,0,5,0,0,0,0,0,14,1,2,1,0,5,1,4,0,0,0,0,1,1,22,0,0,(Guitar: Capo 3)
guitarSvg/NS125.svg,old,1/1,4,88,0,4,2,0,0,7,0,21,3,8,1,0,4,1,14,0,0,0,0,1,1,42,0,0,(Guitar: Capo 3)
guitarSvg/NS126.svg,old,1/1,3,76,0,0,0,0,0,1,0,24,1,8,1,0,3,1,20,0,0,0,0,1,1,23,0,0,(Guitar)
guitarSvg/NS127.svg,old,1/1,6,168,0,6,0,0,0,0,0,40,1,12,1,0,6,1,48,0,0,0,0,1,1,49,0,0,(Guitar: Capo 3)
guitarSvg/NS128.svg,old,1/1,2,49,0,4,0,0,0,2,0,9,7,3,1,0,2,1,16,0,0,0,0,1,1,25,0,0,(Guitar)
guitarSvg/NS129.svg,old,1/1,5,104,0,0,0,0,0,13,0,13,5,14,1,0,5,1,25,0,0,0,0,1,1,33,0,0,(Guitar)
guitarSvg/NS13.svg,old,1/1,2,43,0,0,0,0,0,2,0,10,0,2,1,0,2,1,1,1,0,0,0,1,1,24,0,0,(Guitar)
guitarSvg/NS130.svg,old,1/1,4,108,0,8,0,0,0,10,0,12,1,17,1,0,4,1,27,0,0,0,0,1,1,54,0,0,(Guitar)
guitarSvg/NS131.svg,old,1/1,4,112,0,10,0,0,0,4,0,11,6,4,1,0,4,1,11,0,0,0,0,1,1,39,0,0,(Guitar)
guitarSvg/NS132.svg,old,1/1,4,60,0,8,2,0,0,1,0,12,8,2,1,0,4,1,5,0,0,0,0,1,1,27,0,0,(Guitar)
guitarSvg/NS133.svg,old,1/1,4,102,0,12,1,0,0,20,0,5,15,20,1,0,4,1,5,0,0,0,0,1,2,57,0,0,(Guitar: Capo 1) | 3
guitarSvg/NS134.svg,old,1/1,7,129,0,21,9,0,0,5,0,20,4,15,1,0,7,1,8,0,0,0,0,1,2,47,0,0,(Guitar) | 3
guitarSvg/NS135.svg,old,1/1,6,135,0,0,0,0,0,21,0,7,2,26,1,0,6,1,40,0,0,0,0,1,1,53,0,0,(Guitar)
guitarSvg/NS136.svg,old,1/1,6,110,0,6,0,0,0,26,0,17,10,1,1,0,6,1,15,0,0,0,0,1,1,39,0,0,(Guitar)
guitarSvg/NS137.svg,old,1/1,5,148,0,5,0,0,0,0,0,26,4,3,1,0,5,1,41,0,0,0,0,1,1,37,0,0,(Guitar: Capo 3)
guitarSvg/NS138.svg,old,1/1,4,103,0,4,0,0,0,2,0,23,0,2,1,0,4,1,18,0,0,0,0,1,1,40,0,0,(Guitar: Capo 3)
guitarSvg/NS139.svg,old,1/1,4,96,0,0,0,0,0,7,0,22,8,7,1,0,4,1,14,0,0,0,0,1,1,47,0,0,(Guitar)
guitarSvg/NS14.svg,old,1/1,4,60,0,4,1,0,0,2,0,8,1,5,1,0,4,1,5,0,0,0,0,1,1,35,0,0,(Guitar: Capo 3)
guitarSvg/NS140.svg,old,1/1,2,34,0,4,1,0,0,0,0,3,1,1,2,0,2,1,6,1,0,0,0,1,1,26,0,0,(Guitar)
guitarSvg/NS141.svg,old,1/1,8,209,0,8,4,0,0,31,0,35,5,34,1,0,8,1,26,0,0,0,0,1,1,73,0,0,(Guitar: Capo 3)
guitarSvg/NS142.svg,old,1/1,4,80,0,4,0,0,0,3,0,22,8,8,1,2,4,2,17,0,0,0,0,1,1,46,0,0,(Guitar: Capo 3)
guitarSvg/NS143.svg,old,1/1,5,112,0,0,0,0,0,17,0,10,4,25,1,0,5,1,6,0,0,0,0,1,2,63,0,0,(Guitar) | 3
guitarSvg/NS144.svg,old,1/1,6,141,0,6,0,0,0,10,0,15,9,17,1,0,6,1,32,0,0,0,0,1,3,55,0,0,(Guitar: Capo 3) | 3 | 3
guitarSvg/NS145.svg,old,1/1,4,102,0,12,0,0,0,1,0,29,2,7,1,0,4,1,12,0,0,0,0,1,2,34,0,0,(Guitar: Capo 1) | (Repeat chorus and second verse)
guitarSvg/NS146.svg,old,1/1,4,59,0,0,0,0,0,4,0,8,3,6,1,0,4,1,3,0,0,0,0,1,1,22,0,0,(Guitar)
guitarSvg/NS147.svg,old,1/1,4,104,0,4,0,0,0,11,0,21,2,14,1,0,4,1,12,0,0,0,0,1,1,49,0,0,(Guitar: Capo 3)
guitarSvg/NS148.svg,old,1/1,4,56,0,4,0,0,0,1,0,10,8,5,1,0,4,1,14,0,0,0,0,1,1,33,0,0,(Guitar: Capo 3)
guitarSvg/NS149.svg,old,1/1,6,138,0,12,0,0,0,9,6,38,2,32,2,0,6,1,6,0,0,0,0,1,1,73,0,0,(Guitar: Capo 3)
guitarSvg/NS15.svg,old,1/1,4,115,0,4,0,0,0,6,0,21,3,31,1,0,4,1,20,0,0,0,0,1,1,67,0,0,(Guitar: Capo 3)
guitarSvg/NS150.svg,old,1/1,4,71,0,8,0,0,0,14,0,11,1,20,1,0,4,1,6,0,0,0,0,1,1,47,0,0,(Guitar: Capo 3)
guitarSvg/NS151.svg,old,1/1,4,84,0,4,0,0,0,2,0,0,0,8,1,0,4,1,16,0,0,0,0,1,1,53,0,0,(Guitar)
guitarSvg/NS152.svg,old,1/1,4,107,0,0,0,0,0,2,0,41,1,2,2,0,4,1,20,0,0,0,0,1,1,37,0,0,(Guitar)
guitarSvg/NS153.svg,old,1/1,5,88,0,5,0,0,0,0,0,12,1,3,1,0,5,1,10,0,0,0,0,1,1,33,0,0,(Guitar: Capo 3)
guitarSvg/NS154.svg,old,1/1,2,37,0,8,0,0,0,0,0,11,1,3,1,0,2,1,7,0,0,0,0,1,1,26,0,0,(Guitar: Capo 1)
guitarSvg/NS155.svg,old,1/1,4,76,0,8,0,0,0,9,0,18,1,10,1,0,4,1,2,0,0,0,0,1,1,35,0,0,(Guitar)
guitarSvg/NS156.svg,old,1/1,4,80,0,8,3,0,0,0,0,4,13,0,1,0,4,1,5,0,0,0,0,1,1,41,0,0,(Guitar)
guitarSvg/NS157.svg,old,1/1,9,219,0,9,0,0,0,10,0,41,3,9,1,0,9,1,16,0,0,0,0,1,1,55,0,0,(Guitar)
guitarSvg/NS158.svg,old,1/1,4,89,0,0,0,0,0,3,0,26,3,6,1,0,4,1,10,0,0,0,0,1,1,41,0,0,(Guitar)
guitarSvg/NS159.svg,old,1/1,4,84,0,20,0,0,0,1,0,18,0,1,1,0,4,1,11,1,0,0,0,1,1,45,0,0,(Guitar: Capo 1)
guitarSvg/NS16.svg,old,1/1,4,59,0,4,0,0,0,3,0,7,1,8,1,0,4,1,3,0,0,0,0,1,1,37,0,0,(Guitar: Capo 3)
guitarSvg/NS160.svg,old,1/1,9,174,0,54,63,0,2,19,0,28,35,23,1,0,9,1,54,0,0,0,0,1,1,76,0,0,(Guitar: Capo 4)
guitarSvg/NS161.svg,old,1/1,4,74,0,12,0,0,0,1,0,16,1,4,1,0,4,1,13,0,0,0,0,1,1,29,0,0,(Guitar: Capo 1)
guitarSvg/NS162.svg,old,1/1,4,84,0,4,0,0,0,0,0,22,3,0,1,0,4,1,14,0,0,0,0,1,1,30,0,0,(Guitar: Capo 3)
guitarSvg/NS163.svg,old,1/1,4,58,0,4,0,0,0,8,0,2,2,7,1,0,4,1,7,0,0,0,0,1,1,24,0,0,(Guitar)
guitarSvg/NS164.svg,old,1/1,4,74,0,4,0,0,0,3,0,20,2,11,1,0,4,1,6,0,0,0,0,1,1,41,0,0,(Guitar: Capo 3)
guitarSvg/NS165.svg,old,1/1,6,127,0,14,1,6,0,5,0,32,6,8,1,0,6,1,40,0,0,0,0,1,1,42,0,0,(Guitar)
guitarSvg/NS166.svg,old,1/1,7,119,0,14,0,0,0,19,0,5,2,22,1,0,7,1,10,0,0,0,0,1,1,66,0,0,(Guitar)
guitarSvg/NS167.svg,old,1/1,5,105,0,15,0,0,0,0,0,31,12,2,1,0,5,1,5,0,0,0,0,1,1,31,0,0,(Guitar: Capo 1)
guitarSvg/NS168.svg,old,1/1,8,103,0,8,0,0,0,8,0,1,2,12,1,0,8,1,8,0,0,0,0,1,1,44,0,0,(Guitar: Capo 3)
guitarSvg/NS169.svg,old,1/1,4,72,0,8,0,0,0,0,0,19,6,3,1,0,4,1,18,0,0,0,0,1,1,24,0,0,(Guitar: Capo 3)
guitarSvg/NS17.svg,old,1/1,4,98,0,4,0,0,0,6,0,22,0,6,1,0,4,1,18,0,0,0,0,1,1,38,0,0,(Guitar: Capo 3)
guitarSvg/NS170.svg,new,,5,64,0,8,1,3,0,4,0,24,9,23,1,1,5,3,3,0,0,0,0,1,1,0,1,0,(Guitar: Capo 3)
guitarSvg/NS171.svg,old,1/1,4,59,0,12,5,0,0,0,0,8,3,1,1,0,4,1,5,0,0,0,0,1,2,49,0,0,(Guitar: Capo 1) | 3
guitarSvg/NS172.svg,old,1/1,4,63,0,8,0,0,0,5,0,4,4,6,1,0,4,1,11,0,0,0,0,1,1,31,0,0,(Guitar)
guitarSvg/NS173.svg,old,1/1,6,95,0,6,0,0,0,2,0,13,1,8,1,0,6,1,8,0,0,0,0,1,1,31,0,0,(Guitar)
guitarSvg/NS174.svg,old,1/1,4,60,0,1,0,0,0,3,0,11,7,3,1,0,4,1,1,0,0,0,0,1,1,45,0,0,(Guitar)
guitarSvg/NS175.svg,old,1/1,8,176,0,26,10,0,0,12,0,41,11,16,11,2,8,2,40,0,0,0,0,2,1,132,0,0,(Guitar: Capo 1)
guitarSvg/NS176.svg,old,1/1,6,110,0,6,0,0,0,7,0,31,1,15,1,0,6,1,3,0,0,0,0,1,1,22,0,0,(Guitar)
guitarSvg/NS177.svg,old,1/1,4,60,0,1,0,0,0,1,1,40,1,24,1,0,4,1,10,0,0,0,0,1,3,30,0,0,(Guitar) | 3 | 3
guitarSvg/NS178.svg,old,1/1,2,47,0,0,0,0,0,2,0,2,2,12,2,0,2,1,6,0,0,0,0,1,1,33,0,0,(Guitar)
guitarSvg/NS179.svg,old,1/1,4,60,0,12,3,0,0,9,0,3,3,14,1,0,4,1,8,1,0,0,0,1,1,38,0,0,(Guitar: Capo 1)
guitarSvg/NS18.svg,old,1/1,8,132,0,8,5,0,0,28,0,20,1,28,1,0,8,1,11,0,0,0,0,1,1,74,0,0,(Guitar: Capo 3)
guitarSvg/NS180.svg,old,1/1,6,82,0,18,6,0,0,3,0,8,0,6,1,0,6,1,5,0,0,0,0,1,1,56,0,0,(Guitar)
guitarSvg/NS181.svg,old,1/1,10,297,0,40,18,0,0,1,0,35,3,18,1,0,10,1,32,0,0,0,0,1,1,152,0,0,(Guitar: Capo 2)
guitarSvg/NS182.svg,old,1/1,4,62,0,0,0,0,0,6,0,8,5,6,1,0,4,1,6,0,0,0,0,1,1,24,0,0,(Guitar)
guitarSvg/NS183.svg,old,1/1,4,93,0,4,0,0,0,4,0,21,1,7,1,0,4,2,6,0,0,0,0,2,1,45,0,0,(Guitar: Capo 3)
guitarSvg/NS184.svg,old,1/1,7,116,0,7,0,0,0,0,0,41,2,29,1,0,7,1,8,0,0,0,0,1,1,41,0,0,(Guitar: Capo 3)
guitarSvg/NS185.svg,old,1/1,4,83,0,4,0,0,0,2,0,19,1,3,1,0,4,1,17,0,0,0,0,1,1,21,0,0,(Guitar: Capo 3)
guitarSvg/NS186.svg,old,1/1,4,86,0,8,0,0,0,2,0,21,7,4,1,0,4,1,11,0,0,0,0,1,1,41,0,0,(Guitar: Capo 3)
guitarSvg/NS187.svg,old,1/1,4,47,0,4,0,0,0,0,0,26,0,12,1,0,4,1,1,0,0,0,0,1,3,18,0,0,(Guitar) | 3 | 3
guitarSvg/NS188.svg,old,1/1,4,61,0,6,0,0,0,2,0,7,1,4,1,0,4,1,1,0,0,0,0,1,1,35,0,0,(Guitar: Capo 3)
guitarSvg/NS189.svg,old,1/1,4,97,0,1,0,0,0,4,0,25,1,5,1,0,4,1,22,0,0,0,0,1,1,38,0,0,(Guitar)
guitarSvg/NS19.svg,old,1/1,13,285,0,19,0,0,0,2,0,83,1,7,1,0,13,1,29,2,0,0,0,1,1,114,0,0,(Guitar)
guitarSvg/NS190.svg,old,1/1,9,115,0,29,0,2,0,1,0,12,13,5,1,0,9,1,5,2,0,0,0,1,1,68,0,0,(Guitar: Capo 1)
guitarSvg/NS191.svg,old,1/1,4,90,0,31,2,4,0,1,0,48,1,27,1,0,4,1,2,0,0,0,0,1,4,32,0,0,(Guitar: Capo 3) | 3 | 3 | 3
guitarSvg/NS192.svg,old,1/1,4,106,0,4,0,0,0,0,0,28,0,2,1,0,4,1,8,0,0,0,0,1,1,37,0,0,(Guitar: Capo 3)
guitarSvg/NS193.svg,old,1/1,8,95,0,40,0,0,0,6,0,0,1,7,1,0,8,1,6,0,0,0,0,1,1,86,0,0,(Guitar: Capo 1)
guitarSvg/NS194.svg,old,1/1,6,91,0,0,0,0,0,0,0,1,5,11,2,0,6,1,7,0,0,0,0,1,1,75,0,0,(Guitar)
guitarSvg/NS195.svg,old,1/1,6,72,0,6,0,0,0,1,0,0,1,4,1,0,6,1,0,0,0,0,0,1,1,20,0,0,(Guitar: Capo 3)
guitarSvg/NS197.svg,old,1/1,4,51,0,8,2,0,0,1,0,5,1,5,1,0,4,1,10,0,0,0,0,1,2,26,0,0,(Guitar) | 3
guitarSvg/NS198.svg,old,1/1,4,61,0,4,2,0,0,4,0,14,5,6,1,0,4,1,11,0,0,0,0,1,1,31,0,0,(Guitar: Capo 3)
guitarSvg/NS199.svg,old,1/1,4,58,0,12,4,0,0,4,0,0,1,21,2,0,4,1,7,0,0,0,0,1,1,43,0,0,(Guitar)
guitarSvg/NS2.svg,old,1/1,4,97,0,6,1,1,0,8,0,23,0,7,1,0,4,1,2,2,0,0,0,1,1,43,0,0,(Guitar: Capo 3)
guitarSvg/NS20.svg,old,1/1,3,42,0,3,2,0,0,1,0,5,3,8,1,0,3,1,8,1,0,0,0,1,1,24,0,0,(Guitar: Capo 3)
guitarSvg/NS200.svg,old,1/1,4,57,0,8,0,0,0,1,0,0,1,14,2,0,4,1,3,0,0,0,0,1,1,48,0,0,(Guitar: Capo 3)
guitarSvg/NS201.svg,old,1/1,8,101,0,11,0,2,0,0,0,42,17,25,1,0,8,1,7,0,0,0,0,1,1,45,0,0,(Guitar: Capo 3)
guitarSvg/NS202.svg,old,1/1,7,111,0,7,2,0,0,0,0,1,2,9,1,0,7,1,14,0,0,0,0,1,1,63,0,0,(Guitar: Capo 3)
guitarSvg/NS203.svg,old,1/1,7,156,0,7,2,0,0,17,0,10,1,27,1,0,7,1,33,0,0,0,0,1,1,52,0,0,(Guitar: Capo 3)
guitarSvg/NS204.svg,old,1/1,4,84,0,4,2,0,0,10,0,8,12,10,1,0,4,1,18,0,0,0,0,1,1,39,0,0,(Guitar: Capo 3)
guitarSvg/NS205.svg,old,1/1,7,140,0,21,0,0,0,3,0,20,15,7,1,0,7,1,23,0,0,0,0,1,1,51,0,0,(Guitar: Capo 1)
guitarSvg/NS206.svg,old,1/1,4,50,0,16,0,0,0,1,0,12,2,3,1,3,4,1,6,0,0,0,0,1,2,30,0,0,(Guitar: Capo 2) | (Guitar: Capo 2)
guitarSvg/NS207.svg,old,1/1,4,78,0,4,0,0,0,3,0,16,4,8,1,0,4,1,14,0,0,0,0,1,1,30,0,0,(Guitar: Capo 3)
guitarSvg/NS208.svg,old,1/1,5,102,0,10,1,0,0,28,0,16,1,0,1,0,5,1,0,1,0,0,0,1,1,35,0,0,(Guitar)
guitarSvg/NS209.svg,old,1/1,4,50,0,16,0,0,0,1,0,12,2,3,1,3,4,1,6,0,0,0,0,1,2,30,0,0,(Guitar: Capo 2) | (Guitar: Capo 2)
guitarSvg/NS21.svg,old,1/1,5,71,0,17,1,2,0,8,0,9,1,10,2,0,5,1,3,0,0,0,0,1,1,47,0,0,(Guitar: Capo 1)
guitarSvg/NS210.svg,old,1/1,4,69,0,8,1,0,0,0,0,17,5,1,1,0,4,1,14,0,0,0,0,1,1,27,0,0,(Guitar)
guitarSvg/NS211.svg,old,1/1,6,113,0,19,11,0,0,8,0,15,1,21,1,0,6,1,5,0,0,0,0,1,6,74,0,0,(Guitar) | 3 | 3 | 3
guitarSvg/NS212.svg,old,1/1,4,42,0,8,0,0,0,0,0,0,1,1,2,0,4,1,1,0,0,0,0,1,1,22,0,0,(Guitar: Capo 3)
guitarSvg/NS213.svg,old,1/1,4,66,0,4,0,0,0,2,0,15,1,4,1,0,4,1,10,0,0,0,0,1,1,35,0,0,(Guitar)
guitarSvg/NS214.svg,old,1/1,4,85,0,16,2,0,0,1,0,22,1,1,1,0,4,1,16,0,0,0,0,1,2,28,0,0,(Guitar: Capo 2) | 3
guitarSvg/NS216.svg,old,1/1,4,42,0,4,0,0,0,1,0,8,1,2,1,0,4,1,5,0,0,0,0,1,2,19,0,0,(Guitar: Capo 3) | 3
guitarSvg/NS217.svg,old,1/1,7,147,0,22,4,0,0,0,0,3,5,2,1,0,7,1,10,0,0,0,0,1,1,91,0,0,(Guitar: Capo 1)
guitarSvg/NS218.svg,old,1/1,4,44,0,0,0,0,0,6,0,0,8,6,1,0,4,1,0,0,0,0,0,1,1,37,0,0,(Guitar)
guitarSvg/NS219.svg,old,1/1,7,110,0,8,1,0,0,0,0,11,3,7,1,0,7,1,14,0,0,0,0,1,1,37,0,0,(Guitar: Capo 3)
guitarSvg/NS22.svg,old,1/1,2,36,0,2,0,0,0,2,0,5,1,3,2,0,2,1,8,0,0,0,0,1,1,26,0,0,(Guitar)
guitarSvg/NS220.svg,old,1/1,4,50,0,16,0,0,0,1,0,12,2,5,1,3,4,2,6,0,0,0,0,1,2,30,0,0,(Guitar: Capo 2) | (Guitar: Capo 2)
guitarSvg/NS221.svg,old,1/1,5,92,0,8,0,0,0,0,0,10,1,15,1,0,5,1,1,0,0,0,0,1,1,63,0,0,(Guitar)
guitarSvg/NS222.svg,old,1/1,4,44,0,9,1,0,0,0,0,0,6,2,1,0,4,1,0,0,0,0,0,1,1,18,0,0,(Guitar)
guitarSvg/NS223.svg,old,1/1,5,89,0,11,0,0,0,2,0,19,3,6,1,0,5,2,15,0,0,0,0,2,1,34,0,0,(Guitar)
guitarSvg/NS224.svg,old,1/1,4,80,0,8,0,0,0,6,0,22,4,9,1,0,4,1,6,0,0,0,0,1,1,30,0,0,(Guitar: Capo 3)
guitarSvg/NS225.svg,old,1/1,4,64,0,16,3,0,0,10,0,8,4,10,1,0,4,1,4,0,0,0,0,1,1,45,0,0,(Guitar: Capo 2)
guitarSvg/NS226.svg,old,1/1,6,63,0,24,0,0,0,0,0,12,16,6,11,0,6,1,4,0,0,0,0,1,1,39,0,0,(Guitar: Capo 1)
guitarSvg/NS227.svg,old,1/1,7,102,0,14,1,0,0,5,0,17,2,8,1,0,7,1,8,0,0,0,0,1,1,32,0,0,(Guitar)
guitarSvg/NS228.svg,old,1/1,4,50,0,4,0,0,0,2,0,4,1,6,1,0,4,1,6,0,0,0,0,1,1,30,0,0,(Guitar)
guitarSvg/NS229.svg,old,1/1,4,59,0,0,0,0,0,0,0,2,2,7,1,0,4,1,5,0,0,0,0,1,6,56,0,0,(Guitar) | 3 | 3 | 3
guitarSvg/NS23.svg,old,1/1,4,56,0,8,2,0,0,9,0,4,4,15,1,3,4,1,6,0,0,0,0,1,2,36,0,0,(Guitar) | (Guitar)
guitarSvg/NS230.svg,old,1/1,4,65,0,4,2,0,0,2,0,16,7,3,1,0,4,1,3,0,0,0,0,1,1,40,0,0,(Guitar: Capo 3)
guitarSvg/NS231.svg,old,1/1,10,282,0,30,1,0,0,5,0,74,9,19,1,0,10,1,45,0,0,0,0,1,10,121,0,0,(Guitar: Capo 1) | 3 | 3 | 3
guitarSvg/NS232.svg,old,1/1,4,75,0,12,0,0,0,3,0,15,3,11,1,0,4,1,8,0,0,0,0,1,1,33,0,0,(Guitar)
guitarSvg/NS233.svg,old,1/1,4,60,0,4,0,0,0,6,0,11,11,9,1,0,4,1,4,0,0,0,0,2,1,37,0,0,(Guitar)
guitarSvg/NS234.svg,old,1/1,2,37,0,4,4,0,0,1,0,10,4,2,1,0,2,1,14,0,0,0,0,1,1,22,0,0,(Guitar)
guitarSvg/NS235.svg,old,1/1,4,85,0,4,1,0,0,0,0,18,2,1,1,0,4,1,10,0,0,0,0,1,1,51,0,0,(Guitar)
guitarSvg/NS236.svg,new,,4,95,0,12,0,0,0,2,0,19,1,3,1,0,4,1,19,0,0,0,0,1,1,0,0,0,(Guitar)
guitarSvg/NS237.svg,old,1/1,9,266,0,46,0,2,0,15,0,26,0,9,1,0,9,1,53,0,0,0,0,1,1,121,0,0,(Guitar: Capo 2)
guitarSvg/NS238.svg,old,1/1,4,76,0,9,11,0,0,0,0,7,0,5,1,0,4,1,2,0,0,0,0,1,4,93,0,0,(Guitar) | 3 | 3 | 3
guitarSvg/NS239.svg,old,1/1,8,170,0,12,3,0,0,11,0,22,9,18,1,0,8,1,24,0,0,0,0,1,1,72,0,0,(Guitar: Capo 3)
guitarSvg/NS24.svg,old,1/1,2,39,0,2,0,0,0,3,0,1,1,11,1,0,2,1,2,0,0,0,0,1,1,21,0,0,(Guitar: Capo 3)
guitarSvg/NS240.svg,old,1/1,2,41,0,2,0,0,0,3,0,8,1,4,1,0,2,1,0,0,0,0,0,1,1,18,0,0,(Guitar: Capo 3)
guitarSvg/NS241.svg,old,1/1,5,78,0,11,0,0,0,2,0,21,1,2,2,0,5,1,9,0,0,0,0,1,1,32,0,0,(Guitar: Capo 3)
guitarSvg/NS242.svg,old,1/1,2,35,0,4,0,0,0,0,0,7,0,0,1,0,2,1,0,0,0,0,0,1,1,13,0,0,(Guitar: Capo 3)
guitarSvg/NS243.svg,old,1/1,4,66,0,4,0,0,0,2,0,2,2,3,1,0,4,1,1,0,0,0,0,1,1,26,0,0,(Guitar)
guitarSvg/NS244.svg,old,1/1,4,69,0,12,6,0,0,0,0,20,6,2,1,0,4,1,7,0,0,0,0,1,1,38,0,0,(Guitar)
guitarSvg/NS245.svg,old,1/1,5,63,0,5,0,0,0,0,0,3,3,5,1,0,5,1,14,2,0,0,0,1,1,50,0,0,(Guitar: Capo 3)
guitarSvg/NS246.svg,old,1/1,7,96,0,0,0,0,0,7,0,12,12,8,1,0,7,1,10,0,0,0,0,1,1,31,0,0,(Guitar)
guitarSvg/NS247.svg,old,1/1,5,52,0,5,1,0,0,0,0,4,0,2,1,0,5,1,19,0,0,0,0,1,1,21,0,0,(Guitar: Capo 3)
guitarSvg/NS248.svg,old,1/1,7,115,0,21,4,0,0,1,0,13,1,10,1,0,7,1,6,0,0,0,0,1,1,80,0,0,(Guitar: Capo 1)
guitarSvg/NS249.svg,old,1/1,6,142,0,30,0,0,0,6,0,21,1,14,1,0,6,1,7,0,0,0,0,1,1,84,0,0,(Guitar: Capo 1)
guitarSvg/NS25.svg,old,1/1,8,87,0,11,0,3,0,12,0,11,1,16,2,0,8,1,8,0,0,0,0,1,1,47,0,0,(Guitar: Capo 3)
guitarSvg/NS250.svg,old,1/1,7,146,0,21,1,0,0,0,0,18,3,10,1,0,7,1,15,0,0,0,0,1,1,91,0,0,(Guitar: Capo 1)
guitarSvg/NS251.svg,old,1/1,8,190,0,40,0,0,0,43,0,28,10,37,2,0,8,1,12,0,0,0,0,1,1,75,0,0,(Guitar: Capo 1)
guitarSvg/NS252.svg,old,1/1,9,209,0,9,0,0,0,4,0,25,4,13,1,0,9,1,15,0,0,0,0,1,1,75,0,0,(Guitar)
guitarSvg/NS253.svg,old,1/1,3,31,0,6,0,0,0,3,0,6,0,3,1,0,3,1,3,0,0,0,0,1,1,17,0,0,(Guitar)
guitarSvg/NS254.svg,old,1/1,4,44,0,16,0,0,0,3,0,8,1,4,2,0,4,1,6,0,0,0,0,1,1,19,0,0,(Guitar: Capo 1)
guitarSvg/NS255.svg,old,1/1,4,72,0,4,0,0,0,1,0,18,1,2,1,0,4,1,10,0,0,0,0,1,1,48,0,0,(Guitar: Capo 3)
guitarSvg/NS256.svg,old,1/1,4,70,0,12,2,0,0,8,0,0,2,12,2,0,4,1,6,0,0,0,0,1,1,40,0,0,(Guitar)
guitarSvg/NS257.svg,old,1/1,4,47,0,4,0,0,0,0,0,3,1,1,2,0,4,1,6,0,0,0,0,1,1,32,0,0,(Guitar)
guitarSvg/NS258.svg,old,1/1,6,71,0,26,0,2,0,0,1,30,1,17,2,0,6,1,12,0,0,0,0,1,1,31,0,0,(Guitar: Capo 1)
guitarSvg/NS259.svg,old,1/1,8,99,0,16,2,0,0,0,0,9,4,6,1,0,8,1,15,0,0,0,0,1,1,47,0,0,(Guitar)
guitarSvg/NS26.svg,old,1/1,6,121,0,12,2,0,0,8,0,21,1,15,1,0,6,1,18,0,0,0,0,1,1,55,0,0,(Guitar)
guitarSvg/NS261.svg,old,1/1,6,85,0,12,0,0,0,0,0,15,5,2,1,0,6,1,16,0,0,0,0,1,1,30,0,0,(Guitar: Capo 3)
guitarSvg/NS262.svg,old,1/1,4,39,0,12,0,0,0,0,0,5,9,1,1,0,4,1,1,0,0,0,0,1,1,20,0,0,(Guitar: Capo 1)
guitarSvg/NS263.svg,old,1/1,8,116,0,20,0,0,0,0,0,18,3,4,1,0,8,1,25,0,0,0,0,1,1,40,0,0,(Guitar)
guitarSvg/NS264.svg,old,1/1,4,51,0,4,1,0,0,1,0,4,1,4,1,0,4,1,9,0,0,0,0,1,1,23,0,0,(Guitar: Capo 3)
guitarSvg/NS265.svg,old,1/1,4,63,0,5,0,0,0,3,0,21,1,19,1,0,4,1,1,0,0,0,0,1,1,24,0,0,(Guitar: Capo 3)
guitarSvg/NS266.svg,old,1/1,4,76,0,0,0,0,0,0,0,24,1,10,1,0,4,1,2,0,0,0,0,1,1,47,0,0,(Guitar)
guitarSvg/NS267.svg,old,1/1,6,68,0,18,0,0,0,3,0,10,10,12,1,0,6,1,18,0,0,0,0,1,1,28,0,0,(Guitar: Capo 1)
guitarSvg/NS268.svg,old,1/1,6,96,0,0,0,0,0,4,0,12,6,12,1,0,6,1,17,0,0,0,0,1,1,53,0,0,(Guitar)
guitarSvg/NS269.svg,old,1/1,3,35,0,3,0,0,0,2,0,8,1,6,1,0,3,1,2,0,0,0,0,1,1,26,0,0,(Guitar: Capo 3)
guitarSvg/NS27.svg,old,1/1,4,76,0,4,2,0,0,0,0,13,1,2,1,0,4,1,14,0,0,0,0,1,1,28,0,0,(Guitar: Capo 3)
guitarSvg/NS270.svg,old,1/1,4,72,0,4,0,0,0,10,0,7,3,34,2,0,4,1,10,0,0,0,0,1,1,27,0,0,(Guitar: Capo 3)
guitarSvg/NS271.svg,old,1/1,6,107,0,0,0,0,0,12,0,17,2,15,1,0,6,2,7,1,0,0,0,2,3,49,0,0,(Guitar) | 3 | 3
guitarSvg/NS272.svg,old,1/1,4,73,0,0,0,0,0,3,0,12,5,6,1,0,4,1,7,1,0,0,0,1,1,34,0,0,(Guitar)
guitarSvg/NS273.svg,old,1/1,2,42,0,2,0,0,0,4,0,6,2,7,2,0,2,1,5,0,0,0,0,1,1,21,0,0,(Guitar: Capo 3)
guitarSvg/NS275.svg,old,1/1,4,104,0,4,1,0,0,0,0,1,4,3,1,0,4,1,18,0,0,0,0,1,1,56,0,0,(Guitar: Capo 3)
guitarSvg/NS276.svg,old,1/1,8,136,0,24,4,0,0,10,0,16,5,23,1,0,8,1,19,0,0,0,0,1,3,60,0,0,(Guitar: Capo 1) | 3 | 3
guitarSvg/NS277.svg,old,1/1,4,56,0,4,0,0,0,3,0,13,8,7,1,0,4,1,10,0,0,0,0,1,1,24,0,0,(Guitar: Capo 3)
guitarSvg/NS278.svg,old,1/1,8,150,0,8,0,0,0,8,0,15,5,13,1,0,8,1,39,0,0,0,0,1,5,52,0,0,(Guitar: Capo 3) | 3 | 3 | 3
guitarSvg/NS279.svg,old,1/1,6,186,0,6,0,0,0,9,0,41,8,21,1,0,6,1,48,0,0,0,0,1,1,83,0,0,(Guitar: Capo 3)
guitarSvg/NS28.svg,old,1/1,6,142,0,12,4,0,0,15,0,25,3,17,1,0,6,1,23,0,0,0,0,1,1,59,0,0,(Guitar)
guitarSvg/NS280.svg,old,1/1,8,159,0,24,3,0,0,5,0,18,6,12,2,0,8,1,21,0,0,0,0,1,1,77,0,0,(Guitar: Capo 1)
guitarSvg/NS281.svg,old,1/1,4,67,0,12,1,0,0,8,0,13,6,9,1,0,4,1,10,0,0,0,0,1,1,28,0,0,(Guitar: Capo 1)
guitarSvg/NS282.svg,old,1/1,8,190,0,9,0,0,0,1,0,7,1,41,2,0,8,1,42,0,0,0,0,1,1,120,0,0,(Guitar)
guitarSvg/NS283.svg,old,1/1,6,129,0,12,0,0,0,8,0,14,2,7,1,0,6,1,25,0,0,0,0,1,2,51,0,0,(Guitar) | 3
guitarSvg/NS284.svg,old,1/1,5,123,0,6,0,1,0,4,0,27,3,6,1,0,5,1,11,0,0,0,0,1,1,24,0,0,(Guitar: Capo 3)
guitarSvg/NS285.svg,old,1/1,6,114,0,12,3,0,0,3,0,13,6,18,2,0,6,1,19,0,0,0,0,1,1,80,0,0,(Guitar)
guitarSvg/NS286.svg,old,1/1,6,102,0,0,0,0,0,5,0,24,11,8,1,0,6,1,29,0,0,0,0,1,1,38,0,0,(Guitar)
guitarSvg/NS287.svg,old,1/1,4,72,0,16,0,0,0,7,0,11,5,15,1,3,4,3,8,0,0,0,0,1,1,32,0,0,(Guitar: Capo 2)
guitarSvg/NS288.svg,old,1/1,6,99,0,12,0,0,0,8,0,20,2,7,1,0,6,1,26,0,0,0,0,1,1,31,0,0,(Guitar)
guitarSvg/NS289.svg,old,1/1,3,70,0,1,0,0,0,4,0,17,1,4,1,0,3,1,7,0,0,0,0,1,1,35,0,0,(Guitar)
guitarSvg/NS29.svg,old,1/1,3,47,0,6,3,0,0,0,0,9,2,9,1,0,3,1,9,0,0,0,0,1,2,40,0,0,(Guitar) | 3
guitarSvg/NS290.svg,old,1/1,5,77,0,0,0,0,0,9,0,11,1,21,1,2,5,2,1,0,0,0,0,2,9,40,0,0,(Guitar) | (Guitar) | 3 | 3
guitarSvg/NS291.svg,old,1/1,4,92,0,16,1,0,0,4,0,24,1,6,1,0,4,1,15,0,0,0,0,1,1,43,0,0,(Guitar: Capo 2)
guitarSvg/NS292.svg,old,1/1,4,93,0,8,0,0,0,2,0,22,1,7,1,0,4,1,17,1,0,0,0,1,4,43,0,0,(Guitar) | 3 | 3 | 3
guitarSvg/NS293.svg,old,1/1,5,139,0,10,0,0,0,6,0,32,6,14,1,0,5,1,28,0,0,0,0,1,1,59,0,0,(Guitar: Capo 3)
guitarSvg/NS294.svg,old,1/1,6,88,0,0,0,0,0,1,0,18,8,5,1,0,6,1,8,0,0,0,0,1,1,42,0,0,(Guitar)
guitarSvg/NS295.svg,old,1/1,6,122,0,12,2,0,0,8,0,16,4,24,1,0,6,1,24,0,0,0,0,1,1,66,0,0,(Guitar)
guitarSvg/NS296.svg,old,1/1,4,62,0,4,0,0,0,3,0,2,0,3,1,0,4,1,3,0,0,0,0,1,1,34,0,0,(Guitar: Capo 3)
guitarSvg/NS297.svg,old,1/1,2,31,0,2,0,0,0,1,0,0,0,5,2,0,2,1,3,0,0,0,0,1,1,19,0,0,(Guitar: Capo 3)
guitarSvg/NS298.svg,old,1/1,6,147,0,18,5,0,0,15,0,14,3,25,1,0,6,1,26,0,0,0,0,1,3,56,0,0,(Guitar: Capo 1) | 3 | 3
guitarSvg/NS299.svg,old,1/1,4,72,0,8,0,0,0,4,0,11,1,7,1,0,4,1,30,0,0,0,0,1,1,27,0,0,(Guitar)
guitarSvg/NS3.svg,old,1/1,4,106,0,4,0,0,0,11,0,10,10,14,1,0,4,1,18,0,0,0,0,1,7,57,0,0,(Guitar) | 3 | 3 | 3
guitarSvg/NS30.svg,old,1/1,2,45,0,2,1,0,0,2,0,2,1,3,2,0,2,1,1,0,0,0,0,1,1,26,0,0,(Guitar: Capo 3)
guitarSvg/NS300.svg,old,1/1,4,41,0,4,0,0,0,1,0,1,1,3,1,0,4,1,1,0,0,0,0,1,1,27,0,0,(Guitar: Capo 3)
guitarSvg/NS301.svg,old,1/1,6,144,0,7,0,0,0,19,0,15,12,22,1,0,6,1,26,0,0,0,0,1,1,69,0,0,(Guitar)
guitarSvg/NS302.svg,old,1/1,7,124,0,7,0,0,0,10,0,24,5,15,1,0,7,1,19,0,0,0,0,1,1,38,0,0,(Guitar: Capo 3)
guitarSvg/NS303.svg,old,1/1,6,113,0,30,0,0,0,3,0,24,2,5,1,0,6,1,39,0,0,0,0,1,1,48,0,0,(Guitar: Capo 1)
guitarSvg/NS304.svg,old,1/1,4,65,0,12,0,0,0,1,0,15,1,7,1,0,4,1,5,0,0,0,0,1,1,30,0,0,(Guitar: Capo 1)
guitarSvg/NS305.svg,old,1/1,5,86,0,5,1,0,0,0,0,21,1,9,1,0,5,1,11,0,0,0,0,1,1,73,0,0,(Guitar: Capo 3)
guitarSvg/NS306.svg,old,1/1,2,32,0,10,0,0,0,0,0,0,0,0,1,0,2,1,0,2,0,0,0,1,1,30,0,0,(Guitar: Capo 4)
guitarSvg/NS307.svg,old,1/1,6,116,0,24,0,0,0,5,0,32,13,10,1,0,6,1,3,0,0,0,0,1,1,56,0,0,(Guitar: Capo 2)
guitarSvg/NS308.svg,old,1/1,6,106,0,18,2,0,0,7,0,24,1,16,1,0,6,1,15,0,0,0,0,1,1,39,0,0,(Guitar: Capo 1)
guitarSvg/NS309.svg,old,1/1,9,141,0,18,1,0,0,15,0,33,7,18,1,0,9,1,29,0,0,0,0,1,1,77,0,0,(Guitar)
guitarSvg/NS31.svg,old,1/1,4,67,0,16,0,0,0,4,0,9,1,6,1,0,4,1,11,0,0,0,0,1,1,27,0,0,(Guitar: Capo 2)
guitarSvg/NS310.svg,old,1/1,4,60,0,12,3,0,0,8,0,8,4,12,1,0,4,1,0,0,0,0,0,1,1,47,0,0,(Guitar: Capo 1)
guitarSvg/NS311.svg,old,1/1,4,102,0,8,1,0,0,28,0,16,1,0,1,0,4,1,0,1,0,0,0,1,1,34,0,0,(Guitar)
guitarSvg/NS312.svg,old,1/1,2,29,0,2,0,0,0,5,0,2,1,7,1,0,2,1,3,0,0,0,0,1,1,20,0,0,(Guitar: Capo 3)
guitarSvg/NS313.svg,old,1/1,4,64,0,4,0,0,0,14,0,16,1,15,2,0,4,1,0,0,0,0,0,1,1,39,0,0,(Guitar)
guitarSvg/NS314.svg,old,1/1,8,125,0,16,2,0,0,15,0,15,13,14,1,0,8,1,8,0,0,0,0,1,5,88,0,0,(Guitar) | 3 | 3 | 3
guitarSvg/NS315.svg,old,1/1,5,106,0,5,0,0,0,9,0,21,10,13,1,0,5,1,17,0,0,0,0,1,1,74,0,0,(Guitar: Capo 3)
guitarSvg/NS316.svg,old,1/1,5,148,0,15,2,0,0,1,0,25,3,4,1,0,5,1,31,0,0,0,0,1,1,42,0,0,(Guitar: Capo 1)
guitarSvg/NS317.svg,old,1/1,4,56,0,12,5,0,0,0,0,1,7,14,2,0,4,1,12,0,0,0,0,1,1,38,0,0,(Guitar)
guitarSvg/NS318.svg,old,1/1,8,100,0,16,0,0,0,8,0,5,1,15,1,0,8,1,24,0,0,0,0,1,7,49,0,0,(Guitar) | 3 | 3 | 3
guitarSvg/NS319.svg,old,1/1,9,278,0,9,0,0,0,18,0,28,4,36,1,0,9,1,32,0,0,0,0,1,1,130,0,0,(Guitar)
guitarSvg/NS32.svg,old,1/1,7,162,0,24,0,1,0,12,0,21,4,14,3,0,7,1,9,5,0,0,0,1,2,80,0,0,(Guitar: Capo 1) | 3
guitarSvg/NS320.svg,old,1/1,8,168,0,24,0,0,0,6,0,35,15,9,1,0,8,1,29,0,0,0,0,2,1,63,0,0,(Guitar: Capo 1)
guitarSvg/NS321.svg,old,1/1,8,146,0,32,4,0,0,11,0,16,1,12,1,0,8,1,6,1,0,0,0,1,1,80,0,0,(Guitar: Capo 2)
guitarSvg/NS322.svg,old,1/1,8,83,0,16,0,0,0,3,0,43,3,31,1,0,8,1,0,0,0,0,0,1,1,36,0,0,(Guitar: Capo 3)
guitarSvg/NS323.svg,old,1/1,4,60,0,4,0,0,0,0,0,0,1,12,2,0,4,1,11,0,0,0,0,1,1,34,0,0,(Guitar: Capo 3)
guitarSvg/NS324.svg,old,1/1,2,36,0,4,1,0,0,0,0,6,1,1,1,0,2,1,2,0,0,0,0,1,1,22,0,0,(Guitar)
guitarSvg/NS325.svg,old,1/1,4,54,0,4,0,0,0,0,0,6,1,8,1,0,4,1,4,0,0,0,0,1,1,20,0,0,(Guitar: Capo 3)
guitarSvg/NS326.svg,old,1/1,8,102,0,8,0,0,0,11,0,12,3,14,1,0,8,1,24,0,0,0,0,1,1,49,0,0,(Guitar: Capo 3)
guitarSvg/NS327.svg,old,1/1,3,48,0,3,0,0,0,4,0,7,1,4,4,0,3,1,1,1,0,0,0,1,1,24,0,0,(Guitar: Capo 3)
guitarSvg/NS328.svg,old,1/1,9,181,0,0,0,0,0,9,0,30,22,24,1,0,9,1,9,0,0,0,0,1,14,114,0,0,(Guitar) | 3 | 3 | 3
guitarSvg/NS329.svg,old,1/1,7,133,0,14,2,0,0,2,0,19,2,2,1,0,7,1,17,0,0,0,0,1,1,98,0,0,(Guitar)
guitarSvg/NS33.svg,old,1/1,4,63,0,4,1,0,0,3,0,18,1,14,1,0,4,1,0,0,0,0,0,1,1,29,0,0,(Guitar)
guitarSvg/NS330.svg,old,1/1,2,47,0,10,2,0,0,4,0,7,0,7,1,0,2,1,3,0,0,0,0,1,1,35,0,0,(Guitar)
guitarSvg/NS331.svg,old,1/1,5,48,0,5,1,0,0,2,0,8,4,6,2,0,5,1,1,0,0,0,0,1,1,27,0,0,(Guitar: Capo 3)
guitarSvg/NS332.svg,old,1/1,5,114,0,15,0,0,0,6,0,26,3,12,1,0,5,1,24,0,0,0,0,1,1,20,0,0,(Guitar: Capo 1)
guitarSvg/NS333.svg,old,1/1,4,58,0,4,0,0,0,0,0,0,0,6,2,0,4,1,0,0,0,0,0,1,1,40,0,0,(Guitar: Capo 3)
guitarSvg/NS334.svg,old,1/1,4,48,0,0,0,0,0,8,0,4,6,12,1,0,4,1,9,0,0,0,0,1,3,29,0,0,(Guitar) | 3 | 3
guitarSvg/NS335.svg,new,,7,94,0,10,0,0,0,0,0,25,1,2,1,0,7,1,9,0,0,0,0,1,1,0,0,0,(Guitar: Capo 3)
guitarSvg/NS336.svg,old,1/1,6,102,0,12,0,0,0,0,0,8,2,19,2,0,6,1,1,0,0,0,0,1,1,45,0,0,(Guitar: Capo 3)
guitarSvg/NS337.svg,old,1/1,2,38,0,8,0,0,0,0,0,18,2,13,1,0,2,1,0,0,0,0,0,1,1,24,0,0,(Guitar: Capo 1)
guitarSvg/NS338.svg,old,1/1,6,127,0,12,2,0,0,0,1,46,2,14,1,0,6,1,6,0,0,0,0,1,1,56,0,0,(Guitar)
guitarSvg/NS339.svg,old,1/1,5,152,0,16,2,0,0,6,0,34,7,8,1,0,5,1,60,0,0,0,0,1,1,40,0,0,(Guitar: Capo 1)
guitarSvg/NS34.svg,old,1/1,4,97,0,12,2,0,0,0,0,6,1,11,1,0,4,1,15,0,0,0,0,1,1,46,0,0,(Guitar: Capo 1)
guitarSvg/NS340.svg,old,1/1,6,82,0,12,0,0,0,7,0,20,3,10,1,0,6,1,5,0,0,0,0,1,1,37,0,0,(Guitar: Capo 3)
guitarSvg/NS341.svg,old,1/1,6,108,0,18,4,0,0,7,0,15,2,14,1,0,6,1,39,0,0,0,0,1,1,38,0,0,(Guitar: Capo 1)
guitarSvg/NS342.svg,new,,6,92,0,0,0,0,0,0,0,10,2,5,2,0,6,1,9,0,0,0,0,1,1,0,0,0,(Guitar)
guitarSvg/NS343.svg,old,1/1,4,50,0,0,0,0,0,0,0,1,1,3,1,0,4,1,0,0,0,0,0,1,1,50,0,0,(Guitar)
guitarSvg/NS344.svg,old,1/1,8,99,0,10,0,0,0,1,0,6,3,4,1,0,8,1,5,0,0,0,0,1,1,38,0,0,(Guitar: Capo 3)
guitarSvg/NS345.svg,old,1/1,2,47,0,4,0,0,0,0,0,5,1,3,2,0,2,1,8,0,0,0,0,1,1,26,0,0,(Guitar)
guitarSvg/NS347.svg,new,,5,93,0,5,0,0,0,0,0,2,1,10,2,0,5,1,18,0,0,0,0,1,1,0,0,0,(Guitar: Capo 3)
guitarSvg/NS348.svg,old,1/1,9,135,0,18,0,0,0,0,0,3,1,4,1,0,9,1,6,0,0,0,0,1,1,46,0,0,(Guitar: Capo 3)
guitarSvg/NS349.svg,new,,12,238,0,25,0,0,0,50,0,8,6,87,4,1,12,3,53,0,0,0,0,1,1,0,14,0,(Guitar)
guitarSvg/NS35.svg,old,1/1,4,51,0,0,0,0,0,1,0,15,1,14,1,0,4,1,1,0,0,0,0,1,1,24,0,0,(Guitar)
guitarSvg/NS350.svg,old,1/1,4,38,0,4,0,0,0,1,0,9,4,1,1,0,4,1,0,0,0,0,0,1,1,25,0,0,(Guitar: Capo 3)
guitarSvg/NS351.svg,old,1/1,6,150,0,0,0,0,0,14,0,34,1,22,1,0,6,1,6,0,0,0,0,1,1,81,0,0,(Guitar)
guitarSvg/NS352.svg,old,1/1,7,107,0,21,2,0,0,10,0,20,2,15,1,0,7,1,24,0,0,0,0,1,1,40,0,0,(Guitar: Capo 1)
guitarSvg/NS353.svg,old,1/1,7,88,0,7,0,0,0,7,0,3,4,6,1,0,7,1,14,0,0,0,0,1,3,57,0,0,(Guitar) | 3 | 3
guitarSvg/NS354.svg,old,1/1,4,46,0,16,0,0,0,3,0,14,1,4,2,0,4,1,4,1,0,0,0,1,1,28,0,0,(Guitar: Capo 1)
guitarSvg/NS355.svg,old,1/1,4,52,0,13,1,1,0,4,0,5,1,4,1,0,4,1,8,0,0,0,0,1,1,25,0,0,(Guitar: Capo 1)
guitarSvg/NS356.svg,old,1/1,3,75,0,9,0,0,0,6,0,17,1,14,1,0,3,1,11,0,0,0,0,1,1,26,0,0,(Guitar: Capo 1)
guitarSvg/NS357.svg,old,1/1,9,96,0,9,2,0,0,8,0,8,1,22,1,0,9,1,18,0,0,0,0,1,1,61,0,0,(Guitar: Capo 3)
guitarSvg/NS358.svg,old,1/1,4,85,0,4,0,0,0,11,0,14,1,11,1,0,4,1,22,0,0,0,0,1,2,37,0,0,(Guitar: Capo 3) | 3
guitarSvg/NS359.svg,old,1/1,4,68,0,8,0,0,0,1,0,16,1,7,1,0,4,1,9,0,0,0,0,1,1,32,0,0,(Guitar: Capo 3)
guitarSvg/NS36.svg,old,1/1,5,64,0,0,0,0,0,13,0,5,3,18,1,0,5,1,9,1,0,0,0,1,1,28,0,0,(Guitar)
guitarSvg/NS360.svg,old,1/1,9,193,0,36,6,0,0,5,0,15,4,18,1,0,9,1,33,0,0,0,0,1,1,103,0,0,(Guitar: Capo 2)
guitarSvg/NS361.svg,old,1/1,8,89,0,0,0,0,0,8,0,4,4,12,1,0,8,1,8,0,0,0,0,1,1,44,0,0,(Guitar)
guitarSvg/NS362.svg,old,1/1,4,49,0,4,2,0,0,1,0,0,1,2,1,0,4,1,1,0,0,0,0,1,1,27,0,0,(Guitar: Capo 3)
guitarSvg/NS363.svg,old,1/1,8,179,0,16,0,0,0,19,0,30,23,30,1,0,8,1,41,0,0,0,0,1,1,80,0,0,(Guitar: Capo 3)
guitarSvg/NS364.svg,old,1/1,4,93,0,12,5,0,0,4,0,14,8,8,1,0,4,1,24,0,0,0,0,1,1,41,0,0,(Guitar)
guitarSvg/NS365.svg,old,1/1,7,187,0,21,15,0,0,9,0,38,29,12,1,0,7,1,19,0,0,0,0,1,1,80,0,0,(Guitar)
guitarSvg/NS366.svg,old,1/1,4,42,0,0,0,0,0,0,0,0,1,4,1,0,4,1,7,0,0,0,0,1,1,21,0,0,(Guitar)
guitarSvg/NS367.svg,old,1/1,6,156,0,0,0,0,0,24,0,22,1,14,1,0,6,1,17,0,0,0,0,1,1,92,0,0,(Guitar)
guitarSvg/NS368.svg,old,1/1,9,273,0,9,0,0,0,46,0,33,6,33,1,0,9,1,53,0,0,0,0,1,4,88,0,0,(Guitar: Capo 3) | 3 | 3 | 3
guitarSvg/NS369.svg,old,1/1,4,64,0,4,0,0,0,0,0,16,1,17,2,0,4,1,0,0,0,0,0,1,1,35,0,0,(Guitar: Capo 3)
guitarSvg/NS37.svg,old,1/1,4,88,0,4,0,0,0,2,0,17,0,2,1,0,4,1,9,0,0,0,0,1,1,35,0,0,(Guitar: Capo 3)
guitarSvg/NS370.svg,old,1/1,4,74,0,4,0,0,0,3,0,20,2,11,1,0,4,1,6,0,0,0,0,1,1,41,0,0,(Guitar: Capo 3)
guitarSvg/NS371.svg,new,,4,62,0,13,4,1,0,16,0,8,3,17,1,0,4,1,3,0,0,0,0,1,1,0,0,0,(Guitar: Capo 1)
guitarSvg/NS372.svg,old,1/1,7,104,0,0,0,0,0,11,0,15,5,14,1,0,7,1,20,0,0,0,0,1,1,44,0,0,(Guitar)
guitarSvg/NS373.svg,old,1/1,4,89,0,12,1,0,0,7,0,0,1,13,1,0,4,1,14,0,0,0,0,1,1,39,0,0,(Guitar: Capo 1)
guitarSvg/NS374.svg,old,1/1,8,122,0,0,0,0,0,9,0,14,1,14,1,0,8,1,28,0,0,0,0,1,1,46,0,0,(Guitar)
guitarSvg/NS375.svg,old,1/1,4,80,0,12,0,0,0,0,0,0,3,4,1,0,4,1,8,0,0,0,0,1,1,21,0,0,(Guitar: Capo 1)
guitarSvg/NS376.svg,old,1/1,8,106,0,17,5,0,0,13,0,13,10,9,1,0,8,1,20,0,0,0,0,1,1,51,0,0,(Guitar)
guitarSvg/NS377.svg,old,1/1,6,100,0,24,0,0,0,3,0,19,3,8,1,0,6,1,23,0,0,0,0,1,1,28,0,0,(Guitar: Capo 1)
guitarSvg/NS378.svg,old,1/1,5,110,0,0,0,0,0,15,0,20,3,13,1,0,5,1,17,0,0,0,0,1,6,61,0,0,(Guitar) | 3 | 3 | 3
guitarSvg/NS379.svg,old,1/1,6,113,0,0,0,0,0,3,0,13,9,9,1,0,6,1,20,0,0,0,0,1,10,41,0,0,(Guitar) | 3 | 3 | 3
guitarSvg/NS38.svg,old,1/1,2,53,0,2,0,0,0,5,0,7,1,5,1,0,2,1,9,0,0,0,0,1,1,34,0,0,(Guitar)
guitarSvg/NS380.svg,old,1/1,9,127,0,9,0,0,0,15,0,28,19,17,1,0,9,1,38,0,0,0,0,1,1,60,0,0,(Guitar: Capo 3)
guitarSvg/NS381.svg,old,1/1,6,108,0,12,0,0,0,4,0,20,10,6,1,0,6,1,14,0,0,0,0,2,5,52,0,0,(Guitar: Capo 3) | 3 | 3 | 3
guitarSvg/NS382.svg,old,1/1,6,111,0,24,0,0,0,6,0,24,5,11,1,0,6,1,40,0,0,0,0,1,2,31,0,0,(Guitar: Capo 2) | Download all the songs from Ordinary Days at: tinyurl.com/ordinarydays
guitarSvg/NS383.svg,old,1/1,5,79,0,5,0,0,0,1,0,20,9,5,1,0,5,1,5,0,0,0,0,1,2,21,0,0,(Guitar: Capo 3) | 3
guitarSvg/NS384.svg,old,1/1,10,128,0,10,3,0,0,5,0,9,14,13,1,0,10,1,7,0,0,0,0,1,9,53,0,0,(Guitar: Capo 3) | 3 | 3 | 3
guitarSvg/NS385.svg,old,1/1,7,181,0,20,4,3,0,0,0,27,12,7,1,0,7,2,37,0,0,0,0,2,1,76,0,0,(Guitar)
guitarSvg/NS386.svg,old,1/1,6,113,0,6,0,0,0,15,0,20,7,4,1,0,6,1,10,0,0,0,0,2,1,60,0,0,(Guitar)
guitarSvg/NS387.svg,old,1/1,5,74,0,5,2,0,0,6,0,16,8,9,1,2,5,1,23,0,0,0,0,1,2,37,0,0,(Guitar: Capo 3) | (Guitar: Capo 3)
guitarSvg/NS388.svg,old,1/1,6,83,0,10,3,0,0,0,0,24,1,3,2,0,6,1,7,0,0,0,0,1,1,37,0,0,(Guitar)
guitarSvg/NS39.svg,old,1/1,6,127,0,12,0,0,0,1,0,21,1,5,1,0,6,1,30,0,0,0,0,1,1,49,0,0,(Guitar)
guitarSvg/NS390.svg,old,1/1,4,87,0,12,0,0,0,0,0,10,13,7,1,0,4,1,7,0,0,0,0,1,1,47,0,0,(Guitar: Capo 1)
guitarSvg/NS391.svg,old,1/1,4,96,0,4,0,0,0,9,0,23,1,4,1,0,4,1,15,0,0,0,0,1,1,23,0,0,(Guitar)
guitarSvg/NS392.svg,old,1/1,6,107,0,6,5,0,0,14,0,23,11,3,1,0,6,1,21,0,0,0,0,1,1,53,0,0,(Guitar: Capo 3)
guitarSvg/NS393.svg,old,1/1,7,166,0,28,0,0,0,34,0,11,14,33,1,0,7,1,48,0,0,0,0,1,1,65,0,0,(Guitar: Capo 1)
guitarSvg/NS394.svg,old,1/1,8,103,0,0,0,0,0,6,0,19,12,11,1,0,8,2,25,0,0,0,0,2,1,40,0,0,(Guitar)
guitarSvg/NS395.svg,old,1/1,4,95,0,16,0,0,0,3,0,9,5,7,1,0,4,1,11,0,0,0,0,1,1,40,0,0,(Guitar: Capo 1)
guitarSvg/NS396.svg,old,1/1,6,99,0,9,5,0,0,28,0,10,5,26,1,0,6,1,3,0,0,0,0,1,4,68,0,0,(Guitar: Capo 3) | 3 | 3 | 3
guitarSvg/NS397.svg,old,1/1,6,95,0,18,3,0,0,16,0,9,3,21,1,0,6,1,7,0,0,0,0,1,7,51,0,0,(Guitar: Capo 1) | 3 | 3 | 3
guitarSvg/NS398.svg,old,1/1,4,95,0,12,0,0,0,7,0,23,2,6,1,0,4,1,17,0,0,0,0,1,1,36,0,0,(Guitar: Capo 1)
guitarSvg/NS399.svg,old,1/1,4,73,0,8,0,0,0,9,0,11,3,12,1,0,4,1,22,0,0,0,0,1,1,19,0,0,(Guitar: Capo 3)
guitarSvg/NS4.svg,old,1/1,2,54,0,6,0,0,0,1,0,0,1,4,1,0,2,1,1,0,0,0,0,1,1,29,0,0,(Guitar)
guitarSvg/NS40.svg,old,1/1,2,37,0,2,0,0,0,1,0,0,1,4,2,0,2,1,3,0,0,0,0,1,1,23,0,0,(Guitar)
guitarSvg/NS400.svg,old,1/1,6,68,0,6,0,0,0,2,0,0,0,2,1,0,6,1,0,0,0,0,0,1,1,39,0,0,(Guitar: Capo 3)
guitarSvg/NS401.svg,old,1/1,4,76,0,12,0,0,0,9,0,15,2,5,1,0,4,1,15,0,0,0,0,1,1,36,0,0,(Guitar: Capo 1)
guitarSvg/NS402.svg,old,1/1,9,233,0,18,5,0,0,44,0,32,12,31,1,0,9,1,73,0,0,0,0,1,5,75,0,0,(Guitar) | 3 | 3 | 3
guitarSvg/NS403.svg,old,1/1,6,131,0,0,0,0,0,12,0,26,6,14,1,2,6,3,25,0,0,0,0,1,3,60,0,0,(Guitar) | 3 | 3
guitarSvg/NS404.svg,old,1/1,5,91,0,10,0,0,0,0,0,13,3,14,2,0,5,1,13,0,0,0,0,1,1,50,0,0,(Guitar)
guitarSvg/NS405.svg,old,1/1,8,96,0,11,0,1,0,12,0,1,2,6,1,0,8,1,18,0,0,0,0,1,1,49,0,0,(Guitar: Capo 3)
guitarSvg/NS406.svg,old,1/1,8,107,0,0,0,0,0,1,0,11,2,13,2,0,8,1,21,0,0,0,0,1,1,58,0,0,(Guitar)
guitarSvg/NS407.svg,old,1/1,4,86,0,12,5,0,0,14,0,4,6,26,1,0,4,1,22,0,0,0,0,1,10,43,0,0,(Guitar) | te | pa | o
guitarSvg/NS408.svg,old,1/1,9,189,0,18,2,0,0,9,0,25,1,15,1,0,9,1,16,2,0,0,0,1,1,68,0,0,(Guitar)
guitarSvg/NS409.svg,old,1/1,4,79,0,0,0,0,0,2,0,24,12,2,1,0,4,1,8,0,0,0,0,1,1,40,0,0,(Guitar)
guitarSvg/NS41.svg,old,1/1,7,103,0,14,1,0,0,4,0,12,8,12,1,0,7,1,16,0,0,0,0,1,2,48,0,0,(Guitar) | 3
guitarSvg/NS410.svg,old,1/1,6,125,0,18,0,0,0,32,0,21,4,6,1,0,6,1,47,0,0,0,0,1,1,53,0,0,(Guitar: Capo 1)
guitarSvg/NS411.svg,old,1/1,4,80,0,4,0,0,0,2,0,0,0,2,1,0,4,1,0,0,0,0,0,1,21,38,0,0,(Guitar: Capo 3) | 3 | 3 | 3
guitarSvg/NS412.svg,old,1/1,9,195,0,18,6,0,0,13,0,34,8,18,1,0,9,1,37,0,0,0,0,1,1,73,0,0,(Guitar)
guitarSvg/NS413.svg,old,1/1,4,99,0,0,0,0,0,6,0,24,1,7,1,0,4,1,12,1,0,0,0,1,1,50,0,0,(Guitar)
guitarSvg/NS414.svg,old,1/1,6,94,0,15,4,0,0,1,0,15,9,3,1,0,6,1,24,0,0,0,0,1,1,40,0,0,(Guitar)
guitarSvg/NS415.svg,old,1/1,8,144,0,10,2,2,0,11,0,12,9,16,1,0,8,1,9,0,0,0,0,1,6,92,0,0,(Guitar: Capo 3) | 3 | 3 | 3
guitarSvg/NS416.svg,old,1/1,4,44,0,0,0,0,0,3,0,7,1,8,1,0,4,1,11,0,0,0,0,1,1,22,0,0,(Guitar)
guitarSvg/NS417.svg,old,1/1,5,100,0,0,0,0,0,0,0,0,2,6,1,2,5,1,4,0,0,0,0,2,2,38,0,0,(Guitar) | (Guitar)
guitarSvg/NS418.svg,old,1/1,6,97,0,6,2,0,0,16,0,12,5,19,1,0,6,2,20,0,0,0,0,2,1,35,0,0,(Guitar: Capo 3)
guitarSvg/NS419.svg,old,1/1,4,81,0,4,0,0,0,43,0,3,1,13,1,0,4,1,23,0,0,0,0,2,1,25,0,0,(Guitar: Capo 3)
guitarSvg/NS42.svg,old,1/1,4,57,0,12,0,0,0,0,0,8,3,2,1,0,4,1,14,0,0,0,0,1,1,30,0,0,(Guitar: Capo 1)
guitarSvg/NS420.svg,old,1/1,4,48,0,0,0,0,0,3,0,2,3,4,1,0,4,1,4,0,0,0,0,1,1,26,0,0,(Guitar)
guitarSvg/NS421.svg,old,1/1,5,79,0,0,0,0,0,4,0,7,8,18,1,0,5,1,16,0,0,0,0,1,2,39,0,0,(Guitar) | (Repeat the last line of each verse)
guitarSvg/NS422.svg,old,1/1,4,77,0,0,2,0,0,9,0,16,5,9,1,0,4,1,14,1,0,0,0,1,1,40,0,0,(Guitar)
guitarSvg/NS423.svg,old,1/1,8,113,0,16,4,0,0,21,0,11,4,22,1,0,8,1,15,0,0,0,0,1,3,50,0,0,(Guitar) | 3 | 3
guitarSvg/NS424.svg,old,1/1,4,74,0,4,0,0,0,2,0,20,0,0,1,0,4,1,15,0,0,0,0,1,1,24,0,0,(Guitar: Capo 3)
guitarSvg/NS425.svg,old,1/1,4,48,0,0,0,0,0,6,0,5,2,10,1,0,4,1,7,0,0,0,0,1,1,21,0,0,(Guitar)
guitarSvg/NS426.svg,old,1/1,6,99,0,24,3,0,0,8,0,19,4,9,1,0,6,1,29,0,0,0,0,1,1,32,0,0,(Guitar: Capo 3)
guitarSvg/NS427.svg,old,1/1,5,97,0,5,1,0,0,0,0,0,0,15,2,0,5,1,14,0,0,0,0,1,1,32,0,0,(Guitar)
guitarSvg/NS428.svg,old,1/1,5,60,0,10,0,0,0,7,0,12,9,2,1,0,5,1,9,0,0,0,0,1,1,39,0,0,(Guitar)
guitarSvg/NS429.svg,old,1/1,6,73,0,0,0,0,0,1,0,13,0,5,2,0,6,1,15,0,0,0,0,1,1,47,0,0,(Guitar)
guitarSvg/NS43.svg,old,1/1,3,35,0,0,0,0,0,6,0,5,2,8,1,0,3,1,1,0,0,0,0,1,1,21,0,0,(Guitar)
guitarSvg/NS430.svg,old,1/1,6,67,0,7,0,0,0,11,0,9,3,23,2,2,6,3,7,0,0,0,0,1,1,29,0,0,(Guitar)
guitarSvg/NS431.svg,old,1/1,6,82,0,7,0,0,0,5,0,10,2,9,1,0,6,1,16,0,0,0,0,1,5,46,0,0,(Guitar) | 3 | 3 | 3
guitarSvg/NS432.svg,old,1/1,4,59,0,12,0,0,0,14,0,8,9,5,1,0,4,1,11,0,0,0,0,1,1,24,0,0,(Guitar: Capo 1)
guitarSvg/NS433.svg,old,1/1,5,105,0,0,0,0,0,5,0,4,1,26,1,0,5,1,26,0,0,0,0,1,1,54,0,0,(Guitar)
guitarSvg/NS434.svg,old,1/1,4,65,0,16,0,0,0,6,0,10,1,7,1,0,4,1,0,0,0,0,0,1,1,29,0,0,(Guitar: Capo 1)
guitarSvg/NS435.svg,old,1/1,4,89,0,0,0,0,0,4,0,8,8,4,1,0,4,1,26,0,0,0,0,2,1,32,0,0,(Guitar)
guitarSvg/NS436.svg,old,1/1,4,46,0,0,0,0,0,2,0,13,2,14,1,2,4,2,12,0,0,0,0,1,2,18,0,0,(Guitar) | (Guitar)
guitarSvg/NS437.svg,old,1/1,5,97,0,15,0,0,0,1,0,25,4,3,1,0,5,1,19,0,0,0,0,1,1,24,0,0,(Guitar: Capo 1)
guitarSvg/NS438.svg,old,1/1,4,55,0,4,0,0,0,2,0,8,1,6,1,0,4,1,11,0,0,0,0,1,1,15,0,0,(Guitar: Capo 3)
guitarSvg/NS439.svg,old,1/1,4,64,0,0,0,0,0,2,0,10,2,3,1,0,4,1,3,0,0,0,0,1,1,24,0,0,(Guitar)
guitarSvg/NS44.svg,old,1/1,2,32,0,4,1,0,0,3,0,6,0,4,1,0,2,1,3,0,0,0,0,1,1,21,0,0,(Guitar)
guitarSvg/NS440.svg,old,1/1,8,151,0,24,12,0,0,9,0,6,10,3,1,0,8,1,35,0,0,0,0,1,1,81,0,0,(Guitar)
guitarSvg/NS441.svg,old,1/1,6,98,0,0,0,0,0,14,0,46,1,35,2,0,6,1,10,0,0,0,0,1,1,56,0,0,(Guitar)
guitarSvg/NS442.svg,old,1/1,4,77,0,4,0,0,0,2,0,0,1,10,2,0,4,1,5,0,0,0,0,1,1,40,0,0,(Guitar: Capo 3)
guitarSvg/NS443.svg,old,1/1,8,95,0,0,0,0,0,18,0,5,13,9,1,0,8,1,22,0,0,0,0,1,1,41,0,0,(Guitar)
guitarSvg/NS444.svg,old,1/1,6,93,0,12,4,0,0,17,0,16,2,19,1,0,6,1,11,0,0,0,0,1,1,70,0,0,(Guitar)
guitarSvg/NS445.svg,old,1/1,4,66,0,0,0,0,0,7,0,5,2,10,1,0,4,1,6,0,0,0,0,1,11,43,0,0,(Guitar) | 3 | 3 | 3
guitarSvg/NS446.svg,old,1/1,4,62,0,8,2,0,0,4,0,14,4,11,1,0,4,1,4,0,0,0,0,1,1,44,0,0,(Guitar)
guitarSvg/NS447.svg,old,1/1,4,64,0,4,4,0,0,0,0,0,1,6,2,0,4,1,13,0,0,0,0,1,1,33,0,0,(Guitar: Capo 3)
guitarSvg/NS448.svg,old,1/1,6,112,0,12,0,0,0,19,0,4,0,5,1,0,6,1,17,0,0,0,0,1,1,42,0,0,(Guitar)
guitarSvg/NS449.svg,old,1/1,4,52,0,12,1,0,0,1,0,0,1,5,1,0,4,1,0,0,0,0,0,1,1,33,0,0,(Guitar: Capo 1)
guitarSvg/NS45.svg,old,1/1,6,81,0,25,0,0,0,5,0,11,1,12,1,0,6,1,8,0,0,0,0,1,1,43,0,0,(Guitar: Capo 2)
guitarSvg/NS450.svg,old,1/1,4,70,0,18,0,2,0,18,0,10,1,4,2,0,4,1,14,0,0,0,0,1,1,43,0,0,(Guitar: Capo 1)
guitarSvg/NS451.svg,old,1/1,4,42,0,4,0,0,0,0,0,3,1,1,2,0,4,1,10,0,0,0,0,1,1,18,0,0,(Guitar: Capo 3)
guitarSvg/NS452.svg,old,1/1,6,84,0,12,0,0,0,5,0,17,12,1,1,0,6,1,20,0,0,0,0,1,1,22,0,0,(Guitar)
guitarSvg/NS453.svg,old,1/1,9,131,0,9,4,0,0,12,0,17,5,14,1,0,9,1,25,0,0,0,0,1,4,49,0,0,(Guitar: Capo 3) | 3 | 3 | 3
guitarSvg/NS454.svg,old,1/1,4,49,0,1,0,0,0,8,0,10,4,8,2,0,4,1,0,2,0,0,0,1,1,32,0,0,(Guitar)
guitarSvg/NS455.svg,old,1/1,6,79,0,0,0,0,0,9,0,0,5,14,1,0,6,1,1,0,0,0,0,1,1,47,0,0,(Guitar)
guitarSvg/NS456.svg,old,1/1,2,34,0,4,2,0,0,2,0,0,0,2,1,0,2,1,0,0,0,0,0,1,1,30,0,0,(Guitar)
guitarSvg/NS457.svg,old,1/1,6,79,0,0,0,0,0,9,0,0,5,14,1,0,6,1,1,0,0,0,0,1,1,47,0,0,(Guitar)
guitarSvg/NS458.svg,old,1/1,6,56,0,6,0,0,0,1,0,0,3,4,2,0,6,1,11,0,0,0,0,1,1,35,0,0,(Guitar)
guitarSvg/NS459.svg,old,1/1,6,90,0,6,0,0,0,0,0,0,1,25,2,0,6,1,16,0,0,0,0,1,1,40,0,0,(Guitar: Capo 3)
guitarSvg/NS46.svg,old,1/1,8,120,0,8,4,0,0,8,0,26,17,11,1,0,8,1,11,0,0,0,0,1,1,56,0,0,(Guitar: Capo 3)
guitarSvg/NS460.svg,old,1/1,4,42,0,9,0,0,0,0,0,0,1,0,2,0,4,1,9,0,0,0,0,1,1,38,0,0,(Guitar)
guitarSvg/NS461.svg,old,1/1,8,136,0,8,0,0,0,6,0,23,5,14,1,0,8,1,17,1,0,0,0,1,1,34,0,0,(Guitar: Capo 3)
guitarSvg/NS462.svg,old,1/1,4,61,0,4,0,0,0,6,0,26,1,15,2,0,4,1,0,0,0,0,0,1,1,41,0,0,(Guitar: Capo 3)
guitarSvg/NS463.svg,old,1/1,2,29,0,2,0,0,0,5,0,2,1,7,1,0,2,1,3,0,0,0,0,1,1,20,0,0,(Guitar: Capo 3)
guitarSvg/NS464.svg,old,1/1,3,40,0,1,0,0,0,0,0,0,1,5,1,0,3,1,0,0,0,0,0,1,1,30,0,0,(Guitar)
guitarSvg/NS465.svg,old,1/1,6,151,0,2,0,0,0,4,0,22,2,8,1,0,6,1,39,0,0,0,0,1,2,14,0,0,(Guitar) | 3
guitarSvg/NS466.svg,old,1/1,6,113,0,12,2,0,0,14,0,9,5,21,1,0,6,1,26,0,0,0,0,1,1,42,0,0,(Guitar)
guitarSvg/NS467.svg,old,1/1,8,96,0,16,0,0,0,3,0,18,1,8,2,0,8,1,23,0,0,0,0,1,1,33,0,0,(Guitar)
guitarSvg/NS468.svg,old,1/1,2,28,0,2,0,0,0,0,0,0,1,3,2,0,2,1,2,0,0,0,0,1,1,17,0,0,(Guitar: Capo 3)
guitarSvg/NS469.svg,old,1/1,2,33,0,2,1,0,0,0,0,2,0,0,1,0,2,1,3,0,0,0,0,1,1,23,0,0,(Guitar: Capo 3)
guitarSvg/NS47.svg,old,1/1,4,76,0,4,0,0,0,2,0,0,1,11,2,0,4,1,11,0,0,0,0,1,1,40,0,0,(Guitar: Capo 3)
guitarSvg/NS470.svg,old,1/1,4,60,0,5,3,0,0,8,0,8,8,12,1,0,4,1,0,0,0,0,0,1,1,49,0,0,(Guitar: Capo 3)
guitarSvg/NS471.svg,old,1/1,8,137,0,8,0,0,0,9,0,15,2,22,1,0,8,3,26,3,0,0,0,1,1,57,0,0,(Guitar: Capo 3)
guitarSvg/NS472.svg,old,1/1,8,83,0,8,0,0,0,4,0,10,15,9,1,0,8,1,9,0,0,0,0,1,1,37,0,0,(Guitar: Capo 3)
guitarSvg/NS473.svg,old,1/1,6,82,0,7,3,0,0,0,0,0,3,5,1,0,6,1,2,2,0,0,0,1,1,43,0,0,(Guitar: Capo 3)
guitarSvg/NS474.svg,old,1/1,13,282,0,19,0,0,0,3,0,82,1,8,1,0,13,1,28,2,0,0,0,1,1,114,0,0,(Guitar)
guitarSvg/NS475.svg,old,1/1,5,70,0,16,0,1,0,0,0,0,1,10,2,0,5,1,0,0,0,0,0,1,1,41,0,0,(Guitar: Capo 1)
guitarSvg/NS476.svg,old,1/1,5,68,0,10,1,0,0,1,0,11,1,13,1,0,5,1,8,0,0,0,0,1,1,31,0,0,(Guitar)
guitarSvg/NS477.svg,old,1/1,4,88,0,8,0,0,0,10,0,2,10,13,1,0,4,1,23,0,0,0,0,1,1,34,0,0,(Guitar: Capo 3)
guitarSvg/NS478.svg,old,1/1,2,34,0,4,1,0,0,0,0,3,1,1,2,0,2,1,6,1,0,0,0,1,1,26,0,0,(Guitar)
guitarSvg/NS479.svg,old,1/1,8,114,0,8,0,0,0,0,0,0,0,33,2,0,8,2,16,0,0,0,0,2,1,43,0,0,(Guitar: Capo 3)
guitarSvg/NS48.svg,old,1/1,7,123,0,11,3,2,0,9,0,16,10,9,1,0,7,1,28,0,0,0,0,1,7,58,0,0,(Guitar: Capo 3) | 3 | 3 | 3
guitarSvg/NS480.svg,old,1/1,4,66,0,4,0,0,0,8,0,14,8,8,1,0,4,1,6,0,0,0,0,1,1,34,0,0,(Guitar: Capo 3)
guitarSvg/NS481.svg,old,1/1,6,124,0,6,2,0,0,27,0,15,0,29,1,2,6,2,51,0,0,0,0,2,2,45,0,0,(Guitar: Capo 3) | 3
guitarSvg/NS482.svg,old,1/1,7,97,0,7,2,0,0,17,0,7,5,18,1,0,7,1,23,0,0,0,0,1,1,42,0,0,(Guitar: Capo 3)
guitarSvg/NS483.svg,old,1/1,8,112,0,8,0,0,0,4,0,21,1,27,1,0,8,1,16,0,0,0,0,1,1,54,0,0,(Guitar: Capo 3)
guitarSvg/NS484.svg,old,1/1,4,40,0,12,0,0,0,0,0,8,1,17,2,0,4,1,7,0,0,0,0,1,1,18,0,0,(Guitar: Capo 1)
guitarSvg/NS485.svg,old,1/1,9,94,0,0,0,0,0,10,0,6,3,24,1,0,9,1,19,0,0,0,0,1,1,39,0,0,(Guitar)
guitarSvg/NS486.svg,old,1/1,6,78,0,6,0,0,0,0,0,54,1,27,2,0,6,1,7,0,0,0,0,1,1,34,0,0,(Guitar: Capo 3)
guitarSvg/NS487.svg,old,1/1,5,62,0,0,0,0,0,5,0,4,2,6,1,0,5,1,11,0,0,0,0,1,1,20,0,0,(Guitar)
guitarSvg/NS488.svg,old,1/1,4,64,0,0,0,0,0,3,0,8,4,14,4,0,4,1,9,0,0,0,0,1,1,35,0,0,(Guitar)
guitarSvg/NS489.svg,old,1/1,6,95,0,12,0,0,0,7,0,18,2,17,1,0,6,1,16,0,0,0,0,1,1,33,0,0,(Guitar: Capo 3)
guitarSvg/NS49.svg,old,1/1,7,110,0,28,0,0,0,2,0,20,13,6,1,0,7,1,26,0,0,0,0,1,1,41,0,0,(Guitar: Capo 1)
guitarSvg/NS490.svg,old,1/1,7,101,0,21,5,0,0,7,0,18,1,10,1,0,7,1,17,0,0,0,0,1,1,28,0,0,(Guitar)
guitarSvg/NS491.svg,old,1/1,7,99,0,7,0,0,0,1,0,18,2,9,1,2,7,2,13,0,0,0,0,1,1,38,0,0,(Guitar)
guitarSvg/NS492.svg,old,1/1,6,113,0,0,0,0,0,0,0,19,1,11,2,0,6,1,17,0,0,0,0,1,1,60,0,0,(Guitar)
guitarSvg/NS493.svg,old,1/1,6,75,0,12,2,0,0,2,0,2,3,3,1,0,6,1,15,0,0,0,0,1,2,36,0,0,(Guitar) | 3
guitarSvg/NS494.svg,old,1/1,6,92,0,6,0,0,0,5,0,19,8,9,1,3,6,2,19,0,0,0,0,1,1,41,0,0,(Guitar: Capo 3)
guitarSvg/NS495.svg,old,1/1,8,125,0,8,0,0,0,5,0,26,3,7,1,0,8,1,23,0,0,0,0,1,1,38,0,0,(Guitar)
guitarSvg/NS496.svg,old,1/1,12,250,0,24,0,0,0,16,0,35,2,27,1,0,12,1,27,0,0,0,0,1,6,105,0,0,(Guitar: Capo 3) | 3 | 3 | 3
guitarSvg/NS497.svg,old,1/1,4,71,0,4,0,0,0,0,0,6,2,6,1,0,4,1,14,0,0,0,0,1,1,21,0,0,(Guitar: Capo 3)
guitarSvg/NS498.svg,old,1/1,2,33,0,2,0,0,0,0,0,0,0,2,2,0,2,1,3,0,0,0,0,1,1,21,0,0,(Guitar: Capo 3)
guitarSvg/NS499.svg,old,1/1,11,131,0,23,0,0,0,2,1,70,2,46,1,0,11,1,55,0,0,0,0,2,1,34,0,0,(Guitar: Capo 3)
guitarSvg/NS5.svg,old,1/1,4,83,0,12,3,0,0,1,0,23,0,2,1,0,4,1,8,0,0,0,0,1,1,56,0,0,(Guitar: Capo 1)
guitarSvg/NS50.svg,old,1/1,4,65,0,4,0,0,0,7,0,8,5,11,1,0,4,1,12,0,0,0,0,1,3,29,0,0,(Guitar: Capo 3) | 3 | 3
guitarSvg/NS500.svg,old,1/1,9,89,0,36,0,0,0,5,0,24,1,5,2,0,9,1,17,0,0,0,0,1,1,21,0,0,(Guitar: Capo 1)
guitarSvg/NS501.svg,old,1/1,8,102,0,24,0,0,0,6,0,16,1,6,1,0,8,1,9,0,0,0,0,1,1,41,0,0,(Guitar: Capo 1)
guitarSvg/NS502.svg,old,1/1,12,226,0,12,4,0,0,1,0,39,18,10,1,0,12,1,58,0,0,0,0,1,1,99,0,0,(Guitar: Capo 3)
guitarSvg/NS503.svg,old,1/1,8,106,0,8,0,0,0,12,0,15,0,15,1,0,8,1,20,0,0,0,0,1,1,29,0,0,(Guitar)
guitarSvg/NS504.svg,old,1/1,12,157,0,12,0,0,0,6,0,30,8,8,1,0,12,1,18,0,0,0,0,1,1,46,0,0,(Guitar: Capo 3)
guitarSvg/NS505.svg,old,1/1,10,137,0,0,0,0,0,21,0,17,14,27,1,0,10,2,37,0,0,0,0,3,1,31,0,0,(Guitar)
guitarSvg/NS506.svg,old,1/1,8,130,0,24,4,0,0,6,0,27,2,8,1,0,8,1,18,0,0,0,0,1,1,32,0,0,(Guitar)
guitarSvg/NS507.svg,old,1/1,6,58,0,6,2,0,0,1,0,7,6,2,1,0,6,1,2,0,0,0,0,1,1,29,0,0,(Guitar: Capo 3)
guitarSvg/NS508.svg,old,1/1,7,57,0,7,2,0,0,5,0,2,3,16,1,0,7,1,5,0,0,0,0,1,1,36,0,0,(Guitar: Capo 3)
guitarSvg/NS509.svg,old,1/1,4,40,0,4,0,0,0,1,0,0,0,1,1,0,4,1,0,0,0,0,0,1,1,21,0,0,(Guitar: Capo 3)
guitarSvg/NS51.svg,old,1/1,4,97,0,4,0,0,0,1,0,14,8,5,1,0,4,1,17,0,0,0,0,1,1,47,0,0,(Guitar)
guitarSvg/NS510.svg,old,1/1,6,64,0,6,0,0,0,14,0,16,1,15,2,0,6,1,0,0,0,0,0,1,1,27,0,0,(Guitar)
guitarSvg/NS511.svg,old,1/1,8,94,0,10,0,0,0,10,0,4,13,10,1,0,8,1,10,0,0,0,0,1,9,39,0,0,(Guitar) | 3 | 3 | 3
guitarSvg/NS512.svg,old,1/1,7,102,0,28,0,0,0,8,0,12,3,9,1,0,7,1,14,0,0,0,0,1,3,23,0,0,(Guitar: Capo 1) | 3 | 3
guitarSvg/NS513.svg,old,1/1,8,148,0,8,4,0,0,9,0,31,2,12,1,3,8,2,10,0,0,0,0,3,1,52,0,0,(Guitar: Capo 3)
guitarSvg/NS514.svg,old,1/1,6,104,0,6,0,0,0,4,0,0,8,13,1,0,6,1,17,0,0,0,0,1,1,55,0,0,(Guitar)
guitarSvg/NS515.svg,old,1/1,6,93,0,24,0,0,0,13,0,7,6,15,1,0,6,1,15,0,0,0,0,1,15,35,0,0,(Guitar: Capo 1) | 3 | 3 | 3
guitarSvg/NS516.svg,old,1/1,9,90,0,36,0,0,0,1,0,2,1,12,2,2,9,3,14,0,0,0,0,1,1,46,0,0,(Guitar: Capo 1)
guitarSvg/NS517.svg,old,1/1,6,115,0,2,0,0,0,11,0,22,2,14,1,0,6,1,8,0,0,0,0,1,3,57,0,0,(Guitar) | 3 | 3
guitarSvg/NS518.svg,old,1/1,4,52,0,16,1,0,0,11,0,8,5,15,1,0,4,1,11,0,0,0,0,1,1,16,0,0,(Guitar: Capo 2)
guitarSvg/NS519.svg,old,1/1,8,107,0,16,1,0,0,8,0,14,13,9,1,0,8,1,27,0,0,0,0,1,2,36,0,0,(Guitar) | 3
guitarSvg/NS52.svg,old,1/1,5,117,0,15,3,0,0,13,0,23,5,13,1,0,5,1,32,0,0,0,0,1,1,29,0,0,(Guitar)
guitarSvg/NS520.svg,old,1/1,9,126,0,1,0,0,0,25,0,18,2,24,2,0,9,1,5,0,0,0,0,1,1,57,0,0,(Guitar)
guitarSvg/NS521.svg,old,1/1,4,75,0,4,0,0,0,2,0,14,2,4,1,0,4,1,17,0,0,0,0,1,1,22,0,0,(Guitar)
guitarSvg/NS522.svg,old,1/1,12,85,0,12,0,0,0,0,0,0,0,23,2,0,12,1,17,0,0,0,0,1,1,37,0,0,(Guitar)
guitarSvg/NS523.svg,old,1/1,12,215,0,0,0,0,0,4,0,77,9,17,1,0,12,1,18,0,0,0,0,1,3,78,0,0,(Guitar) | 3 | 3
guitarSvg/NS524.svg,old,1/1,8,113,0,16,0,0,0,1,0,20,4,8,1,0,8,1,37,0,0,0,0,1,1,36,0,0,(Guitar)
guitarSvg/NS525.svg,old,1/1,12,113,0,1,0,0,0,0,0,2,2,17,1,0,12,1,18,0,0,0,0,1,1,47,0,0,(Guitar)
guitarSvg/NS526.svg,old,1/1,14,225,0,28,0,0,0,2,0,55,3,12,1,0,14,1,43,0,0,0,0,1,1,71,0,0,(Guitar: Capo 3)
guitarSvg/NS527.svg,old,1/1,11,157,0,0,0,0,0,1,0,14,2,37,2,0,11,1,40,0,0,0,0,1,1,70,0,0,(Guitar)
guitarSvg/NS528.svg,old,1/1,9,108,0,18,0,0,0,4,0,16,4,15,1,0,9,1,15,0,0,0,0,1,1,38,0,0,(Guitar)
guitarSvg/NS529.svg,old,1/1,9,86,0,0,0,0,0,0,0,0,8,6,1,0,9,1,7,0,0,0,0,1,1,36,0,0,(Guitar)
guitarSvg/NS53.svg,old,1/1,7,141,0,21,5,0,0,11,0,24,10,11,1,0,7,1,27,0,0,0,0,1,1,60,0,0,(Guitar: Capo 1)
guitarSvg/NS530.svg,old,1/1,6,99,0,0,0,0,0,5,0,23,8,5,1,0,6,1,9,0,0,0,0,1,1,27,0,0,(Guitar)
guitarSvg/NS531.svg,old,1/1,4,39,0,16,0,0,0,2,0,9,3,2,1,0,4,1,2,0,0,0,0,1,1,0,0,0,(Guitar: Capo 2)
guitarSvg/NS532.svg,old,1/1,8,168,0,16,0,0,0,18,0,35,0,20,1,0,8,1,20,0,0,0,0,1,1,72,0,0,(Guitar: Capo 3)
guitarSvg/NS533.svg,old,1/1,11,173,0,1,0,0,0,15,0,31,12,16,1,0,11,1,26,0,0,0,0,1,1,60,0,0,(Guitar)
guitarSvg/NS534.svg,old,1/1,10,102,0,20,0,0,0,0,0,8,6,3,1,0,10,1,27,0,0,0,0,1,1,32,0,0,(Guitar)
guitarSvg/NS535.svg,old,1/1,10,137,0,30,0,0,0,0,0,22,0,7,1,0,10,1,26,0,0,0,0,1,1,31,0,0,(Guitar: Capo 1)
guitarSvg/NS536.svg,old,1/1,8,83,0,0,0,0,0,11,0,7,11,10,1,0,8,1,12,0,0,0,0,1,1,40,0,0,(Guitar)
guitarSvg/NS537.svg,old,1/1,2,41,0,2,1,0,0,9,0,8,0,10,1,0,2,1,3,0,0,0,0,1,1,9,0,0,(Guitar: Capo 3)
guitarSvg/NS538.svg,old,1/1,8,110,0,8,0,0,0,0,0,9,1,11,1,0,8,1,20,0,0,0,0,1,1,36,0,0,(Guitar: Capo 3)
guitarSvg/NS539.svg,old,1/1,12,155,0,25,0,0,0,10,0,23,0,13,1,0,12,1,10,0,0,0,0,1,1,57,0,0,(Guitar)
guitarSvg/NS54.svg,old,1/1,6,110,0,18,2,0,0,0,0,31,1,4,1,0,6,1,1,1,0,0,0,1,2,36,0,0,(Guitar: Capo 1) | 3
guitarSvg/NS540.svg,old,1/1,5,99,0,15,3,0,0,2,1,33,1,12,1,2,5,3,18,0,0,0,0,1,2,27,0,0,(Guitar) | (Repeat)
guitarSvg/NS541.svg,old,1/1,8,83,0,16,0,0,0,2,0,2,2,12,1,0,8,1,15,0,0,0,0,1,2,41,0,0,(Guitar) | (Chorus)
guitarSvg/NS542.svg,old,1/1,12,186,0,48,0,0,0,12,0,42,15,18,1,0,12,2,54,0,0,0,0,2,1,57,0,0,(Guitar: Capo 1)
guitarSvg/NS543.svg,old,1/1,12,176,0,51,0,0,0,6,0,31,3,18,1,0,12,3,14,3,0,0,0,1,1,81,0,0,(Guitar: Capo 2)
guitarSvg/NS544.svg,old,1/1,4,67,0,8,1,0,0,29,0,3,1,0,2,0,4,1,13,0,0,0,0,1,1,40,0,0,(Guitar)
guitarSvg/NS545.svg,old,1/1,7,81,0,21,0,0,0,2,0,5,1,12,1,2,7,3,10,0,0,0,0,1,1,24,0,0,(Guitar: Capo 1)
guitarSvg/NS546.svg,old,1/1,7,127,0,0,0,0,0,15,0,13,2,20,1,2,7,3,18,0,0,0,0,1,1,51,0,0,(Guitar)
guitarSvg/NS547.svg,old,1/1,5,76,0,5,0,0,0,9,0,14,3,9,1,0,5,1,24,0,0,0,0,1,1,18,0,0,(Guitar: Capo 3)
guitarSvg/NS548.svg,old,1/1,5,90,0,10,0,0,0,2,0,38,5,7,1,0,5,1,18,0,0,0,0,1,2,26,0,0,(Guitar: Capo 3) | (End with chorus)
guitarSvg/NS549.svg,old,1/1,5,64,0,0,0,0,0,5,0,10,3,11,1,0,5,1,8,0,0,0,0,1,1,21,0,0,(Guitar)
guitarSvg/NS55.svg,old,1/1,3,57,0,3,0,0,0,2,0,14,1,4,1,0,3,1,7,0,0,0,0,1,1,26,0,0,(Guitar: Capo 3)
guitarSvg/NS550.svg,old,1/1,6,98,0,12,0,0,0,25,0,16,4,10,2,0,6,1,11,0,0,0,0,1,1,44,0,0,(Guitar)
guitarSvg/NS551.svg,old,1/1,8,126,0,8,0,0,0,4,0,21,1,7,1,0,8,1,46,0,0,0,0,1,1,42,0,0,(Guitar: Capo 3)
guitarSvg/NS552.svg,old,1/1,8,99,0,16,4,0,0,10,0,6,4,16,1,0,8,1,25,0,0,0,0,1,5,47,0,0,(Guitar) | 3 | 3 | 3
guitarSvg/NS553.svg,old,1/1,5,79,0,5,1,0,0,9,0,14,4,9,1,0,5,1,19,0,0,0,0,1,1,30,0,0,(Guitar: Capo 3)
guitarSvg/NS554.svg,old,1/1,8,80,0,17,0,0,0,2,0,23,1,2,2,0,8,1,10,0,0,0,0,1,1,32,0,0,(Guitar: Capo 3)
guitarSvg/NS555.svg,old,1/1,4,63,0,4,1,0,0,3,0,18,1,14,1,0,4,1,0,0,0,0,0,1,1,27,0,0,(Guitar)
guitarSvg/NS556.svg,old,1/1,7,108,0,21,1,0,0,5,0,8,1,11,1,0,7,1,18,0,0,0,0,1,1,36,0,0,(Guitar: Capo 1)
guitarSvg/NS557.svg,old,1/1,8,113,0,8,6,0,0,1,0,31,2,5,2,0,8,1,21,1,0,0,0,1,1,39,0,0,(Guitar)
guitarSvg/NS558.svg,old,1/1,2,37,0,2,0,0,0,0,0,10,1,4,1,0,2,1,13,0,0,0,0,1,1,12,0,0,(Guitar: Capo 3)
guitarSvg/NS559.svg,old,1/1,8,148,0,1,0,0,0,11,0,26,2,13,1,0,8,1,17,0,0,0,0,1,1,46,0,0,(Guitar)
guitarSvg/NS56.svg,old,1/1,2,36,0,2,0,0,0,0,0,0,1,3,1,0,2,1,6,0,0,0,0,1,1,24,0,0,(Guitar: Capo 3)
guitarSvg/NS560.svg,old,1/1,8,81,0,8,0,0,0,0,0,10,10,1,1,0,8,1,13,0,0,0,0,1,1,19,0,0,(Guitar: Capo 3)
guitarSvg/NS561.svg,old,1/1,6,75,0,18,0,0,0,1,0,7,2,10,2,0,6,1,7,0,0,0,0,1,1,41,0,0,(Guitar: Capo 1)
guitarSvg/NS562.svg,old,1/1,4,69,0,8,0,0,0,0,0,0,1,8,2,0,4,1,12,0,0,0,0,1,1,25,0,0,(Guitar: Capo 3)
guitarSvg/NS563.svg,old,1/1,4,71,0,13,0,1,0,6,0,10,0,6,1,0,4,1,11,0,0,0,0,1,1,30,0,0,(Guitar: Capo 1)
guitarSvg/NS564.svg,old,1/1,4,47,0,8,0,0,0,0,0,5,1,3,2,0,4,1,7,0,0,0,0,1,1,26,0,0,(Guitar)
guitarSvg/NS565.svg,old,1/1,4,40,0,17,0,0,0,0,0,0,0,0,1,0,4,1,0,0,0,0,0,1,1,33,0,0,(Guitar: Capo 2)
guitarSvg/NS566.svg,old,1/1,8,70,0,8,0,0,0,0,0,0,0,7,2,0,8,1,15,0,0,0,0,1,1,27,0,0,(Guitar)
guitarSvg/NS567.svg,old,1/1,8,145,0,8,0,0,0,4,0,24,2,4,1,0,8,1,44,0,1,0,0,1,1,24,0,0,(Guitar)
guitarSvg/NS568.svg,old,1/1,5,84,0,20,0,0,0,2,0,18,7,2,1,0,5,1,16,0,0,0,0,1,1,24,0,0,(Guitar: Capo 2)
guitarSvg/NS569.svg,old,1/1,7,86,0,14,0,0,0,4,0,28,4,10,1,0,7,1,14,0,0,0,0,1,1,32,0,0,(Guitar)
guitarSvg/NS57.svg,old,1/1,4,66,0,16,0,0,0,7,0,12,0,10,1,0,4,1,0,0,0,0,0,1,1,30,0,0,(Guitar: Capo 1)
guitarSvg/NS570.svg,old,1/1,4,33,0,4,0,0,0,0,0,2,1,2,2,0,4,1,6,0,0,0,0,1,1,18,0,0,(Guitar: Capo 3)
guitarSvg/NS571.svg,old,1/1,5,55,0,5,0,0,0,5,0,4,3,6,1,0,5,1,6,0,0,0,0,1,1,26,0,0,(Guitar: Capo 3)
guitarSvg/NS572.svg,old,1/1,12,131,0,0,0,0,0,7,0,12,22,15,1,0,12,1,13,0,0,0,0,1,1,66,0,0,(Guitar)
guitarSvg/NS573.svg,old,1/1,4,47,0,12,0,0,0,0,0,5,1,3,2,0,4,1,7,0,0,0,0,1,1,26,0,0,(Guitar: Capo 1)
guitarSvg/NS574.svg,old,1/1,4,57,0,0,0,0,0,6,0,1,1,10,1,0,4,1,1,0,0,0,0,1,1,41,0,0,(Guitar)
guitarSvg/NS575.svg,old,1/1,6,61,0,6,0,0,0,2,0,7,1,12,2,3,6,3,9,1,0,0,0,1,1,40,0,0,(Guitar)
guitarSvg/NS576.svg,old,1/1,10,158,0,12,2,0,0,9,0,19,8,24,1,2,10,3,40,0,0,0,0,1,10,61,0,0,(Guitar: Capo 3) | 3 | 3 | 3
guitarSvg/NS577.svg,old,1/1,6,105,0,6,0,0,0,6,0,25,0,11,1,0,6,1,9,0,0,0,0,1,1,41,0,0,(Guitar)
guitarSvg/NS578.svg,old,1/1,4,71,0,13,0,1,0,6,0,10,0,6,1,0,4,1,11,0,0,0,0,1,1,30,0,0,(Guitar: Capo 1)
guitarSvg/NS579.svg,old,1/1,8,81,0,40,0,0,0,5,0,13,1,7,2,0,8,1,3,0,0,0,0,1,1,29,0,0,(Guitar: Capo 1)
guitarSvg/NS58.svg,old,1/1,4,60,0,13,0,1,0,0,0,4,1,2,1,0,4,1,7,0,0,0,0,1,1,24,0,0,(Guitar: Capo 1)
guitarSvg/NS580.svg,old,1/1,8,104,0,30,1,6,0,12,0,22,13,21,1,0,8,1,23,0,0,0,0,1,1,45,0,0,(Guitar)
guitarSvg/NS581.svg,old,1/1,7,82,0,0,0,0,0,2,0,24,0,9,2,0,7,1,18,0,0,0,0,1,1,36,0,0,(Guitar)
guitarSvg/NS582.svg,old,1/1,4,64,0,16,3,0,0,10,0,8,4,10,1,0,4,1,4,0,0,0,0,1,1,45,0,0,(Guitar: Capo 2)
guitarSvg/NS583.svg,old,1/1,8,79,0,8,0,0,0,8,0,3,11,9,1,0,8,1,23,0,0,0,0,1,2,48,0,0,(Guitar) | 3
guitarSvg/NS584.svg,old,1/1,8,98,0,32,2,0,0,12,0,17,5,18,1,0,8,1,16,0,0,0,0,1,5,53,0,0,(Guitar: Capo 2) | 3 | 3 | 3
guitarSvg/NS585.svg,old,1/1,4,57,0,12,0,0,0,1,0,9,8,2,1,0,4,1,7,1,0,0,0,1,9,27,0,0,(Guitar: Capo 1) | 3 | 3 | 3
guitarSvg/NS586.svg,old,1/1,4,77,0,1,0,0,0,0,0,0,1,32,2,0,4,1,3,0,0,0,0,1,1,40,0,0,(Guitar)
guitarSvg/NS587.svg,old,1/1,4,104,0,4,1,0,0,0,0,1,4,3,1,0,4,1,18,0,0,0,0,1,1,56,0,0,(Guitar: Capo 3)
guitarSvg/NS588.svg,old,1/1,3,39,0,0,0,0,0,6,0,0,0,27,3,0,3,1,2,0,0,0,0,1,1,13,0,0,(Guitar)
guitarSvg/NS589.svg,old,1/1,8,128,0,16,2,0,0,10,0,23,8,13,1,0,8,1,20,0,0,0,0,1,1,47,0,0,(Guitar)
guitarSvg/NS59.svg,old,1/1,8,121,0,0,0,0,0,2,0,25,1,7,1,0,8,1,20,0,0,0,0,1,1,43,0,0,(Guitar)
guitarSvg/NS590.svg,old,1/1,6,82,0,7,3,0,0,0,0,0,3,5,1,0,6,1,1,2,0,0,0,1,1,43,0,0,(Guitar: Capo 3)
guitarSvg/NS591.svg,old,1/1,4,40,0,4,0,0,0,1,0,0,0,1,1,0,4,1,0,0,0,0,0,1,1,21,0,0,(Guitar: Capo 3)
guitarSvg/NS592.svg,old,1/1,13,169,0,39,4,0,0,16,0,17,14,20,1,0,13,1,23,0,0,0,0,1,4,75,0,0,(Guitar: Capo 1) | 3 | 3 | 3
guitarSvg/NS593.svg,old,1/1,4,64,0,4,0,0,0,0,0,16,1,17,2,0,4,1,0,0,0,0,0,1,1,23,0,0,(Guitar: Capo 3)
guitarSvg/NS594.svg,old,1/1,6,86,0,12,0,0,0,5,0,45,1,36,1,0,6,1,3,1,0,0,0,1,1,32,0,0,(Guitar: Capo 3)
guitarSvg/NS595.svg,old,1/1,6,76,0,6,1,0,0,3,0,12,4,4,1,0,6,1,27,0,0,0,0,1,1,27,0,0,(Guitar: Capo 3)
guitarSvg/NS596.svg,old,1/1,3,48,0,9,0,0,0,2,0,8,1,3,1,0,3,1,8,0,0,0,0,1,1,22,0,0,(Guitar: Capo 1)
guitarSvg/NS597.svg,old,1/1,3,40,0,1,0,0,0,0,0,0,1,5,1,0,3,1,0,0,0,0,0,1,1,30,0,0,(Guitar)
guitarSvg/NS598.svg,old,1/1,6,78,0,6,1,0,0,0,0,54,1,27,2,0,6,1,8,0,0,0,0,1,1,35,0,0,(Guitar: Capo 3)
guitarSvg/NS599.svg,old,1/1,5,68,0,10,0,0,0,0,4,51,3,27,2,0,5,1,1,0,0,0,0,1,2,19,0,0,(Guitar) | 3
guitarSvg/NS6.svg,old,1/1,5,123,0,25,0,0,0,20,0,17,2,32,2,0,5,1,21,0,0,0,0,1,1,43,0,0,(Guitar: Capo 1)
guitarSvg/NS60.svg,old,1/1,5,103,0,15,2,0,0,13,0,10,1,26,1,0,5,1,15,0,0,0,0,1,1,51,0,0,(Guitar: Capo 1)
guitarSvg/NS600.svg,old,1/1,4,32,0,8,0,0,0,0,0,0,0,3,2,0,4,1,0,0,0,0,0,1,1,17,0,0,(Guitar)
guitarSvg/NS601.svg,old,1/1,8,116,0,24,0,0,0,15,0,19,5,21,1,0,8,1,27,0,0,0,0,1,1,48,0,0,(Guitar: Capo 1)
guitarSvg/NS602.svg,old,1/1,8,134,0,32,0,0,0,13,0,26,1,5,5,0,8,1,12,0,0,0,0,1,1,67,0,0,(Guitar: Capo 1)
guitarSvg/NS603.svg,old,1/1,8,104,0,0,0,0,0,8,0,12,1,12,1,0,8,1,29,0,0,0,0,1,7,46,0,0,(Guitar) | 3 | 3 | 3
guitarSvg/NS604.svg,old,1/1,4,52,0,10,1,0,0,22,0,0,1,10,2,0,4,1,6,0,0,0,0,1,1,30,0,0,(Guitar)
guitarSvg/NS605.svg,old,1/1,6,119,0,18,0,0,0,5,0,27,5,8,1,0,6,1,34,0,0,0,0,1,1,27,0,0,(Guitar: Capo 1)
guitarSvg/NS606.svg,old,1/1,2,33,0,3,0,1,0,0,0,0,0,4,2,0,2,1,1,0,0,0,0,1,1,19,0,0,(Guitar: Capo 3)
guitarSvg/NS607.svg,old,1/1,8,101,0,8,0,0,0,0,0,23,3,6,1,0,8,1,19,0,0,0,0,1,1,25,0,0,(Guitar: Capo 3)
guitarSvg/NS608.svg,old,1/1,8,104,0,8,2,0,0,20,0,0,1,28,1,0,8,1,31,0,0,0,0,1,1,42,0,0,(Guitar: Capo 3)
guitarSvg/NS609.svg,old,1/1,8,115,0,32,0,6,0,0,12,50,14,59,1,0,8,1,23,0,0,0,0,1,3,32,0,0,(Guitar: Capo 1) | 3 | 3
guitarSvg/NS61.svg,old,1/1,2,43,0,2,0,0,0,0,0,8,0,0,1,0,2,1,0,0,0,0,0,1,1,20,0,0,(Guitar: Capo 3)
guitarSvg/NS610.svg,old,1/1,13,232,0,13,11,0,0,13,0,45,11,34,1,0,13,1,55,0,0,0,0,1,2,110,0,0,(Guitar: Capo 3) | 3
guitarSvg/NS611.svg,old,1/1,4,53,0,12,1,0,0,5,0,7,1,6,1,0,4,1,4,0,0,0,0,1,3,21,0,0,(Guitar: Capo 1) | 3 | 3
guitarSvg/NS612.svg,old,1/1,6,85,0,6,0,0,0,8,0,13,0,8,1,0,6,1,3,0,0,0,0,1,1,33,0,0,(Guitar)
guitarSvg/NS613.svg,old,1/1,10,153,0,10,0,0,0,2,7,65,18,42,1,0,10,1,38,0,0,0,0,1,1,46,0,0,(Guitar: Capo 3)
guitarSvg/NS614.svg,new,1/1,3,49,0,0,0,0,0,2,0,11,1,2,1,0,3,1,11,0,0,0,0,1,1,25,0,0,(Guitar)
guitarSvg/NS615.svg,old,1/1,4,44,0,12,0,0,0,3,0,0,0,3,1,0,4,1,0,0,0,0,0,1,1,27,0,0,(Guitar)
guitarSvg/NS616.svg,old,1/1,4,57,0,0,0,0,0,6,0,1,1,10,1,0,4,1,1,0,0,0,0,1,1,41,0,0,(Guitar)
guitarSvg/NS617.svg,old,1/1,6,94,0,19,1,1,0,3,0,16,1,8,1,0,6,1,20,0,0,0,0,1,1,33,0,0,(Guitar: Capo 1)
guitarSvg/NS618.svg,old,1/1,9,88,0,9,0,0,0,4,0,9,1,10,2,0,9,1,11,0,0,0,0,1,1,44,0,0,(Guitar)
guitarSvg/NS619.svg,old,1/1,8,89,0,16,0,0,0,11,0,1,5,14,1,0,8,1,6,0,0,0,0,1,3,27,0,0,(Guitar: Capo 3) | 3 | 3
guitarSvg/NS62.svg,old,1/1,4,93,0,4,1,0,0,6,0,22,3,1,1,0,4,1,2,0,0,0,0,1,1,46,0,0,(Guitar: Capo 3)
guitarSvg/NS620.svg,old,1/1,6,126,0,12,0,0,0,8,0,29,12,4,1,0,6,1,8,0,0,0,0,1,1,37,0,0,(Guitar: Capo 3)
guitarSvg/NS621.svg,old,1/1,4,56,0,8,0,0,0,10,0,0,1,14,1,0,4,1,0,0,0,0,0,1,1,31,0,0,(Guitar)
guitarSvg/NS622.svg,old,1/1,4,61,0,9,0,0,0,6,0,0,1,14,2,0,4,1,1,0,0,0,0,1,1,29,0,0,(Guitar)
guitarSvg/NS623.svg,old,1/1,3,32,0,4,3,1,0,0,0,0,3,3,1,3,3,2,5,0,0,0,0,1,1,20,0,0,(Guitar: Capo 3)
guitarSvg/NS624.svg,old,1/1,5,62,0,5,0,0,0,16,0,4,11,12,1,0,5,1,9,0,0,0,0,1,7,17,0,0,(Guitar: Capo 3) | 3 | 3 | 3
guitarSvg/NS625.svg,old,1/1,8,60,0,32,0,0,0,2,0,1,3,16,2,0,8,1,6,0,0,0,0,1,1,36,0,0,(Guitar: Capo 2)
guitarSvg/NS626.svg,old,1/1,7,122,0,1,0,0,0,5,0,31,7,5,1,0,7,1,39,0,0,0,0,1,1,34,0,0,(Guitar)
guitarSvg/NS627.svg,old,1/1,2,33,0,3,0,1,0,0,0,0,0,4,2,0,2,1,1,0,0,0,0,1,1,19,0,0,(Guitar: Capo 3)
guitarSvg/NS628.svg,old,1/1,4,67,0,12,0,0,0,1,0,7,4,8,1,0,4,1,9,0,0,0,0,1,1,34,0,0,(Guitar: Capo 1)
guitarSvg/NS629.svg,old,1/1,4,52,0,12,0,0,0,1,0,0,1,5,1,0,4,1,0,0,0,0,0,1,1,24,0,0,(Guitar: Capo 1)
guitarSvg/NS63.svg,old,1/1,6,96,0,6,2,0,0,7,0,18,9,7,1,0,6,1,3,0,0,0,0,1,2,69,0,0,(Guitar: Capo 3) | 3
guitarSvg/NS630.svg,old,1/1,4,61,0,9,0,0,0,6,0,0,1,14,2,0,4,1,1,0,0,0,0,1,1,29,0,0,(Guitar)
guitarSvg/NS631.svg,old,1/1,4,43,0,12,0,0,0,2,0,0,0,5,1,0,4,1,0,0,0,0,0,1,1,21,0,0,(Guitar: Capo 1)
guitarSvg/NS632.svg,old,1/1,4,61,0,9,0,0,0,6,0,0,1,14,2,0,4,1,1,0,0,0,0,1,1,29,0,0,(Guitar)
guitarSvg/NS633.svg,old,1/1,5,87,0,10,1,0,0,9,0,28,3,23,1,0,5,1,2,0,0,0,0,1,6,38,0,0,(Guitar) | 3 | 3 | 3
guitarSvg/NS634.svg,old,1/1,7,105,0,0,0,0,0,8,0,25,7,10,1,0,7,1,36,0,0,0,0,1,1,30,0,0,(Guitar)
guitarSvg/NS635.svg,old,1/1,7,78,0,7,0,0,0,10,0,7,13,17,1,0,7,1,20,0,0,0,0,1,1,33,0,0,(Guitar: Capo 3)
guitarSvg/NS636.svg,old,1/1,5,76,0,10,0,0,0,8,0,20,1,8,2,0,5,1,0,0,0,0,0,1,1,37,0,0,(Guitar: Capo 3)
guitarSvg/NS637.svg,old,1/1,8,79,0,16,0,0,0,1,0,4,5,7,1,0,8,1,18,0,0,0,0,1,1,33,0,0,(Guitar: Capo 3)
guitarSvg/NS638.svg,old,1/1,4,61,0,16,0,0,0,1,0,16,0,13,2,0,4,1,1,0,0,0,0,1,1,29,0,0,(Guitar: Capo 2)
guitarSvg/NS639.svg,old,1/1,5,72,0,10,1,0,0,10,0,14,5,12,1,0,5,1,17,0,0,0,0,1,1,23,0,0,(Guitar)
guitarSvg/NS64.svg,old,1/1,4,83,0,4,0,0,0,7,0,16,2,7,1,0,4,1,16,0,0,0,0,1,1,49,0,0,(Guitar)
guitarSvg/NS640.svg,old,1/1,8,93,0,24,0,0,0,8,0,16,9,13,1,0,8,1,29,0,0,0,0,1,2,29,0,0,(Guitar: Capo 1) | 3
guitarSvg/NS641.svg,old,1/1,2,29,0,6,1,0,0,3,0,6,1,5,1,0,2,1,5,0,0,0,0,1,1,27,0,0,(Guitar: Capo 1)
guitarSvg/NS642.svg,old,1/1,6,64,0,18,1,0,0,5,0,13,1,7,2,0,6,1,4,0,0,0,0,1,1,30,0,0,(Guitar: Capo 1)
guitarSvg/NS643.svg,old,1/1,9,167,0,1,0,0,0,14,0,27,5,20,1,2,9,3,21,0,0,0,0,2,1,51,0,0,(Guitar)
guitarSvg/NS644.svg,old,1/1,7,129,0,0,0,0,0,0,0,28,1,1,1,0,7,1,28,0,0,0,0,1,1,34,0,0,(Guitar)
guitarSvg/NS645.svg,old,1/1,6,114,0,2,0,0,0,2,0,5,1,14,2,0,6,1,7,0,0,0,0,1,1,68,0,0,(Guitar)
guitarSvg/NS646.svg,old,1/1,4,81,0,13,5,1,0,10,0,14,4,11,1,0,4,1,20,0,0,0,0,2,1,32,0,0,(Guitar: Capo 1)
guitarSvg/NS647.svg,old,1/1,8,98,0,16,0,0,0,12,4,18,2,20,1,0,8,1,12,0,0,0,0,1,1,29,0,0,(Guitar: Capo 3)
guitarSvg/NS648.svg,old,1/1,8,105,0,0,0,0,0,17,0,12,3,21,1,0,8,1,21,0,0,0,0,1,2,48,0,0,(Guitar) | 3
guitarSvg/NS649.svg,old,1/1,4,74,0,0,0,0,0,4,0,14,1,5,1,0,4,1,32,0,0,0,0,1,1,18,0,0,(Guitar)
guitarSvg/NS65.svg,old,1/1,4,130,0,4,0,0,0,5,0,26,7,8,1,0,4,1,33,0,0,0,0,1,1,44,0,0,(Guitar: Capo 3)
guitarSvg/NS650.svg,old,1/1,8,82,0,8,0,0,0,0,1,28,6,21,2,0,8,1,19,0,0,0,0,1,1,28,0,0,(Guitar: Capo 3)
guitarSvg/NS651.svg,old,1/1,4,80,0,6,0,1,0,7,0,0,6,9,2,0,4,1,0,1,0,0,0,1,1,42,0,0,(Guitar: Capo 3)
guitarSvg/NS652.svg,old,1/1,8,122,0,8,0,0,0,0,0,21,6,1,1,0,8,1,11,0,0,0,0,1,1,51,0,0,(Guitar: Capo 3)
guitarSvg/NS653.svg,old,1/1,6,115,0,18,2,0,0,10,0,25,5,11,1,0,6,1,22,0,0,0,0,1,1,34,0,0,(Guitar: Capo 1)
guitarSvg/NS654.svg,old,1/1,8,145,0,0,0,0,0,16,0,24,1,20,1,0,8,1,7,2,0,0,0,1,5,75,0,0,(Guitar) | 3 | 3 | 3
guitarSvg/NS655.svg,old,1/1,8,131,0,16,0,0,0,6,0,29,7,11,1,0,8,1,61,0,0,0,0,1,1,32,0,0,(Guitar)
guitarSvg/NS656.svg,old,1/1,6,78,0,24,0,0,0,4,1,20,4,15,1,2,6,2,12,0,0,0,0,2,1,32,0,0,(Guitar: Capo 2)
guitarSvg/NS657.svg,old,1/1,8,123,0,8,0,0,0,12,0,26,12,7,1,0,8,1,6,0,0,0,0,1,1,43,0,0,(Guitar: Capo 3)
guitarSvg/NS658.svg,old,1/1,4,59,0,8,0,0,0,9,0,7,5,12,1,0,4,1,14,0,0,0,0,1,1,22,0,0,(Guitar)
guitarSvg/NS659.svg,old,1/1,6,117,0,14,2,0,0,3,0,23,1,7,1,0,6,1,18,0,0,0,0,1,1,48,0,0,(Guitar)
guitarSvg/NS66.svg,old,1/1,2,43,0,6,1,0,0,7,0,19,3,11,2,0,2,1,0,1,0,0,0,1,1,18,0,0,(Guitar: Capo 1)
guitarSvg/NS660.svg,old,1/1,4,56,0,8,0,0,0,9,0,6,2,12,1,0,4,1,17,0,0,0,0,1,1,18,0,0,(Guitar)
guitarSvg/NS661.svg,old,1/1,6,90,0,6,0,0,0,1,0,25,5,13,1,0,6,1,20,0,0,0,0,1,1,19,0,0,(Guitar)
guitarSvg/NS662.svg,old,1/1,12,146,0,24,1,0,0,15,0,7,4,33,1,0,12,1,37,0,0,0,0,1,1,66,0,0,(Guitar)
guitarSvg/NS663.svg,old,1/1,5,54,0,2,0,0,0,1,0,0,1,4,1,0,5,1,2,0,0,0,0,1,1,26,0,0,(Guitar)
guitarSvg/NS664.svg,old,1/1,2,31,0,2,0,0,0,1,0,0,0,5,2,0,2,1,3,0,0,0,0,1,1,19,0,0,(Guitar: Capo 3)
guitarSvg/NS665.svg,old,1/1,4,63,0,8,0,0,0,0,0,19,1,0,2,0,4,1,3,0,0,0,0,1,1,32,0,0,(Guitar)
guitarSvg/NS666.svg,old,1/1,4,55,0,8,0,0,0,12,0,12,3,18,1,0,4,1,5,0,0,0,0,1,1,35,0,0,(Guitar)
guitarSvg/NS667.svg,old,1/1,8,122,0,0,0,0,0,20,0,25,3,22,2,0,8,1,9,0,0,0,0,1,1,46,0,0,(Guitar)
guitarSvg/NS668.svg,old,1/1,4,43,0,12,0,0,0,2,0,0,0,5,1,0,4,1,1,0,0,0,0,1,1,21,0,0,(Guitar: Capo 1)
guitarSvg/NS669.svg,old,1/1,6,97,0,12,0,0,0,4,0,13,2,16,1,0,6,1,16,0,0,0,0,1,1,33,0,0,(Guitar)
guitarSvg/NS67.svg,old,1/1,4,65,0,12,0,0,0,2,0,18,1,8,1,0,4,1,1,1,0,0,0,1,1,28,0,0,(Guitar: Capo 1)
guitarSvg/NS670.svg,old,1/1,6,78,0,7,0,0,0,4,0,17,3,6,1,0,6,1,30,0,0,0,0,1,2,17,0,0,(Guitar: Capo 3) | (Do not repeat Chorus after verse 5)
guitarSvg/NS671.svg,old,1/1,4,53,0,13,0,1,0,1,0,2,0,6,1,0,4,1,1,0,0,0,0,1,1,27,0,0,(Guitar: Capo 1)
guitarSvg/NS672.svg,old,1/1,7,115,0,28,6,0,0,9,0,8,15,18,1,3,7,3,26,0,0,0,0,1,1,46,0,0,(Guitar: Capo 2)
guitarSvg/NS673.svg,old,1/1,9,213,0,13,1,2,0,8,0,27,11,3,1,0,9,1,27,1,0,0,0,1,1,106,0,0,(Guitar)
guitarSvg/NS674.svg,old,1/1,4,42,0,4,0,0,0,0,0,4,1,3,2,0,4,1,1,0,0,0,0,1,1,22,0,0,(Guitar: Capo 3)
guitarSvg/NS675.svg,old,1/1,8,130,0,16,0,0,0,7,0,24,8,9,1,0,8,1,23,0,0,0,0,1,1,47,0,0,(Guitar)
guitarSvg/NS676.svg,old,1/1,13,280,0,19,0,0,0,4,0,81,1,9,1,0,13,1,33,2,0,0,0,1,1,114,0,0,(Guitar)
guitarSvg/NS677.svg,old,1/1,6,84,0,9,2,0,0,12,0,36,10,24,2,0,6,1,0,1,0,0,0,1,1,28,0,0,(Guitar: Capo 3)
guitarSvg/NS678.svg,old,1/1,8,147,0,8,4,0,0,10,0,22,9,10,1,0,8,1,6,0,0,0,0,1,8,49,0,0,(Guitar: Capo 3) | 3 | 3 | 3
guitarSvg/NS679.svg,old,1/1,6,87,0,6,0,0,0,0,0,8,3,8,1,2,6,3,16,0,0,0,0,1,1,21,0,0,(Guitar: Capo 3)
guitarSvg/NS68.svg,old,1/1,4,107,0,0,0,0,0,10,0,8,3,17,1,0,4,1,19,0,0,0,0,1,1,52,0,0,(Guitar)
guitarSvg/NS680.svg,old,1/1,7,111,0,29,0,1,0,6,0,25,5,10,1,0,7,1,13,0,0,0,0,1,1,51,0,0,(Guitar: Capo 1)
guitarSvg/NS681.svg,old,1/1,2,28,0,2,0,0,0,0,0,0,1,3,2,0,2,1,2,0,0,0,0,1,5,15,0,0,"(Guitar: Capo 3) | The following can be grouped together: | Suggestion 1: Stanzas 1, 4-7, 30. | Suggestion 2: Stanzas 1-"
guitarSvg/NS682.svg,old,1/1,8,96,0,8,0,0,0,2,0,13,8,6,1,0,8,1,17,0,0,0,0,1,1,47,0,0,(Guitar)
guitarSvg/NS683.svg,old,1/1,6,83,0,6,0,0,0,0,0,1,1,14,2,0,6,1,14,0,0,0,0,1,1,44,0,0,(Guitar)
guitarSvg/NS684.svg,old,1/1,11,168,0,47,0,0,0,4,0,56,9,16,1,0,11,1,25,0,0,0,0,1,1,29,0,0,(Guitar: Capo 1)
guitarSvg/NS685.svg,old,1/1,7,89,0,21,0,0,0,4,0,24,4,7,1,0,7,1,9,0,0,0,0,1,1,38,0,0,(Guitar: Capo 1)
guitarSvg/NS686.svg,old,1/1,7,91,0,21,0,0,0,13,0,0,2,14,1,0,7,1,23,0,0,0,0,1,1,32,0,0,(Guitar: Capo 1)
guitarSvg/NS687.svg,old,1/1,5,83,0,0,0,0,0,0,2,30,6,4,1,0,5,1,13,0,0,0,0,1,1,40,0,0,(Guitar)
guitarSvg/NS688.svg,old,1/1,6,89,0,0,0,0,0,8,0,15,2,8,1,0,6,1,29,0,0,0,0,1,1,25,0,0,(Guitar)
guitarSvg/NS689.svg,old,1/1,2,29,0,6,0,0,0,2,0,4,0,2,1,0,2,1,5,0,0,0,0,1,1,19,0,0,(Guitar: Capo 1)
guitarSvg/NS69.svg,old,1/1,6,114,0,6,0,0,0,3,0,24,0,5,1,0,6,1,12,0,0,0,0,1,1,69,0,0,(Guitar: Capo 3)
guitarSvg/NS690.svg,old,1/1,4,64,0,8,0,0,0,10,0,11,7,12,1,0,4,1,6,0,0,0,0,1,1,44,0,0,(Guitar)
guitarSvg/NS691.svg,old,1/1,8,101,0,24,0,0,0,14,0,7,5,18,1,0,8,1,24,0,0,0,0,1,1,27,0,0,(Guitar: Capo 1)
guitarSvg/NS692.svg,old,1/1,5,87,0,25,0,0,0,0,0,18,0,0,1,0,5,1,13,0,0,0,0,1,1,26,0,0,(Guitar: Capo 2)
guitarSvg/NS693.svg,old,1/1,4,42,0,8,0,0,0,0,0,0,0,0,1,0,4,1,0,0,0,0,0,1,1,17,0,0,(Guitar)
guitarSvg/NS694.svg,old,1/1,4,42,0,0,0,0,0,1,0,0,2,14,2,0,4,1,3,0,0,0,0,1,1,34,0,0,(Guitar)
guitarSvg/NS695.svg,old,1/1,4,58,0,4,0,0,0,0,0,42,1,21,2,0,4,1,5,0,0,0,0,1,1,35,0,0,(Guitar: Capo 3)
guitarSvg/NS696.svg,old,1/1,8,84,0,16,0,0,0,12,0,12,1,12,2,0,8,1,0,2,0,0,0,1,1,39,0,0,(Guitar: Capo 3)
guitarSvg/NS697.svg,old,1/1,4,62,0,4,0,0,0,3,0,2,0,3,1,0,4,1,2,0,0,0,0,1,1,34,0,0,(Guitar: Capo 3)
guitarSvg/NS698.svg,old,1/1,4,95,0,16,0,0,0,9,0,0,0,9,2,0,4,1,22,1,0,0,0,1,14,53,0,0,(Guitar: Capo 3) | 3 | 3 | 3
guitarSvg/NS699.svg,old,1/1,6,94,0,0,0,0,0,0,0,0,3,12,2,0,6,1,8,1,0,0,0,1,1,28,0,0,(Guitar)
guitarSvg/NS7.svg,old,1/1,4,56,0,9,0,1,0,8,0,0,1,12,1,0,4,1,0,0,0,0,0,1,1,37,0,0,(Guitar: Capo 3)
guitarSvg/NS70.svg,old,1/1,4,69,0,5,1,1,0,0,0,0,1,5,2,0,4,1,16,0,0,0,0,1,1,48,0,0,(Guitar: Capo 3)
guitarSvg/NS700.svg,old,1/1,7,103,0,7,0,0,0,3,0,11,4,10,1,0,7,1,23,0,0,0,0,1,1,43,0,0,(Guitar: Capo 3)
guitarSvg/NS701.svg,old,1/1,4,65,0,8,1,0,0,4,0,12,6,5,1,0,4,1,2,0,0,0,0,1,1,20,0,0,(Guitar)
guitarSvg/NS702.svg,old,1/1,5,83,0,10,0,0,0,2,0,17,3,5,1,0,5,1,23,0,0,0,0,1,1,25,0,0,(Guitar)
guitarSvg/NS703.svg,old,1/1,5,59,0,10,0,0,0,2,0,9,1,15,1,2,5,3,6,0,0,0,0,1,1,26,0,0,(Guitar)
guitarSvg/NS704.svg,old,1/1,8,135,0,12,4,0,0,3,0,35,26,3,1,0,8,1,31,0,0,0,0,1,1,61,0,0,(Guitar: Capo 3)
guitarSvg/NS705.svg,old,1/1,7,114,0,14,0,0,0,13,0,23,9,12,1,0,7,1,31,0,0,0,0,1,1,32,0,0,(Guitar: Capo 3)
guitarSvg/NS706.svg,old,1/1,7,111,0,7,0,0,0,8,0,20,15,9,1,0,7,1,3,0,0,0,0,1,1,40,0,0,(Guitar)
guitarSvg/NS707.svg,old,1/1,11,194,0,11,2,0,0,20,0,43,5,24,1,0,11,1,35,0,0,0,0,1,3,69,0,0,(Guitar: Capo 3) | 3 | 3
guitarSvg/NS708.svg,old,1/1,12,139,0,36,5,0,0,16,0,18,2,19,2,0,12,1,10,0,0,0,0,1,1,62,0,0,(Guitar: Capo 1)
guitarSvg/NS709.svg,old,1/1,8,132,0,16,0,0,0,2,0,26,4,4,1,0,8,1,22,0,0,0,0,1,2,31,0,0,(Guitar: Capo 3) | 3
guitarSvg/NS71.svg,old,1/1,4,91,0,4,0,0,0,12,0,6,6,15,1,0,4,1,18,0,0,0,0,1,1,46,0,0,(Guitar)
guitarSvg/NS710.svg,old,1/1,7,99,0,7,0,0,0,6,0,15,10,8,1,0,7,1,16,0,0,0,0,1,1,28,0,0,(Guitar)
guitarSvg/NS711.svg,old,1/1,14,322,0,56,0,0,0,11,1,76,21,29,1,0,14,1,76,1,0,0,0,1,2,84,0,0,(Guitar: Capo 1) | 3
guitarSvg/NS712.svg,old,1/1,8,122,0,16,4,0,0,18,0,5,18,1,1,0,8,1,21,0,0,0,0,1,19,48,0,0,(Guitar) | 3 | 3 | 3
guitarSvg/NS713.svg,old,1/1,4,48,0,0,0,0,0,10,0,2,1,10,2,0,4,1,2,0,0,0,0,1,1,20,0,0,(Guitar)
guitarSvg/NS714.svg,old,1/1,12,185,0,24,0,0,0,0,0,29,5,2,1,0,12,1,48,0,0,0,0,1,1,60,0,0,(Guitar: Capo 3)
guitarSvg/NS715.svg,old,1/1,12,170,0,24,0,0,0,16,0,21,3,21,1,0,12,1,28,0,0,0,0,1,1,47,0,0,(Guitar: Capo 3)
guitarSvg/NS716.svg,old,1/1,3,30,0,6,0,0,0,9,0,1,0,9,1,0,3,1,1,0,0,0,0,1,1,22,0,0,(Guitar)
guitarSvg/NS717.svg,old,1/1,6,91,0,12,0,0,0,0,0,29,1,6,1,0,6,1,1,0,0,0,0,1,1,43,0,0,(Guitar)
guitarSvg/NS718.svg,old,1/1,12,189,0,12,18,0,0,6,0,19,1,35,2,0,12,1,46,0,0,0,0,1,1,108,0,0,(Guitar: Capo 3)
guitarSvg/NS719.svg,old,1/1,8,133,0,16,0,0,0,18,0,22,12,7,1,0,8,1,37,0,0,0,0,1,8,47,0,0,(Guitar: Capo 3) | 3 | 3 | 3
guitarSvg/NS72.svg,old,1/1,3,52,0,3,0,0,0,2,0,14,3,2,1,0,3,1,6,0,0,0,0,1,1,34,0,0,(Guitar: Capo 3)
guitarSvg/NS720.svg,old,1/1,6,94,0,6,0,0,0,4,0,29,8,9,1,0,6,1,6,0,0,0,0,1,1,22,0,0,(Guitar: Capo 3)
guitarSvg/NS721.svg,old,1/1,7,81,0,28,0,0,0,4,0,19,7,4,1,0,7,1,18,0,0,0,0,1,2,17,0,0,(Guitar: Capo 2) | Verse and chorus can be sung together.
guitarSvg/NS722.svg,old,1/1,10,151,0,5,1,0,0,5,0,28,3,10,1,0,10,1,49,0,0,0,0,1,1,40,0,0,(Guitar)
guitarSvg/NS723.svg,old,1/1,11,180,0,22,0,0,0,1,0,25,9,2,1,0,11,1,17,0,0,0,0,1,17,61,0,0,(Guitar) | 3 | 3 | 3
guitarSvg/NS724.svg,old,1/1,5,46,0,15,2,0,0,3,0,10,1,6,1,0,5,1,8,0,0,0,0,1,1,25,0,0,(Guitar: Capo 1)
guitarSvg/NS725.svg,old,1/1,10,175,0,32,0,0,0,7,0,25,4,20,1,0,10,1,66,0,0,0,0,1,1,32,0,0,(Guitar: Capo 1)
guitarSvg/NS726.svg,old,1/1,8,88,0,17,0,1,0,0,0,28,0,12,1,0,8,1,0,0,0,0,0,1,1,46,0,0,(Guitar: Capo 3)
guitarSvg/NS727.svg,old,1/1,6,69,0,6,1,0,0,6,0,0,2,16,1,0,6,1,11,0,0,0,0,1,1,35,0,0,(Guitar: Capo 3)
guitarSvg/NS728.svg,old,1/1,8,112,0,16,0,0,0,2,0,19,1,6,1,0,8,1,30,0,0,0,0,1,1,38,0,0,(Guitar)
guitarSvg/NS729.svg,old,1/1,7,131,0,21,9,4,0,11,5,38,9,26,1,0,7,1,18,0,0,0,0,1,1,63,0,0,(Guitar)
guitarSvg/NS73.svg,old,1/1,6,111,0,12,4,0,0,17,0,23,3,12,1,0,6,1,19,0,0,0,0,1,1,48,0,0,(Guitar)
guitarSvg/NS730.svg,old,1/1,8,56,0,0,0,0,0,0,0,0,4,21,1,0,8,1,4,0,0,0,0,1,1,29,0,0,(Guitar)
guitarSvg/NS731.svg,old,1/1,4,67,0,10,3,0,0,2,1,16,10,2,1,0,4,1,6,0,0,0,0,1,1,31,0,0,(Guitar)
guitarSvg/NS732.svg,old,1/1,14,197,0,33,14,4,0,10,0,2,32,26,1,0,14,1,13,0,0,0,0,1,1,113,0,0,(Guitar)
guitarSvg/NS733.svg,old,1/1,6,72,0,0,0,0,0,6,0,8,7,8,1,0,6,1,7,0,0,0,0,1,1,32,0,0,(Guitar)
guitarSvg/NS734.svg,old,1/1,12,260,0,60,0,0,0,33,0,20,13,63,2,0,12,1,85,0,0,0,0,1,1,80,0,0,(Guitar: Capo 1)
guitarSvg/NS735.svg,old,1/1,10,132,0,40,0,0,0,11,0,24,7,16,1,0,10,1,50,0,0,0,0,1,1,27,0,0,(Guitar: Capo 2)
guitarSvg/NS736.svg,old,1/1,10,109,0,10,0,0,0,7,0,7,9,9,1,0,10,1,23,0,0,0,0,1,2,43,0,0,(Guitar: Capo 3) | 3
guitarSvg/NS737.svg,old,1/1,8,82,0,8,0,0,0,0,0,20,5,5,1,0,8,1,0,0,0,0,0,1,1,27,0,0,(Guitar)
guitarSvg/NS738.svg,new,1/1,4,47,0,4,0,0,0,2,0,0,0,10,2,0,4,1,0,0,0,0,0,1,1,32,0,0,(Guitar: Capo 3)
guitarSvg/NS739.svg,old,1/1,13,195,1,39,0,0,0,16,0,10,17,17,1,0,13,1,47,0,0,0,0,1,1,60,0,0,(Guitar: Capo 1)
guitarSvg/NS74.svg,old,1/1,4,76,0,4,0,0,0,0,0,8,4,5,1,0,4,1,6,0,0,0,0,1,1,41,0,0,(Guitar: Capo 3)
guitarSvg/NS740.svg,new,1/1,6,85,0,7,0,0,0,9,0,0,0,9,1,0,6,1,1,0,0,0,0,1,1,38,0,0,(Guitar)
guitarSvg/NS741.svg,new,1/1,4,76,0,0,0,0,0,0,0,0,2,8,1,0,4,1,23,0,0,0,0,1,1,42,0,0,(Guitar)
guitarSvg/NS742.svg,old,1/1,10,154,0,20,0,0,0,8,0,35,8,11,1,0,10,1,61,0,0,0,0,1,1,46,0,0,(Guitar)
guitarSvg/NS743.svg,old,1/1,7,103,0,15,0,0,0,8,0,14,1,17,1,0,7,1,10,0,0,0,0,1,1,46,0,0,(Guitar: Capo 3)
guitarSvg/NS744.svg,old,1/1,4,50,0,12,1,0,0,5,0,10,2,6,1,0,4,1,11,0,0,0,0,1,1,19,0,0,(Guitar: Capo 1)
guitarSvg/NS745.svg,old,1/1,4,51,0,4,0,0,0,19,0,0,6,7,2,0,4,1,0,0,0,0,0,1,1,28,0,0,(Guitar: Capo 3)
guitarSvg/NS746.svg,new,1/1,7,92,0,10,0,0,0,0,0,0,1,6,1,0,7,1,9,0,0,0,0,1,7,24,0,0,"(Guitar) | Note on “our armor’s linen bright”: | The saints fight with soft, linen armor | (“Senir” meaning “soft armor”"
guitarSvg/NS747.svg,new,1/1,8,95,0,40,0,0,0,8,0,5,4,16,1,0,8,1,13,0,0,0,0,1,1,36,0,0,(Guitar: Capo 1)
guitarSvg/NS748.svg,old,1/1,8,112,0,24,0,0,0,9,0,12,8,11,1,0,8,1,28,0,0,0,0,1,1,32,0,0,(Guitar: Capo 1)
guitarSvg/NS749.svg,new,1/1,12,208,0,24,0,0,0,16,0,21,12,22,1,2,12,2,18,0,0,0,0,1,34,82,0,0,(Guitar) | 3 | 3 | 3
guitarSvg/NS75.svg,old,1/1,4,89,0,4,0,0,0,3,0,24,1,8,1,0,4,1,3,0,0,0,0,1,1,48,0,0,(Guitar: Capo 3)
guitarSvg/NS750.svg,new,1/1,4,62,0,12,0,2,0,7,0,10,1,13,1,0,4,1,1,0,0,0,0,1,1,24,0,0,(Guitar: Capo 3)
guitarSvg/NS751.svg,new,1/1,8,154,0,8,0,0,0,4,0,26,2,4,1,0,8,1,51,0,0,0,0,1,1,40,0,0,(Guitar)
guitarSvg/NS753.svg,new,1/1,11,128,0,11,2,0,0,6,0,19,17,15,1,0,11,1,29,1,0,0,0,1,1,60,0,0,(Guitar: Capo 3)
guitarSvg/NS754.svg,new,1/1,8,91,0,16,0,0,0,4,0,0,2,8,1,0,8,1,4,0,0,0,0,1,1,33,0,0,(Guitar)
guitarSvg/NS755.svg,new,1/1,8,124,0,24,1,0,0,8,0,28,1,15,1,0,8,1,50,0,0,0,0,1,1,41,0,0,(Guitar)
guitarSvg/NS756.svg,new,1/1,4,50,0,8,0,0,0,10,0,7,8,10,1,0,4,1,2,0,0,0,0,1,1,31,0,0,(Guitar: Capo 3)
guitarSvg/NS757.svg,new,1/1,8,105,0,24,2,0,0,3,0,25,16,10,1,0,8,1,29,0,0,0,0,1,1,32,0,0,(Guitar: Capo 1)
guitarSvg/NS758.svg,new,1/1,8,93,0,8,2,0,0,9,0,16,2,27,1,0,8,1,20,0,0,0,0,1,1,53,0,0,(Guitar: Capo 3)
guitarSvg/NS759.svg,new,1/1,11,100,0,0,0,0,0,3,0,11,3,10,2,0,11,1,13,0,0,0,0,1,1,45,0,0,(Guitar)
guitarSvg/NS76.svg,old,1/1,4,86,0,9,0,0,0,12,0,16,4,12,1,0,4,1,4,0,0,0,0,1,1,24,0,0,(Guitar)
guitarSvg/NS760.svg,new,1/1,5,67,0,5,0,0,0,0,0,15,2,3,1,0,5,1,10,0,0,0,0,1,1,18,0,0,(Guitar: Capo 3)
guitarSvg/NS761.svg,new,1/1,8,128,0,16,0,0,0,0,0,7,1,20,2,2,8,3,14,0,0,0,0,2,1,74,0,0,(Guitar)
guitarSvg/NS762.svg,new,1/1,4,53,0,8,0,0,0,9,0,10,4,12,2,0,4,1,6,0,0,0,0,1,1,34,0,0,(Guitar: Capo 3)
guitarSvg/NS763.svg,new,1/1,10,155,0,10,0,0,0,6,0,25,3,8,1,0,10,1,9,0,0,0,0,1,11,43,0,0,(Guitar: Capo 3) | 3 | 3 | 3
guitarSvg/NS764.svg,new,1/1,5,71,0,5,0,0,0,0,0,16,1,7,1,0,5,1,9,0,0,0,0,1,1,38,0,0,(Guitar)
guitarSvg/NS765.svg,new,1/1,8,118,0,40,0,0,0,7,0,25,7,14,1,0,8,1,36,0,0,0,0,1,1,42,0,0,(Guitar: Capo 1)
guitarSvg/NS766.svg,new,1/1,7,85,0,7,0,0,0,10,0,14,8,16,1,0,7,1,16,0,0,0,0,1,1,42,0,0,(Guitar: Capo 3)
guitarSvg/NS767.svg,new,1/1,6,106,0,21,4,3,0,12,0,20,5,15,1,0,6,1,33,0,0,0,0,1,1,33,0,0,(Guitar)
guitarSvg/NS768.svg,new,1/1,8,131,0,24,2,0,0,7,0,25,11,11,1,0,8,1,29,0,0,0,0,1,1,47,0,0,(Guitar: Capo 1)
guitarSvg/NS769.svg,new,1/1,4,70,0,0,0,0,0,10,0,19,0,5,2,0,4,1,9,1,0,0,0,1,1,32,0,0,(Guitar)
guitarSvg/NS77.svg,old,1/1,4,52,0,0,0,0,0,3,0,8,4,6,1,0,4,1,4,0,0,0,0,1,1,20,0,0,(Guitar)
guitarSvg/NS770.svg,new,1/1,10,157,0,30,4,0,0,6,0,39,5,6,1,0,10,1,34,0,0,0,0,1,1,43,0,0,(Guitar: Capo 1)
guitarSvg/NS771.svg,new,1/1,8,94,0,8,0,0,0,0,1,43,2,25,2,0,8,1,12,0,0,0,0,1,1,41,0,0,(Guitar: Capo 3)
guitarSvg/NS772.svg,new,1/1,8,113,0,8,0,0,0,5,0,26,12,5,1,0,8,1,18,0,0,0,0,1,1,38,0,0,(Guitar: Capo 3)
guitarSvg/NS773.svg,new,1/1,4,31,0,4,0,0,0,0,0,0,1,4,2,0,4,1,1,0,0,0,0,1,1,22,0,0,(Guitar)
guitarSvg/NS774.svg,new,1/1,2,30,0,2,0,0,0,0,0,4,1,3,1,0,2,1,4,0,0,0,0,1,1,18,0,0,(Guitar: Capo 3)
guitarSvg/NS775.svg,new,1/1,8,97,0,8,0,0,0,5,0,5,1,14,1,0,8,1,13,0,0,0,0,1,1,35,0,0,(Guitar: Capo 3)
guitarSvg/NS776.svg,new,1/1,12,120,0,60,0,0,0,1,0,4,9,2,1,0,12,1,27,0,0,0,0,1,1,57,0,0,(Guitar: Capo 1)
guitarSvg/NS777.svg,new,1/1,8,95,0,8,3,0,0,0,0,2,5,2,1,0,8,1,5,0,0,0,0,1,1,45,0,0,(Guitar: Capo 3)
guitarSvg/NS778.svg,new,1/1,8,96,0,0,0,0,0,17,0,2,2,21,1,0,8,1,2,0,0,0,0,1,6,40,0,0,(Guitar) | 3 | 3 | 3
guitarSvg/NS779.svg,new,1/1,4,63,0,12,0,0,0,2,0,12,1,7,1,0,4,1,18,0,0,0,0,1,1,25,0,0,(Guitar: Capo 1)
guitarSvg/NS78.svg,old,1/1,4,60,0,0,0,0,0,9,0,0,1,11,1,0,4,1,8,0,0,0,0,1,1,28,0,0,(Guitar)
guitarSvg/NS780.svg,new,1/1,8,109,0,0,0,0,0,9,0,19,12,10,1,0,8,1,29,0,0,0,0,1,1,38,0,0,(Guitar)
guitarSvg/NS781.svg,new,1/1,8,109,0,16,0,0,0,7,0,25,14,14,1,0,8,1,31,0,0,0,0,1,1,45,0,0,(Guitar: Capo 3)
guitarSvg/NS782.svg,new,1/1,7,116,0,21,0,0,0,0,0,28,11,0,1,0,7,1,18,0,0,0,0,1,1,26,0,0,(Guitar: Capo 1)
guitarSvg/NS783.svg,new,1/1,10,110,0,40,0,0,0,4,0,17,8,13,1,0,10,1,15,0,0,0,0,1,1,27,0,0,(Guitar: Capo 1)
guitarSvg/NS784.svg,new,1/1,12,191,0,24,0,0,0,12,0,39,16,23,1,0,12,1,33,0,0,0,0,1,2,37,0,0,(Guitar) | Part 1 and Part 2 can be sung together.
guitarSvg/NS785.svg,new,1/1,7,93,0,0,0,0,0,5,2,18,1,8,1,0,7,1,16,0,0,0,0,1,1,32,0,0,(Guitar)
guitarSvg/NS786.svg,new,1/1,10,150,0,10,0,0,0,7,0,19,1,16,1,0,10,2,24,0,0,0,0,1,3,54,0,0,(Guitar: Capo 3) | 3 | 3
guitarSvg/NS787.svg,new,1/1,12,153,0,0,0,0,0,7,0,24,14,11,1,0,12,1,59,0,0,0,0,1,1,57,0,0,(Guitar)
guitarSvg/NS788.svg,new,1/1,12,172,0,24,0,0,0,8,0,6,7,44,2,2,12,2,14,0,0,0,0,2,1,63,0,0,(Guitar: Capo 3)
guitarSvg/NS789.svg,new,1/1,4,46,0,4,0,0,0,0,0,0,1,0,1,0,4,1,1,0,0,0,0,1,1,22,0,0,(Guitar: Capo 3)
guitarSvg/NS79.svg,old,1/1,4,65,0,0,0,0,0,3,0,11,8,5,1,0,4,1,16,0,0,0,0,1,1,33,0,0,(Guitar)
guitarSvg/NS790.svg,new,1/1,4,56,0,12,0,0,0,8,0,2,0,8,1,0,4,1,2,0,0,0,0,1,1,36,0,0,(Guitar: Capo 1)
guitarSvg/NS791.svg,new,1/1,13,204,0,13,0,0,0,7,0,24,13,34,1,2,13,4,30,0,0,0,0,2,1,52,0,0,(Guitar: Capo 3)
guitarSvg/NS792.svg,new,1/1,10,88,0,10,2,0,0,0,0,1,8,7,1,2,10,2,11,0,0,0,0,2,1,38,0,0,(Guitar: Capo 3)
guitarSvg/NS793.svg,new,1/1,8,113,0,24,0,0,0,10,0,8,4,11,1,0,8,1,13,0,0,0,0,1,1,49,0,0,(Guitar: Capo 3)
guitarSvg/NS794.svg,new,1/1,7,120,0,14,0,0,0,1,0,22,2,4,1,0,7,1,29,0,0,0,0,1,1,38,0,0,(Guitar)
guitarSvg/NS795.svg,new,1/1,9,133,0,9,0,0,0,13,0,16,13,12,1,0,9,1,25,0,0,0,0,1,5,49,0,0,(Guitar: Capo 3) | 3 | 3 | 3
guitarSvg/NS796.svg,new,1/1,8,76,0,24,0,0,0,10,0,3,1,14,2,0,8,1,25,0,0,0,0,1,1,29,0,0,(Guitar: Capo 1)
guitarSvg/NS797.svg,new,1/1,7,84,0,7,1,0,0,4,0,13,3,11,1,0,7,1,28,0,0,0,0,1,1,32,0,0,(Guitar: Capo 3)
guitarSvg/NS798.svg,new,1/1,7,85,0,7,0,0,0,3,0,11,11,9,1,0,7,1,17,1,0,0,0,1,1,40,0,0,(Guitar)
guitarSvg/NS799.svg,new,1/1,6,61,0,12,0,0,0,3,0,1,0,8,2,0,6,1,4,0,0,0,0,1,1,31,0,0,(Guitar)
guitarSvg/NS8.svg,old,1/1,4,86,0,0,0,0,0,0,0,0,6,1,1,0,4,1,6,0,0,0,0,1,1,50,0,0,(Guitar)
guitarSvg/NS80.svg,old,1/1,8,124,0,24,1,8,0,0,0,24,16,0,1,0,8,1,12,0,0,0,0,1,1,45,0,0,(Guitar: Capo 3)
guitarSvg/NS800.svg,new,1/1,8,99,0,8,0,0,0,29,0,11,3,38,1,0,8,1,7,0,0,0,0,1,1,41,0,0,(Guitar: Capo 3)
guitarSvg/NS801.svg,new,1/1,7,101,0,21,4,0,0,7,0,14,4,13,9,0,7,1,14,0,0,0,0,1,2,22,0,0,(Guitar) | 3
guitarSvg/NS802.svg,new,1/1,9,166,0,27,1,0,0,10,0,38,11,13,1,0,9,1,57,0,0,0,0,1,2,48,0,0,(Guitar: Capo 1) | 3
guitarSvg/NS803.svg,new,1/1,13,222,0,26,0,0,0,10,0,29,30,21,1,2,13,2,42,0,0,0,0,2,6,89,0,0,(Guitar: Capo 3) | 3 | 3 | 3
guitarSvg/NS804.svg,new,1/1,9,129,0,0,0,0,0,1,0,27,9,2,1,2,9,2,51,0,0,0,0,2,1,41,0,0,(Guitar)
guitarSvg/NS805.svg,new,1/1,6,40,0,0,0,0,0,0,0,0,0,15,2,0,6,1,2,0,0,0,0,1,1,19,0,0,(Guitar)
guitarSvg/NS806.svg,new,1/1,14,196,0,28,0,0,0,8,0,28,33,9,1,0,14,1,30,0,0,0,0,1,9,80,0,0,(Guitar) | 3 | 3 | 3
guitarSvg/NS807.svg,new,1/1,6,76,0,2,0,0,0,0,0,16,1,0,2,0,6,1,0,1,0,0,0,1,17,25,0,0,(Guitar) | 3 | 3 | 3
guitarSvg/NS808.svg,new,1/1,7,69,0,0,0,0,0,1,0,12,8,0,1,0,7,1,1,0,0,0,0,1,1,40,0,0,(Guitar)
guitarSvg/NS809.svg,new,1/1,6,69,0,6,1,0,0,6,0,0,2,16,1,0,6,1,11,0,0,0,0,1,1,35,0,0,(Guitar: Capo 3)
guitarSvg/NS81.svg,old,1/1,4,71,0,4,1,0,0,4,0,14,7,5,1,0,4,1,9,0,0,0,0,1,1,29,0,0,(Guitar: Capo 3)
guitarSvg/NS810.svg,new,1/1,7,104,0,8,0,0,0,8,0,15,0,8,1,0,7,1,2,0,0,0,0,1,1,50,0,0,(Guitar)
guitarSvg/NS811.svg,new,1/1,7,103,0,1,0,0,0,4,0,0,5,27,2,0,7,1,13,0,0,0,0,1,1,78,0,0,(Guitar)
guitarSvg/NS812.svg,new,1/1,10,175,0,22,0,2,0,8,0,20,10,8,1,0,10,2,18,0,0,0,4,2,1,44,0,0,(Guitar: Capo 3)
guitarSvg/NS813.svg,new,1/1,9,130,0,0,0,0,0,19,0,27,8,4,1,2,9,2,15,2,0,0,0,3,16,58,0,0,(Guitar) | 3 | 3 | 3
guitarSvg/NS814.svg,new,1/1,6,130,0,18,2,0,0,12,0,24,3,12,1,0,6,1,19,0,0,0,0,1,1,31,0,0,(Guitar)
guitarSvg/NS815.svg,new,1/1,4,71,0,8,0,0,0,16,0,14,1,7,2,0,4,1,7,1,0,0,0,1,1,31,0,0,(Guitar: Capo 3)
guitarSvg/NS816.svg,new,1/1,4,64,0,4,0,0,0,14,0,16,1,15,2,0,4,1,0,0,0,0,0,1,1,27,0,0,(Guitar)
guitarSvg/NS817.svg,new,1/1,6,106,0,12,0,0,0,3,0,20,8,6,1,0,6,1,17,0,0,0,0,1,1,43,0,0,(Guitar: Capo 3)
guitarSvg/NS818.svg,new,1/1,4,46,0,0,1,0,0,1,0,8,1,2,2,0,4,1,6,0,0,0,0,1,1,25,0,0,(Guitar)
guitarSvg/NS819.svg,new,1/1,7,110,0,21,3,0,0,6,0,21,3,22,1,0,7,1,21,0,0,0,0,1,1,40,0,0,(Guitar: Capo 1)
guitarSvg/NS82.svg,old,1/1,4,73,0,4,0,0,0,0,0,20,7,0,1,0,4,1,11,0,0,0,0,1,1,47,0,0,(Guitar: Capo 3)
guitarSvg/NS820.svg,new,1/1,8,80,0,16,0,0,0,6,0,1,10,7,1,0,8,1,8,0,0,0,0,1,1,35,0,0,(Guitar: Capo 3)
guitarSvg/NS821.svg,new,1/1,7,85,0,7,0,0,0,12,0,19,6,13,2,2,7,3,10,0,0,0,0,1,1,30,0,0,(Guitar)
guitarSvg/NS822.svg,new,1/1,10,129,0,0,0,0,0,9,0,23,23,8,1,0,10,2,26,0,0,0,0,1,3,48,0,0,(Guitar) | 3 | 3
guitarSvg/NS823.svg,new,1/1,12,277,0,24,2,0,0,19,0,60,13,21,1,0,12,1,89,0,0,0,0,1,5,65,0,0,(Guitar) | 3 | 3 | 3
guitarSvg/NS824.svg,new,1/1,3,39,0,3,1,0,0,6,0,6,1,6,1,0,3,1,1,0,0,0,0,1,1,19,0,0,(Guitar: Capo 3)
guitarSvg/NS825.svg,new,1/1,4,62,0,12,0,0,0,5,0,12,1,5,1,0,4,1,3,1,0,0,0,1,1,24,0,0,(Guitar: Capo 1)
guitarSvg/NS826.svg,new,1/1,4,63,0,4,0,0,0,10,0,23,1,15,2,0,4,1,2,0,0,0,0,1,1,25,0,0,(Guitar: Capo 3)
guitarSvg/NS827.svg,new,1/1,3,51,0,3,0,0,0,0,0,19,5,1,1,0,3,1,4,0,0,0,0,1,1,16,0,0,(Guitar: Capo 3)
guitarSvg/NS828.svg,new,1/1,4,43,0,4,0,0,0,0,0,10,5,0,1,0,4,1,3,0,0,0,0,1,1,14,0,0,(Guitar: Capo 3)
guitarSvg/NS829.svg,new,1/1,5,45,0,5,1,0,0,0,0,1,1,2,2,0,5,1,6,0,0,0,0,1,1,26,0,0,(Guitar: Capo 3)
guitarSvg/NS83.svg,old,1/1,4,68,0,4,0,0,0,0,0,36,1,28,1,0,4,1,0,1,0,0,0,1,1,39,0,0,(Guitar: Capo 3)
guitarSvg/NS830.svg,new,1/1,5,54,0,5,0,0,0,15,0,7,2,9,2,0,5,1,9,0,0,0,0,1,1,35,0,0,(Guitar: Capo 3)
guitarSvg/NS831.svg,new,1/1,4,35,0,4,0,0,0,0,0,0,1,1,2,0,4,1,6,0,0,0,0,1,1,15,0,0,(Guitar)
guitarSvg/NS832.svg,new,1/1,12,152,0,24,0,0,0,10,0,24,12,14,1,0,12,1,42,0,0,0,0,1,1,28,0,0,(Guitar)
guitarSvg/NS833.svg,new,1/1,4,60,0,8,0,0,0,2,0,22,6,21,2,0,4,1,0,0,0,0,0,1,1,21,0,0,(Guitar)
guitarSvg/NS834.svg,new,1/1,7,92,0,14,6,0,0,1,0,16,5,4,1,0,7,1,14,0,0,0,0,2,1,31,0,0,(Guitar)
guitarSvg/NS835.svg,new,1/1,7,96,0,21,0,0,0,4,0,10,6,6,1,0,7,1,18,0,0,0,0,1,1,34,0,0,(Guitar: Capo 1)
guitarSvg/NS836.svg,new,1/1,4,59,0,8,1,0,0,4,0,12,6,8,1,0,4,1,3,0,0,0,0,1,2,45,0,0,(Guitar) | * Psa. 139:9
guitarSvg/NS837.svg,new,1/1,8,143,0,28,17,0,0,20,0,17,9,22,1,0,8,1,7,1,0,0,0,1,1,76,0,0,(Guitar)
guitarSvg/NS838.svg,new,1/1,10,111,0,0,0,0,0,4,0,6,2,21,1,0,10,1,20,0,0,0,0,1,1,49,0,0,(Guitar)
guitarSvg/NS839.svg,new,1/1,6,92,0,13,1,0,0,3,0,8,4,8,1,0,6,1,2,0,0,0,0,1,2,60,0,0,"(Guitar) | (2021 July Training Joshua, Message 1)"
guitarSvg/NS84.svg,old,1/1,3,50,0,3,0,0,0,0,0,7,1,1,1,0,3,1,2,0,0,0,0,1,1,28,0,0,(Guitar: Capo 3)
guitarSvg/NS840.svg,new,1/1,7,90,0,14,0,0,0,23,0,1,1,24,1,0,7,1,8,0,0,0,0,1,1,63,0,0,(Guitar: Capo 3)
guitarSvg/NS841.svg,new,1/1,11,96,0,11,0,0,0,1,0,5,0,18,2,0,11,1,20,0,0,0,0,1,1,35,0,0,(Guitar)
guitarSvg/NS842.svg,new,1/1,4,65,0,4,0,0,0,6,0,8,3,7,1,0,4,1,19,0,0,0,0,1,1,14,0,0,(Guitar)
guitarSvg/NS843.svg,new,1/1,9,154,0,9,0,0,0,1,0,5,3,28,2,0,9,1,26,0,0,0,0,1,1,69,0,0,(Guitar)
guitarSvg/NS844.svg,new,1/1,3,37,0,6,3,0,0,4,0,7,1,7,1,0,3,1,2,0,0,0,0,1,1,29,0,0,(Guitar)
guitarSvg/NS845.svg,new,1/1,7,135,0,21,0,0,0,0,0,6,1,6,2,0,7,1,6,0,0,0,0,1,1,60,0,0,(Guitar: Capo 1)
guitarSvg/NS846.svg,new,1/1,6,89,0,18,5,0,0,16,0,10,1,20,1,0,6,1,20,0,0,0,0,1,2,33,0,0,(Guitar) | * cf. Matt. 6:22
guitarSvg/NS847.svg,new,1/1,4,60,0,12,0,0,0,0,0,24,5,18,1,0,4,1,0,0,0,0,0,1,1,26,0,0,(Guitar: Capo 1)
guitarSvg/NS848.svg,new,1/1,4,95,0,4,0,0,0,16,0,18,3,20,3,0,4,1,15,0,0,0,0,1,1,29,0,0,(Guitar: Capo 3)
guitarSvg/NS849.svg,new,1/1,4,49,0,4,1,0,0,2,0,12,1,2,1,0,4,1,6,0,0,0,0,1,1,14,0,0,(Guitar: Capo 3)
guitarSvg/NS85.svg,old,1/1,4,67,0,4,0,0,0,1,0,5,4,11,1,0,4,1,10,0,0,0,0,1,1,42,0,0,(Guitar: Capo 3)
guitarSvg/NS850.svg,new,1/1,5,58,0,0,0,0,0,4,0,5,3,8,1,0,5,1,16,0,0,0,0,1,1,37,0,0,(Guitar)
guitarSvg/NS851.svg,new,1/1,4,33,0,4,0,0,0,3,0,1,1,6,2,0,4,1,4,0,0,0,0,1,1,20,0,0,(Guitar)
guitarSvg/NS852.svg,new,1/1,6,84,0,18,6,0,0,7,0,10,11,7,1,0,6,1,16,0,0,0,0,1,3,39,0,0,(Guitar: Capo 1) | You can repeat using “Don’t be discouraged” | and change to third person.
guitarSvg/NS853.svg,new,1/1,7,87,0,7,0,0,0,8,0,10,9,13,1,0,7,1,19,0,0,0,0,1,3,52,0,0,(Guitar) | 3 | 3
guitarSvg/NS854.svg,new,1/1,9,157,0,27,13,0,0,16,0,20,18,22,1,3,9,3,7,1,0,0,0,1,10,84,0,0,(Guitar) | 3 | 3 | 3
guitarSvg/NS855.svg,new,1/1,5,50,0,5,0,0,0,4,0,9,2,5,2,0,5,1,5,0,0,0,0,1,3,17,0,0,(Guitar: Capo 3) | 3 | 3
guitarSvg/NS856.svg,new,1/1,4,56,0,8,2,0,0,3,0,16,1,8,1,0,4,1,4,0,0,0,0,1,1,25,0,0,(Guitar)
guitarSvg/NS857.svg,new,1/1,4,74,0,0,2,0,0,11,0,12,4,10,1,0,4,1,8,0,0,0,0,1,1,56,0,0,(Guitar)
guitarSvg/NS858.svg,new,1/1,8,228,0,16,1,0,0,9,0,48,14,14,1,0,8,1,101,0,0,0,0,1,1,62,0,0,(Guitar)
guitarSvg/NS859.svg,new,1/1,8,90,0,24,1,0,0,4,0,16,2,8,2,0,8,1,19,0,0,0,0,1,1,34,0,0,(Guitar: Capo 1)
guitarSvg/NS86.svg,old,1/1,4,80,0,4,0,0,0,3,0,4,1,4,2,0,4,1,7,0,0,0,0,1,1,39,0,0,(Guitar: Capo 3)
guitarSvg/NS860.svg,new,1/1,4,60,0,13,0,1,0,28,0,0,1,4,2,0,4,1,4,1,0,0,0,1,1,24,0,0,(Guitar: Capo 1)
guitarSvg/NS861.svg,new,1/1,6,87,0,12,1,0,0,15,0,8,8,17,1,0,6,1,12,0,0,0,0,1,4,27,0,0,(Guitar) | 3 | 3 | 3
guitarSvg/NS862.svg,new,1/1,4,83,0,8,1,0,0,10,0,16,1,11,1,0,4,1,4,1,0,0,0,1,1,28,0,0,(Guitar)
guitarSvg/NS863.svg,new,1/1,10,120,0,20,0,0,0,9,0,26,8,19,1,2,10,2,23,0,0,0,0,1,1,38,0,0,(Guitar)
guitarSvg/NS864.svg,new,1/1,5,67,0,15,2,0,0,15,0,9,2,13,2,0,5,1,5,0,0,0,0,1,1,37,0,0,(Guitar: Capo 1)
guitarSvg/NS865.svg,new,1/1,4,68,0,4,0,0,0,2,0,24,4,8,1,0,4,1,15,0,0,0,0,1,1,31,0,0,(Guitar: Capo 3)
guitarSvg/NS866.svg,new,1/1,6,89,0,6,0,0,0,4,0,20,3,6,1,3,6,3,8,0,0,0,0,1,1,29,0,0,(Guitar: Capo 3)
guitarSvg/NS867.svg,new,1/1,4,47,0,4,0,0,0,2,0,0,1,2,1,0,4,1,5,0,0,0,0,1,1,22,0,0,(Guitar: Capo 3)
guitarSvg/NS868.svg,new,1/1,8,100,0,8,0,0,0,9,0,16,11,11,1,0,8,1,46,0,0,0,0,1,1,33,0,0,(Guitar)
guitarSvg/NS869.svg,new,1/1,7,113,0,14,6,0,0,6,0,21,6,8,1,0,7,1,5,0,0,0,0,1,1,46,0,0,(Guitar)
guitarSvg/NS87.svg,old,1/1,8,179,0,16,6,0,0,30,0,48,17,21,1,0,8,1,31,0,0,0,0,1,1,70,0,0,(Guitar)
guitarSvg/NS870.svg,new,1/1,10,123,0,20,0,0,0,2,0,15,14,7,1,0,10,1,21,0,0,0,0,1,1,32,0,0,(Guitar)
guitarSvg/NS871.svg,new,1/1,12,206,0,1,0,0,0,11,0,28,7,16,1,0,12,2,39,0,0,0,0,1,1,67,0,0,(Guitar)
guitarSvg/NS872.svg,new,1/1,8,136,0,16,0,0,0,3,0,16,3,2,1,0,8,1,45,0,0,0,0,1,1,42,0,0,(Guitar)
guitarSvg/NS873.svg,new,1/1,6,87,0,18,0,0,0,7,0,8,2,12,2,0,6,1,10,0,0,0,0,1,1,41,0,0,(Guitar: Capo 1)
guitarSvg/NS874.svg,new,1/1,4,73,0,4,0,0,0,3,0,19,0,10,2,0,4,1,1,0,0,0,0,1,1,30,0,0,(Guitar)
guitarSvg/NS875.svg,new,1/1,8,119,0,8,0,0,0,8,0,22,4,14,1,0,8,1,34,0,0,0,0,1,1,33,0,0,(Guitar: Capo 3)
guitarSvg/NS876.svg,new,1/1,7,94,0,28,0,0,0,6,0,22,11,6,1,0,7,1,15,0,0,0,0,1,1,47,0,0,(Guitar: Capo 2)
guitarSvg/NS877.svg,new,1/1,9,106,0,18,0,0,0,17,0,9,6,22,1,0,9,1,30,0,0,0,0,1,1,37,0,0,(Guitar: Capo 3)
guitarSvg/NS878.svg,new,1/1,16,363,0,0,0,0,0,11,0,76,4,11,1,0,16,1,67,0,0,0,0,1,1,92,0,0,(Guitar)
guitarSvg/NS879.svg,new,1/1,4,40,0,17,0,0,0,0,0,0,0,0,1,0,4,1,0,0,0,0,0,1,1,33,0,0,(Guitar: Capo 2)
guitarSvg/NS88.svg,old,1/1,8,134,0,8,0,0,0,11,0,25,17,2,1,0,8,1,31,0,0,0,0,1,1,47,0,0,(Guitar)
guitarSvg/NS880.svg,new,1/1,8,73,0,11,0,1,0,2,0,2,6,9,2,0,8,1,5,0,0,0,0,1,1,31,0,0,(Guitar: Capo 3)
guitarSvg/NS881.svg,old,1/1,5,102,0,10,1,0,0,28,0,16,1,0,1,0,5,1,0,1,0,0,0,1,1,35,0,0,(Guitar)
guitarSvg/NS882.svg,new,1/1,3,32,0,6,1,0,0,4,0,8,1,6,2,0,3,1,0,0,0,0,0,1,1,20,0,0,(Guitar)
guitarSvg/NS883.svg,new,1/1,12,157,0,0,0,0,0,13,0,12,7,25,1,0,12,1,26,0,0,0,0,1,3,46,0,0,(Guitar) | 3 | 3
guitarSvg/NS884.svg,new,1/1,9,171,0,9,0,0,0,12,0,33,13,15,1,2,9,3,34,0,0,0,0,2,3,46,0,0,(Guitar: Capo 3) | 3 | 3
guitarSvg/NS885.svg,new,1/1,7,105,0,21,0,0,0,5,0,26,12,5,1,0,7,1,4,0,0,0,0,1,1,38,0,0,(Guitar: Capo 1)
guitarSvg/NS886.svg,new,1/1,6,74,0,12,0,0,0,5,0,13,5,4,1,0,6,1,13,0,0,0,0,1,3,20,0,0,(Guitar) | 3 | 3
guitarSvg/NS887.svg,new,1/1,4,35,0,8,0,0,0,0,0,4,1,2,2,0,4,1,7,0,0,0,0,1,2,19,0,0,(Guitar) | 3
guitarSvg/NS888.svg,new,1/1,6,104,0,6,3,0,0,0,0,0,1,7,2,0,6,1,13,0,0,0,0,1,1,62,0,0,(Guitar: Capo 3)
guitarSvg/NS89.svg,old,1/1,4,56,0,4,2,0,0,8,0,0,1,12,1,0,4,1,0,0,0,0,0,1,1,43,0,0,(Guitar: Capo 3)
guitarSvg/NS890.svg,new,1/1,7,140,0,7,4,0,0,3,0,42,6,10,1,3,7,2,14,0,0,0,0,1,3,52,0,0,(Guitar: Capo 3) | 3 | 3
guitarSvg/NS891.svg,new,1/1,6,80,0,18,1,0,0,8,0,8,5,10,1,0,6,1,15,0,0,0,0,1,1,38,0,0,(Guitar: Capo 1)
guitarSvg/NS892.svg,new,1/1,6,93,0,18,0,0,0,0,0,27,1,0,1,0,6,1,0,0,0,0,0,1,1,41,0,0,(Guitar: Capo 1)
guitarSvg/NS893.svg,new,1/1,8,117,0,0,0,0,0,23,2,25,10,28,2,0,8,1,16,0,0,0,0,1,1,36,0,0,(Guitar)
guitarSvg/NS894.svg,new,1/1,5,38,0,10,3,0,0,0,0,0,0,7,2,0,5,1,4,0,0,0,0,1,1,30,0,0,(Guitar)
guitarSvg/NS895.svg,new,1/1,4,60,0,16,0,0,0,9,0,0,1,21,2,0,4,1,0,0,0,0,0,1,1,28,0,0,(Guitar: Capo 1)
guitarSvg/NS896.svg,new,1/1,5,77,0,5,0,0,0,2,0,2,0,6,2,0,5,1,15,0,0,0,0,1,1,51,0,0,(Guitar: Capo 3)
guitarSvg/NS897.svg,new,1/1,6,92,0,12,0,0,0,7,0,12,10,9,1,0,6,1,7,0,0,0,0,1,1,19,0,0,(Guitar)
guitarSvg/NS898.svg,new,1/1,7,114,0,7,0,0,0,2,0,9,3,17,2,0,7,1,4,0,0,0,0,1,1,41,0,0,(Guitar: Capo 3)
guitarSvg/NS899.svg,new,1/1,6,167,0,18,0,0,0,2,1,74,3,26,1,0,6,1,72,0,0,0,0,1,1,59,0,0,(Guitar: Capo 1)
guitarSvg/NS9.svg,old,1/1,8,134,0,16,6,0,0,15,0,23,21,9,1,0,8,1,4,0,0,0,0,1,1,49,0,0,(Guitar)
guitarSvg/NS90.svg,old,1/1,7,102,0,0,0,0,0,6,0,27,0,11,1,0,7,1,5,0,0,0,0,1,1,66,0,0,(Guitar)
guitarSvg/NS900.svg,new,1/1,8,109,0,24,2,0,0,5,0,19,1,13,1,0,8,1,34,0,0,0,0,1,1,35,0,0,(Guitar: Capo 1)
guitarSvg/NS901.svg,new,1/1,8,94,0,0,0,0,0,7,0,4,5,13,1,0,8,1,18,0,0,0,0,1,5,36,0,0,(Guitar) | 3 | 3 | 3
guitarSvg/NS902.svg,new,1/1,11,165,0,11,1,0,0,4,0,27,18,8,1,0,11,1,41,0,0,0,0,1,1,55,0,0,(Guitar: Capo 3)
guitarSvg/NS903.svg,new,1/1,4,58,0,0,0,0,0,0,0,12,5,4,1,0,4,1,10,0,0,0,0,1,1,20,0,0,(Guitar)
guitarSvg/NS904.svg,new,1/1,7,130,0,0,0,0,0,17,0,35,5,12,2,0,7,1,22,0,0,0,0,1,1,47,0,0,(Guitar)
guitarSvg/NS905.svg,new,1/1,10,157,0,20,6,0,0,15,0,29,10,31,1,0,10,1,26,0,0,0,0,1,1,79,0,0,(Guitar)
guitarSvg/NS906.svg,new,1/1,6,56,0,6,0,0,0,5,0,8,1,8,1,0,6,1,6,0,0,0,0,1,1,27,0,0,(Guitar: Capo 3)
guitarSvg/NS907.svg,new,1/1,9,136,0,27,0,0,0,15,0,18,1,21,1,0,9,1,40,0,0,0,0,1,1,38,0,0,(Guitar)
guitarSvg/NS908.svg,new,1/1,8,90,0,0,0,0,0,9,0,12,3,39,2,0,8,1,19,0,0,0,0,1,1,50,0,0,(Guitar)
guitarSvg/NS909.svg,new,1/1,8,74,0,8,4,0,0,3,0,15,2,6,1,0,8,1,7,0,0,0,0,1,1,30,0,0,(Guitar)
guitarSvg/NS91.svg,old,1/1,4,63,0,0,0,0,0,0,0,0,1,4,2,0,4,1,9,0,0,0,0,1,1,43,0,0,(Guitar)
guitarSvg/NS910.svg,new,1/1,5,74,0,1,0,0,0,2,0,0,1,17,2,0,5,1,4,0,0,0,0,1,1,43,0,0,(Guitar)
guitarSvg/NS911.svg,new,1/1,8,109,0,8,2,0,0,4,0,27,9,7,1,0,8,1,28,0,0,0,0,1,1,28,0,0,(Guitar: Capo 3)
guitarSvg/NS912.svg,new,1/1,6,97,0,24,0,0,0,4,0,14,10,3,1,0,6,1,23,0,0,0,0,1,1,30,0,0,(Guitar: Capo 2)
guitarSvg/NS913.svg,new,1/1,10,169,0,10,0,0,0,47,0,21,0,27,2,0,10,1,37,0,0,0,0,1,1,46,0,0,(Guitar: Capo 3)
guitarSvg/NS914.svg,new,1/1,11,181,0,0,0,0,0,31,0,15,6,83,3,0,11,1,17,0,0,0,0,1,1,39,0,0,(Guitar)
guitarSvg/NS915.svg,new,1/1,6,98,0,6,0,0,0,7,0,23,1,7,1,0,6,1,35,0,0,0,0,1,1,19,0,0,(Guitar: Capo 3)
guitarSvg/NS916.svg,new,1/1,4,50,0,4,0,0,0,0,0,11,3,1,1,0,4,1,14,0,0,0,0,1,1,20,0,0,(Guitar)
guitarSvg/NS917.svg,new,1/1,10,193,0,40,0,0,0,18,0,31,14,28,8,0,10,1,39,0,0,0,0,1,1,71,0,0,(Guitar: Capo 2)
guitarSvg/NS918.svg,new,1/1,7,133,0,17,2,0,0,11,0,27,6,16,1,2,7,3,4,0,0,0,0,2,3,61,0,0,(Guitar) | ⠀ | (Chorus is only sung at the end of every two stanzas.)
guitarSvg/NS919.svg,new,1/1,6,85,0,18,0,0,0,12,0,16,9,4,1,0,6,1,27,0,0,0,0,1,1,35,0,0,(Guitar: Capo 1)
guitarSvg/NS92.svg,old,1/1,4,64,0,12,0,0,0,0,0,0,4,0,2,0,4,1,2,0,0,0,0,1,1,38,0,0,(Guitar: Capo 1)
guitarSvg/NS920.svg,new,1/1,10,120,0,50,0,0,0,9,0,2,4,8,1,0,10,1,27,0,0,0,0,1,13,58,0,0,(Guitar: Capo 1) | 3 | 3 | 3
guitarSvg/NS921.svg,new,1/1,8,96,0,32,0,0,0,6,0,16,2,6,1,0,8,1,10,0,0,0,0,1,2,36,0,0,(Guitar: Capo 2) | (The two parts can be sung as a round.)
guitarSvg/NS922.svg,new,1/1,6,80,0,12,0,0,0,0,0,16,5,29,2,0,6,1,4,0,0,0,0,1,1,45,0,0,(Guitar)
guitarSvg/NS923.svg,new,1/1,8,155,0,0,0,0,0,9,0,35,5,17,1,0,8,1,16,0,0,0,0,1,1,50,0,0,(Guitar)
guitarSvg/NS924.svg,new,1/1,6,78,0,8,5,0,0,5,6,19,8,16,1,0,6,1,17,0,0,0,0,1,4,41,0,0,(Guitar: Capo 3) | 3 | 3 | 3
guitarSvg/NS925.svg,new,1/1,7,87,0,7,0,0,0,10,0,10,3,16,1,0,7,1,27,0,0,0,0,1,1,32,0,0,(Guitar: Capo 3)
guitarSvg/NS926.svg,new,1/1,6,58,0,12,1,0,0,6,0,15,3,8,2,0,6,1,5,1,0,0,0,1,1,31,0,0,(Guitar)
guitarSvg/NS927.svg,new,1/1,10,147,0,20,1,0,0,9,0,27,5,10,1,0,10,1,64,0,0,0,0,1,1,38,0,0,(Guitar)
guitarSvg/NS928.svg,new,1/1,9,185,0,18,0,0,0,10,0,37,13,24,2,0,9,1,28,0,0,0,0,1,3,84,0,0,(Guitar: Capo 3) | 3 | 3
guitarSvg/NS929.svg,new,1/1,10,120,0,10,1,0,0,12,0,18,3,20,1,0,10,1,37,0,0,0,0,1,1,43,0,0,(Guitar: Capo 3)
guitarSvg/NS93.svg,old,1/1,4,52,0,4,0,0,0,4,0,0,2,4,1,0,4,1,0,0,0,0,0,1,1,18,0,0,(Guitar: Capo 3)
guitarSvg/NS930.svg,new,1/1,6,96,0,0,0,0,0,5,0,21,0,13,1,2,6,2,4,0,0,0,0,1,1,35,0,0,(Guitar)
guitarSvg/NS931.svg,new,1/1,9,126,0,18,4,0,0,0,0,84,6,64,1,0,9,2,0,0,0,0,0,1,1,68,0,0,(Guitar)
guitarSvg/NS932.svg,new,1/1,5,90,0,16,3,1,0,1,0,32,9,7,1,0,5,1,15,0,0,0,0,1,1,36,0,0,(Guitar: Capo 1)
guitarSvg/NS933.svg,new,1/1,8,114,0,16,0,0,0,3,0,30,2,7,2,0,8,1,26,1,0,0,0,1,1,39,0,0,(Guitar: Capo 3)
guitarSvg/NS934.svg,new,1/1,8,112,0,32,0,0,0,20,0,19,12,26,1,0,8,1,35,0,0,0,0,1,1,39,0,0,(Guitar: Capo 1)
guitarSvg/NS935.svg,new,1/1,5,57,0,0,0,0,0,0,0,17,0,0,5,0,5,1,0,0,0,0,0,1,1,30,0,0,(Guitar)
guitarSvg/NS936.svg,new,1/1,6,66,0,14,0,1,0,2,0,0,0,2,1,0,6,1,0,0,0,0,0,1,2,34,0,0,(Guitar: Capo 3) | * In the sense of inspiring reverential awe.
guitarSvg/NS937.svg,new,1/1,4,67,0,4,0,0,0,5,0,12,0,7,1,0,4,1,20,0,0,0,0,1,1,18,0,0,(Guitar: Capo 3)
guitarSvg/NS938.svg,new,1/1,8,108,0,24,2,0,0,13,0,18,11,21,1,0,8,1,37,0,0,0,0,1,1,48,0,0,(Guitar: Capo 1)
guitarSvg/NS939.svg,new,1/1,9,98,0,27,0,0,0,4,0,13,1,8,2,0,9,1,22,0,0,0,0,1,1,38,0,0,(Guitar: Capo 1)
guitarSvg/NS94.svg,old,1/1,6,94,0,0,0,0,0,7,0,25,12,16,1,0,6,1,4,0,0,0,0,1,1,52,0,0,(Guitar)
guitarSvg/NS940.svg,new,1/1,4,38,0,12,0,0,0,0,0,0,2,2,1,0,4,1,9,0,0,0,0,1,1,25,0,0,(Guitar: Capo 1)
guitarSvg/NS941.svg,new,1/1,8,96,0,0,0,0,0,6,0,8,11,8,1,0,8,1,19,0,0,0,0,1,1,38,0,0,(Guitar)
guitarSvg/NS942.svg,new,1/1,4,62,0,0,0,0,0,0,0,3,0,0,1,0,4,1,6,0,0,0,0,1,1,30,0,0,(Guitar)
guitarSvg/NS943.svg,new,1/1,8,113,0,16,0,0,0,9,0,15,8,11,1,0,8,1,44,0,0,0,0,1,1,32,0,0,(Guitar)
guitarSvg/NS944.svg,new,1/1,4,81,0,21,0,1,0,1,0,17,1,33,2,0,4,1,8,0,0,0,0,1,1,30,0,0,(Guitar: Capo 1)
guitarSvg/NS945.svg,new,1/1,8,95,0,8,0,0,0,7,0,2,6,7,1,0,8,1,8,0,0,0,0,1,1,32,0,0,(Guitar: Capo 3)
guitarSvg/NS946.svg,new,1/1,11,184,0,1,0,0,0,2,0,48,6,2,1,0,11,1,50,0,0,0,0,1,1,64,0,0,(Guitar)
guitarSvg/NS947.svg,new,1/1,8,127,0,16,4,0,0,3,0,5,7,16,2,0,8,1,12,0,0,0,0,1,1,78,0,0,(Guitar)
guitarSvg/NS948.svg,new,1/1,8,129,0,16,0,0,0,2,0,27,25,5,1,3,8,3,0,0,0,0,0,3,2,22,0,0,(Guitar) | 3
guitarSvg/NS949.svg,new,1/1,8,154,0,8,0,0,0,5,3,47,8,12,1,0,8,1,37,0,0,0,0,1,1,33,0,0,(Guitar: Capo 3)
guitarSvg/NS95.svg,old,1/1,2,37,0,4,0,0,0,3,0,10,1,5,1,0,2,1,3,0,0,0,0,1,1,20,0,0,(Guitar)
guitarSvg/NS950.svg,new,1/1,10,137,0,30,5,0,0,3,0,35,15,12,1,0,10,1,54,0,0,0,0,1,1,57,0,0,(Guitar: Capo 1)
guitarSvg/NS951.svg,new,1/1,5,71,0,10,0,0,0,0,0,3,1,7,2,0,5,1,4,0,0,0,0,1,1,25,0,0,(Guitar)
guitarSvg/NS952.svg,new,1/1,5,59,0,20,0,0,0,6,0,10,6,7,1,0,5,1,14,0,0,0,0,1,1,33,0,0,(Guitar: Capo 1)
guitarSvg/NS953.svg,new,1/1,4,56,0,0,0,0,0,0,0,0,0,0,1,0,4,1,0,0,0,0,0,1,1,25,0,0,(Guitar)
guitarSvg/NS954.svg,new,1/1,8,96,0,16,0,0,0,1,0,16,9,11,1,0,8,1,31,0,0,0,0,1,3,38,0,0,(Guitar: Capo 3) | 3 | 3
guitarSvg/NS955.svg,new,1/1,7,82,0,0,0,0,0,16,0,4,3,15,1,0,7,1,19,3,0,0,0,1,5,36,0,0,(Guitar) | 3 | 3 | 3
guitarSvg/NS956.svg,new,1/1,6,72,0,19,0,1,0,4,0,18,1,11,1,2,6,3,4,0,0,0,0,1,1,21,0,0,(Guitar: Capo 1)
guitarSvg/NS957.svg,new,1/1,8,115,0,8,0,0,0,15,0,5,2,18,1,0,8,1,21,0,0,0,0,1,8,42,0,0,(Guitar) | 3 | 3 | 3
guitarSvg/NS958.svg,new,1/1,6,89,0,6,2,0,0,7,0,21,9,9,1,0,6,1,22,0,0,0,0,2,2,34,0,0,"(Guitar: Capo 3) | (cf. 2022 Spring ITERO, Message 1)"
guitarSvg/NS959.svg,new,1/1,2,35,0,4,0,0,0,0,0,0,0,3,2,0,2,1,3,0,0,0,0,1,1,14,0,0,(Guitar)
guitarSvg/NS96.svg,old,1/1,4,61,0,5,1,1,0,4,0,5,4,5,2,0,4,1,1,0,0,0,0,1,1,38,0,0,(Guitar: Capo 3)
guitarSvg/NS960.svg,new,1/1,7,89,0,31,0,2,0,30,0,6,1,12,2,0,7,1,11,2,0,0,0,1,1,42,0,0,(Guitar: Capo 1)
guitarSvg/NS961.svg,new,1/1,6,78,0,6,0,0,0,4,0,14,1,5,1,0,6,1,17,0,0,0,0,1,1,29,0,0,(Guitar: Capo 3)
guitarSvg/NS962.svg,new,1/1,4,43,0,16,0,0,0,3,0,1,1,10,1,0,4,1,10,0,0,0,0,1,1,16,0,0,(Guitar: Capo 2)
guitarSvg/NS963.svg,new,1/1,8,119,0,8,0,0,0,0,0,10,8,6,1,0,8,1,13,0,0,0,0,1,1,44,0,0,(Guitar)
guitarSvg/NS964.svg,new,1/1,9,174,0,9,0,0,0,11,0,40,16,12,1,0,9,1,58,0,0,0,0,1,1,55,0,0,(Guitar)
guitarSvg/NS965.svg,new,1/1,11,196,0,22,1,0,0,7,0,25,9,25,2,3,11,3,23,0,0,0,0,1,1,81,0,0,(Guitar)
guitarSvg/NS966.svg,new,1/1,4,75,0,4,0,0,0,0,0,0,4,2,1,0,4,1,6,0,0,0,0,1,1,35,0,0,(Guitar: Capo 3)
guitarSvg/NS967.svg,new,1/1,4,74,0,4,0,0,0,2,0,20,1,6,1,0,4,1,30,0,0,0,0,1,1,18,0,0,(Guitar: Capo 3)
guitarSvg/NS968.svg,new,1/1,4,61,0,0,0,0,0,0,0,8,1,0,1,0,4,1,3,0,0,0,0,1,1,23,0,0,(Guitar)
guitarSvg/NS969.svg,new,1/1,6,63,0,0,0,0,0,4,0,8,2,8,1,0,6,1,8,0,0,0,0,1,2,27,0,0,(Guitar) | 3
guitarSvg/NS97.svg,old,1/1,5,100,0,5,0,0,0,18,0,11,8,19,1,0,5,1,9,0,0,0,0,1,1,48,0,0,(Guitar: Capo 3)
guitarSvg/NS970.svg,new,1/1,10,132,0,10,0,0,0,0,0,0,18,38,2,2,10,3,8,0,0,0,0,1,2,57,0,0,(Guitar: Capo 3) | Chorus Parts 1 and 2 can be sung together.
guitarSvg/NS971.svg,new,1/1,8,114,0,8,0,0,0,4,0,14,17,3,1,0,8,1,13,0,0,0,0,1,5,44,0,0,(Guitar: Capo 3) | 3 | 3 | 3
guitarSvg/NS972.svg,new,1/1,8,97,0,16,0,0,0,9,0,6,7,9,1,0,8,1,8,0,0,0,0,2,9,42,0,0,(Guitar: Capo 3) | 3 | 3 | 3
guitarSvg/NS973.svg,new,1/1,6,80,0,12,0,0,0,8,0,5,13,4,1,0,6,1,17,0,0,0,0,1,1,19,0,0,(Guitar: Capo 3)
guitarSvg/NS974.svg,new,1/1,8,131,0,16,9,0,0,7,0,27,20,14,1,0,8,2,15,0,0,0,0,2,1,82,0,0,(Guitar)
guitarSvg/NS975.svg,new,1/1,9,147,0,18,0,0,0,6,0,40,14,6,1,0,9,1,27,0,0,0,0,1,1,39,0,0,(Guitar)
guitarSvg/NS976.svg,new,1/1,8,72,0,0,0,0,0,9,0,0,5,17,1,0,8,1,18,0,0,0,0,1,1,34,0,0,(Guitar)
guitarSvg/NS977.svg,new,1/1,9,136,0,0,0,0,0,2,0,25,12,2,1,2,9,2,29,0,0,0,0,1,2,29,0,0,(Guitar) | (Verse and chorus can be sung together.)
guitarSvg/NS978.svg,old,1/1,7,102,0,0,0,0,0,6,0,27,0,11,1,0,7,1,5,0,0,0,0,1,1,66,0,0,(Guitar)
guitarSvg/NS979.svg,new,1/1,4,94,0,0,0,0,0,0,0,0,3,12,2,0,4,1,8,1,0,0,0,1,1,26,0,0,(Guitar)
guitarSvg/NS98.svg,old,1/1,4,103,0,4,0,0,0,3,0,36,3,14,1,0,4,1,11,0,0,0,0,1,1,37,0,0,(Guitar: Capo 3)
guitarSvg/NS980.svg,new,1/1,5,68,0,5,1,0,0,8,0,8,2,13,1,0,5,1,1,0,0,0,0,1,2,43,0,0,"(Guitar: Capo 3) | (cf. 2023 July Semiannual Training, Message 10)"
guitarSvg/NS981.svg,old,1/1,7,129,0,21,9,0,0,5,0,20,4,15,1,0,7,1,8,0,0,0,0,1,2,47,0,0,(Guitar) | 3
guitarSvg/NS982.svg,new,1/1,6,83,0,12,0,0,0,6,0,14,3,6,1,0,6,1,17,0,0,0,0,1,1,27,0,0,(Guitar)
guitarSvg/NS983.svg,new,1/1,9,137,0,9,0,0,0,11,0,29,9,15,1,0,9,1,48,0,0,0,0,1,1,43,0,0,(Guitar)
guitarSvg/NS984.svg,new,1/1,8,117,0,8,0,0,0,0,0,20,5,4,1,0,8,1,22,0,0,0,0,1,1,45,0,0,(Guitar)
guitarSvg/NS985.svg,new,1/1,5,77,0,5,0,0,0,0,0,18,0,3,1,0,5,1,6,0,0,0,0,1,1,40,0,0,(Guitar)
guitarSvg/NS986.svg,new,1/1,2,26,0,10,0,0,0,0,0,2,2,1,1,0,2,1,4,2,0,0,0,1,1,18,0,0,(Guitar: Capo 1)
guitarSvg/NS987.svg,new,1/1,8,75,0,8,0,0,0,3,0,5,8,8,1,0,8,1,12,0,0,0,0,1,2,44,0,0,(Guitar) | 3
guitarSvg/NS988.svg,new,1/1,5,98,0,5,0,0,0,2,0,37,7,9,1,0,5,1,34,0,0,0,0,2,1,26,0,0,(Guitar: Capo 3)
guitarSvg/NS989.svg,new,1/1,10,142,0,10,0,0,0,6,0,34,2,21,1,0,10,1,46,0,0,0,0,1,1,35,0,0,(Guitar: Capo 3)
guitarSvg/NS99.svg,old,1/1,6,95,0,6,0,0,0,8,0,19,6,8,1,0,6,1,4,0,0,0,0,1,1,61,0,0,(Guitar)
guitarSvg/NS990.svg,new,1/1,6,85,0,7,0,1,0,0,0,17,1,0,2,0,6,1,13,0,0,0,0,1,1,40,0,0,(Guitar: Capo 3)
guitarSvg/NS991.svg,new,1/1,10,171,0,15,4,1,0,12,0,40,9,21,1,0,10,1,43,0,0,0,0,1,2,58,0,0,(Guitar: Capo 3) | 3
guitarSvg/NS992.svg,new,1/1,5,86,0,11,0,0,0,6,0,18,4,6,1,0,5,1,18,0,0,0,0,1,1,34,0,0,(Guitar)
guitarSvg/NS993.svg,new,1/1,8,76,0,16,0,0,0,9,0,6,3,18,2,0,8,1,9,0,0,0,0,1,1,48,0,0,(Guitar)
guitarSvg/NS994.svg,new,1/1,9,147,0,27,4,0,0,9,0,27,2,9,1,0,9,1,23,0,0,0,0,1,1,49,0,0,(Guitar: Capo 1)
guitarSvg/NS995.svg,old,1/1,4,44,0,9,1,0,0,0,0,0,6,2,1,0,4,1,0,0,0,0,0,1,1,18,0,0,(Guitar)
guitarSvg/NS996.svg,new,1/1,7,101,0,7,0,0,0,8,0,16,10,12,1,2,7,3,21,0,0,0,0,2,1,30,0,0,(Guitar)
guitarSvg/NS997.svg,old,1/1,6,142,0,12,4,0,0,15,0,25,3,17,1,0,6,1,23,0,0,0,0,1,1,59,0,0,(Guitar)
guitarSvg/NS998.svg,new,1/1,5,87,0,11,0,0,0,5,0,17,4,5,1,0,5,1,18,0,0,0,0,1,1,34,0,0,(Guitar)
guitarSvg/NS999.svg,new,1/1,5,87,0,5,0,0,0,6,0,18,7,7,1,0,5,1,17,0,0,0,0,1,1,32,0,0,(Guitar: Capo 3)
